t,train_n,n_features,pred,actual,refit,status,corpus,target,text_input
31,30,12,-35.09771825396825,-50,TRUE,ok,fomc_stmt,bps_next,text_clean
32,31,12,-42.72159992784993,-50,FALSE,ok,fomc_stmt,bps_next,text_clean
33,32,12,-43.322222222222216,-25,FALSE,ok,fomc_stmt,bps_next,text_clean
34,33,12,-32.26646825396825,-25,FALSE,ok,fomc_stmt,bps_next,text_clean
35,34,16,-36.75277777777778,-50,TRUE,ok,fomc_stmt,bps_next,text_clean
36,35,16,-39.12916666666666,-50,FALSE,ok,fomc_stmt,bps_next,text_clean
37,36,16,-47.47132936507936,-50,FALSE,ok,fomc_stmt,bps_next,text_clean
38,37,16,-47.949305555555554,-25,FALSE,ok,fomc_stmt,bps_next,text_clean
39,38,5,-33.87478070175439,0,TRUE,ok,fomc_stmt,bps_next,text_clean
40,39,5,-47.89583333333334,0,FALSE,ok,fomc_stmt,bps_next,text_clean
41,40,5,-17.137410100989953,0,FALSE,ok,fomc_stmt,bps_next,text_clean
42,41,5,2.5304143972222737,0,FALSE,ok,fomc_stmt,bps_next,text_clean
43,42,24,-2.9647920706744237,0,TRUE,ok,fomc_stmt,bps_next,text_clean
44,43,24,-16.147772366522368,0,FALSE,ok,fomc_stmt,bps_next,text_clean
45,44,24,-18.134004190254192,-50,FALSE,ok,fomc_stmt,bps_next,text_clean
46,45,24,7.990557889822595,0,FALSE,ok,fomc_stmt,bps_next,text_clean
47,46,14,4.238128781481553,0,TRUE,ok,fomc_stmt,bps_next,text_clean
48,47,14,-1.618200838399344,0,FALSE,ok,fomc_stmt,bps_next,text_clean
49,48,14,1.730788892386685,0,FALSE,ok,fomc_stmt,bps_next,text_clean
50,49,14,-2.25794514196644,-25,FALSE,ok,fomc_stmt,bps_next,text_clean
51,50,13,-2.070136145565251,0,TRUE,ok,fomc_stmt,bps_next,text_clean
52,51,13,21.448757617927498,0,FALSE,ok,fomc_stmt,bps_next,text_clean
53,52,13,0.18478878122234632,0,FALSE,ok,fomc_stmt,bps_next,text_clean
54,53,13,-0.4014075775682319,0,FALSE,ok,fomc_stmt,bps_next,text_clean
55,54,15,0.47984584812270237,0,TRUE,ok,fomc_stmt,bps_next,text_clean
56,55,15,1.0828640211902074,0,FALSE,ok,fomc_stmt,bps_next,text_clean
57,56,15,1.97933374553574,0,FALSE,ok,fomc_stmt,bps_next,text_clean
58,57,15,1.9465382773933937,25,FALSE,ok,fomc_stmt,bps_next,text_clean
59,58,17,4.616642133128363,25,TRUE,ok,fomc_stmt,bps_next,text_clean
60,59,17,6.432736763289468,25,FALSE,ok,fomc_stmt,bps_next,text_clean
61,60,17,9.83714956642019,25,FALSE,ok,fomc_stmt,bps_next,text_clean
62,61,17,15.076301177749517,25,FALSE,ok,fomc_stmt,bps_next,text_clean
63,62,44,18.798584054834055,25,TRUE,ok,fomc_stmt,bps_next,text_clean
64,63,44,23.40551948051948,25,FALSE,ok,fomc_stmt,bps_next,text_clean
65,64,44,15.464171694318754,25,FALSE,ok,fomc_stmt,bps_next,text_clean
66,65,44,23.52276470197329,25,FALSE,ok,fomc_stmt,bps_next,text_clean
67,66,28,23.78548381443118,25,TRUE,ok,fomc_stmt,bps_next,text_clean
68,67,28,24.620008664581032,25,FALSE,ok,fomc_stmt,bps_next,text_clean
69,68,28,11.53763368983957,25,FALSE,ok,fomc_stmt,bps_next,text_clean
70,69,28,23.76113419921637,25,FALSE,ok,fomc_stmt,bps_next,text_clean
71,70,33,9.432825877825877,25,TRUE,ok,fomc_stmt,bps_next,text_clean
72,71,33,13.642716614003378,25,FALSE,ok,fomc_stmt,bps_next,text_clean
73,72,33,10.787128612128615,25,FALSE,ok,fomc_stmt,bps_next,text_clean
74,73,33,21.356739264724705,25,FALSE,ok,fomc_stmt,bps_next,text_clean
75,74,5,22.322714111641552,0,TRUE,ok,fomc_stmt,bps_next,text_clean
76,75,5,6.962249113299863,0,FALSE,ok,fomc_stmt,bps_next,text_clean
77,76,5,5.318100938784506,0,FALSE,ok,fomc_stmt,bps_next,text_clean
78,77,5,2.3625552297427297,0,FALSE,ok,fomc_stmt,bps_next,text_clean
79,78,23,0.2410475301449643,0,TRUE,ok,fomc_stmt,bps_next,text_clean
80,79,23,11.78851820830568,0,FALSE,ok,fomc_stmt,bps_next,text_clean
81,80,23,3.380385307220935,0,FALSE,ok,fomc_stmt,bps_next,text_clean
82,81,23,1.2844027690393591,0,FALSE,ok,fomc_stmt,bps_next,text_clean
83,82,200,3.8,-50,TRUE,ok,fomc_stmt,bps_next,text_clean
84,83,200,4.879166666666666,-25,FALSE,ok,fomc_stmt,bps_next,text_clean
85,84,200,-11.20701754385965,-25,FALSE,ok,fomc_stmt,bps_next,text_clean
86,85,200,-15.377083333333333,-75,FALSE,ok,fomc_stmt,bps_next,text_clean
87,86,28,6.741945864854399,-50,TRUE,ok,fomc_stmt,bps_next,text_clean
88,87,28,-2.89433340263743,-75,FALSE,ok,fomc_stmt,bps_next,text_clean
89,88,28,3.56380340920782,-25,FALSE,ok,fomc_stmt,bps_next,text_clean
90,89,28,-7.775367687278765,0,FALSE,ok,fomc_stmt,bps_next,text_clean
91,90,14,-28.14879974174924,0,TRUE,ok,fomc_stmt,bps_next,text_clean
92,91,14,-11.787348922180101,0,FALSE,ok,fomc_stmt,bps_next,text_clean
93,92,14,-13.418044172199693,-50,FALSE,ok,fomc_stmt,bps_next,text_clean
94,93,14,-29.98857150278397,-50,FALSE,ok,fomc_stmt,bps_next,text_clean
95,94,28,-47.763392857142854,-100,TRUE,ok,fomc_stmt,bps_next,text_clean
96,95,28,15.893445078014052,0,FALSE,ok,fomc_stmt,bps_next,text_clean
97,96,28,-2.4332030742398896,0,FALSE,ok,fomc_stmt,bps_next,text_clean
98,97,28,0.5022729179411768,0,FALSE,ok,fomc_stmt,bps_next,text_clean
99,98,14,-1.5168676454602252,0,TRUE,ok,fomc_stmt,bps_next,text_clean
100,99,14,-4.332652695566101,0,FALSE,ok,fomc_stmt,bps_next,text_clean
101,100,14,1.6197507088828866,0,FALSE,ok,fomc_stmt,bps_next,text_clean
102,101,14,-0.45703687516514113,0,FALSE,ok,fomc_stmt,bps_next,text_clean
103,102,15,1.4460870168865259,0,TRUE,ok,fomc_stmt,bps_next,text_clean
104,103,15,2.7701195575991373,0,FALSE,ok,fomc_stmt,bps_next,text_clean
105,104,15,-0.7863820559420266,0,FALSE,ok,fomc_stmt,bps_next,text_clean
106,105,15,2.913286972630548,0,FALSE,ok,fomc_stmt,bps_next,text_clean
107,106,13,3.5468283996313454,0,TRUE,ok,fomc_stmt,bps_next,text_clean
108,107,13,8.71738758125492,0,FALSE,ok,fomc_stmt,bps_next,text_clean
109,108,13,4.850751044010812,0,FALSE,ok,fomc_stmt,bps_next,text_clean
110,109,13,2.819001153204269,0,FALSE,ok,fomc_stmt,bps_next,text_clean
111,110,12,1.2892667271835168,0,TRUE,ok,fomc_stmt,bps_next,text_clean
112,111,12,2.8073347920277825,0,FALSE,ok,fomc_stmt,bps_next,text_clean
113,112,12,1.545991958626187,0,FALSE,ok,fomc_stmt,bps_next,text_clean
114,113,12,-4.770620771069469,0,FALSE,ok,fomc_stmt,bps_next,text_clean
115,114,12,2.2514342058587204,0,TRUE,ok,fomc_stmt,bps_next,text_clean
116,115,12,2.6187840834387863,0,FALSE,ok,fomc_stmt,bps_next,text_clean
117,116,12,4.851599407046715,0,FALSE,ok,fomc_stmt,bps_next,text_clean
118,117,12,2.049472839973309,0,FALSE,ok,fomc_stmt,bps_next,text_clean
119,118,24,-11.03807036133394,0,TRUE,ok,fomc_stmt,bps_next,text_clean
120,119,24,-2.3127911756849144,0,FALSE,ok,fomc_stmt,bps_next,text_clean
121,120,24,-0.11353925920407089,0,FALSE,ok,fomc_stmt,bps_next,text_clean
122,121,24,-0.025709572989875414,0,FALSE,ok,fomc_stmt,bps_next,text_clean
123,122,6,0.7866384898621169,0,TRUE,ok,fomc_stmt,bps_next,text_clean
124,123,6,5.508950812073172,0,FALSE,ok,fomc_stmt,bps_next,text_clean
125,124,6,1.1902071814810562,0,FALSE,ok,fomc_stmt,bps_next,text_clean
126,125,6,1.5732231689028586,0,FALSE,ok,fomc_stmt,bps_next,text_clean
127,126,19,0.061952265319469194,0,TRUE,ok,fomc_stmt,bps_next,text_clean
128,127,19,0.3832479762921862,0,FALSE,ok,fomc_stmt,bps_next,text_clean
129,128,19,5.3260111823088865,0,FALSE,ok,fomc_stmt,bps_next,text_clean
130,129,19,1.6636371651353148,0,FALSE,ok,fomc_stmt,bps_next,text_clean
131,130,7,5.623265685766217,0,TRUE,ok,fomc_stmt,bps_next,text_clean
132,131,7,5.485730873341498,0,FALSE,ok,fomc_stmt,bps_next,text_clean
133,132,7,4.753665991380813,0,FALSE,ok,fomc_stmt,bps_next,text_clean
134,133,7,4.381932637802034,0,FALSE,ok,fomc_stmt,bps_next,text_clean
135,134,9,0.8753576998223924,0,TRUE,ok,fomc_stmt,bps_next,text_clean
136,135,9,0.3982819745850115,0,FALSE,ok,fomc_stmt,bps_next,text_clean
137,136,9,0.04793130145586698,0,FALSE,ok,fomc_stmt,bps_next,text_clean
138,137,9,0.2804056416026098,0,FALSE,ok,fomc_stmt,bps_next,text_clean
139,138,8,0.6039531625682428,0,TRUE,ok,fomc_stmt,bps_next,text_clean
140,139,8,0.972119015317658,0,FALSE,ok,fomc_stmt,bps_next,text_clean
141,140,8,0.3522944175119529,0,FALSE,ok,fomc_stmt,bps_next,text_clean
142,141,8,0.2552376613167263,0,FALSE,ok,fomc_stmt,bps_next,text_clean
143,142,9,6.567564098340515,0,TRUE,ok,fomc_stmt,bps_next,text_clean
144,143,9,5.620214781348368,0,FALSE,ok,fomc_stmt,bps_next,text_clean
145,144,9,0.6589310993551084,0,FALSE,ok,fomc_stmt,bps_next,text_clean
146,145,9,0.06181115946864637,0,FALSE,ok,fomc_stmt,bps_next,text_clean
147,146,19,0.07357686289093303,0,TRUE,ok,fomc_stmt,bps_next,text_clean
148,147,19,0.2771331136984236,0,FALSE,ok,fomc_stmt,bps_next,text_clean
149,148,19,-0.26022914394591656,0,FALSE,ok,fomc_stmt,bps_next,text_clean
150,149,19,-0.6799646731123778,0,FALSE,ok,fomc_stmt,bps_next,text_clean
151,150,8,0.17138595995378977,25,TRUE,ok,fomc_stmt,bps_next,text_clean
152,151,8,-11.078581602411752,0,FALSE,ok,fomc_stmt,bps_next,text_clean
153,152,8,-7.550862223989699,0,FALSE,ok,fomc_stmt,bps_next,text_clean
154,153,8,-5.624251065546972,0,FALSE,ok,fomc_stmt,bps_next,text_clean
155,154,24,-7.203647248677368,0,TRUE,ok,fomc_stmt,bps_next,text_clean
156,155,24,-5.729121884046508,0,FALSE,ok,fomc_stmt,bps_next,text_clean
157,156,24,-10.02200731944528,0,FALSE,ok,fomc_stmt,bps_next,text_clean
158,157,24,-11.964259603591763,0,FALSE,ok,fomc_stmt,bps_next,text_clean
159,158,9,0.2602900087744267,25,TRUE,ok,fomc_stmt,bps_next,text_clean
160,159,9,0.757720484138876,0,FALSE,ok,fomc_stmt,bps_next,text_clean
161,160,9,1.490719363911147,25,FALSE,ok,fomc_stmt,bps_next,text_clean
162,161,9,4.556418370219984,0,FALSE,ok,fomc_stmt,bps_next,text_clean
163,162,12,4.658306929987243,25,TRUE,ok,fomc_stmt,bps_next,text_clean
164,163,12,0.175458921465692,0,FALSE,ok,fomc_stmt,bps_next,text_clean
165,164,12,2.7509124979831343,0,FALSE,ok,fomc_stmt,bps_next,text_clean
166,165,12,2.025642794993684,0,FALSE,ok,fomc_stmt,bps_next,text_clean
167,166,6,2.1414417389056286,25,TRUE,ok,fomc_stmt,bps_next,text_clean
168,167,6,2.1905803747217285,0,FALSE,ok,fomc_stmt,bps_next,text_clean
169,168,6,2.18111192867783,25,FALSE,ok,fomc_stmt,bps_next,text_clean
170,169,6,5.613539860431501,0,FALSE,ok,fomc_stmt,bps_next,text_clean
171,170,19,18.720345811952207,25,TRUE,ok,fomc_stmt,bps_next,text_clean
172,171,19,18.92492453685476,0,FALSE,ok,fomc_stmt,bps_next,text_clean
173,172,19,12.799253739828258,25,FALSE,ok,fomc_stmt,bps_next,text_clean
174,173,19,0.3098343490198442,0,FALSE,ok,fomc_stmt,bps_next,text_clean
175,174,23,-0.39615382505352237,25,TRUE,ok,fomc_stmt,bps_next,text_clean
176,175,23,1.7001253599238677,0,FALSE,ok,fomc_stmt,bps_next,text_clean
177,176,23,2.222482973216301,0,FALSE,ok,fomc_stmt,bps_next,text_clean
178,177,23,4.327181218014886,0,FALSE,ok,fomc_stmt,bps_next,text_clean
179,178,13,1.9486113653481347,0,TRUE,ok,fomc_stmt,bps_next,text_clean
180,179,13,9.395534970447688,-25,FALSE,ok,fomc_stmt,bps_next,text_clean
181,180,13,1.242116999835115,-25,FALSE,ok,fomc_stmt,bps_next,text_clean
182,181,13,-4.078205201569475,-25,FALSE,ok,fomc_stmt,bps_next,text_clean
183,182,17,-0.10735415351300076,0,TRUE,ok,fomc_stmt,bps_next,text_clean
184,183,17,0.24352035727223065,0,FALSE,ok,fomc_stmt,bps_next,text_clean
185,184,17,0.20293780785191415,-50,FALSE,ok,fomc_stmt,bps_next,text_clean
186,185,17,0.32719254281872717,-100,FALSE,ok,fomc_stmt,bps_next,text_clean
187,186,16,-10.94153777580968,0,TRUE,ok,fomc_stmt,bps_next,text_clean
188,187,16,-11.974956910373573,0,FALSE,ok,fomc_stmt,bps_next,text_clean
189,188,16,-8.09883918763229,0,FALSE,ok,fomc_stmt,bps_next,text_clean
190,189,16,-5.81068167943168,0,FALSE,ok,fomc_stmt,bps_next,text_clean
191,190,5,-6.980399447666395,0,TRUE,ok,fomc_stmt,bps_next,text_clean
192,191,5,-6.383571340611036,0,FALSE,ok,fomc_stmt,bps_next,text_clean
193,192,5,-35.75876850285275,0,FALSE,ok,fomc_stmt,bps_next,text_clean
194,193,5,-5.177612900945831,0,FALSE,ok,fomc_stmt,bps_next,text_clean
195,194,10,0.8741114754746704,0,TRUE,ok,fomc_stmt,bps_next,text_clean
196,195,10,0.9446751901939858,0,FALSE,ok,fomc_stmt,bps_next,text_clean
197,196,10,0.8913655483752665,0,FALSE,ok,fomc_stmt,bps_next,text_clean
198,197,10,0.5482886443652749,0,FALSE,ok,fomc_stmt,bps_next,text_clean
199,198,10,0.8671460932957422,0,TRUE,ok,fomc_stmt,bps_next,text_clean
200,199,10,0.5606218798338557,0,FALSE,ok,fomc_stmt,bps_next,text_clean
201,200,10,0.6394591915804505,0,FALSE,ok,fomc_stmt,bps_next,text_clean
202,201,10,-6.906781577432321,25,FALSE,ok,fomc_stmt,bps_next,text_clean
203,202,5,3.328350558654732,50,TRUE,ok,fomc_stmt,bps_next,text_clean
204,203,5,3.941631945412107,75,FALSE,ok,fomc_stmt,bps_next,text_clean
205,204,5,4.116845764635245,75,FALSE,ok,fomc_stmt,bps_next,text_clean
206,205,5,4.860269388637003,75,FALSE,ok,fomc_stmt,bps_next,text_clean
207,206,13,67.98010246387113,75,TRUE,ok,fomc_stmt,bps_next,text_clean
208,207,13,69.10123873873874,50,FALSE,ok,fomc_stmt,bps_next,text_clean
209,208,13,41.34498690761043,25,FALSE,ok,fomc_stmt,bps_next,text_clean
210,209,13,1.3695478344261778,25,FALSE,ok,fomc_stmt,bps_next,text_clean
211,210,9,2.2066533420870527,25,TRUE,ok,fomc_stmt,bps_next,text_clean
212,211,9,5.0285304528311165,0,FALSE,ok,fomc_stmt,bps_next,text_clean
213,212,9,3.3804055798360104,25,FALSE,ok,fomc_stmt,bps_next,text_clean
214,213,9,3.948956457470629,0,FALSE,ok,fomc_stmt,bps_next,text_clean
215,214,22,9.261755492394165,0,TRUE,ok,fomc_stmt,bps_next,text_clean
216,215,22,7.56352255761097,0,FALSE,ok,fomc_stmt,bps_next,text_clean
217,216,22,6.291392826108292,0,FALSE,ok,fomc_stmt,bps_next,text_clean
218,217,22,7.283151047084635,0,FALSE,ok,fomc_stmt,bps_next,text_clean
219,218,14,0.04868595542398861,0,TRUE,ok,fomc_stmt,bps_next,text_clean
220,219,14,0.9624765845701804,0,FALSE,ok,fomc_stmt,bps_next,text_clean
221,220,14,0.9751051909303843,0,FALSE,ok,fomc_stmt,bps_next,text_clean
222,221,14,0.8373131953793095,-50,FALSE,ok,fomc_stmt,bps_next,text_clean
223,222,12,-1.9455639863447483,-25,TRUE,ok,fomc_stmt,bps_next,text_clean
224,223,12,-0.4011064706247128,-25,FALSE,ok,fomc_stmt,bps_next,text_clean
225,224,12,-1.2568260143389696,0,FALSE,ok,fomc_stmt,bps_next,text_clean
226,225,12,-2.8951199369202865,0,FALSE,ok,fomc_stmt,bps_next,text_clean
227,226,13,0.3467817652494009,0,TRUE,ok,fomc_stmt,bps_next,text_clean
228,227,13,-1.146992922702014,0,FALSE,ok,fomc_stmt,bps_next,text_clean
229,228,13,-0.5444033304221205,0,FALSE,ok,fomc_stmt,bps_next,text_clean
230,229,13,-2.0782010383939533,-25,FALSE,ok,fomc_stmt,bps_next,text_clean
231,230,16,-2.0143582830054627,-25,TRUE,ok,fomc_stmt,bps_next,text_clean
232,231,16,-2.5477870835407255,-25,FALSE,ok,fomc_stmt,bps_next,text_clean
233,232,16,-4.7613330243368,0,FALSE,ok,fomc_stmt,bps_next,text_clean
234,233,16,-3.4430203326822335,0,FALSE,ok,fomc_stmt,bps_next,text_clean
31,30,70,-40.970238095238095,-50,TRUE,ok,fomc_stmt,bps_next2,text_clean
32,31,70,-46.15833333333333,-25,FALSE,ok,fomc_stmt,bps_next2,text_clean
33,32,70,-43.97916666666667,-25,FALSE,ok,fomc_stmt,bps_next2,text_clean
34,33,70,-38.90396825396825,-50,FALSE,ok,fomc_stmt,bps_next2,text_clean
35,34,7,-37.31607142857143,-50,TRUE,ok,fomc_stmt,bps_next2,text_clean
36,35,7,-36.52960858585859,-50,FALSE,ok,fomc_stmt,bps_next2,text_clean
37,36,7,-48.05833333333334,-25,FALSE,ok,fomc_stmt,bps_next2,text_clean
38,37,7,-31.88065476190476,0,FALSE,ok,fomc_stmt,bps_next2,text_clean
39,38,6,-28.666401245813017,0,TRUE,ok,fomc_stmt,bps_next2,text_clean
40,39,6,-47.782264420521,0,FALSE,ok,fomc_stmt,bps_next2,text_clean
41,40,6,-30.13119403064257,0,FALSE,ok,fomc_stmt,bps_next2,text_clean
42,41,6,-31.609266774891772,0,FALSE,ok,fomc_stmt,bps_next2,text_clean
43,42,87,-11.791666666666664,0,TRUE,ok,fomc_stmt,bps_next2,text_clean
44,43,87,-17.2375,-50,FALSE,ok,fomc_stmt,bps_next2,text_clean
45,44,87,-30.78333333333333,0,FALSE,ok,fomc_stmt,bps_next2,text_clean
46,45,87,-4.541666666666667,0,FALSE,ok,fomc_stmt,bps_next2,text_clean
47,46,5,1.519165237111092,0,TRUE,ok,fomc_stmt,bps_next2,text_clean
48,47,5,-18.20375101156351,0,FALSE,ok,fomc_stmt,bps_next2,text_clean
49,48,5,-3.108465831844586,-25,FALSE,ok,fomc_stmt,bps_next2,text_clean
50,49,5,6.691305317801987,0,FALSE,ok,fomc_stmt,bps_next2,text_clean
51,50,6,1.2548982532195576,0,TRUE,ok,fomc_stmt,bps_next2,text_clean
52,51,6,2.3701843965221663,0,FALSE,ok,fomc_stmt,bps_next2,text_clean
53,52,6,0.49917568404329765,0,FALSE,ok,fomc_stmt,bps_next2,text_clean
54,53,6,1.4563597859238453,0,FALSE,ok,fomc_stmt,bps_next2,text_clean
55,54,5,-0.40066072686869975,0,TRUE,ok,fomc_stmt,bps_next2,text_clean
56,55,5,-0.24479288544246877,0,FALSE,ok,fomc_stmt,bps_next2,text_clean
57,56,5,-0.41684421864602084,25,FALSE,ok,fomc_stmt,bps_next2,text_clean
58,57,5,0.7481949174203518,25,FALSE,ok,fomc_stmt,bps_next2,text_clean
59,58,5,6.978220450784323,25,TRUE,ok,fomc_stmt,bps_next2,text_clean
60,59,5,7.3914440886326,25,FALSE,ok,fomc_stmt,bps_next2,text_clean
61,60,5,7.639959408857947,25,FALSE,ok,fomc_stmt,bps_next2,text_clean
62,61,5,8.46610917999798,25,FALSE,ok,fomc_stmt,bps_next2,text_clean
63,62,8,17.821633734654792,25,TRUE,ok,fomc_stmt,bps_next2,text_clean
64,63,8,18.475055771449913,25,FALSE,ok,fomc_stmt,bps_next2,text_clean
65,64,8,12.33050154688169,25,FALSE,ok,fomc_stmt,bps_next2,text_clean
66,65,8,20.67667050419592,25,FALSE,ok,fomc_stmt,bps_next2,text_clean
67,66,5,10.621963140990895,25,TRUE,ok,fomc_stmt,bps_next2,text_clean
68,67,5,11.60965383989241,25,FALSE,ok,fomc_stmt,bps_next2,text_clean
69,68,5,12.124864247167622,25,FALSE,ok,fomc_stmt,bps_next2,text_clean
70,69,5,12.30942567766869,25,FALSE,ok,fomc_stmt,bps_next2,text_clean
71,70,187,4.873809523809523,25,TRUE,ok,fomc_stmt,bps_next2,text_clean
72,71,187,16.77916666666667,25,FALSE,ok,fomc_stmt,bps_next2,text_clean
73,72,187,7.191666666666667,25,FALSE,ok,fomc_stmt,bps_next2,text_clean
74,73,187,21.791666666666664,0,FALSE,ok,fomc_stmt,bps_next2,text_clean
75,74,5,12.930690896934754,0,TRUE,ok,fomc_stmt,bps_next2,text_clean
76,75,5,12.945921559790253,0,FALSE,ok,fomc_stmt,bps_next2,text_clean
77,76,5,12.275243016910217,0,FALSE,ok,fomc_stmt,bps_next2,text_clean
78,77,5,12.39828169951715,0,FALSE,ok,fomc_stmt,bps_next2,text_clean
79,78,15,-1.3930640736818598,0,TRUE,ok,fomc_stmt,bps_next2,text_clean
80,79,15,6.725534173421889,0,FALSE,ok,fomc_stmt,bps_next2,text_clean
81,80,15,-0.943866731028117,0,FALSE,ok,fomc_stmt,bps_next2,text_clean
82,81,15,-1.5589838193457561,-50,FALSE,ok,fomc_stmt,bps_next2,text_clean
83,82,15,-17.43235466754589,-25,TRUE,ok,fomc_stmt,bps_next2,text_clean
84,83,15,-7.039514712714887,-25,FALSE,ok,fomc_stmt,bps_next2,text_clean
85,84,15,-12.532663758208457,-75,FALSE,ok,fomc_stmt,bps_next2,text_clean
86,85,15,-26.760561348849706,-50,FALSE,ok,fomc_stmt,bps_next2,text_clean
87,86,200,-9.00982142857143,-75,TRUE,ok,fomc_stmt,bps_next2,text_clean
88,87,200,-32.37857142857143,-25,FALSE,ok,fomc_stmt,bps_next2,text_clean
89,88,200,-16.22202380952381,0,FALSE,ok,fomc_stmt,bps_next2,text_clean
90,89,200,-15.841666666666667,0,FALSE,ok,fomc_stmt,bps_next2,text_clean
91,90,12,-19.718545877261153,0,TRUE,ok,fomc_stmt,bps_next2,text_clean
92,91,12,-17.106763870285462,-50,FALSE,ok,fomc_stmt,bps_next2,text_clean
93,92,12,-17.703320997670723,-50,FALSE,ok,fomc_stmt,bps_next2,text_clean
94,93,12,-11.937902591922487,-100,FALSE,ok,fomc_stmt,bps_next2,text_clean
95,94,36,-34.21436507936508,0,TRUE,ok,fomc_stmt,bps_next2,text_clean
96,95,36,9.072983565998273,0,FALSE,ok,fomc_stmt,bps_next2,text_clean
97,96,36,-12.539696067821067,0,FALSE,ok,fomc_stmt,bps_next2,text_clean
98,97,36,-12.67665947185824,0,FALSE,ok,fomc_stmt,bps_next2,text_clean
99,98,13,-8.001742554268054,0,TRUE,ok,fomc_stmt,bps_next2,text_clean
100,99,13,1.426360187172878,0,FALSE,ok,fomc_stmt,bps_next2,text_clean
101,100,13,-4.236451330818833,0,FALSE,ok,fomc_stmt,bps_next2,text_clean
102,101,13,0.26543945117904694,0,FALSE,ok,fomc_stmt,bps_next2,text_clean
103,102,18,-0.13856898599188536,0,TRUE,ok,fomc_stmt,bps_next2,text_clean
104,103,18,-1.1086472297693954,0,FALSE,ok,fomc_stmt,bps_next2,text_clean
105,104,18,-0.07890850280287263,0,FALSE,ok,fomc_stmt,bps_next2,text_clean
106,105,18,-0.4578883273513231,0,FALSE,ok,fomc_stmt,bps_next2,text_clean
107,106,27,-0.3193240528480152,0,TRUE,ok,fomc_stmt,bps_next2,text_clean
108,107,27,7.519833359099548,0,FALSE,ok,fomc_stmt,bps_next2,text_clean
109,108,27,5.198733229201676,0,FALSE,ok,fomc_stmt,bps_next2,text_clean
110,109,27,2.770562236260252,0,FALSE,ok,fomc_stmt,bps_next2,text_clean
111,110,17,6.744401224636802,0,TRUE,ok,fomc_stmt,bps_next2,text_clean
112,111,17,4.247637249081712,0,FALSE,ok,fomc_stmt,bps_next2,text_clean
113,112,17,2.662077494753805,0,FALSE,ok,fomc_stmt,bps_next2,text_clean
114,113,17,1.665439532629786,0,FALSE,ok,fomc_stmt,bps_next2,text_clean
115,114,13,2.6180523912154374,0,TRUE,ok,fomc_stmt,bps_next2,text_clean
116,115,13,2.1871087366286885,0,FALSE,ok,fomc_stmt,bps_next2,text_clean
117,116,13,0.040621052854933934,0,FALSE,ok,fomc_stmt,bps_next2,text_clean
118,117,13,3.839384555725776,0,FALSE,ok,fomc_stmt,bps_next2,text_clean
119,118,9,-0.888686471047913,0,TRUE,ok,fomc_stmt,bps_next2,text_clean
120,119,9,0.43149324559441654,0,FALSE,ok,fomc_stmt,bps_next2,text_clean
121,120,9,-0.08583130881132313,0,FALSE,ok,fomc_stmt,bps_next2,text_clean
122,121,9,-0.030858505130044612,0,FALSE,ok,fomc_stmt,bps_next2,text_clean
123,122,18,-0.2678601930859746,0,TRUE,ok,fomc_stmt,bps_next2,text_clean
124,123,18,-0.13827326387240452,0,FALSE,ok,fomc_stmt,bps_next2,text_clean
125,124,18,-0.08375657008383562,0,FALSE,ok,fomc_stmt,bps_next2,text_clean
126,125,18,1.0276318931986093,0,FALSE,ok,fomc_stmt,bps_next2,text_clean
127,126,12,0.9562999660811772,0,TRUE,ok,fomc_stmt,bps_next2,text_clean
128,127,12,-2.6520532467759095,0,FALSE,ok,fomc_stmt,bps_next2,text_clean
129,128,12,-0.8781517487695127,0,FALSE,ok,fomc_stmt,bps_next2,text_clean
130,129,12,0.1780890611385583,0,FALSE,ok,fomc_stmt,bps_next2,text_clean
131,130,10,0.6337994254814879,0,TRUE,ok,fomc_stmt,bps_next2,text_clean
132,131,10,0.5003031872071044,0,FALSE,ok,fomc_stmt,bps_next2,text_clean
133,132,10,0.2628326286997522,0,FALSE,ok,fomc_stmt,bps_next2,text_clean
134,133,10,0.08670524146470893,0,FALSE,ok,fomc_stmt,bps_next2,text_clean
135,134,8,1.2635573623028225,0,TRUE,ok,fomc_stmt,bps_next2,text_clean
136,135,8,0.8457829691398752,0,FALSE,ok,fomc_stmt,bps_next2,text_clean
137,136,8,1.1643398322743594,0,FALSE,ok,fomc_stmt,bps_next2,text_clean
138,137,8,1.2897436072475106,0,FALSE,ok,fomc_stmt,bps_next2,text_clean
139,138,15,0.051756690839436265,0,TRUE,ok,fomc_stmt,bps_next2,text_clean
140,139,15,-0.12889756118737508,0,FALSE,ok,fomc_stmt,bps_next2,text_clean
141,140,15,0.001654561372391109,0,FALSE,ok,fomc_stmt,bps_next2,text_clean
142,141,15,-0.009912850437477784,0,FALSE,ok,fomc_stmt,bps_next2,text_clean
143,142,14,2.6469427681316553,0,TRUE,ok,fomc_stmt,bps_next2,text_clean
144,143,14,1.7218542509716024,0,FALSE,ok,fomc_stmt,bps_next2,text_clean
145,144,14,1.4823442872748438,0,FALSE,ok,fomc_stmt,bps_next2,text_clean
146,145,14,-0.004818474516490285,0,FALSE,ok,fomc_stmt,bps_next2,text_clean
147,146,7,2.183097670488877,0,TRUE,ok,fomc_stmt,bps_next2,text_clean
148,147,7,1.8904135204591348,0,FALSE,ok,fomc_stmt,bps_next2,text_clean
149,148,7,2.1117658367130954,0,FALSE,ok,fomc_stmt,bps_next2,text_clean
150,149,7,1.9048603281847056,25,FALSE,ok,fomc_stmt,bps_next2,text_clean
151,150,19,7.559402155888726,0,TRUE,ok,fomc_stmt,bps_next2,text_clean
152,151,19,2.3703408625134976,0,FALSE,ok,fomc_stmt,bps_next2,text_clean
153,152,19,0.3767546750401731,0,FALSE,ok,fomc_stmt,bps_next2,text_clean
154,153,19,2.0483574901482053,0,FALSE,ok,fomc_stmt,bps_next2,text_clean
155,154,10,2.607127650707259,0,TRUE,ok,fomc_stmt,bps_next2,text_clean
156,155,10,2.5978549971067713,0,FALSE,ok,fomc_stmt,bps_next2,text_clean
157,156,10,2.5138391155468667,0,FALSE,ok,fomc_stmt,bps_next2,text_clean
158,157,10,2.112762198667361,25,FALSE,ok,fomc_stmt,bps_next2,text_clean
159,158,14,1.5307640534321378,0,TRUE,ok,fomc_stmt,bps_next2,text_clean
160,159,14,2.0355011154596636,25,FALSE,ok,fomc_stmt,bps_next2,text_clean
161,160,14,2.3746913907156983,0,FALSE,ok,fomc_stmt,bps_next2,text_clean
162,161,14,2.3269781383877732,25,FALSE,ok,fomc_stmt,bps_next2,text_clean
163,162,11,3.7343284552055733,0,TRUE,ok,fomc_stmt,bps_next2,text_clean
164,163,11,3.990752629037175,0,FALSE,ok,fomc_stmt,bps_next2,text_clean
165,164,11,4.264018433407944,0,FALSE,ok,fomc_stmt,bps_next2,text_clean
166,165,11,3.72022826606913,25,FALSE,ok,fomc_stmt,bps_next2,text_clean
167,166,13,3.5353174396869087,0,TRUE,ok,fomc_stmt,bps_next2,text_clean
168,167,13,3.1147226509345076,25,FALSE,ok,fomc_stmt,bps_next2,text_clean
169,168,13,3.918516930040221,0,FALSE,ok,fomc_stmt,bps_next2,text_clean
170,169,13,3.8057516433933993,25,FALSE,ok,fomc_stmt,bps_next2,text_clean
171,170,13,10.256910874888082,0,TRUE,ok,fomc_stmt,bps_next2,text_clean
172,171,13,8.592124611552746,25,FALSE,ok,fomc_stmt,bps_next2,text_clean
173,172,13,12.638852772828436,0,FALSE,ok,fomc_stmt,bps_next2,text_clean
174,173,13,3.2819351168916002,25,FALSE,ok,fomc_stmt,bps_next2,text_clean
175,174,14,3.8119315319337197,0,TRUE,ok,fomc_stmt,bps_next2,text_clean
176,175,14,3.771857195196838,0,FALSE,ok,fomc_stmt,bps_next2,text_clean
177,176,14,3.372660718634908,0,FALSE,ok,fomc_stmt,bps_next2,text_clean
178,177,14,3.3465115031824344,0,FALSE,ok,fomc_stmt,bps_next2,text_clean
179,178,12,5.7837633880590325,-25,TRUE,ok,fomc_stmt,bps_next2,text_clean
180,179,12,5.013139124783819,-25,FALSE,ok,fomc_stmt,bps_next2,text_clean
181,180,12,4.302481479501418,-25,FALSE,ok,fomc_stmt,bps_next2,text_clean
182,181,12,3.5631453991347426,0,FALSE,ok,fomc_stmt,bps_next2,text_clean
183,182,16,-0.04595915914347298,0,TRUE,ok,fomc_stmt,bps_next2,text_clean
184,183,16,-0.23162427529819238,-50,FALSE,ok,fomc_stmt,bps_next2,text_clean
185,184,16,-1.1728783312035695,-100,FALSE,ok,fomc_stmt,bps_next2,text_clean
186,185,16,-3.814661279301053,0,FALSE,ok,fomc_stmt,bps_next2,text_clean
187,186,10,-29.373496572689973,0,TRUE,ok,fomc_stmt,bps_next2,text_clean
188,187,10,0.012643112774728951,0,FALSE,ok,fomc_stmt,bps_next2,text_clean
189,188,10,-0.012780408965278354,0,FALSE,ok,fomc_stmt,bps_next2,text_clean
190,189,10,-0.0294293075713736,0,FALSE,ok,fomc_stmt,bps_next2,text_clean
191,190,32,6.0353060676083,0,TRUE,ok,fomc_stmt,bps_next2,text_clean
192,191,32,5.590103101626595,0,FALSE,ok,fomc_stmt,bps_next2,text_clean
193,192,32,1.4215235328075093,0,FALSE,ok,fomc_stmt,bps_next2,text_clean
194,193,32,-10.882156520715242,0,FALSE,ok,fomc_stmt,bps_next2,text_clean
195,194,12,-0.521901523003497,0,TRUE,ok,fomc_stmt,bps_next2,text_clean
196,195,12,-0.6053012299541278,0,FALSE,ok,fomc_stmt,bps_next2,text_clean
197,196,12,-0.7783054395468834,0,FALSE,ok,fomc_stmt,bps_next2,text_clean
198,197,12,-0.7874619792149133,0,FALSE,ok,fomc_stmt,bps_next2,text_clean
199,198,17,-0.41733276791686796,0,TRUE,ok,fomc_stmt,bps_next2,text_clean
200,199,17,-0.9412861594843808,0,FALSE,ok,fomc_stmt,bps_next2,text_clean
201,200,17,-0.6799423831052787,25,FALSE,ok,fomc_stmt,bps_next2,text_clean
202,201,17,2.9554688842755756,50,FALSE,ok,fomc_stmt,bps_next2,text_clean
203,202,12,0.6923716825119104,75,TRUE,ok,fomc_stmt,bps_next2,text_clean
204,203,12,1.5657008817580094,75,FALSE,ok,fomc_stmt,bps_next2,text_clean
205,204,12,2.8348088704164134,75,FALSE,ok,fomc_stmt,bps_next2,text_clean
206,205,12,3.564777047954585,75,FALSE,ok,fomc_stmt,bps_next2,text_clean
207,206,21,67.42301688344767,50,TRUE,ok,fomc_stmt,bps_next2,text_clean
208,207,21,67.20226449275364,25,FALSE,ok,fomc_stmt,bps_next2,text_clean
209,208,21,52.57137782059019,25,FALSE,ok,fomc_stmt,bps_next2,text_clean
210,209,21,13.040454137291462,25,FALSE,ok,fomc_stmt,bps_next2,text_clean
211,210,8,2.7230719341403464,0,TRUE,ok,fomc_stmt,bps_next2,text_clean
212,211,8,2.933584959558967,25,FALSE,ok,fomc_stmt,bps_next2,text_clean
213,212,8,2.7465122923051437,0,FALSE,ok,fomc_stmt,bps_next2,text_clean
214,213,8,2.7190517159587886,0,FALSE,ok,fomc_stmt,bps_next2,text_clean
215,214,20,3.0747001388696815,0,TRUE,ok,fomc_stmt,bps_next2,text_clean
216,215,20,2.7972111218501987,0,FALSE,ok,fomc_stmt,bps_next2,text_clean
217,216,20,2.72152068546476,0,FALSE,ok,fomc_stmt,bps_next2,text_clean
218,217,20,2.6145402810696816,0,FALSE,ok,fomc_stmt,bps_next2,text_clean
219,218,20,2.3811484382031454,0,TRUE,ok,fomc_stmt,bps_next2,text_clean
220,219,20,2.855560396080635,0,FALSE,ok,fomc_stmt,bps_next2,text_clean
221,220,20,2.2543834970393646,-50,FALSE,ok,fomc_stmt,bps_next2,text_clean
222,221,20,1.8580132251002075,-25,FALSE,ok,fomc_stmt,bps_next2,text_clean
223,222,19,1.4996000074257176,-25,TRUE,ok,fomc_stmt,bps_next2,text_clean
224,223,19,1.2178270236065571,0,FALSE,ok,fomc_stmt,bps_next2,text_clean
225,224,19,0.9696031569119996,0,FALSE,ok,fomc_stmt,bps_next2,text_clean
226,225,19,1.3508723133754166,0,FALSE,ok,fomc_stmt,bps_next2,text_clean
227,226,17,-0.5279957278451348,0,TRUE,ok,fomc_stmt,bps_next2,text_clean
228,227,17,-0.4599758700127035,0,FALSE,ok,fomc_stmt,bps_next2,text_clean
229,228,17,-0.5443810811609359,-25,FALSE,ok,fomc_stmt,bps_next2,text_clean
230,229,17,-0.5359790797089277,-25,FALSE,ok,fomc_stmt,bps_next2,text_clean
231,230,23,-0.4272166392965596,-25,TRUE,ok,fomc_stmt,bps_next2,text_clean
232,231,23,-1.045047537352808,0,FALSE,ok,fomc_stmt,bps_next2,text_clean
233,232,23,-0.9780717782392492,0,FALSE,ok,fomc_stmt,bps_next2,text_clean
31,30,70,-0.003908347281999752,-0.3343000000000007,TRUE,ok,fomc_stmt,y2_next,text_clean
32,31,70,-0.022845601545702195,-0.1349,FALSE,ok,fomc_stmt,y2_next,text_clean
33,32,70,-0.1034572522274523,0.0594999999999998,FALSE,ok,fomc_stmt,y2_next,text_clean
34,33,70,-0.0032412608628332473,-0.0968,FALSE,ok,fomc_stmt,y2_next,text_clean
35,34,76,-0.05359820308352383,-0.032,TRUE,ok,fomc_stmt,y2_next,text_clean
36,35,76,-0.006853083008166585,-0.0121999999999999,FALSE,ok,fomc_stmt,y2_next,text_clean
37,36,76,-0.0097592819423332,-0.0829499999999998,FALSE,ok,fomc_stmt,y2_next,text_clean
38,37,76,-0.060237514301380815,-0.0617999999999998,FALSE,ok,fomc_stmt,y2_next,text_clean
39,38,10,-0.05725159552180937,0.0080999999999997,TRUE,ok,fomc_stmt,y2_next,text_clean
40,39,10,-0.013630607288269663,-0.0695999999999998,FALSE,ok,fomc_stmt,y2_next,text_clean
41,40,10,-0.02757564220509598,-0.0337,FALSE,ok,fomc_stmt,y2_next,text_clean
42,41,10,0.006973898676048706,0.0125000000000001,FALSE,ok,fomc_stmt,y2_next,text_clean
43,42,8,-0.017667537969428215,-0.0915999999999999,TRUE,ok,fomc_stmt,y2_next,text_clean
44,43,8,-0.02831075225844296,-0.0020999999999999,FALSE,ok,fomc_stmt,y2_next,text_clean
45,44,8,-0.042869316678318954,-0.0471000000000001,FALSE,ok,fomc_stmt,y2_next,text_clean
46,45,8,0.001008064364449328,0.0242999999999999,FALSE,ok,fomc_stmt,y2_next,text_clean
47,46,110,-0.027349351339333295,0.0457999999999998,TRUE,ok,fomc_stmt,y2_next,text_clean
48,47,110,-1.2737604999996883e-4,-0.0060999999999999,FALSE,ok,fomc_stmt,y2_next,text_clean
49,48,110,-0.002710951721071369,-0.0982,FALSE,ok,fomc_stmt,y2_next,text_clean
50,49,110,-0.019248202582388827,0.0697000000000001,FALSE,ok,fomc_stmt,y2_next,text_clean
51,50,11,0.029056812608829058,-0.0447999999999999,TRUE,ok,fomc_stmt,y2_next,text_clean
52,51,11,0.01538361376683336,-0.0081500000000001,FALSE,ok,fomc_stmt,y2_next,text_clean
53,52,11,0.023513635912320207,-0.1142,FALSE,ok,fomc_stmt,y2_next,text_clean
54,53,11,-0.02151893601712753,0.0445999999999999,FALSE,ok,fomc_stmt,y2_next,text_clean
55,54,151,-0.021847652582333316,0.1654,TRUE,ok,fomc_stmt,y2_next,text_clean
56,55,151,0.05030410545933334,-0.0713000000000001,FALSE,ok,fomc_stmt,y2_next,text_clean
57,56,151,-0.0195993090435,0.0079999999999995,FALSE,ok,fomc_stmt,y2_next,text_clean
58,57,151,-0.012327558176888975,-0.0121999999999999,FALSE,ok,fomc_stmt,y2_next,text_clean
59,58,12,0.018510554429637845,0.0324999999999997,TRUE,ok,fomc_stmt,y2_next,text_clean
60,59,12,0.021914037366188344,-0.008,FALSE,ok,fomc_stmt,y2_next,text_clean
61,60,12,0.05038242940278842,-0.0370000000000003,FALSE,ok,fomc_stmt,y2_next,text_clean
62,61,12,0.016610134217404246,-0.008,FALSE,ok,fomc_stmt,y2_next,text_clean
63,62,5,0.0119416570463736,-0.008,TRUE,ok,fomc_stmt,y2_next,text_clean
64,63,5,0.010862525747600488,0.072,FALSE,ok,fomc_stmt,y2_next,text_clean
65,64,5,0.012935652098891914,0.032,FALSE,ok,fomc_stmt,y2_next,text_clean
66,65,5,0.015071137952005827,0.0609999999999999,FALSE,ok,fomc_stmt,y2_next,text_clean
67,66,6,0.014777658612586998,-0.0209999999999999,TRUE,ok,fomc_stmt,y2_next,text_clean
68,67,6,0.012780227758177004,0.0250000000000003,FALSE,ok,fomc_stmt,y2_next,text_clean
69,68,6,0.02364635571668903,0.0119999999999995,FALSE,ok,fomc_stmt,y2_next,text_clean
70,69,6,0.01655922437734052,-0.0250000000000003,FALSE,ok,fomc_stmt,y2_next,text_clean
71,70,7,-0.006872384427012141,0.0369999999999999,TRUE,ok,fomc_stmt,y2_next,text_clean
72,71,7,0.013201089204636468,0.0490000000000003,FALSE,ok,fomc_stmt,y2_next,text_clean
73,72,7,0.014410851202249024,0.0630000000000006,FALSE,ok,fomc_stmt,y2_next,text_clean
74,73,7,0.03154870992917831,-0.0460000000000002,FALSE,ok,fomc_stmt,y2_next,text_clean
75,74,196,0.001215866926666731,-0.0290000000000008,TRUE,ok,fomc_stmt,y2_next,text_clean
76,75,196,-0.0038823230370000844,0.0255,FALSE,ok,fomc_stmt,y2_next,text_clean
77,76,196,0.021101968530666725,-0.0041999999999999,FALSE,ok,fomc_stmt,y2_next,text_clean
78,77,196,0.00815254254525979,-0.0463000000000004,FALSE,ok,fomc_stmt,y2_next,text_clean
79,78,200,-0.016957702995333456,-0.0083000000000001,TRUE,ok,fomc_stmt,y2_next,text_clean
80,79,200,-6.118527908334357e-4,-0.0849000000000002,FALSE,ok,fomc_stmt,y2_next,text_clean
81,80,200,-0.040560156654666786,0.0461999999999998,FALSE,ok,fomc_stmt,y2_next,text_clean
82,81,200,0.016227683613055453,-0.0416999999999996,FALSE,ok,fomc_stmt,y2_next,text_clean
83,82,200,-0.006384983311333275,-0.1306999999999996,TRUE,ok,fomc_stmt,y2_next,text_clean
84,83,200,-0.02970490988199994,0.0782000000000002,FALSE,ok,fomc_stmt,y2_next,text_clean
85,84,200,-0.008644209955640912,-0.1234999999999999,FALSE,ok,fomc_stmt,y2_next,text_clean
86,85,200,-0.028464165062166553,0.0203999999999999,FALSE,ok,fomc_stmt,y2_next,text_clean
87,86,5,0.013016601361000819,-0.0443000000000002,TRUE,ok,fomc_stmt,y2_next,text_clean
88,87,5,0.009327575151474355,0.0242999999999999,FALSE,ok,fomc_stmt,y2_next,text_clean
89,88,5,-0.016203007148536463,-0.0161999999999999,FALSE,ok,fomc_stmt,y2_next,text_clean
90,89,5,-0.00637656593020985,-0.0689000000000001,FALSE,ok,fomc_stmt,y2_next,text_clean
91,90,200,-0.017606200502000072,-0.0161999999999999,TRUE,ok,fomc_stmt,y2_next,text_clean
92,91,200,-0.0204823986246667,0.0769999999999999,FALSE,ok,fomc_stmt,y2_next,text_clean
93,92,200,-0.0172428066830389,0.0398999999999998,FALSE,ok,fomc_stmt,y2_next,text_clean
94,93,200,0.0030552736766666154,-0.0358,FALSE,ok,fomc_stmt,y2_next,text_clean
95,94,200,-0.005779328896571434,-0.1263999999999999,TRUE,ok,fomc_stmt,y2_next,text_clean
96,95,200,0.015230500153142885,-0.0078999999999999,FALSE,ok,fomc_stmt,y2_next,text_clean
97,96,200,-0.03282761817755553,-0.0688999999999999,FALSE,ok,fomc_stmt,y2_next,text_clean
98,97,200,-0.030268548556476163,0.0236999999999999,FALSE,ok,fomc_stmt,y2_next,text_clean
99,98,200,-0.03230770512534522,0.0515999999999998,TRUE,ok,fomc_stmt,y2_next,text_clean
100,99,200,0.008651505640999991,-0.0040999999999999,FALSE,ok,fomc_stmt,y2_next,text_clean
101,100,200,0.006697730982707778,-0.087,FALSE,ok,fomc_stmt,y2_next,text_clean
102,101,200,-0.04372446949644444,-0.0318,FALSE,ok,fomc_stmt,y2_next,text_clean
103,102,200,-0.03317411010533336,0.0080999999999999,TRUE,ok,fomc_stmt,y2_next,text_clean
104,103,200,-0.036024116666666654,0.05335,FALSE,ok,fomc_stmt,y2_next,text_clean
105,104,200,-0.0022031108384444496,-0.0404999999999999,FALSE,ok,fomc_stmt,y2_next,text_clean
106,105,200,-0.019350976277499987,-0.0038999999999997,FALSE,ok,fomc_stmt,y2_next,text_clean
107,106,200,-0.012680393334469582,-0.004,TRUE,ok,fomc_stmt,y2_next,text_clean
108,107,200,-0.00981865676033326,-0.0159,FALSE,ok,fomc_stmt,y2_next,text_clean
109,108,200,-0.01599691527763884,-0.0039999999999999,FALSE,ok,fomc_stmt,y2_next,text_clean
110,109,200,-0.020663111172083293,-0.0117999999999999,FALSE,ok,fomc_stmt,y2_next,text_clean
111,110,200,-0.010826942027392837,-0.0161,TRUE,ok,fomc_stmt,y2_next,text_clean
112,111,200,-0.01676364047619044,-0.0275999999999999,FALSE,ok,fomc_stmt,y2_next,text_clean
113,112,200,-0.023261281933777776,0.0281,FALSE,ok,fomc_stmt,y2_next,text_clean
114,113,200,0.0016948392325000167,-0.0198,FALSE,ok,fomc_stmt,y2_next,text_clean
115,114,200,-0.011006998888000007,0.0161999999999999,TRUE,ok,fomc_stmt,y2_next,text_clean
116,115,200,-0.0033075168506666907,-0.0952,FALSE,ok,fomc_stmt,y2_next,text_clean
117,116,200,-0.05165939523809529,0.0443999999999999,FALSE,ok,fomc_stmt,y2_next,text_clean
118,117,200,-0.010103850000000034,0.0118,FALSE,ok,fomc_stmt,y2_next,text_clean
119,118,200,-0.0032563614833333566,0,TRUE,ok,fomc_stmt,y2_next,text_clean
120,119,200,-0.013506133916666663,-0.0156,FALSE,ok,fomc_stmt,y2_next,text_clean
121,120,200,-0.012605315985969208,0.008,FALSE,ok,fomc_stmt,y2_next,text_clean
122,121,200,-0.0027480583333333213,0,FALSE,ok,fomc_stmt,y2_next,text_clean
123,122,200,-0.012972600000000006,0.0201999999999999,TRUE,ok,fomc_stmt,y2_next,text_clean
124,123,200,-0.016966466666666687,0.0196,FALSE,ok,fomc_stmt,y2_next,text_clean
125,124,200,0.008843891666666614,0.0279999999999999,FALSE,ok,fomc_stmt,y2_next,text_clean
126,125,200,0.005557353455555517,0,FALSE,ok,fomc_stmt,y2_next,text_clean
127,126,200,0.003347249422999984,0,TRUE,ok,fomc_stmt,y2_next,text_clean
128,127,200,0.004419634062889617,-0.0058499999999999,FALSE,ok,fomc_stmt,y2_next,text_clean
129,128,200,0.0026802852191587607,0,FALSE,ok,fomc_stmt,y2_next,text_clean
130,129,200,-0.001182898585404745,0.0038999999999999,FALSE,ok,fomc_stmt,y2_next,text_clean
131,130,200,-4.907493860000191e-4,0.0242,TRUE,ok,fomc_stmt,y2_next,text_clean
132,131,200,0.004186074416666635,-0.0078999999999999,FALSE,ok,fomc_stmt,y2_next,text_clean
133,132,200,2.3525755733335143e-4,-0.0403,FALSE,ok,fomc_stmt,y2_next,text_clean
134,133,200,0.006264931241611136,0.0058499999999999,FALSE,ok,fomc_stmt,y2_next,text_clean
135,134,200,0.007271334598666638,-0.0118,TRUE,ok,fomc_stmt,y2_next,text_clean
136,135,200,-0.01204209206416667,-0.0039,FALSE,ok,fomc_stmt,y2_next,text_clean
137,136,200,-0.0041984769926666525,0.0646999999999999,FALSE,ok,fomc_stmt,y2_next,text_clean
138,137,200,0.01735409110133331,0.0039,FALSE,ok,fomc_stmt,y2_next,text_clean
139,138,200,0.01846034915999998,0.0161999999999999,TRUE,ok,fomc_stmt,y2_next,text_clean
140,139,200,0.016413415476190428,-0.0079,FALSE,ok,fomc_stmt,y2_next,text_clean
141,140,200,0.014632216666666635,0.0363,FALSE,ok,fomc_stmt,y2_next,text_clean
142,141,200,0.023578547532499976,0.0393999999999999,FALSE,ok,fomc_stmt,y2_next,text_clean
143,142,200,0.012440854004485899,-0.0726,TRUE,ok,fomc_stmt,y2_next,text_clean
144,143,200,-0.02220766227083334,-0.0162999999999999,FALSE,ok,fomc_stmt,y2_next,text_clean
145,144,200,-0.020022844728917723,-0.0728999999999999,FALSE,ok,fomc_stmt,y2_next,text_clean
146,145,200,-0.04034451181111105,0,FALSE,ok,fomc_stmt,y2_next,text_clean
147,146,200,-0.01474955833333331,-0.0524999999999999,TRUE,ok,fomc_stmt,y2_next,text_clean
148,147,200,-0.03823680307083325,-0.0119,FALSE,ok,fomc_stmt,y2_next,text_clean
149,148,200,-0.026445358333333283,-0.0525999999999999,FALSE,ok,fomc_stmt,y2_next,text_clean
150,149,200,-0.03018574999999995,0.0595499999999999,FALSE,ok,fomc_stmt,y2_next,text_clean
151,150,200,0.020614006626666646,0,TRUE,ok,fomc_stmt,y2_next,text_clean
152,151,200,-0.003726056071929836,-0.0336999999999999,FALSE,ok,fomc_stmt,y2_next,text_clean
153,152,200,-0.005511232531916646,-0.0933,FALSE,ok,fomc_stmt,y2_next,text_clean
154,153,200,-0.03969091222088886,0.0119,FALSE,ok,fomc_stmt,y2_next,text_clean
155,154,200,-0.050806433221382806,-0.0523,TRUE,ok,fomc_stmt,y2_next,text_clean
156,155,200,-0.06231188333333334,0.004,FALSE,ok,fomc_stmt,y2_next,text_clean
157,156,200,-0.046498208431666646,-0.0365999999999999,FALSE,ok,fomc_stmt,y2_next,text_clean
158,157,200,-0.04352531262606057,0.004,FALSE,ok,fomc_stmt,y2_next,text_clean
159,158,200,-0.028512577777777763,0.0607999999999999,TRUE,ok,fomc_stmt,y2_next,text_clean
160,159,200,-0.013252690476190477,-0.0239,FALSE,ok,fomc_stmt,y2_next,text_clean
161,160,200,-0.01564835301542856,-0.0609999999999999,FALSE,ok,fomc_stmt,y2_next,text_clean
162,161,200,-0.02216917424242421,0.018,FALSE,ok,fomc_stmt,y2_next,text_clean
163,162,200,-0.022755428571428538,0.0283999999999999,TRUE,ok,fomc_stmt,y2_next,text_clean
164,163,200,-0.004417099999999997,-0.0159,FALSE,ok,fomc_stmt,y2_next,text_clean
165,164,200,-0.010426266666666666,0.0450999999999999,FALSE,ok,fomc_stmt,y2_next,text_clean
166,165,200,0.012201559415584363,0.0038999999999997,FALSE,ok,fomc_stmt,y2_next,text_clean
167,166,200,-0.0035122218039048527,-0.0121999999999999,TRUE,ok,fomc_stmt,y2_next,text_clean
168,167,200,-0.01741723843861114,0.0080999999999997,FALSE,ok,fomc_stmt,y2_next,text_clean
169,168,200,-0.0019429749380000824,-0.0081999999999999,FALSE,ok,fomc_stmt,y2_next,text_clean
170,169,200,0.004165350736239293,-0.0160999999999997,FALSE,ok,fomc_stmt,y2_next,text_clean
171,170,200,-0.010055747221904663,0.0410999999999996,TRUE,ok,fomc_stmt,y2_next,text_clean
172,171,200,0.0010301341738094838,0,FALSE,ok,fomc_stmt,y2_next,text_clean
173,172,200,0.0012529661568332897,-0.0080999999999997,FALSE,ok,fomc_stmt,y2_next,text_clean
174,173,200,-0.0033438235508491173,0.0041999999999999,FALSE,ok,fomc_stmt,y2_next,text_clean
175,174,200,-1.1208501390476052e-4,-0.0030999999999998,TRUE,ok,fomc_stmt,y2_next,text_clean
176,175,200,-0.007245367391984115,-0.0383,FALSE,ok,fomc_stmt,y2_next,text_clean
177,176,200,-0.003650651332907409,-0.0598999999999998,FALSE,ok,fomc_stmt,y2_next,text_clean
178,177,200,-0.018963447811309483,-0.0463,FALSE,ok,fomc_stmt,y2_next,text_clean
179,178,200,-0.03568527162907137,-0.0757000000000001,TRUE,ok,fomc_stmt,y2_next,text_clean
180,179,200,-0.041997385714285664,0.0250000000000001,FALSE,ok,fomc_stmt,y2_next,text_clean
181,180,200,-0.02909846666666665,0.0411000000000001,FALSE,ok,fomc_stmt,y2_next,text_clean
182,181,200,0.01150602100039686,0.016,FALSE,ok,fomc_stmt,y2_next,text_clean
183,182,200,-0.0198801333333333,-0.0080999999999999,TRUE,ok,fomc_stmt,y2_next,text_clean
184,183,200,-0.02291647777777771,0.002,FALSE,ok,fomc_stmt,y2_next,text_clean
185,184,200,-0.004046538380761871,-0.1008,FALSE,ok,fomc_stmt,y2_next,text_clean
186,185,200,-0.019107992670866884,-0.002,FALSE,ok,fomc_stmt,y2_next,text_clean
187,186,200,0.004119507633333336,0.002,TRUE,ok,fomc_stmt,y2_next,text_clean
188,187,200,-0.007207068791241752,-0.0098999999999999,FALSE,ok,fomc_stmt,y2_next,text_clean
189,188,200,-0.014536429738095184,-0.0029499999999999,FALSE,ok,fomc_stmt,y2_next,text_clean
190,189,200,-0.006805297041636068,-0.002,FALSE,ok,fomc_stmt,y2_next,text_clean
191,190,200,-0.007603432775010821,-0.004,TRUE,ok,fomc_stmt,y2_next,text_clean
192,191,200,-0.007556076126666653,0.002,FALSE,ok,fomc_stmt,y2_next,text_clean
193,192,200,-0.010432676774761888,-0.0018999999999999,FALSE,ok,fomc_stmt,y2_next,text_clean
194,193,200,-0.005857555763979053,-0.0141,FALSE,ok,fomc_stmt,y2_next,text_clean
195,194,200,-0.012516192857142852,-0.0039,TRUE,ok,fomc_stmt,y2_next,text_clean
196,195,200,-0.003962013307472561,0.0259999999999999,FALSE,ok,fomc_stmt,y2_next,text_clean
197,196,200,0.006940651190476163,0.0029,FALSE,ok,fomc_stmt,y2_next,text_clean
198,197,200,0.0033602942461904792,0.002,FALSE,ok,fomc_stmt,y2_next,text_clean
199,198,200,-0.0011761142857142943,0.0059,TRUE,ok,fomc_stmt,y2_next,text_clean
200,199,200,-0.0010437989628571391,0.0282999999999999,FALSE,ok,fomc_stmt,y2_next,text_clean
201,200,200,0.007999124251575049,-0.0019,FALSE,ok,fomc_stmt,y2_next,text_clean
202,201,200,-0.006004735441460329,0.1089999999999999,FALSE,ok,fomc_stmt,y2_next,text_clean
203,202,200,0.02025888966035962,-0.0470000000000001,TRUE,ok,fomc_stmt,y2_next,text_clean
204,203,200,0.015630102203921515,0.0504999999999999,FALSE,ok,fomc_stmt,y2_next,text_clean
205,204,200,0.022612539111538408,0.0020000000000002,FALSE,ok,fomc_stmt,y2_next,text_clean
206,205,200,0.008230137301587311,0.0938999999999996,FALSE,ok,fomc_stmt,y2_next,text_clean
207,206,200,0.05393144166666652,-0.0872000000000001,TRUE,ok,fomc_stmt,y2_next,text_clean
208,207,200,0.0013013094921427801,0.0857999999999998,FALSE,ok,fomc_stmt,y2_next,text_clean
209,208,200,0.04229213889960311,0.0196999999999993,FALSE,ok,fomc_stmt,y2_next,text_clean
210,209,200,0.021430238718055366,-0.0840999999999994,FALSE,ok,fomc_stmt,y2_next,text_clean
211,210,200,-0.034611899999999876,0,TRUE,ok,fomc_stmt,y2_next,text_clean
212,211,200,-0.030228481055064763,0.1177500000000009,FALSE,ok,fomc_stmt,y2_next,text_clean
213,212,200,0.03252222719318224,0.0041999999999999,FALSE,ok,fomc_stmt,y2_next,text_clean
214,213,200,0.018390646715957068,0.0652499999999998,FALSE,ok,fomc_stmt,y2_next,text_clean
215,214,200,0.04987706007354286,-0.0146000000000006,TRUE,ok,fomc_stmt,y2_next,text_clean
216,215,200,0.07102916394438918,-0.1385000000000005,FALSE,ok,fomc_stmt,y2_next,text_clean
217,216,200,0.012777551515151768,0.0144000000000001,FALSE,ok,fomc_stmt,y2_next,text_clean
218,217,200,0.0052473324678572585,-0.0276999999999993,FALSE,ok,fomc_stmt,y2_next,text_clean
219,218,200,-0.0174382278199997,-0.0104000000000006,TRUE,ok,fomc_stmt,y2_next,text_clean
220,219,200,-0.015423324603174587,0.0168000000000008,FALSE,ok,fomc_stmt,y2_next,text_clean
221,220,200,-0.008339868589743487,0.0102999999999999,FALSE,ok,fomc_stmt,y2_next,text_clean
222,221,200,-0.008159400396825327,-0.0858000000000003,FALSE,ok,fomc_stmt,y2_next,text_clean
223,222,200,-0.041002001618868314,0.0125000000000001,TRUE,ok,fomc_stmt,y2_next,text_clean
224,223,200,-0.045250619841269935,0.0908000000000006,FALSE,ok,fomc_stmt,y2_next,text_clean
225,224,200,-0.046964889285714365,0.0289999999999999,FALSE,ok,fomc_stmt,y2_next,text_clean
226,225,200,0.008391983333333495,-0.0510000000000001,FALSE,ok,fomc_stmt,y2_next,text_clean
227,226,200,-0.026381496428571332,-0.0310000000000001,TRUE,ok,fomc_stmt,y2_next,text_clean
228,227,200,-0.0399541984848485,-0.024,FALSE,ok,fomc_stmt,y2_next,text_clean
229,228,200,-0.03469404682539687,-0.0100000000000002,FALSE,ok,fomc_stmt,y2_next,text_clean
230,229,200,-0.026613321031746084,-0.0555000000000003,FALSE,ok,fomc_stmt,y2_next,text_clean
231,230,200,-0.034829177380952495,0.0070000000000001,TRUE,ok,fomc_stmt,y2_next,text_clean
232,231,200,-0.015429705480163815,-0.0220000000000002,FALSE,ok,fomc_stmt,y2_next,text_clean
233,232,200,-0.020639577321089973,0.0015,FALSE,ok,fomc_stmt,y2_next,text_clean
234,233,200,-0.007080558198391224,-0.0089999999999998,FALSE,ok,fomc_stmt,y2_next,text_clean
31,30,70,-0.16511813734533354,-0.1349,TRUE,ok,fomc_stmt,y2_next2,text_clean
32,31,70,-0.1345754850451668,0.0594999999999998,FALSE,ok,fomc_stmt,y2_next2,text_clean
33,32,70,-0.1663210783388336,-0.0968,FALSE,ok,fomc_stmt,y2_next2,text_clean
34,33,70,-0.019053661216499953,-0.032,FALSE,ok,fomc_stmt,y2_next2,text_clean
35,34,76,-0.011947827539222206,-0.0121999999999999,TRUE,ok,fomc_stmt,y2_next2,text_clean
36,35,76,-0.02049818990983323,-0.0829499999999998,FALSE,ok,fomc_stmt,y2_next2,text_clean
37,36,76,-0.04351201857880941,-0.0617999999999998,FALSE,ok,fomc_stmt,y2_next2,text_clean
38,37,76,-0.046741400927999825,0.0080999999999997,FALSE,ok,fomc_stmt,y2_next2,text_clean
39,38,86,-0.01804168124976191,-0.0695999999999998,TRUE,ok,fomc_stmt,y2_next2,text_clean
40,39,86,-0.03342601555620825,-0.0337,FALSE,ok,fomc_stmt,y2_next2,text_clean
41,40,86,1.9300625771435508e-4,0.0125000000000001,FALSE,ok,fomc_stmt,y2_next2,text_clean
42,41,86,-0.004699674394666661,-0.0915999999999999,FALSE,ok,fomc_stmt,y2_next2,text_clean
43,42,87,-0.09420141386946776,-0.0020999999999999,TRUE,ok,fomc_stmt,y2_next2,text_clean
44,43,87,-0.017370909677666527,-0.0471000000000001,FALSE,ok,fomc_stmt,y2_next2,text_clean
45,44,87,-0.02429780819238091,0.0242999999999999,FALSE,ok,fomc_stmt,y2_next2,text_clean
46,45,87,-0.006356253031999924,0.0457999999999998,FALSE,ok,fomc_stmt,y2_next2,text_clean
47,46,110,-0.024760549790499943,-0.0060999999999999,TRUE,ok,fomc_stmt,y2_next2,text_clean
48,47,110,-0.01008408607054756,-0.0982,FALSE,ok,fomc_stmt,y2_next2,text_clean
49,48,110,-0.054920137807785686,0.0697000000000001,FALSE,ok,fomc_stmt,y2_next2,text_clean
50,49,110,-0.014085698296666636,-0.0447999999999999,FALSE,ok,fomc_stmt,y2_next2,text_clean
51,50,128,-0.020812716675833315,-0.0081500000000001,TRUE,ok,fomc_stmt,y2_next2,text_clean
52,51,128,-0.006120044922238074,-0.1142,FALSE,ok,fomc_stmt,y2_next2,text_clean
53,52,128,-0.039075974817523756,0.0445999999999999,FALSE,ok,fomc_stmt,y2_next2,text_clean
54,53,128,0.015346117540166647,0.1654,FALSE,ok,fomc_stmt,y2_next2,text_clean
55,54,151,0.008653644588666673,-0.0713000000000001,TRUE,ok,fomc_stmt,y2_next2,text_clean
56,55,151,-0.004111870922666672,0.0079999999999995,FALSE,ok,fomc_stmt,y2_next2,text_clean
57,56,151,-0.013384307520571577,-0.0121999999999999,FALSE,ok,fomc_stmt,y2_next2,text_clean
58,57,151,-0.010832610740833339,0.0324999999999997,FALSE,ok,fomc_stmt,y2_next2,text_clean
59,58,162,0.012084376501666588,-0.008,TRUE,ok,fomc_stmt,y2_next2,text_clean
60,59,162,-8.992716666663749e-6,-0.0370000000000003,FALSE,ok,fomc_stmt,y2_next2,text_clean
61,60,162,-0.00825999747857154,-0.008,FALSE,ok,fomc_stmt,y2_next2,text_clean
62,61,162,-0.014841583835833451,-0.008,FALSE,ok,fomc_stmt,y2_next2,text_clean
63,62,176,-0.0021018508631111188,0.072,TRUE,ok,fomc_stmt,y2_next2,text_clean
64,63,176,0.014717766452499989,0.032,FALSE,ok,fomc_stmt,y2_next2,text_clean
65,64,176,0.038009003976428576,0.0609999999999999,FALSE,ok,fomc_stmt,y2_next2,text_clean
66,65,176,0.01788525136499999,-0.0209999999999999,FALSE,ok,fomc_stmt,y2_next2,text_clean
67,66,182,-0.01684248526833336,0.0250000000000003,TRUE,ok,fomc_stmt,y2_next2,text_clean
68,67,182,-0.003399216596666617,0.0119999999999995,FALSE,ok,fomc_stmt,y2_next2,text_clean
69,68,182,0.004845351481893908,-0.0250000000000003,FALSE,ok,fomc_stmt,y2_next2,text_clean
70,69,182,-0.0061532567030239006,0.0369999999999999,FALSE,ok,fomc_stmt,y2_next2,text_clean
71,70,187,3.8523301933331383e-4,0.0490000000000003,TRUE,ok,fomc_stmt,y2_next2,text_clean
72,71,187,0.023689015960500038,0.0630000000000006,FALSE,ok,fomc_stmt,y2_next2,text_clean
73,72,187,0.006297374699500122,-0.0460000000000002,FALSE,ok,fomc_stmt,y2_next2,text_clean
74,73,187,-0.013757496882222204,-0.0290000000000008,FALSE,ok,fomc_stmt,y2_next2,text_clean
75,74,196,-0.01878133703600025,0.0255,TRUE,ok,fomc_stmt,y2_next2,text_clean
76,75,196,0.014451866303214283,-0.0041999999999999,FALSE,ok,fomc_stmt,y2_next2,text_clean
77,76,196,-0.003302785645333327,-0.0463000000000004,FALSE,ok,fomc_stmt,y2_next2,text_clean
78,77,196,-0.014834299894666825,-0.0083000000000001,FALSE,ok,fomc_stmt,y2_next2,text_clean
79,78,200,-0.016237839548571588,-0.0849000000000002,TRUE,ok,fomc_stmt,y2_next2,text_clean
80,79,200,-0.0019778184851666756,0.0461999999999998,FALSE,ok,fomc_stmt,y2_next2,text_clean
81,80,200,0.01074774866527774,-0.0416999999999996,FALSE,ok,fomc_stmt,y2_next2,text_clean
82,81,200,-0.023872473226071306,-0.1306999999999996,FALSE,ok,fomc_stmt,y2_next2,text_clean
83,82,200,-0.06098131722958308,0.0782000000000002,TRUE,ok,fomc_stmt,y2_next2,text_clean
84,83,200,-0.034120141741540294,-0.1234999999999999,FALSE,ok,fomc_stmt,y2_next2,text_clean
85,84,200,-0.017735700049499946,0.0203999999999999,FALSE,ok,fomc_stmt,y2_next2,text_clean
86,85,200,-0.04135985956177762,-0.0443000000000002,FALSE,ok,fomc_stmt,y2_next2,text_clean
87,86,200,-0.028813151137809485,0.0242999999999999,TRUE,ok,fomc_stmt,y2_next2,text_clean
88,87,200,-0.0035957553862222746,-0.0161999999999999,FALSE,ok,fomc_stmt,y2_next2,text_clean
89,88,200,-0.0030836492623333624,-0.0689000000000001,FALSE,ok,fomc_stmt,y2_next2,text_clean
90,89,200,-0.04140425000000009,-0.0161999999999999,FALSE,ok,fomc_stmt,y2_next2,text_clean
91,90,200,-0.024709299999999993,0.0769999999999999,TRUE,ok,fomc_stmt,y2_next2,text_clean
92,91,200,-0.0018916015564248631,0.0398999999999998,FALSE,ok,fomc_stmt,y2_next2,text_clean
93,92,200,0.00887045826888886,-0.0358,FALSE,ok,fomc_stmt,y2_next2,text_clean
94,93,200,-0.016755786037000044,-0.1263999999999999,FALSE,ok,fomc_stmt,y2_next2,text_clean
95,94,200,-0.046276605035499976,-0.0078999999999999,TRUE,ok,fomc_stmt,y2_next2,text_clean
96,95,200,0.011526982229656873,-0.0688999999999999,FALSE,ok,fomc_stmt,y2_next2,text_clean
97,96,200,-0.0070450157842012326,0.0236999999999999,FALSE,ok,fomc_stmt,y2_next2,text_clean
98,97,200,-7.869077576983857e-4,0.0515999999999998,FALSE,ok,fomc_stmt,y2_next2,text_clean
99,98,200,0.004760002224333359,-0.0040999999999999,TRUE,ok,fomc_stmt,y2_next2,text_clean
100,99,200,0.007728880346124727,-0.087,FALSE,ok,fomc_stmt,y2_next2,text_clean
101,100,200,0.005582193546406914,-0.0318,FALSE,ok,fomc_stmt,y2_next2,text_clean
102,101,200,-0.025197151755999993,0.0080999999999999,FALSE,ok,fomc_stmt,y2_next2,text_clean
103,102,200,0.0014638683538095222,0.05335,TRUE,ok,fomc_stmt,y2_next2,text_clean
104,103,200,0.006063707749999995,-0.0404999999999999,FALSE,ok,fomc_stmt,y2_next2,text_clean
105,104,200,-9.244946944413634e-6,-0.0038999999999997,FALSE,ok,fomc_stmt,y2_next2,text_clean
106,105,200,0.0022922482142857677,-0.004,FALSE,ok,fomc_stmt,y2_next2,text_clean
107,106,200,-0.0028546493499999517,-0.0159,TRUE,ok,fomc_stmt,y2_next2,text_clean
108,107,200,0.0012523304905397027,-0.0039999999999999,FALSE,ok,fomc_stmt,y2_next2,text_clean
109,108,200,-0.003981327777777731,-0.0117999999999999,FALSE,ok,fomc_stmt,y2_next2,text_clean
110,109,200,-0.004650533075555518,-0.0161,FALSE,ok,fomc_stmt,y2_next2,text_clean
111,110,200,1.9026573166667748e-4,-0.0275999999999999,TRUE,ok,fomc_stmt,y2_next2,text_clean
112,111,200,-0.014081546369142793,0.0281,FALSE,ok,fomc_stmt,y2_next2,text_clean
113,112,200,0.0036235335933333325,-0.0198,FALSE,ok,fomc_stmt,y2_next2,text_clean
114,113,200,0.005467471380952385,0.0161999999999999,FALSE,ok,fomc_stmt,y2_next2,text_clean
115,114,200,0.010607093884761873,-0.0952,TRUE,ok,fomc_stmt,y2_next2,text_clean
116,115,200,-0.019382587100761937,0.0443999999999999,FALSE,ok,fomc_stmt,y2_next2,text_clean
117,116,200,-0.0026660916666667255,0.0118,FALSE,ok,fomc_stmt,y2_next2,text_clean
118,117,200,0.013473098244952363,0,FALSE,ok,fomc_stmt,y2_next2,text_clean
119,118,200,-0.0027173666666666725,-0.0156,TRUE,ok,fomc_stmt,y2_next2,text_clean
120,119,200,-0.0030941500000000056,0.008,FALSE,ok,fomc_stmt,y2_next2,text_clean
121,120,200,0.004176505699999998,0,FALSE,ok,fomc_stmt,y2_next2,text_clean
122,121,200,0.0069813739499999935,0.0201999999999999,FALSE,ok,fomc_stmt,y2_next2,text_clean
123,122,200,0.007038666666666631,0.0196,TRUE,ok,fomc_stmt,y2_next2,text_clean
124,123,200,0.011163095238095215,0.0279999999999999,FALSE,ok,fomc_stmt,y2_next2,text_clean
125,124,200,0.013437615791666612,0,FALSE,ok,fomc_stmt,y2_next2,text_clean
126,125,200,0.010543085726035328,0,FALSE,ok,fomc_stmt,y2_next2,text_clean
127,126,200,0.0055896499999999886,-0.0058499999999999,TRUE,ok,fomc_stmt,y2_next2,text_clean
128,127,200,-0.0015577906482737692,0,FALSE,ok,fomc_stmt,y2_next2,text_clean
129,128,200,0.00342354968986511,0.0038999999999999,FALSE,ok,fomc_stmt,y2_next2,text_clean
130,129,200,0.0014586398561904597,0.0242,FALSE,ok,fomc_stmt,y2_next2,text_clean
131,130,200,0.008410932838333293,-0.0078999999999999,TRUE,ok,fomc_stmt,y2_next2,text_clean
132,131,200,0.011588403044636358,-0.0403,FALSE,ok,fomc_stmt,y2_next2,text_clean
133,132,200,-0.005921401749999995,0.0058499999999999,FALSE,ok,fomc_stmt,y2_next2,text_clean
134,133,200,-0.01080253044849999,-0.0118,FALSE,ok,fomc_stmt,y2_next2,text_clean
135,134,200,-0.008250313748154733,-0.0039,TRUE,ok,fomc_stmt,y2_next2,text_clean
136,135,200,-0.005967519204166659,0.0646999999999999,FALSE,ok,fomc_stmt,y2_next2,text_clean
137,136,200,0.031193201479309495,0.0039,FALSE,ok,fomc_stmt,y2_next2,text_clean
138,137,200,0.01744922524599999,0.0161999999999999,FALSE,ok,fomc_stmt,y2_next2,text_clean
139,138,200,0.0175721917875205,-0.0079,TRUE,ok,fomc_stmt,y2_next2,text_clean
140,139,200,0.002974122269047593,0.0363,FALSE,ok,fomc_stmt,y2_next2,text_clean
141,140,200,0.027020610175333307,0.0393999999999999,FALSE,ok,fomc_stmt,y2_next2,text_clean
142,141,200,0.030373028571428554,-0.0726,FALSE,ok,fomc_stmt,y2_next2,text_clean
143,142,200,0.006193122479999974,-0.0162999999999999,TRUE,ok,fomc_stmt,y2_next2,text_clean
144,143,200,0.0014892252980000314,-0.0728999999999999,FALSE,ok,fomc_stmt,y2_next2,text_clean
145,144,200,-0.027191991359166612,0,FALSE,ok,fomc_stmt,y2_next2,text_clean
146,145,200,-0.015489099701999982,-0.0524999999999999,FALSE,ok,fomc_stmt,y2_next2,text_clean
147,146,200,-0.024015215178190427,-0.0119,TRUE,ok,fomc_stmt,y2_next2,text_clean
148,147,200,-0.018539949999999975,-0.0525999999999999,FALSE,ok,fomc_stmt,y2_next2,text_clean
149,148,200,-0.03790440974025969,0.0595499999999999,FALSE,ok,fomc_stmt,y2_next2,text_clean
150,149,200,-0.022823660766285676,0,FALSE,ok,fomc_stmt,y2_next2,text_clean
151,150,200,-0.008059112784999982,-0.0336999999999999,TRUE,ok,fomc_stmt,y2_next2,text_clean
152,151,200,-0.01355398237300681,-0.0933,FALSE,ok,fomc_stmt,y2_next2,text_clean
153,152,200,-0.03720824999999997,0.0119,FALSE,ok,fomc_stmt,y2_next2,text_clean
154,153,200,-0.0314239885327381,-0.0523,FALSE,ok,fomc_stmt,y2_next2,text_clean
155,154,200,-0.01930568749999998,0.004,TRUE,ok,fomc_stmt,y2_next2,text_clean
156,155,200,-0.003245126190476186,-0.0365999999999999,FALSE,ok,fomc_stmt,y2_next2,text_clean
157,156,200,-0.015355799751666645,0.004,FALSE,ok,fomc_stmt,y2_next2,text_clean
158,157,200,-0.015693391666666664,0.0607999999999999,FALSE,ok,fomc_stmt,y2_next2,text_clean
159,158,200,-0.0017190159216666726,-0.0239,TRUE,ok,fomc_stmt,y2_next2,text_clean
160,159,200,-0.019826283333333306,-0.0609999999999999,FALSE,ok,fomc_stmt,y2_next2,text_clean
161,160,200,-0.03568536904761902,0.018,FALSE,ok,fomc_stmt,y2_next2,text_clean
162,161,200,-0.004188294047619047,0.0283999999999999,FALSE,ok,fomc_stmt,y2_next2,text_clean
163,162,200,0.005270724999999984,-0.0159,TRUE,ok,fomc_stmt,y2_next2,text_clean
164,163,200,-0.017462383147083333,0.0450999999999999,FALSE,ok,fomc_stmt,y2_next2,text_clean
165,164,200,0.02222761309523804,0.0038999999999997,FALSE,ok,fomc_stmt,y2_next2,text_clean
166,165,200,0.007769316316666567,-0.0121999999999999,FALSE,ok,fomc_stmt,y2_next2,text_clean
167,166,200,-0.002813805804003596,0.0080999999999997,TRUE,ok,fomc_stmt,y2_next2,text_clean
168,167,200,-0.002522775700000091,-0.0081999999999999,FALSE,ok,fomc_stmt,y2_next2,text_clean
169,168,200,2.1838727918179466e-4,-0.0160999999999997,FALSE,ok,fomc_stmt,y2_next2,text_clean
170,169,200,-0.005463033333333306,0.0410999999999996,FALSE,ok,fomc_stmt,y2_next2,text_clean
171,170,200,0.00541908333333334,0,TRUE,ok,fomc_stmt,y2_next2,text_clean
172,171,200,0.001997742009350634,-0.0080999999999997,FALSE,ok,fomc_stmt,y2_next2,text_clean
173,172,200,-0.0025087187033956924,0.0041999999999999,FALSE,ok,fomc_stmt,y2_next2,text_clean
174,173,200,0.0037507817339977457,-0.0030999999999998,FALSE,ok,fomc_stmt,y2_next2,text_clean
175,174,200,-0.003202251585750295,-0.0383,TRUE,ok,fomc_stmt,y2_next2,text_clean
176,175,200,-0.014135696596868115,-0.0598999999999998,FALSE,ok,fomc_stmt,y2_next2,text_clean
177,176,200,-0.02650329548144437,-0.0463,FALSE,ok,fomc_stmt,y2_next2,text_clean
178,177,200,-0.024332201399999934,-0.0757000000000001,FALSE,ok,fomc_stmt,y2_next2,text_clean
179,178,200,-0.04265895476190474,0.0250000000000001,TRUE,ok,fomc_stmt,y2_next2,text_clean
180,179,200,-0.005326333316009566,0.0411000000000001,FALSE,ok,fomc_stmt,y2_next2,text_clean
181,180,200,-0.01514080146520144,0.016,FALSE,ok,fomc_stmt,y2_next2,text_clean
182,181,200,0.004812329448621572,-0.0080999999999999,FALSE,ok,fomc_stmt,y2_next2,text_clean
183,182,200,5.987903361344861e-4,0.002,TRUE,ok,fomc_stmt,y2_next2,text_clean
184,183,200,-0.008118345238095208,-0.1008,FALSE,ok,fomc_stmt,y2_next2,text_clean
185,184,200,-0.04498356357920634,-0.002,FALSE,ok,fomc_stmt,y2_next2,text_clean
186,185,200,-0.011840236085716343,0.002,FALSE,ok,fomc_stmt,y2_next2,text_clean
187,186,200,-0.003791115234190466,-0.0098999999999999,TRUE,ok,fomc_stmt,y2_next2,text_clean
188,187,200,0.003909735961443055,-0.0029499999999999,FALSE,ok,fomc_stmt,y2_next2,text_clean
189,188,200,7.662097244444803e-4,-0.002,FALSE,ok,fomc_stmt,y2_next2,text_clean
190,189,200,-0.0015147583333333008,-0.004,FALSE,ok,fomc_stmt,y2_next2,text_clean
191,190,200,0.0035372944350793812,0.002,TRUE,ok,fomc_stmt,y2_next2,text_clean
192,191,200,-0.0022787080558333123,-0.0018999999999999,FALSE,ok,fomc_stmt,y2_next2,text_clean
193,192,200,-0.0013708166666666264,-0.0141,FALSE,ok,fomc_stmt,y2_next2,text_clean
194,193,200,-0.01040397369424599,-0.0039,FALSE,ok,fomc_stmt,y2_next2,text_clean
195,194,200,-0.006728244492816067,0.0259999999999999,TRUE,ok,fomc_stmt,y2_next2,text_clean
196,195,200,0.009609847178613401,0.0029,FALSE,ok,fomc_stmt,y2_next2,text_clean
197,196,200,0.0060144408686507765,0.002,FALSE,ok,fomc_stmt,y2_next2,text_clean
198,197,200,0.003885283202494683,0.0059,FALSE,ok,fomc_stmt,y2_next2,text_clean
199,198,200,0.0022620228086147037,0.0282999999999999,TRUE,ok,fomc_stmt,y2_next2,text_clean
200,199,200,0.008569737599920585,-0.0019,FALSE,ok,fomc_stmt,y2_next2,text_clean
201,200,200,7.196738095238081e-4,0.1089999999999999,FALSE,ok,fomc_stmt,y2_next2,text_clean
202,201,200,0.022201360031681522,-0.0470000000000001,FALSE,ok,fomc_stmt,y2_next2,text_clean
203,202,200,0.0017042701939999798,0.0504999999999999,TRUE,ok,fomc_stmt,y2_next2,text_clean
204,203,200,0.008594288888888824,0.0020000000000002,FALSE,ok,fomc_stmt,y2_next2,text_clean
205,204,200,0.01139179948261905,0.0938999999999996,FALSE,ok,fomc_stmt,y2_next2,text_clean
206,205,200,0.04434905436849192,-0.0872000000000001,FALSE,ok,fomc_stmt,y2_next2,text_clean
207,206,200,-0.03572089318181832,0.0857999999999998,TRUE,ok,fomc_stmt,y2_next2,text_clean
208,207,200,0.023328791783216656,0.0196999999999993,FALSE,ok,fomc_stmt,y2_next2,text_clean
209,208,200,0.021671474902707478,-0.0840999999999994,FALSE,ok,fomc_stmt,y2_next2,text_clean
210,209,200,0.006853537436688272,0,FALSE,ok,fomc_stmt,y2_next2,text_clean
211,210,200,9.150194576515049e-4,0.1177500000000009,TRUE,ok,fomc_stmt,y2_next2,text_clean
212,211,200,0.0526833113629023,0.0041999999999999,FALSE,ok,fomc_stmt,y2_next2,text_clean
213,212,200,0.02515593473744604,0.0652499999999998,FALSE,ok,fomc_stmt,y2_next2,text_clean
214,213,200,0.050800174582837344,-0.0146000000000006,FALSE,ok,fomc_stmt,y2_next2,text_clean
215,214,200,0.026452456349206205,-0.1385000000000005,TRUE,ok,fomc_stmt,y2_next2,text_clean
216,215,200,-0.026372911363636616,0.0144000000000001,FALSE,ok,fomc_stmt,y2_next2,text_clean
217,216,200,-0.014835474458874625,-0.0276999999999993,FALSE,ok,fomc_stmt,y2_next2,text_clean
218,217,200,0.012846191543177994,-0.0104000000000006,FALSE,ok,fomc_stmt,y2_next2,text_clean
219,218,200,-0.002388797029445279,0.0168000000000008,TRUE,ok,fomc_stmt,y2_next2,text_clean
220,219,200,0.011964566468253985,0.0102999999999999,FALSE,ok,fomc_stmt,y2_next2,text_clean
221,220,200,0.006455452829794366,-0.0858000000000003,FALSE,ok,fomc_stmt,y2_next2,text_clean
222,221,200,-0.01913011622807022,0.0125000000000001,FALSE,ok,fomc_stmt,y2_next2,text_clean
223,222,200,-0.0018131115662931815,0.0908000000000006,TRUE,ok,fomc_stmt,y2_next2,text_clean
224,223,200,0.04807361586452797,0.0289999999999999,FALSE,ok,fomc_stmt,y2_next2,text_clean
225,224,200,0.010525596789321873,-0.0510000000000001,FALSE,ok,fomc_stmt,y2_next2,text_clean
226,225,200,0.002659281388333422,-0.0310000000000001,FALSE,ok,fomc_stmt,y2_next2,text_clean
227,226,200,-0.009725674603174589,-0.024,TRUE,ok,fomc_stmt,y2_next2,text_clean
228,227,200,-0.011474539177489175,-0.0100000000000002,FALSE,ok,fomc_stmt,y2_next2,text_clean
229,228,200,-0.02010561824548009,-0.0555000000000003,FALSE,ok,fomc_stmt,y2_next2,text_clean
230,229,200,-0.02224032709235215,0.0070000000000001,FALSE,ok,fomc_stmt,y2_next2,text_clean
231,230,200,0.004684798484848529,-0.0220000000000002,TRUE,ok,fomc_stmt,y2_next2,text_clean
232,231,200,-0.02114798629177177,0.0015,FALSE,ok,fomc_stmt,y2_next2,text_clean
233,232,200,0.002527589289109994,-0.0089999999999998,FALSE,ok,fomc_stmt,y2_next2,text_clean
31,30,NA,NA,0,TRUE,lasso_failed,fomc_pc,bps_next,text_clean
32,31,NA,NA,0,TRUE,lasso_failed,fomc_pc,bps_next,text_clean
33,32,NA,NA,0,TRUE,lasso_failed,fomc_pc,bps_next,text_clean
34,33,NA,NA,0,TRUE,lasso_failed,fomc_pc,bps_next,text_clean
35,34,NA,NA,0,TRUE,lasso_failed,fomc_pc,bps_next,text_clean
36,35,NA,NA,-25,TRUE,lasso_failed,fomc_pc,bps_next,text_clean
37,36,NA,NA,-25,TRUE,lasso_failed,fomc_pc,bps_next,text_clean
38,37,200,-3.708333333333333,-25,TRUE,ok,fomc_pc,bps_next,text_clean
39,38,200,-5.929166666666667,0,FALSE,ok,fomc_pc,bps_next,text_clean
40,39,200,-0.55,0,FALSE,ok,fomc_pc,bps_next,text_clean
41,40,200,-1.35,-50,FALSE,ok,fomc_pc,bps_next,text_clean
42,41,200,-5.729166666666668,-100,TRUE,ok,fomc_pc,bps_next,text_clean
43,42,200,-12.170833333333333,0,FALSE,ok,fomc_pc,bps_next,text_clean
44,43,200,-6.041666666666666,0,FALSE,ok,fomc_pc,bps_next,text_clean
45,44,200,-5.365277777777777,0,FALSE,ok,fomc_pc,bps_next,text_clean
46,45,200,-6.208333333333334,0,TRUE,ok,fomc_pc,bps_next,text_clean
47,46,200,-6.0125,0,FALSE,ok,fomc_pc,bps_next,text_clean
48,47,200,-1.9583333333333335,0,FALSE,ok,fomc_pc,bps_next,text_clean
49,48,200,-1.2833333333333334,0,FALSE,ok,fomc_pc,bps_next,text_clean
50,49,200,-1.0083333333333335,0,TRUE,ok,fomc_pc,bps_next,text_clean
51,50,200,-2.3333333333333335,0,FALSE,ok,fomc_pc,bps_next,text_clean
52,51,200,-1.770833333333333,0,FALSE,ok,fomc_pc,bps_next,text_clean
53,52,200,-2.3708333333333336,0,FALSE,ok,fomc_pc,bps_next,text_clean
54,53,200,-3.3833333333333333,0,TRUE,ok,fomc_pc,bps_next,text_clean
55,54,200,-3.4625,0,FALSE,ok,fomc_pc,bps_next,text_clean
56,55,200,-8.354166666666666,0,FALSE,ok,fomc_pc,bps_next,text_clean
57,56,200,-0.9166666666666667,0,FALSE,ok,fomc_pc,bps_next,text_clean
58,57,200,-2.625,25,TRUE,ok,fomc_pc,bps_next,text_clean
59,58,200,1.025,50,FALSE,ok,fomc_pc,bps_next,text_clean
60,59,200,2.1166666666666667,75,FALSE,ok,fomc_pc,bps_next,text_clean
61,60,200,7.695833333333334,75,FALSE,ok,fomc_pc,bps_next,text_clean
62,61,6,61.3781129880681,75,TRUE,ok,fomc_pc,bps_next,text_clean
63,62,6,35.23904390098606,75,FALSE,ok,fomc_pc,bps_next,text_clean
64,63,6,56.55432316463057,50,FALSE,ok,fomc_pc,bps_next,text_clean
65,64,6,27.814879277325108,25,FALSE,ok,fomc_pc,bps_next,text_clean
66,65,5,39.64505682846226,25,TRUE,ok,fomc_pc,bps_next,text_clean
67,66,5,37.85983390094441,25,FALSE,ok,fomc_pc,bps_next,text_clean
68,67,5,13.86730932016235,0,FALSE,ok,fomc_pc,bps_next,text_clean
69,68,5,-5.161230415076635,25,FALSE,ok,fomc_pc,bps_next,text_clean
70,69,6,-0.060179921034709656,0,TRUE,ok,fomc_pc,bps_next,text_clean
71,70,6,24.978195242205242,0,FALSE,ok,fomc_pc,bps_next,text_clean
72,71,6,7.197832239618147,0,FALSE,ok,fomc_pc,bps_next,text_clean
73,72,6,7.748255723057741,0,FALSE,ok,fomc_pc,bps_next,text_clean
74,73,8,15.879045457829235,0,TRUE,ok,fomc_pc,bps_next,text_clean
75,74,8,12.479586566309518,0,FALSE,ok,fomc_pc,bps_next,text_clean
76,75,8,6.927708281802785,0,FALSE,ok,fomc_pc,bps_next,text_clean
77,76,8,6.322590842989681,0,FALSE,ok,fomc_pc,bps_next,text_clean
78,77,17,5.533746195768386,-50,TRUE,ok,fomc_pc,bps_next,text_clean
79,78,17,5.507452922954348,-25,FALSE,ok,fomc_pc,bps_next,text_clean
80,79,17,0.5302747556483771,-25,FALSE,ok,fomc_pc,bps_next,text_clean
81,80,17,-0.037063064105069606,0,FALSE,ok,fomc_pc,bps_next,text_clean
82,81,7,-35.215085917498975,0,TRUE,ok,fomc_pc,bps_next,text_clean
83,82,7,-13.103485001353171,0,FALSE,ok,fomc_pc,bps_next,text_clean
84,83,7,-10.959369129323479,0,FALSE,ok,fomc_pc,bps_next,text_clean
85,84,7,-8.76839095301736,0,FALSE,ok,fomc_pc,bps_next,text_clean
86,85,10,-0.4169797493652858,-25,TRUE,ok,fomc_pc,bps_next,text_clean
87,86,10,-19.419432306232306,-25,FALSE,ok,fomc_pc,bps_next,text_clean
88,87,10,-0.9811146836931819,-25,FALSE,ok,fomc_pc,bps_next,text_clean
89,88,10,-1.2821927211878208,0,FALSE,ok,fomc_pc,bps_next,text_clean
90,89,23,-7.238297817795229,0,TRUE,ok,fomc_pc,bps_next,text_clean
31,30,10,5.75,25,TRUE,ok,fomc_pc,bps_next2,text_clean
32,31,10,3.1711906464175077,0,FALSE,ok,fomc_pc,bps_next2,text_clean
33,32,10,5.019230769230769,0,FALSE,ok,fomc_pc,bps_next2,text_clean
34,33,10,4.832656695156695,0,FALSE,ok,fomc_pc,bps_next2,text_clean
35,34,7,0.02,-25,TRUE,ok,fomc_pc,bps_next2,text_clean
36,35,7,-1.3676910266503832,-25,FALSE,ok,fomc_pc,bps_next2,text_clean
37,36,7,12.869889639084686,-25,FALSE,ok,fomc_pc,bps_next2,text_clean
38,37,7,-7.123216336271002,0,FALSE,ok,fomc_pc,bps_next2,text_clean
39,38,18,-6.389880952380952,0,TRUE,ok,fomc_pc,bps_next2,text_clean
40,39,18,-1.383333333333333,-50,FALSE,ok,fomc_pc,bps_next2,text_clean
41,40,18,-7.0489615987460805,-100,FALSE,ok,fomc_pc,bps_next2,text_clean
42,41,18,1.0954545454545455,0,FALSE,ok,fomc_pc,bps_next2,text_clean
43,42,200,3.0625,0,TRUE,ok,fomc_pc,bps_next2,text_clean
44,43,200,-1.525,0,FALSE,ok,fomc_pc,bps_next2,text_clean
45,44,200,-2.6791666666666667,0,FALSE,ok,fomc_pc,bps_next2,text_clean
46,45,200,-2.933333333333333,0,FALSE,ok,fomc_pc,bps_next2,text_clean
47,46,200,-2.533333333333333,0,TRUE,ok,fomc_pc,bps_next2,text_clean
48,47,200,2.045833333333333,0,FALSE,ok,fomc_pc,bps_next2,text_clean
49,48,200,2.125,0,FALSE,ok,fomc_pc,bps_next2,text_clean
50,49,200,-1.1541666666666668,0,FALSE,ok,fomc_pc,bps_next2,text_clean
51,50,10,-0.04155950471608049,0,TRUE,ok,fomc_pc,bps_next2,text_clean
52,51,10,0.06276706623742431,0,FALSE,ok,fomc_pc,bps_next2,text_clean
53,52,10,8.091020542878127,0,FALSE,ok,fomc_pc,bps_next2,text_clean
54,53,10,-20.567617618166715,0,FALSE,ok,fomc_pc,bps_next2,text_clean
55,54,200,-2.266666666666667,0,TRUE,ok,fomc_pc,bps_next2,text_clean
56,55,200,-0.375,0,FALSE,ok,fomc_pc,bps_next2,text_clean
57,56,200,-0.2666666666666667,25,FALSE,ok,fomc_pc,bps_next2,text_clean
58,57,200,-1.5416666666666665,50,FALSE,ok,fomc_pc,bps_next2,text_clean
59,58,8,18.370587476184365,75,TRUE,ok,fomc_pc,bps_next2,text_clean
60,59,8,1.2770612320593375,75,FALSE,ok,fomc_pc,bps_next2,text_clean
61,60,8,28.134042419506983,75,FALSE,ok,fomc_pc,bps_next2,text_clean
62,61,8,3.2417844289069615,75,FALSE,ok,fomc_pc,bps_next2,text_clean
63,62,13,30.910751223789,50,TRUE,ok,fomc_pc,bps_next2,text_clean
64,63,13,45.494506690780455,25,FALSE,ok,fomc_pc,bps_next2,text_clean
65,64,12,29.05910254681355,25,FALSE,ok,fomc_pc,bps_next2,text_clean
66,65,12,31.007214128096813,25,FALSE,ok,fomc_pc,bps_next2,text_clean
67,66,8,30.67259858112017,0,TRUE,ok,fomc_pc,bps_next2,text_clean
68,67,8,19.005411690452746,25,FALSE,ok,fomc_pc,bps_next2,text_clean
69,68,8,16.575924772078462,0,FALSE,ok,fomc_pc,bps_next2,text_clean
70,69,8,13.373062404403226,0,FALSE,ok,fomc_pc,bps_next2,text_clean
71,70,9,5.060798880643342,0,TRUE,ok,fomc_pc,bps_next2,text_clean
72,71,8,4.614781317941072,0,FALSE,ok,fomc_pc,bps_next2,text_clean
73,72,8,4.252703243466291,0,FALSE,ok,fomc_pc,bps_next2,text_clean
74,73,8,4.306243771718334,0,FALSE,ok,fomc_pc,bps_next2,text_clean
75,74,9,4.576756109973669,0,TRUE,ok,fomc_pc,bps_next2,text_clean
76,75,9,4.622696265761262,0,FALSE,ok,fomc_pc,bps_next2,text_clean
77,76,9,4.732292726210069,-50,FALSE,ok,fomc_pc,bps_next2,text_clean
78,77,9,3.679559464911236,-25,FALSE,ok,fomc_pc,bps_next2,text_clean
79,78,13,7.454058651351103,-25,TRUE,ok,fomc_pc,bps_next2,text_clean
80,79,13,1.3266476487636985,0,FALSE,ok,fomc_pc,bps_next2,text_clean
81,80,13,1.5648783489420606,0,FALSE,ok,fomc_pc,bps_next2,text_clean
82,81,13,-8.896938380944265,0,FALSE,ok,fomc_pc,bps_next2,text_clean
83,82,13,0.6377858327968251,0,TRUE,ok,fomc_pc,bps_next2,text_clean
84,83,13,0.7655696756723868,0,FALSE,ok,fomc_pc,bps_next2,text_clean
85,84,13,1.196640494477483,-25,FALSE,ok,fomc_pc,bps_next2,text_clean
86,85,13,0.5823804777171943,-25,FALSE,ok,fomc_pc,bps_next2,text_clean
87,86,10,0.7283344241779569,-25,TRUE,ok,fomc_pc,bps_next2,text_clean
88,87,10,2.465852756437874,0,FALSE,ok,fomc_pc,bps_next2,text_clean
89,88,10,-4.045637795041503,0,FALSE,ok,fomc_pc,bps_next2,text_clean
31,30,200,-0.002191991666666695,0.0041999999999999,TRUE,ok,fomc_pc,y2_next,text_clean
32,31,200,0.0036328583333333038,-0.0383,FALSE,ok,fomc_pc,y2_next,text_clean
33,32,200,-0.003833133333333341,-0.0598999999999998,FALSE,ok,fomc_pc,y2_next,text_clean
34,33,200,-0.008575983333333315,-0.0463,FALSE,ok,fomc_pc,y2_next,text_clean
35,34,14,-0.01233039810871312,-0.0757000000000001,TRUE,ok,fomc_pc,y2_next,text_clean
36,35,14,0.012930676265182153,0.0250000000000001,FALSE,ok,fomc_pc,y2_next,text_clean
37,36,14,0.004465070914280929,0.0411000000000001,FALSE,ok,fomc_pc,y2_next,text_clean
38,37,14,-0.02338311669552668,0.016,FALSE,ok,fomc_pc,y2_next,text_clean
39,38,6,-0.00928282809102133,-0.0080999999999999,TRUE,ok,fomc_pc,y2_next,text_clean
40,39,6,-0.031104150378824354,0.002,FALSE,ok,fomc_pc,y2_next,text_clean
41,40,6,-0.017468141880378377,-0.1008,FALSE,ok,fomc_pc,y2_next,text_clean
42,41,6,3.092290821253384e-4,-0.002,FALSE,ok,fomc_pc,y2_next,text_clean
43,42,200,-0.004155891666666665,0.002,TRUE,ok,fomc_pc,y2_next,text_clean
44,43,200,-0.012658316666666678,-0.0098999999999999,FALSE,ok,fomc_pc,y2_next,text_clean
45,44,200,-0.018469608333333328,-0.0029499999999999,FALSE,ok,fomc_pc,y2_next,text_clean
46,45,200,-0.008253908333333327,-0.002,FALSE,ok,fomc_pc,y2_next,text_clean
47,46,10,-0.009552031453284737,-0.004,TRUE,ok,fomc_pc,y2_next,text_clean
48,47,10,-0.0037793937979476323,0.002,FALSE,ok,fomc_pc,y2_next,text_clean
49,48,10,-0.0020134672299992164,-0.0018999999999999,FALSE,ok,fomc_pc,y2_next,text_clean
50,49,10,-0.008472689361479602,-0.0141,FALSE,ok,fomc_pc,y2_next,text_clean
51,50,16,-6.860686954037906e-4,-0.0039,TRUE,ok,fomc_pc,y2_next,text_clean
52,51,16,-0.01142798108136643,0.0259999999999999,FALSE,ok,fomc_pc,y2_next,text_clean
53,52,16,-0.0074397819157858815,0.0029,FALSE,ok,fomc_pc,y2_next,text_clean
54,53,16,-0.04288122932900433,0.002,FALSE,ok,fomc_pc,y2_next,text_clean
55,54,200,-0.00794834444444445,0.0059,TRUE,ok,fomc_pc,y2_next,text_clean
56,55,200,-0.005486024999999986,0.0282999999999999,FALSE,ok,fomc_pc,y2_next,text_clean
57,56,200,-0.0010974130952380973,-0.0019,FALSE,ok,fomc_pc,y2_next,text_clean
58,57,200,-0.00570688333333333,0.1089999999999999,FALSE,ok,fomc_pc,y2_next,text_clean
59,58,8,-0.014126083996857832,-0.0470000000000001,TRUE,ok,fomc_pc,y2_next,text_clean
60,59,8,-0.027363911015965345,0.0504999999999999,FALSE,ok,fomc_pc,y2_next,text_clean
61,60,8,0.003321102789550011,0.0020000000000002,FALSE,ok,fomc_pc,y2_next,text_clean
62,61,8,-0.009061137988300556,0.0938999999999996,FALSE,ok,fomc_pc,y2_next,text_clean
63,62,8,0.023749605662126073,-0.0872000000000001,TRUE,ok,fomc_pc,y2_next,text_clean
64,63,8,-0.004070561909197762,0.0857999999999998,FALSE,ok,fomc_pc,y2_next,text_clean
65,64,8,0.03256256381403497,0.0196999999999993,FALSE,ok,fomc_pc,y2_next,text_clean
66,65,8,0.040949161481490366,-0.0840999999999994,FALSE,ok,fomc_pc,y2_next,text_clean
67,66,200,-0.011692016666666643,0,TRUE,ok,fomc_pc,y2_next,text_clean
68,67,200,-0.0200838333333333,0.1177500000000009,FALSE,ok,fomc_pc,y2_next,text_clean
69,68,200,0.006450741666666707,0.0041999999999999,FALSE,ok,fomc_pc,y2_next,text_clean
70,69,200,0.014819170238095238,0.0652499999999998,FALSE,ok,fomc_pc,y2_next,text_clean
71,70,200,0.027712084523809445,-0.0146000000000006,TRUE,ok,fomc_pc,y2_next,text_clean
72,71,200,0.0037347000000000573,-0.1385000000000005,FALSE,ok,fomc_pc,y2_next,text_clean
73,72,200,0.004178082142857256,0.0144000000000001,FALSE,ok,fomc_pc,y2_next,text_clean
74,73,200,0.004972874999999943,-0.0276999999999993,FALSE,ok,fomc_pc,y2_next,text_clean
75,74,200,-0.015323024999999912,-0.0104000000000006,TRUE,ok,fomc_pc,y2_next,text_clean
76,75,200,0.010037293939393939,0.0168000000000008,FALSE,ok,fomc_pc,y2_next,text_clean
77,76,200,0.005741608333333267,0.0102999999999999,FALSE,ok,fomc_pc,y2_next,text_clean
78,77,200,0.0017987416666668352,-0.0858000000000003,FALSE,ok,fomc_pc,y2_next,text_clean
79,78,200,-0.021172166666666676,0.0125000000000001,TRUE,ok,fomc_pc,y2_next,text_clean
80,79,200,-0.002837674999999879,0.0908000000000006,FALSE,ok,fomc_pc,y2_next,text_clean
81,80,200,0.01217693333333336,0.0289999999999999,FALSE,ok,fomc_pc,y2_next,text_clean
82,81,200,0.024232058333333507,-0.0510000000000001,FALSE,ok,fomc_pc,y2_next,text_clean
83,82,200,1.8847500000007247e-4,-0.0310000000000001,TRUE,ok,fomc_pc,y2_next,text_clean
84,83,200,0.0037852500000000915,-0.024,FALSE,ok,fomc_pc,y2_next,text_clean
85,84,200,-0.002274278571428563,-0.0100000000000002,FALSE,ok,fomc_pc,y2_next,text_clean
86,85,200,-0.008477441666666646,-0.0555000000000003,FALSE,ok,fomc_pc,y2_next,text_clean
87,86,200,-0.005320483333333393,0.0070000000000001,TRUE,ok,fomc_pc,y2_next,text_clean
88,87,200,-0.005584916666666665,-0.0220000000000002,FALSE,ok,fomc_pc,y2_next,text_clean
89,88,200,-0.015453316666666685,0.0015,FALSE,ok,fomc_pc,y2_next,text_clean
90,89,200,-0.02299965000000005,-0.0089999999999998,FALSE,ok,fomc_pc,y2_next,text_clean
31,30,200,-0.011236883333333296,-0.0030999999999998,TRUE,ok,fomc_pc,y2_next2,text_clean
32,31,200,-0.0014704500000000049,-0.0598999999999998,FALSE,ok,fomc_pc,y2_next2,text_clean
33,32,200,-0.020116649999999955,-0.0463,FALSE,ok,fomc_pc,y2_next2,text_clean
34,33,200,-0.011292049999999965,-0.0757000000000001,FALSE,ok,fomc_pc,y2_next2,text_clean
35,34,200,-0.014987933333333314,0.0250000000000001,TRUE,ok,fomc_pc,y2_next2,text_clean
36,35,200,-0.02002773333333328,0.0411000000000001,FALSE,ok,fomc_pc,y2_next2,text_clean
37,36,200,-5.704499999999666e-4,0.016,FALSE,ok,fomc_pc,y2_next2,text_clean
38,37,200,-0.005972233333333312,-0.0080999999999999,FALSE,ok,fomc_pc,y2_next2,text_clean
39,38,200,0.00403370000000002,0.002,TRUE,ok,fomc_pc,y2_next2,text_clean
40,39,200,0.0018102166666667035,-0.1008,FALSE,ok,fomc_pc,y2_next2,text_clean
41,40,200,-0.027966316666666678,-0.002,FALSE,ok,fomc_pc,y2_next2,text_clean
42,41,200,-0.019226366666666626,0.002,FALSE,ok,fomc_pc,y2_next2,text_clean
43,42,32,-0.004029034523809468,-0.0098999999999999,TRUE,ok,fomc_pc,y2_next2,text_clean
44,43,32,-0.045583683333333305,-0.0029499999999999,FALSE,ok,fomc_pc,y2_next2,text_clean
45,44,32,0.008741647710622713,-0.002,FALSE,ok,fomc_pc,y2_next2,text_clean
46,45,32,0.016406542137540808,-0.004,FALSE,ok,fomc_pc,y2_next2,text_clean
47,46,200,-0.0031140499999999867,0.002,TRUE,ok,fomc_pc,y2_next2,text_clean
48,47,200,0.0017114583333333448,-0.0018999999999999,FALSE,ok,fomc_pc,y2_next2,text_clean
49,48,200,-0.001538999999999972,-0.0141,FALSE,ok,fomc_pc,y2_next2,text_clean
50,49,200,-0.0060600608974358625,-0.0039,FALSE,ok,fomc_pc,y2_next2,text_clean
51,50,200,-0.006399433333333298,0.0259999999999999,TRUE,ok,fomc_pc,y2_next2,text_clean
52,51,200,0.0020722833333333434,0.0029,FALSE,ok,fomc_pc,y2_next2,text_clean
53,52,200,8.153833333333269e-4,0.002,FALSE,ok,fomc_pc,y2_next2,text_clean
54,53,200,-0.006775191666666661,0.0059,FALSE,ok,fomc_pc,y2_next2,text_clean
55,54,200,-0.006989408333333319,0.0282999999999999,TRUE,ok,fomc_pc,y2_next2,text_clean
56,55,200,8.863333333333351e-4,-0.0019,FALSE,ok,fomc_pc,y2_next2,text_clean
57,56,200,-0.01190154166666665,0.1089999999999999,FALSE,ok,fomc_pc,y2_next2,text_clean
58,57,200,0.006720383333333343,-0.0470000000000001,FALSE,ok,fomc_pc,y2_next2,text_clean
59,58,200,0.007710858333333317,0.0504999999999999,TRUE,ok,fomc_pc,y2_next2,text_clean
60,59,200,0.005158702380952363,0.0020000000000002,FALSE,ok,fomc_pc,y2_next2,text_clean
61,60,200,5.70058333333351e-4,0.0938999999999996,FALSE,ok,fomc_pc,y2_next2,text_clean
62,61,200,0.016968124999999973,-0.0872000000000001,FALSE,ok,fomc_pc,y2_next2,text_clean
63,62,200,0.026061458333333246,0.0857999999999998,TRUE,ok,fomc_pc,y2_next2,text_clean
64,63,200,0.019532066666666598,0.0196999999999993,FALSE,ok,fomc_pc,y2_next2,text_clean
65,64,200,0.019846033333333103,-0.0840999999999994,FALSE,ok,fomc_pc,y2_next2,text_clean
66,65,200,-0.007739651190476173,0,FALSE,ok,fomc_pc,y2_next2,text_clean
67,66,200,-0.0031195333333333248,0.1177500000000009,TRUE,ok,fomc_pc,y2_next2,text_clean
68,67,200,0.02519689166666688,0.0041999999999999,FALSE,ok,fomc_pc,y2_next2,text_clean
69,68,200,0.022750503571428698,0.0652499999999998,FALSE,ok,fomc_pc,y2_next2,text_clean
70,69,200,0.029315458333333377,-0.0146000000000006,FALSE,ok,fomc_pc,y2_next2,text_clean
71,70,200,0.024166290476190348,-0.1385000000000005,TRUE,ok,fomc_pc,y2_next2,text_clean
72,71,200,0.015713608333333354,0.0144000000000001,FALSE,ok,fomc_pc,y2_next2,text_clean
73,72,200,0.0039504249999999215,-0.0276999999999993,FALSE,ok,fomc_pc,y2_next2,text_clean
74,73,200,0.0020986583333334123,-0.0104000000000006,FALSE,ok,fomc_pc,y2_next2,text_clean
75,74,200,0.011048784523809564,0.0168000000000008,TRUE,ok,fomc_pc,y2_next2,text_clean
76,75,200,0.006096412301587396,0.0102999999999999,FALSE,ok,fomc_pc,y2_next2,text_clean
77,76,200,-0.0029166416666666817,-0.0858000000000003,FALSE,ok,fomc_pc,y2_next2,text_clean
78,77,200,0.0017432500000000932,0.0125000000000001,FALSE,ok,fomc_pc,y2_next2,text_clean
79,78,200,-6.972499999988831e-5,0.0908000000000006,TRUE,ok,fomc_pc,y2_next2,text_clean
80,79,200,0.02546124166666687,0.0289999999999999,FALSE,ok,fomc_pc,y2_next2,text_clean
81,80,200,0.013399431250000095,-0.0510000000000001,FALSE,ok,fomc_pc,y2_next2,text_clean
82,81,200,0.012206516666666714,-0.0310000000000001,FALSE,ok,fomc_pc,y2_next2,text_clean
83,82,200,-0.0012857833333333039,-0.024,TRUE,ok,fomc_pc,y2_next2,text_clean
84,83,200,-0.006625983333333364,-0.0100000000000002,FALSE,ok,fomc_pc,y2_next2,text_clean
85,84,200,-0.009630169047619087,-0.0555000000000003,FALSE,ok,fomc_pc,y2_next2,text_clean
86,85,200,-0.019133909523809584,0.0070000000000001,FALSE,ok,fomc_pc,y2_next2,text_clean
87,86,200,-0.010493916666666669,-0.0220000000000002,TRUE,ok,fomc_pc,y2_next2,text_clean
88,87,200,-0.012329141666666685,0.0015,FALSE,ok,fomc_pc,y2_next2,text_clean
89,88,200,-0.007899503571428578,-0.0089999999999998,FALSE,ok,fomc_pc,y2_next2,text_clean
31,30,18,0.8821518759018759,0,TRUE,ok,ecb_stmt,bps_next,text_clean
32,31,18,0.388699494949495,0,FALSE,ok,ecb_stmt,bps_next,text_clean
33,32,18,8.156263705334915,0,FALSE,ok,ecb_stmt,bps_next,text_clean
34,33,18,8.053114266194763,0,FALSE,ok,ecb_stmt,bps_next,text_clean
35,34,19,7.568007676018511,0,TRUE,ok,ecb_stmt,bps_next,text_clean
36,35,19,7.566992062589971,0,FALSE,ok,ecb_stmt,bps_next,text_clean
37,36,19,7.2068072592369266,0,FALSE,ok,ecb_stmt,bps_next,text_clean
38,37,19,6.600520757319405,0,FALSE,ok,ecb_stmt,bps_next,text_clean
39,38,19,6.948405191696004,0,TRUE,ok,ecb_stmt,bps_next,text_clean
40,39,19,6.644917290355708,0,FALSE,ok,ecb_stmt,bps_next,text_clean
41,40,19,6.195717196301801,-50,FALSE,ok,ecb_stmt,bps_next,text_clean
42,41,19,0.12202380952380955,0,FALSE,ok,ecb_stmt,bps_next,text_clean
43,42,19,6.277211971745221,0,TRUE,ok,ecb_stmt,bps_next,text_clean
44,43,19,2.5115407893806734,-25,FALSE,ok,ecb_stmt,bps_next,text_clean
45,44,19,0.39475108225108224,0,FALSE,ok,ecb_stmt,bps_next,text_clean
46,45,19,1.9457789763618272,0,FALSE,ok,ecb_stmt,bps_next,text_clean
47,46,20,1.4029142824297784,-50,TRUE,ok,ecb_stmt,bps_next,text_clean
48,47,20,0.1679294274571025,0,FALSE,ok,ecb_stmt,bps_next,text_clean
49,48,20,-1.1378126514905404,0,FALSE,ok,ecb_stmt,bps_next,text_clean
50,49,20,-1.0799960595296987,0,FALSE,ok,ecb_stmt,bps_next,text_clean
51,50,20,-1.2025888882311606,0,TRUE,ok,ecb_stmt,bps_next,text_clean
52,51,20,-0.9255917476656578,0,FALSE,ok,ecb_stmt,bps_next,text_clean
53,52,20,-0.6265049087534422,0,FALSE,ok,ecb_stmt,bps_next,text_clean
54,53,20,-0.8448733857617965,0,FALSE,ok,ecb_stmt,bps_next,text_clean
55,54,20,-0.789515729952483,0,TRUE,ok,ecb_stmt,bps_next,text_clean
56,55,20,-0.7647392314255151,0,FALSE,ok,ecb_stmt,bps_next,text_clean
57,56,20,-0.7312544971088977,0,FALSE,ok,ecb_stmt,bps_next,text_clean
58,57,20,-0.8228674004420969,0,FALSE,ok,ecb_stmt,bps_next,text_clean
59,58,20,-0.2651188236196841,0,TRUE,ok,ecb_stmt,bps_next,text_clean
60,59,20,-0.7864364785061434,0,FALSE,ok,ecb_stmt,bps_next,text_clean
61,60,20,-0.948874739457649,0,FALSE,ok,ecb_stmt,bps_next,text_clean
62,61,20,-0.9741258092456536,0,FALSE,ok,ecb_stmt,bps_next,text_clean
63,62,20,-0.6530558349382279,0,TRUE,ok,ecb_stmt,bps_next,text_clean
64,63,20,-0.8610719873554078,0,FALSE,ok,ecb_stmt,bps_next,text_clean
65,64,20,-0.8842234554982292,0,FALSE,ok,ecb_stmt,bps_next,text_clean
66,65,20,-0.5912854788621577,0,FALSE,ok,ecb_stmt,bps_next,text_clean
67,66,20,-0.5655649541969033,0,TRUE,ok,ecb_stmt,bps_next,text_clean
68,67,20,-0.47795116940491106,0,FALSE,ok,ecb_stmt,bps_next,text_clean
69,68,20,-0.8726485048440504,0,FALSE,ok,ecb_stmt,bps_next,text_clean
70,69,20,-0.8793438421461359,0,FALSE,ok,ecb_stmt,bps_next,text_clean
71,70,20,-0.4406044006588077,0,TRUE,ok,ecb_stmt,bps_next,text_clean
72,71,20,-0.3837685939865461,0,FALSE,ok,ecb_stmt,bps_next,text_clean
73,72,20,2.126555735930736,0,FALSE,ok,ecb_stmt,bps_next,text_clean
74,73,20,-0.735314130698892,0,FALSE,ok,ecb_stmt,bps_next,text_clean
75,74,20,-0.6454646380390778,0,TRUE,ok,ecb_stmt,bps_next,text_clean
76,75,20,-0.44807738405315184,25,FALSE,ok,ecb_stmt,bps_next,text_clean
77,76,20,0.09921987345412711,0,FALSE,ok,ecb_stmt,bps_next,text_clean
78,77,20,-0.03649242370851885,0,FALSE,ok,ecb_stmt,bps_next,text_clean
79,78,20,-0.013331540298876234,25,TRUE,ok,ecb_stmt,bps_next,text_clean
80,79,20,0.1396170787155442,0,FALSE,ok,ecb_stmt,bps_next,text_clean
81,80,20,0.46957941992346475,0,FALSE,ok,ecb_stmt,bps_next,text_clean
82,81,20,0.6842207797491321,25,FALSE,ok,ecb_stmt,bps_next,text_clean
83,82,20,0.31936498125546114,0,TRUE,ok,ecb_stmt,bps_next,text_clean
84,83,20,0.7677924418938632,25,FALSE,ok,ecb_stmt,bps_next,text_clean
85,84,20,0.09901885395306448,0,FALSE,ok,ecb_stmt,bps_next,text_clean
86,85,20,0.11091619981325865,0,FALSE,ok,ecb_stmt,bps_next,text_clean
87,86,20,1.3536080173146876,25,TRUE,ok,ecb_stmt,bps_next,text_clean
88,87,20,0.03517316017316017,0,FALSE,ok,ecb_stmt,bps_next,text_clean
89,88,20,1.574376488156706,0,FALSE,ok,ecb_stmt,bps_next,text_clean
90,89,20,1.4070458687537508,25,FALSE,ok,ecb_stmt,bps_next,text_clean
91,90,20,0.10960693680910179,0,TRUE,ok,ecb_stmt,bps_next,text_clean
92,91,20,1.657616693860028,0,FALSE,ok,ecb_stmt,bps_next,text_clean
93,92,20,1.8530536424534663,25,FALSE,ok,ecb_stmt,bps_next,text_clean
94,93,20,0.07635281385281387,0,FALSE,ok,ecb_stmt,bps_next,text_clean
95,94,20,2.5681948973388278,0,TRUE,ok,ecb_stmt,bps_next,text_clean
96,95,20,2.4726109082534724,0,FALSE,ok,ecb_stmt,bps_next,text_clean
97,96,20,2.328013401220357,0,FALSE,ok,ecb_stmt,bps_next,text_clean
98,97,20,2.211296118429251,0,FALSE,ok,ecb_stmt,bps_next,text_clean
99,98,20,2.022956180362778,0,TRUE,ok,ecb_stmt,bps_next,text_clean
100,99,20,2.4648729457432164,0,FALSE,ok,ecb_stmt,bps_next,text_clean
101,100,20,2.3140776778515626,0,FALSE,ok,ecb_stmt,bps_next,text_clean
102,101,20,2.1493615336197154,0,FALSE,ok,ecb_stmt,bps_next,text_clean
103,102,20,2.121109285822037,0,TRUE,ok,ecb_stmt,bps_next,text_clean
104,103,20,2.279123066677467,0,FALSE,ok,ecb_stmt,bps_next,text_clean
105,104,20,1.8120808678585607,0,FALSE,ok,ecb_stmt,bps_next,text_clean
106,105,20,1.7533988177543869,25,FALSE,ok,ecb_stmt,bps_next,text_clean
107,106,20,0.07905701754385966,0,TRUE,ok,ecb_stmt,bps_next,text_clean
108,107,20,2.708685697129162,0,FALSE,ok,ecb_stmt,bps_next,text_clean
109,108,20,2.6345159054203267,0,FALSE,ok,ecb_stmt,bps_next,text_clean
110,109,20,2.3453720255440103,-50,FALSE,ok,ecb_stmt,bps_next,text_clean
111,110,20,-0.7863750496290233,0,TRUE,ok,ecb_stmt,bps_next,text_clean
112,111,20,0.1813640408303607,-50,FALSE,ok,ecb_stmt,bps_next,text_clean
113,112,20,-0.12178029604004913,-75,FALSE,ok,ecb_stmt,bps_next,text_clean
114,113,20,-3.9656209168033842,-50,FALSE,ok,ecb_stmt,bps_next,text_clean
115,114,22,1.3073279277532845,0,TRUE,ok,ecb_stmt,bps_next,text_clean
116,115,22,1.3630839561252952,-50,FALSE,ok,ecb_stmt,bps_next,text_clean
117,116,22,-5.306330126895283,-25,FALSE,ok,ecb_stmt,bps_next,text_clean
118,117,22,-6.5684128233928565,-25,FALSE,ok,ecb_stmt,bps_next,text_clean
119,118,22,-7.182007560812049,0,TRUE,ok,ecb_stmt,bps_next,text_clean
120,119,22,0.9004471188993702,0,FALSE,ok,ecb_stmt,bps_next,text_clean
121,120,22,0.8692242477418394,0,FALSE,ok,ecb_stmt,bps_next,text_clean
122,121,22,0.7318853265165379,0,FALSE,ok,ecb_stmt,bps_next,text_clean
123,122,22,0.7467823274762094,0,TRUE,ok,ecb_stmt,bps_next,text_clean
124,123,22,0.9042573932739387,0,FALSE,ok,ecb_stmt,bps_next,text_clean
125,124,22,0.8262052109045276,0,FALSE,ok,ecb_stmt,bps_next,text_clean
126,125,22,0.7326980513835665,0,FALSE,ok,ecb_stmt,bps_next,text_clean
127,126,22,0.6169505773243821,0,TRUE,ok,ecb_stmt,bps_next,text_clean
128,127,22,0.7622274493331139,0,FALSE,ok,ecb_stmt,bps_next,text_clean
129,128,22,0.8328746746250044,0,FALSE,ok,ecb_stmt,bps_next,text_clean
130,129,22,1.1327353933294895,0,FALSE,ok,ecb_stmt,bps_next,text_clean
131,130,22,0.6502726632158172,0,TRUE,ok,ecb_stmt,bps_next,text_clean
132,131,22,0.8003228250762682,0,FALSE,ok,ecb_stmt,bps_next,text_clean
133,132,22,0.5997756518106534,0,FALSE,ok,ecb_stmt,bps_next,text_clean
134,133,22,0.7420053070238459,0,FALSE,ok,ecb_stmt,bps_next,text_clean
135,134,22,0.4755416996261541,0,TRUE,ok,ecb_stmt,bps_next,text_clean
136,135,22,0.6849322448056552,0,FALSE,ok,ecb_stmt,bps_next,text_clean
137,136,22,0.7075931310053994,0,FALSE,ok,ecb_stmt,bps_next,text_clean
138,137,22,0.6846390991072497,0,FALSE,ok,ecb_stmt,bps_next,text_clean
139,138,22,0.6115132670984706,0,TRUE,ok,ecb_stmt,bps_next,text_clean
140,139,22,0.7880169480899032,0,FALSE,ok,ecb_stmt,bps_next,text_clean
141,140,22,0.8251785309530153,25,FALSE,ok,ecb_stmt,bps_next,text_clean
142,141,22,-6.380175844801459,0,FALSE,ok,ecb_stmt,bps_next,text_clean
143,142,22,1.0899840584219131,0,TRUE,ok,ecb_stmt,bps_next,text_clean
144,143,22,1.227193233440229,25,FALSE,ok,ecb_stmt,bps_next,text_clean
145,144,22,-6.804766104306532,0,FALSE,ok,ecb_stmt,bps_next,text_clean
146,145,22,1.3474324314647996,0,FALSE,ok,ecb_stmt,bps_next,text_clean
147,146,22,1.2828758198414092,0,TRUE,ok,ecb_stmt,bps_next,text_clean
148,147,22,1.2842931082028095,-25,FALSE,ok,ecb_stmt,bps_next,text_clean
149,148,22,-6.6377130345143005,-25,FALSE,ok,ecb_stmt,bps_next,text_clean
150,149,22,-7.384248900602679,0,FALSE,ok,ecb_stmt,bps_next,text_clean
151,150,22,0.9009743145801911,0,TRUE,ok,ecb_stmt,bps_next,text_clean
152,151,22,0.9103880426037192,0,FALSE,ok,ecb_stmt,bps_next,text_clean
153,152,22,0.9299280069496068,0,FALSE,ok,ecb_stmt,bps_next,text_clean
154,153,22,0.8986166027854716,0,FALSE,ok,ecb_stmt,bps_next,text_clean
155,154,22,0.8379017385286012,0,TRUE,ok,ecb_stmt,bps_next,text_clean
156,155,22,0.8133227137681938,-25,FALSE,ok,ecb_stmt,bps_next,text_clean
157,156,22,-7.149029790684091,0,FALSE,ok,ecb_stmt,bps_next,text_clean
158,157,22,0.3001966969169667,0,FALSE,ok,ecb_stmt,bps_next,text_clean
159,158,22,0.2738159595490942,0,TRUE,ok,ecb_stmt,bps_next,text_clean
160,159,22,0.41177623638695027,0,FALSE,ok,ecb_stmt,bps_next,text_clean
161,160,22,0.4030520683811895,0,FALSE,ok,ecb_stmt,bps_next,text_clean
162,161,22,0.6666827488210751,0,FALSE,ok,ecb_stmt,bps_next,text_clean
163,162,22,0.661582846146297,0,TRUE,ok,ecb_stmt,bps_next,text_clean
164,163,22,0.48238979949606486,0,FALSE,ok,ecb_stmt,bps_next,text_clean
165,164,22,0.5986692369844028,0,FALSE,ok,ecb_stmt,bps_next,text_clean
166,165,22,0.6896400450243562,-25,FALSE,ok,ecb_stmt,bps_next,text_clean
167,166,22,-6.439895253080718,0,TRUE,ok,ecb_stmt,bps_next,text_clean
168,167,22,0.3597746395471858,0,FALSE,ok,ecb_stmt,bps_next,text_clean
169,168,22,0.32939935207307647,0,FALSE,ok,ecb_stmt,bps_next,text_clean
170,169,22,0.38785961364213195,0,FALSE,ok,ecb_stmt,bps_next,text_clean
171,170,22,0.44768627740517003,0,TRUE,ok,ecb_stmt,bps_next,text_clean
172,171,22,0.35305147750435084,-25,FALSE,ok,ecb_stmt,bps_next,text_clean
173,172,22,-6.38154477897668,0,FALSE,ok,ecb_stmt,bps_next,text_clean
174,173,22,0.055777884679812324,0,FALSE,ok,ecb_stmt,bps_next,text_clean
175,174,22,-2.190797944643648,0,TRUE,ok,ecb_stmt,bps_next,text_clean
176,175,22,-0.06693897227044403,0,FALSE,ok,ecb_stmt,bps_next,text_clean
177,176,22,0.06173635326400583,0,FALSE,ok,ecb_stmt,bps_next,text_clean
178,177,22,0.15576263995291403,0,FALSE,ok,ecb_stmt,bps_next,text_clean
179,178,23,-0.016520004459781946,-10,TRUE,ok,ecb_stmt,bps_next,text_clean
180,179,23,-6.017431583460824,0,FALSE,ok,ecb_stmt,bps_next,text_clean
181,180,23,0.030024797678505886,0,FALSE,ok,ecb_stmt,bps_next,text_clean
182,181,23,-0.16513040965557624,-10,FALSE,ok,ecb_stmt,bps_next,text_clean
183,182,23,-5.983830124509076,0,TRUE,ok,ecb_stmt,bps_next,text_clean
184,183,23,0.025856669434636805,0,FALSE,ok,ecb_stmt,bps_next,text_clean
185,184,23,-0.0752443550980713,0,FALSE,ok,ecb_stmt,bps_next,text_clean
186,185,23,-0.13305104279481905,0,FALSE,ok,ecb_stmt,bps_next,text_clean
187,186,23,-0.1847807704304305,0,TRUE,ok,ecb_stmt,bps_next,text_clean
188,187,23,-0.049280897986057115,0,FALSE,ok,ecb_stmt,bps_next,text_clean
189,188,23,0.09943097524165412,0,FALSE,ok,ecb_stmt,bps_next,text_clean
190,189,23,0.02647920788620342,0,FALSE,ok,ecb_stmt,bps_next,text_clean
191,190,23,0.08632112774481122,0,TRUE,ok,ecb_stmt,bps_next,text_clean
192,191,23,0.004846479425505634,0,FALSE,ok,ecb_stmt,bps_next,text_clean
193,192,23,0.06052664990562299,0,FALSE,ok,ecb_stmt,bps_next,text_clean
194,193,23,0.0367820059586962,0,FALSE,ok,ecb_stmt,bps_next,text_clean
195,194,23,0.04184199589495997,-5,TRUE,ok,ecb_stmt,bps_next,text_clean
196,195,23,5.879750677834105,0,FALSE,ok,ecb_stmt,bps_next,text_clean
197,196,23,-0.11111289965821278,0,FALSE,ok,ecb_stmt,bps_next,text_clean
198,197,23,2.9529333756006424,0,FALSE,ok,ecb_stmt,bps_next,text_clean
199,198,24,-0.6754435519058171,0,TRUE,ok,ecb_stmt,bps_next,text_clean
200,199,24,-2.1846097644624574,0,FALSE,ok,ecb_stmt,bps_next,text_clean
201,200,24,-0.08597928821594383,0,FALSE,ok,ecb_stmt,bps_next,text_clean
202,201,24,-1.5850381916556342,0,FALSE,ok,ecb_stmt,bps_next,text_clean
203,202,35,0.012820512820512829,0,TRUE,ok,ecb_stmt,bps_next,text_clean
204,203,35,0.125,0,FALSE,ok,ecb_stmt,bps_next,text_clean
205,204,35,0,0,FALSE,ok,ecb_stmt,bps_next,text_clean
206,205,35,0.33333333333333337,0,FALSE,ok,ecb_stmt,bps_next,text_clean
207,206,46,0.1,0,TRUE,ok,ecb_stmt,bps_next,text_clean
208,207,46,-0.013576158940397352,0,FALSE,ok,ecb_stmt,bps_next,text_clean
209,208,46,0.002705627705627709,0,FALSE,ok,ecb_stmt,bps_next,text_clean
210,209,46,0,0,FALSE,ok,ecb_stmt,bps_next,text_clean
211,210,50,0,0,TRUE,ok,ecb_stmt,bps_next,text_clean
212,211,50,0,0,FALSE,ok,ecb_stmt,bps_next,text_clean
213,212,50,0.013157894736842106,0,FALSE,ok,ecb_stmt,bps_next,text_clean
214,213,50,-0.7151336570251208,0,FALSE,ok,ecb_stmt,bps_next,text_clean
215,214,52,0.23767876852727846,0,TRUE,ok,ecb_stmt,bps_next,text_clean
216,215,52,-0.09170253467240556,0,FALSE,ok,ecb_stmt,bps_next,text_clean
217,216,52,0.25,0,FALSE,ok,ecb_stmt,bps_next,text_clean
218,217,52,0.10811688311688311,0,FALSE,ok,ecb_stmt,bps_next,text_clean
219,218,63,0.005067567567567568,0,TRUE,ok,ecb_stmt,bps_next,text_clean
220,219,63,0.2941191505937943,0,FALSE,ok,ecb_stmt,bps_next,text_clean
221,220,63,-0.09093252016834275,0,FALSE,ok,ecb_stmt,bps_next,text_clean
222,221,63,0,0,FALSE,ok,ecb_stmt,bps_next,text_clean
223,222,68,-0.045454545454545456,0,TRUE,ok,ecb_stmt,bps_next,text_clean
224,223,68,-0.07917872049198998,0,FALSE,ok,ecb_stmt,bps_next,text_clean
225,224,68,-0.03894557823129252,0,FALSE,ok,ecb_stmt,bps_next,text_clean
226,225,68,-0.007718120805369128,0,FALSE,ok,ecb_stmt,bps_next,text_clean
227,226,81,0,0,TRUE,ok,ecb_stmt,bps_next,text_clean
228,227,81,0,0,FALSE,ok,ecb_stmt,bps_next,text_clean
229,228,81,-0.12211879432624112,0,FALSE,ok,ecb_stmt,bps_next,text_clean
230,229,81,0.125,0,FALSE,ok,ecb_stmt,bps_next,text_clean
231,230,98,0,0,TRUE,ok,ecb_stmt,bps_next,text_clean
232,231,98,0,0,FALSE,ok,ecb_stmt,bps_next,text_clean
233,232,98,0,0,FALSE,ok,ecb_stmt,bps_next,text_clean
234,233,98,-0.25,0,FALSE,ok,ecb_stmt,bps_next,text_clean
235,234,125,0,0,TRUE,ok,ecb_stmt,bps_next,text_clean
236,235,125,0,0,FALSE,ok,ecb_stmt,bps_next,text_clean
237,236,125,0,0,FALSE,ok,ecb_stmt,bps_next,text_clean
238,237,125,0,0,FALSE,ok,ecb_stmt,bps_next,text_clean
239,238,139,0,0,TRUE,ok,ecb_stmt,bps_next,text_clean
240,239,139,0,0,FALSE,ok,ecb_stmt,bps_next,text_clean
241,240,139,0.04632352941176471,0,FALSE,ok,ecb_stmt,bps_next,text_clean
242,241,139,0,0,FALSE,ok,ecb_stmt,bps_next,text_clean
243,242,159,-0.006402439024390244,0,TRUE,ok,ecb_stmt,bps_next,text_clean
244,243,159,-0.16571816040576215,0,FALSE,ok,ecb_stmt,bps_next,text_clean
245,244,159,0.040214126807563956,0,FALSE,ok,ecb_stmt,bps_next,text_clean
246,245,159,-0.31470266781428596,50,FALSE,ok,ecb_stmt,bps_next,text_clean
247,246,200,8.898361133072232,75,TRUE,ok,ecb_stmt,bps_next,text_clean
248,247,200,26.42529149027519,75,FALSE,ok,ecb_stmt,bps_next,text_clean
249,248,200,25.702258497316638,50,FALSE,ok,ecb_stmt,bps_next,text_clean
250,249,200,32.09520262762526,50,FALSE,ok,ecb_stmt,bps_next,text_clean
251,250,13,52.05463014476751,50,TRUE,ok,ecb_stmt,bps_next,text_clean
252,251,13,48.63224561579824,25,FALSE,ok,ecb_stmt,bps_next,text_clean
253,252,13,41.74749808610265,25,FALSE,ok,ecb_stmt,bps_next,text_clean
254,253,13,34.136902028907066,25,FALSE,ok,ecb_stmt,bps_next,text_clean
255,254,7,25.738083924010326,25,TRUE,ok,ecb_stmt,bps_next,text_clean
256,255,7,22.433014018886166,0,FALSE,ok,ecb_stmt,bps_next,text_clean
257,256,7,24.47654979537783,0,FALSE,ok,ecb_stmt,bps_next,text_clean
258,257,7,15.812992833748323,0,FALSE,ok,ecb_stmt,bps_next,text_clean
259,258,6,18.001190476190477,0,TRUE,ok,ecb_stmt,bps_next,text_clean
260,259,6,20.486084007295414,0,FALSE,ok,ecb_stmt,bps_next,text_clean
261,260,6,26.74791666666667,-25,FALSE,ok,ecb_stmt,bps_next,text_clean
262,261,6,13.095795813403877,0,FALSE,ok,ecb_stmt,bps_next,text_clean
263,262,6,2.5676579986767236,-60,TRUE,ok,ecb_stmt,bps_next,text_clean
264,263,6,-0.06939578635552204,-25,FALSE,ok,ecb_stmt,bps_next,text_clean
265,264,6,-4.78646870360264,-25,FALSE,ok,ecb_stmt,bps_next,text_clean
266,265,6,0.6390918812609899,-25,FALSE,ok,ecb_stmt,bps_next,text_clean
267,266,5,-0.7065786486510462,-25,TRUE,ok,ecb_stmt,bps_next,text_clean
268,267,5,-0.7655929516648815,-25,FALSE,ok,ecb_stmt,bps_next,text_clean
269,268,5,-0.9045753622169812,-25,FALSE,ok,ecb_stmt,bps_next,text_clean
270,269,5,-1.0614767659076785,0,FALSE,ok,ecb_stmt,bps_next,text_clean
271,270,9,-0.7419686487753913,0,TRUE,ok,ecb_stmt,bps_next,text_clean
272,271,9,-0.8111566101153097,0,FALSE,ok,ecb_stmt,bps_next,text_clean
273,272,9,-0.7461376352930423,0,FALSE,ok,ecb_stmt,bps_next,text_clean
274,273,9,-10.077775047639925,0,FALSE,ok,ecb_stmt,bps_next,text_clean
275,274,13,0.044616388109478405,0,TRUE,ok,ecb_stmt,bps_next,text_clean
31,30,18,0.7128891941391942,0,TRUE,ok,ecb_stmt,bps_next2,text_clean
32,31,18,0.9532418969918965,0,FALSE,ok,ecb_stmt,bps_next2,text_clean
33,32,18,6.324120305648943,0,FALSE,ok,ecb_stmt,bps_next2,text_clean
34,33,18,5.897592251230022,0,FALSE,ok,ecb_stmt,bps_next2,text_clean
35,34,19,4.451361923894819,0,TRUE,ok,ecb_stmt,bps_next2,text_clean
36,35,19,4.373282945507927,0,FALSE,ok,ecb_stmt,bps_next2,text_clean
37,36,19,4.006394433310069,0,FALSE,ok,ecb_stmt,bps_next2,text_clean
38,37,19,3.5589144768476784,0,FALSE,ok,ecb_stmt,bps_next2,text_clean
39,38,19,3.323791082922927,0,TRUE,ok,ecb_stmt,bps_next2,text_clean
40,39,19,2.578211318514522,-50,FALSE,ok,ecb_stmt,bps_next2,text_clean
41,40,19,-0.17013673924227152,0,FALSE,ok,ecb_stmt,bps_next2,text_clean
42,41,19,1.7288021678142638,0,FALSE,ok,ecb_stmt,bps_next2,text_clean
43,42,19,6.337948375154258,-25,TRUE,ok,ecb_stmt,bps_next2,text_clean
44,43,19,0.16531166538412426,0,FALSE,ok,ecb_stmt,bps_next2,text_clean
45,44,19,1.0573850577527049,0,FALSE,ok,ecb_stmt,bps_next2,text_clean
46,45,19,0.2311721086394716,-50,FALSE,ok,ecb_stmt,bps_next2,text_clean
47,46,20,-3.0573738846134755,0,TRUE,ok,ecb_stmt,bps_next2,text_clean
48,47,20,1.1557449677515468,0,FALSE,ok,ecb_stmt,bps_next2,text_clean
49,48,20,-2.2596395724002307,0,FALSE,ok,ecb_stmt,bps_next2,text_clean
50,49,20,-1.6471753785958572,0,FALSE,ok,ecb_stmt,bps_next2,text_clean
51,50,20,-2.2060134962116877,0,TRUE,ok,ecb_stmt,bps_next2,text_clean
52,51,20,-1.9952969402992553,0,FALSE,ok,ecb_stmt,bps_next2,text_clean
53,52,20,-2.0243735761888515,0,FALSE,ok,ecb_stmt,bps_next2,text_clean
54,53,20,-2.1545703276050032,0,FALSE,ok,ecb_stmt,bps_next2,text_clean
55,54,20,-1.7477222081730863,0,TRUE,ok,ecb_stmt,bps_next2,text_clean
56,55,20,-1.5897614538504226,0,FALSE,ok,ecb_stmt,bps_next2,text_clean
57,56,20,-1.3798551340950644,0,FALSE,ok,ecb_stmt,bps_next2,text_clean
58,57,20,-1.3615106196872038,0,FALSE,ok,ecb_stmt,bps_next2,text_clean
59,58,20,-1.6689590326743837,0,TRUE,ok,ecb_stmt,bps_next2,text_clean
60,59,20,-1.620985729296342,0,FALSE,ok,ecb_stmt,bps_next2,text_clean
61,60,20,-1.429433498016019,0,FALSE,ok,ecb_stmt,bps_next2,text_clean
62,61,20,-1.29232231015076,0,FALSE,ok,ecb_stmt,bps_next2,text_clean
63,62,20,-1.8170980020705556,0,TRUE,ok,ecb_stmt,bps_next2,text_clean
64,63,20,-1.7604156044656156,0,FALSE,ok,ecb_stmt,bps_next2,text_clean
65,64,20,-1.5891582018939678,0,FALSE,ok,ecb_stmt,bps_next2,text_clean
66,65,20,-1.4834092049673793,0,FALSE,ok,ecb_stmt,bps_next2,text_clean
67,66,20,-1.6050500146644664,0,TRUE,ok,ecb_stmt,bps_next2,text_clean
68,67,20,-1.4627937571120697,0,FALSE,ok,ecb_stmt,bps_next2,text_clean
69,68,20,-1.4596358662602196,0,FALSE,ok,ecb_stmt,bps_next2,text_clean
70,69,20,-1.0657146536820545,0,FALSE,ok,ecb_stmt,bps_next2,text_clean
71,70,20,-1.242373406116697,0,TRUE,ok,ecb_stmt,bps_next2,text_clean
72,71,20,-1.0765959856869796,0,FALSE,ok,ecb_stmt,bps_next2,text_clean
73,72,20,-3.794383889459354,0,FALSE,ok,ecb_stmt,bps_next2,text_clean
74,73,20,-1.0092725669971272,0,FALSE,ok,ecb_stmt,bps_next2,text_clean
75,74,20,-0.9843277963693233,25,TRUE,ok,ecb_stmt,bps_next2,text_clean
76,75,20,-0.38323931560647573,0,FALSE,ok,ecb_stmt,bps_next2,text_clean
77,76,20,0.7471646715212892,0,FALSE,ok,ecb_stmt,bps_next2,text_clean
78,77,20,-0.5151673740843375,25,FALSE,ok,ecb_stmt,bps_next2,text_clean
79,78,20,-0.11752240133288612,0,TRUE,ok,ecb_stmt,bps_next2,text_clean
80,79,20,0.38776199935255673,0,FALSE,ok,ecb_stmt,bps_next2,text_clean
81,80,20,0.17300210335070468,25,FALSE,ok,ecb_stmt,bps_next2,text_clean
82,81,20,0.2903887128449368,0,FALSE,ok,ecb_stmt,bps_next2,text_clean
83,82,20,0.8069413830930482,25,TRUE,ok,ecb_stmt,bps_next2,text_clean
84,83,20,0.36240596924511215,0,FALSE,ok,ecb_stmt,bps_next2,text_clean
85,84,20,2.4257699054508848,25,FALSE,ok,ecb_stmt,bps_next2,text_clean
86,85,20,4.149371822993111,25,FALSE,ok,ecb_stmt,bps_next2,text_clean
87,86,20,0.35809108196221845,0,TRUE,ok,ecb_stmt,bps_next2,text_clean
88,87,20,5.751306088341472,0,FALSE,ok,ecb_stmt,bps_next2,text_clean
89,88,20,0.23778103952905386,25,FALSE,ok,ecb_stmt,bps_next2,text_clean
90,89,20,0.9105916986249801,0,FALSE,ok,ecb_stmt,bps_next2,text_clean
91,90,20,5.796132799509685,0,TRUE,ok,ecb_stmt,bps_next2,text_clean
92,91,20,1.0754424171378405,25,FALSE,ok,ecb_stmt,bps_next2,text_clean
93,92,20,1.5471379896237318,0,FALSE,ok,ecb_stmt,bps_next2,text_clean
94,93,20,4.971628277217018,0,FALSE,ok,ecb_stmt,bps_next2,text_clean
95,94,20,1.3762126717903989,0,TRUE,ok,ecb_stmt,bps_next2,text_clean
96,95,20,1.2412648712842207,0,FALSE,ok,ecb_stmt,bps_next2,text_clean
97,96,20,1.3838580257046798,0,FALSE,ok,ecb_stmt,bps_next2,text_clean
98,97,20,1.383877447493777,0,FALSE,ok,ecb_stmt,bps_next2,text_clean
99,98,20,1.3399566603927893,0,TRUE,ok,ecb_stmt,bps_next2,text_clean
100,99,20,0.8298834913911419,0,FALSE,ok,ecb_stmt,bps_next2,text_clean
101,100,20,0.907126633252792,0,FALSE,ok,ecb_stmt,bps_next2,text_clean
102,101,20,0.7958313374044914,0,FALSE,ok,ecb_stmt,bps_next2,text_clean
103,102,20,0.7166157893115347,0,TRUE,ok,ecb_stmt,bps_next2,text_clean
104,103,20,0.7062408161512806,0,FALSE,ok,ecb_stmt,bps_next2,text_clean
105,104,20,0.828119891500382,25,FALSE,ok,ecb_stmt,bps_next2,text_clean
106,105,20,1.4231784300976695,0,FALSE,ok,ecb_stmt,bps_next2,text_clean
107,106,20,4.499882832910023,0,TRUE,ok,ecb_stmt,bps_next2,text_clean
108,107,20,1.3588811748643825,0,FALSE,ok,ecb_stmt,bps_next2,text_clean
109,108,20,1.1175816638952625,-50,FALSE,ok,ecb_stmt,bps_next2,text_clean
110,109,20,0.4471391463094434,0,FALSE,ok,ecb_stmt,bps_next2,text_clean
111,110,20,3.0577381805756243,-50,TRUE,ok,ecb_stmt,bps_next2,text_clean
112,111,20,-11.069879180448236,-75,FALSE,ok,ecb_stmt,bps_next2,text_clean
113,112,20,3.812531022845381,-50,FALSE,ok,ecb_stmt,bps_next2,text_clean
114,113,20,1.0080872473533475,0,FALSE,ok,ecb_stmt,bps_next2,text_clean
115,114,22,1.0689347596773182,-50,TRUE,ok,ecb_stmt,bps_next2,text_clean
116,115,22,0.1369312126455558,-25,FALSE,ok,ecb_stmt,bps_next2,text_clean
117,116,22,1.4959310015544518,-25,FALSE,ok,ecb_stmt,bps_next2,text_clean
118,117,22,0.23166789729684165,0,FALSE,ok,ecb_stmt,bps_next2,text_clean
119,118,22,-0.3521879703900321,0,TRUE,ok,ecb_stmt,bps_next2,text_clean
120,119,22,0.24625975089257598,0,FALSE,ok,ecb_stmt,bps_next2,text_clean
121,120,22,0.2001388586965633,0,FALSE,ok,ecb_stmt,bps_next2,text_clean
122,121,22,0.4448643814640401,0,FALSE,ok,ecb_stmt,bps_next2,text_clean
123,122,22,0.3805969173637408,0,TRUE,ok,ecb_stmt,bps_next2,text_clean
124,123,22,0.3221379070580581,0,FALSE,ok,ecb_stmt,bps_next2,text_clean
125,124,22,0.4419346576481905,0,FALSE,ok,ecb_stmt,bps_next2,text_clean
126,125,22,0.24758954079496132,0,FALSE,ok,ecb_stmt,bps_next2,text_clean
127,126,22,0.10815358679174451,0,TRUE,ok,ecb_stmt,bps_next2,text_clean
128,127,22,0.3998673985341616,0,FALSE,ok,ecb_stmt,bps_next2,text_clean
129,128,22,0.21942998593908108,0,FALSE,ok,ecb_stmt,bps_next2,text_clean
130,129,22,0.2115712433337726,0,FALSE,ok,ecb_stmt,bps_next2,text_clean
131,130,22,0.192090100784137,0,TRUE,ok,ecb_stmt,bps_next2,text_clean
132,131,22,0.17398919209869754,0,FALSE,ok,ecb_stmt,bps_next2,text_clean
133,132,22,0.2819951461439309,0,FALSE,ok,ecb_stmt,bps_next2,text_clean
134,133,22,0.092291945799928,0,FALSE,ok,ecb_stmt,bps_next2,text_clean
135,134,22,0.15410729424973302,0,TRUE,ok,ecb_stmt,bps_next2,text_clean
136,135,22,0.1301500055712391,0,FALSE,ok,ecb_stmt,bps_next2,text_clean
137,136,22,0.25993058639359673,0,FALSE,ok,ecb_stmt,bps_next2,text_clean
138,137,22,0.029428935435135233,0,FALSE,ok,ecb_stmt,bps_next2,text_clean
139,138,22,0.20340414274014293,0,TRUE,ok,ecb_stmt,bps_next2,text_clean
140,139,22,0.3814414346330596,25,FALSE,ok,ecb_stmt,bps_next2,text_clean
141,140,22,0.5027177203718973,0,FALSE,ok,ecb_stmt,bps_next2,text_clean
142,141,22,0.19215068467680155,0,FALSE,ok,ecb_stmt,bps_next2,text_clean
143,142,22,0.3353347687241125,25,TRUE,ok,ecb_stmt,bps_next2,text_clean
144,143,22,0.8322037745828296,0,FALSE,ok,ecb_stmt,bps_next2,text_clean
145,144,22,0.09144318695936114,0,FALSE,ok,ecb_stmt,bps_next2,text_clean
146,145,22,0.7676866908134865,0,FALSE,ok,ecb_stmt,bps_next2,text_clean
147,146,22,0.6612109109600718,-25,TRUE,ok,ecb_stmt,bps_next2,text_clean
148,147,22,0.45918456370675875,-25,FALSE,ok,ecb_stmt,bps_next2,text_clean
149,148,22,-0.158122810610406,0,FALSE,ok,ecb_stmt,bps_next2,text_clean
150,149,22,-0.8225476323216627,0,FALSE,ok,ecb_stmt,bps_next2,text_clean
151,150,22,-0.0739209331052485,0,TRUE,ok,ecb_stmt,bps_next2,text_clean
152,151,22,0.06299580239424483,0,FALSE,ok,ecb_stmt,bps_next2,text_clean
153,152,22,0.1715730880223321,0,FALSE,ok,ecb_stmt,bps_next2,text_clean
154,153,22,0.04351981896767557,0,FALSE,ok,ecb_stmt,bps_next2,text_clean
155,154,22,0.035349492554124416,-25,TRUE,ok,ecb_stmt,bps_next2,text_clean
156,155,22,-0.22298421063360674,0,FALSE,ok,ecb_stmt,bps_next2,text_clean
157,156,22,-0.1346195161210038,0,FALSE,ok,ecb_stmt,bps_next2,text_clean
158,157,22,-0.2389223205028875,0,FALSE,ok,ecb_stmt,bps_next2,text_clean
159,158,22,-0.04738983177161294,0,TRUE,ok,ecb_stmt,bps_next2,text_clean
160,159,22,-0.1355570440401043,0,FALSE,ok,ecb_stmt,bps_next2,text_clean
161,160,22,-0.0791571306841829,0,FALSE,ok,ecb_stmt,bps_next2,text_clean
162,161,22,-0.028778876193339728,0,FALSE,ok,ecb_stmt,bps_next2,text_clean
163,162,22,0.10501649694046412,0,TRUE,ok,ecb_stmt,bps_next2,text_clean
164,163,22,0.11393626184803397,0,FALSE,ok,ecb_stmt,bps_next2,text_clean
165,164,22,-0.02276854034278186,-25,FALSE,ok,ecb_stmt,bps_next2,text_clean
166,165,22,-0.23602352607073476,0,FALSE,ok,ecb_stmt,bps_next2,text_clean
167,166,22,0.07583503501915206,0,TRUE,ok,ecb_stmt,bps_next2,text_clean
168,167,22,-0.27829124747437506,0,FALSE,ok,ecb_stmt,bps_next2,text_clean
169,168,22,-0.21252215065700167,0,FALSE,ok,ecb_stmt,bps_next2,text_clean
170,169,22,-0.22380101284486786,0,FALSE,ok,ecb_stmt,bps_next2,text_clean
171,170,22,-0.20193684508846182,-25,TRUE,ok,ecb_stmt,bps_next2,text_clean
172,171,22,-0.5161026485267509,0,FALSE,ok,ecb_stmt,bps_next2,text_clean
173,172,22,-0.1662194978976598,0,FALSE,ok,ecb_stmt,bps_next2,text_clean
174,173,22,-0.4277778081358409,0,FALSE,ok,ecb_stmt,bps_next2,text_clean
175,174,22,-8.387986755367875,0,TRUE,ok,ecb_stmt,bps_next2,text_clean
176,175,22,-0.4070180997295653,0,FALSE,ok,ecb_stmt,bps_next2,text_clean
177,176,22,-0.3839294752399891,0,FALSE,ok,ecb_stmt,bps_next2,text_clean
178,177,22,-0.3149303145153209,-10,FALSE,ok,ecb_stmt,bps_next2,text_clean
179,178,23,-0.40778299429139325,0,TRUE,ok,ecb_stmt,bps_next2,text_clean
180,179,23,-0.3258673307443193,0,FALSE,ok,ecb_stmt,bps_next2,text_clean
181,180,23,-0.4925932903878668,-10,FALSE,ok,ecb_stmt,bps_next2,text_clean
182,181,23,-0.4420294176328071,0,FALSE,ok,ecb_stmt,bps_next2,text_clean
183,182,23,0.05218623672290134,0,TRUE,ok,ecb_stmt,bps_next2,text_clean
184,183,23,-0.6643852463472745,0,FALSE,ok,ecb_stmt,bps_next2,text_clean
185,184,23,-0.6634393223244268,0,FALSE,ok,ecb_stmt,bps_next2,text_clean
186,185,23,-0.6610075260792252,0,FALSE,ok,ecb_stmt,bps_next2,text_clean
187,186,23,-0.5355849325956386,0,TRUE,ok,ecb_stmt,bps_next2,text_clean
188,187,23,-0.4410370906361913,0,FALSE,ok,ecb_stmt,bps_next2,text_clean
189,188,23,-0.523942766270614,0,FALSE,ok,ecb_stmt,bps_next2,text_clean
190,189,23,-0.5251565730805292,0,FALSE,ok,ecb_stmt,bps_next2,text_clean
191,190,23,-0.46213216727876955,0,TRUE,ok,ecb_stmt,bps_next2,text_clean
192,191,23,-0.5360155496997041,0,FALSE,ok,ecb_stmt,bps_next2,text_clean
193,192,23,-0.5057781874364832,0,FALSE,ok,ecb_stmt,bps_next2,text_clean
194,193,23,-0.4407577400318349,-5,FALSE,ok,ecb_stmt,bps_next2,text_clean
195,194,23,-0.42801411250225363,0,TRUE,ok,ecb_stmt,bps_next2,text_clean
196,195,23,0.8389050907652614,0,FALSE,ok,ecb_stmt,bps_next2,text_clean
197,196,23,-0.4376943836528398,0,FALSE,ok,ecb_stmt,bps_next2,text_clean
198,197,23,3.937552914151806,0,FALSE,ok,ecb_stmt,bps_next2,text_clean
199,198,24,-0.3605662272018007,0,TRUE,ok,ecb_stmt,bps_next2,text_clean
200,199,24,0.5608243945747745,0,FALSE,ok,ecb_stmt,bps_next2,text_clean
201,200,24,1.2905993005009924,0,FALSE,ok,ecb_stmt,bps_next2,text_clean
202,201,24,0.16907242355212773,0,FALSE,ok,ecb_stmt,bps_next2,text_clean
203,202,35,1.0916379310344828,0,TRUE,ok,ecb_stmt,bps_next2,text_clean
204,203,35,-0.7,0,FALSE,ok,ecb_stmt,bps_next2,text_clean
205,204,35,0.18333333333333335,0,FALSE,ok,ecb_stmt,bps_next2,text_clean
206,205,35,0.23952225334578273,0,FALSE,ok,ecb_stmt,bps_next2,text_clean
207,206,46,0.008333333333333335,0,TRUE,ok,ecb_stmt,bps_next2,text_clean
208,207,46,0.0625,0,FALSE,ok,ecb_stmt,bps_next2,text_clean
209,208,46,1.6880961622667146,0,FALSE,ok,ecb_stmt,bps_next2,text_clean
210,209,46,0,0,FALSE,ok,ecb_stmt,bps_next2,text_clean
211,210,50,0,0,TRUE,ok,ecb_stmt,bps_next2,text_clean
212,211,50,0,0,FALSE,ok,ecb_stmt,bps_next2,text_clean
213,212,50,0.00756578947368421,0,FALSE,ok,ecb_stmt,bps_next2,text_clean
214,213,50,-0.25688775918014284,0,FALSE,ok,ecb_stmt,bps_next2,text_clean
215,214,52,0.17647645831443345,0,TRUE,ok,ecb_stmt,bps_next2,text_clean
216,215,52,0.4180944055944055,0,FALSE,ok,ecb_stmt,bps_next2,text_clean
217,216,52,-0.12324561403508774,0,FALSE,ok,ecb_stmt,bps_next2,text_clean
218,217,52,-0.40395416701531256,0,FALSE,ok,ecb_stmt,bps_next2,text_clean
219,218,63,0,0,TRUE,ok,ecb_stmt,bps_next2,text_clean
220,219,63,1.7893888456464444,0,FALSE,ok,ecb_stmt,bps_next2,text_clean
221,220,63,0.3706391723356009,0,FALSE,ok,ecb_stmt,bps_next2,text_clean
222,221,63,0.08615104466168297,0,FALSE,ok,ecb_stmt,bps_next2,text_clean
223,222,68,-0.13375912408759125,0,TRUE,ok,ecb_stmt,bps_next2,text_clean
224,223,68,0.47131528820683216,0,FALSE,ok,ecb_stmt,bps_next2,text_clean
225,224,68,0,0,FALSE,ok,ecb_stmt,bps_next2,text_clean
226,225,68,-0.012937062937062937,0,FALSE,ok,ecb_stmt,bps_next2,text_clean
227,226,81,0,0,TRUE,ok,ecb_stmt,bps_next2,text_clean
228,227,81,0,0,FALSE,ok,ecb_stmt,bps_next2,text_clean
229,228,81,0,0,FALSE,ok,ecb_stmt,bps_next2,text_clean
230,229,81,0,0,FALSE,ok,ecb_stmt,bps_next2,text_clean
231,230,98,0,0,TRUE,ok,ecb_stmt,bps_next2,text_clean
232,231,98,0,0,FALSE,ok,ecb_stmt,bps_next2,text_clean
233,232,98,0,0,FALSE,ok,ecb_stmt,bps_next2,text_clean
234,233,98,-0.07142857142857144,0,FALSE,ok,ecb_stmt,bps_next2,text_clean
235,234,125,2,0,TRUE,ok,ecb_stmt,bps_next2,text_clean
236,235,125,0.75,0,FALSE,ok,ecb_stmt,bps_next2,text_clean
237,236,125,0.25,0,FALSE,ok,ecb_stmt,bps_next2,text_clean
238,237,125,0.25,0,FALSE,ok,ecb_stmt,bps_next2,text_clean
239,238,139,0.25,0,TRUE,ok,ecb_stmt,bps_next2,text_clean
240,239,139,0.25,0,FALSE,ok,ecb_stmt,bps_next2,text_clean
241,240,139,0.21951219512195125,0,FALSE,ok,ecb_stmt,bps_next2,text_clean
242,241,139,0,0,FALSE,ok,ecb_stmt,bps_next2,text_clean
243,242,159,0,0,TRUE,ok,ecb_stmt,bps_next2,text_clean
244,243,159,-0.17540697657544704,0,FALSE,ok,ecb_stmt,bps_next2,text_clean
245,244,159,-0.017241379310344827,50,FALSE,ok,ecb_stmt,bps_next2,text_clean
246,245,159,5.866964402425091,75,FALSE,ok,ecb_stmt,bps_next2,text_clean
247,246,200,12.400953956540295,75,TRUE,ok,ecb_stmt,bps_next2,text_clean
248,247,200,30.13288447576238,50,FALSE,ok,ecb_stmt,bps_next2,text_clean
249,248,200,25.13963203735523,50,FALSE,ok,ecb_stmt,bps_next2,text_clean
250,249,200,34.71293061306649,50,FALSE,ok,ecb_stmt,bps_next2,text_clean
251,250,8,49.98249477986583,25,TRUE,ok,ecb_stmt,bps_next2,text_clean
252,251,8,41.53904569892473,25,FALSE,ok,ecb_stmt,bps_next2,text_clean
253,252,8,31.91306329994104,25,FALSE,ok,ecb_stmt,bps_next2,text_clean
254,253,8,29.295075757575756,25,FALSE,ok,ecb_stmt,bps_next2,text_clean
255,254,5,27.226136363636364,0,TRUE,ok,ecb_stmt,bps_next2,text_clean
256,255,5,22.37266191484162,0,FALSE,ok,ecb_stmt,bps_next2,text_clean
257,256,5,16.332227379113522,0,FALSE,ok,ecb_stmt,bps_next2,text_clean
258,257,5,21.615937689301425,0,FALSE,ok,ecb_stmt,bps_next2,text_clean
259,258,200,10.570833333333333,0,TRUE,ok,ecb_stmt,bps_next2,text_clean
260,259,200,9.925,-25,FALSE,ok,ecb_stmt,bps_next2,text_clean
261,260,200,10.029166666666667,0,FALSE,ok,ecb_stmt,bps_next2,text_clean
262,261,200,15.36557471264368,-60,FALSE,ok,ecb_stmt,bps_next2,text_clean
263,262,6,-0.6338358165200585,-25,TRUE,ok,ecb_stmt,bps_next2,text_clean
264,263,6,-1.4531881981025356,-25,FALSE,ok,ecb_stmt,bps_next2,text_clean
265,264,6,-0.7616637106497103,-25,FALSE,ok,ecb_stmt,bps_next2,text_clean
266,265,6,-1.1551510134203897,-25,FALSE,ok,ecb_stmt,bps_next2,text_clean
267,266,6,-0.5857602414019875,-25,TRUE,ok,ecb_stmt,bps_next2,text_clean
268,267,6,-0.8687243286828316,-25,FALSE,ok,ecb_stmt,bps_next2,text_clean
269,268,6,-0.9253545054742908,0,FALSE,ok,ecb_stmt,bps_next2,text_clean
270,269,6,-0.8812292339368036,0,FALSE,ok,ecb_stmt,bps_next2,text_clean
271,270,200,-6.097441780350008,0,TRUE,ok,ecb_stmt,bps_next2,text_clean
272,271,200,-5.969999999999999,0,FALSE,ok,ecb_stmt,bps_next2,text_clean
273,272,200,-4.183351254480287,0,FALSE,ok,ecb_stmt,bps_next2,text_clean
274,273,200,-1.1553535607521024,0,FALSE,ok,ecb_stmt,bps_next2,text_clean
31,30,5,0.07674760483540133,-2,TRUE,ok,ecb_stmt,y2_next,text_clean
32,31,5,-0.14360721576399452,-1.94999999999999,FALSE,ok,ecb_stmt,y2_next,text_clean
33,32,5,1.3384674956987468,-0.749999999999984,FALSE,ok,ecb_stmt,y2_next,text_clean
34,33,5,-0.23881366102344687,0.0500000000000167,FALSE,ok,ecb_stmt,y2_next,text_clean
35,34,7,-0.21245066504029622,-0.700000000000012,TRUE,ok,ecb_stmt,y2_next,text_clean
36,35,7,-0.2286618618804851,0.499999999999989,FALSE,ok,ecb_stmt,y2_next,text_clean
37,36,7,-0.1671464751786565,0,FALSE,ok,ecb_stmt,y2_next,text_clean
38,37,7,-0.1922374617345898,0.200000000000022,FALSE,ok,ecb_stmt,y2_next,text_clean
39,38,10,-0.14308936006917533,0.499999999999989,TRUE,ok,ecb_stmt,y2_next,text_clean
40,39,10,-0.07409062154061394,1.79999999999998,FALSE,ok,ecb_stmt,y2_next,text_clean
41,40,10,-7.735319688693476e-4,1.74999999999996,FALSE,ok,ecb_stmt,y2_next,text_clean
42,41,10,0.04348842730358627,0.499999999999989,FALSE,ok,ecb_stmt,y2_next,text_clean
43,42,10,0.050707829151340734,0.249999999999995,TRUE,ok,ecb_stmt,y2_next,text_clean
44,43,10,0.0763278092271722,0,FALSE,ok,ecb_stmt,y2_next,text_clean
45,44,10,0.06329252004295859,0.249999999999995,FALSE,ok,ecb_stmt,y2_next,text_clean
46,45,10,0.06126106290824145,0,FALSE,ok,ecb_stmt,y2_next,text_clean
47,46,5,0.10124572153939639,0.4,TRUE,ok,ecb_stmt,y2_next,text_clean
48,47,5,0.10502964241404344,0.300000000000011,FALSE,ok,ecb_stmt,y2_next,text_clean
49,48,5,0.09639666674971462,0.699999999999967,FALSE,ok,ecb_stmt,y2_next,text_clean
50,49,5,0.10805005322644112,0,FALSE,ok,ecb_stmt,y2_next,text_clean
51,50,8,0.08491368000317834,0.300000000000011,TRUE,ok,ecb_stmt,y2_next,text_clean
52,51,8,0.08860844678907992,0.499999999999989,FALSE,ok,ecb_stmt,y2_next,text_clean
53,52,8,0.13610975400112835,0.300000000000011,FALSE,ok,ecb_stmt,y2_next,text_clean
54,53,8,0.13914212872449552,-0.699999999999967,FALSE,ok,ecb_stmt,y2_next,text_clean
55,54,5,0.10650303221996232,0.800000000000001,TRUE,ok,ecb_stmt,y2_next,text_clean
56,55,5,0.1106752855056415,-0.649999999999995,FALSE,ok,ecb_stmt,y2_next,text_clean
57,56,5,0.07743207443836969,-0.199999999999978,FALSE,ok,ecb_stmt,y2_next,text_clean
58,57,5,1.5728071339608014,0.0500000000000167,FALSE,ok,ecb_stmt,y2_next,text_clean
59,58,5,0.05702945350353541,0,TRUE,ok,ecb_stmt,y2_next,text_clean
60,59,5,0.0577814167292682,0.200000000000022,FALSE,ok,ecb_stmt,y2_next,text_clean
61,60,5,0.05502353855152635,0.09999999999998901,FALSE,ok,ecb_stmt,y2_next,text_clean
62,61,5,1.1277366098770538,0,FALSE,ok,ecb_stmt,y2_next,text_clean
63,62,10,0.07002863053395145,-0.700000000000012,TRUE,ok,ecb_stmt,y2_next,text_clean
64,63,10,0.06204633554330535,-0.89999999999999,FALSE,ok,ecb_stmt,y2_next,text_clean
65,64,10,0.875039238356678,-0.700000000000012,FALSE,ok,ecb_stmt,y2_next,text_clean
66,65,10,0.05516246539092655,-0.449999999999973,FALSE,ok,ecb_stmt,y2_next,text_clean
67,66,10,0.026524641415994695,1.14999999999998,TRUE,ok,ecb_stmt,y2_next,text_clean
68,67,10,0.7375413205280296,0.89999999999999,FALSE,ok,ecb_stmt,y2_next,text_clean
69,68,10,0.06511727190853067,-0.700000000000012,FALSE,ok,ecb_stmt,y2_next,text_clean
70,69,10,0.7800752832564756,-0.150000000000006,FALSE,ok,ecb_stmt,y2_next,text_clean
71,70,10,0.057601770544831225,0,TRUE,ok,ecb_stmt,y2_next,text_clean
72,71,10,0.6662020280437672,0.250000000000039,FALSE,ok,ecb_stmt,y2_next,text_clean
73,72,10,0.03608433025260527,-0.349999999999984,FALSE,ok,ecb_stmt,y2_next,text_clean
74,73,10,0.02809047398475178,0.09999999999998901,FALSE,ok,ecb_stmt,y2_next,text_clean
75,74,5,0.7184097796025704,-0.150000000000006,TRUE,ok,ecb_stmt,y2_next,text_clean
76,75,5,0.02753019646689459,-0.10000000000003301,FALSE,ok,ecb_stmt,y2_next,text_clean
77,76,5,0.0136897505952523,0,FALSE,ok,ecb_stmt,y2_next,text_clean
78,77,5,0.6489088323735512,-0.24999999999995,FALSE,ok,ecb_stmt,y2_next,text_clean
79,78,5,0.008712664674630975,-0.549999999999962,TRUE,ok,ecb_stmt,y2_next,text_clean
80,79,5,0.004832925805010143,0.499999999999989,FALSE,ok,ecb_stmt,y2_next,text_clean
81,80,5,0.013242956754888286,0.600000000000023,FALSE,ok,ecb_stmt,y2_next,text_clean
82,81,5,0.035942301090979636,-0.150000000000006,FALSE,ok,ecb_stmt,y2_next,text_clean
83,82,5,0.005796840851203359,0.89999999999999,TRUE,ok,ecb_stmt,y2_next,text_clean
84,83,5,0.02750784340569556,-0.10000000000003301,FALSE,ok,ecb_stmt,y2_next,text_clean
85,84,5,0.029785923206728637,-0.549999999999962,FALSE,ok,ecb_stmt,y2_next,text_clean
86,85,5,0.01673327069902017,-0.199999999999978,FALSE,ok,ecb_stmt,y2_next,text_clean
87,86,5,0.0244696859217915,-0.8500000000000171,TRUE,ok,ecb_stmt,y2_next,text_clean
88,87,5,-0.008547282206316717,0.699999999999967,FALSE,ok,ecb_stmt,y2_next,text_clean
89,88,5,0.013379661671132186,-1.05000000000004,FALSE,ok,ecb_stmt,y2_next,text_clean
90,89,5,-0.012020777413500681,-1.55000000000003,FALSE,ok,ecb_stmt,y2_next,text_clean
91,90,5,0.5618728699521208,-0.300000000000011,TRUE,ok,ecb_stmt,y2_next,text_clean
92,91,5,-0.03780959208501616,-0.600000000000023,FALSE,ok,ecb_stmt,y2_next,text_clean
93,92,5,-0.04608747475685563,-0.199999999999978,FALSE,ok,ecb_stmt,y2_next,text_clean
94,93,5,-0.05258335724082185,1.90000000000001,FALSE,ok,ecb_stmt,y2_next,text_clean
95,94,10,0.8987060274926861,8.400000000000011,TRUE,ok,ecb_stmt,y2_next,text_clean
96,95,10,0.6347614492283387,2.10000000000001,FALSE,ok,ecb_stmt,y2_next,text_clean
97,96,10,0.6229565358253469,-1.49999999999999,FALSE,ok,ecb_stmt,y2_next,text_clean
98,97,10,-0.5470991050025855,-1.29999999999999,FALSE,ok,ecb_stmt,y2_next,text_clean
99,98,12,0.0024203317344494856,1.35000000000001,TRUE,ok,ecb_stmt,y2_next,text_clean
100,99,12,0.46322244729669876,4.45,FALSE,ok,ecb_stmt,y2_next,text_clean
101,100,12,0.7377298306603473,2.39999999999998,FALSE,ok,ecb_stmt,y2_next,text_clean
102,101,12,0.7496251853484397,0.499999999999989,FALSE,ok,ecb_stmt,y2_next,text_clean
103,102,12,0.051754564131251325,1.6,TRUE,ok,ecb_stmt,y2_next,text_clean
104,103,12,0.057087404365744145,0.300000000000011,FALSE,ok,ecb_stmt,y2_next,text_clean
105,104,12,0.06749544820868476,0.750000000000006,FALSE,ok,ecb_stmt,y2_next,text_clean
106,105,12,0.07070717232635391,-0.250000000000017,FALSE,ok,ecb_stmt,y2_next,text_clean
107,106,12,0.04821858000190574,0.2,TRUE,ok,ecb_stmt,y2_next,text_clean
108,107,12,0.0729007782640723,0.369999999999981,FALSE,ok,ecb_stmt,y2_next,text_clean
109,108,12,0.07118839162129338,0.170000000000003,FALSE,ok,ecb_stmt,y2_next,text_clean
110,109,12,0.07819426717550232,-0.660000000000016,FALSE,ok,ecb_stmt,y2_next,text_clean
111,110,12,0.05517475113401624,-0.190000000000001,TRUE,ok,ecb_stmt,y2_next,text_clean
112,111,12,0.07348136200673289,0,FALSE,ok,ecb_stmt,y2_next,text_clean
113,112,12,0.05446235761136926,0.319999999999998,FALSE,ok,ecb_stmt,y2_next,text_clean
114,113,12,0.06612366546282392,1.65,FALSE,ok,ecb_stmt,y2_next,text_clean
115,114,12,0.09781900200548,0.149999999999995,TRUE,ok,ecb_stmt,y2_next,text_clean
116,115,12,0.0928049996230433,0.160000000000005,FALSE,ok,ecb_stmt,y2_next,text_clean
117,116,12,0.07801000527133435,-0.4,FALSE,ok,ecb_stmt,y2_next,text_clean
118,117,12,0.07137994348075818,0.0700000000000034,FALSE,ok,ecb_stmt,y2_next,text_clean
119,118,12,0.08866051623405852,0.219999999999998,TRUE,ok,ecb_stmt,y2_next,text_clean
120,119,12,0.07533922826637701,0.479999999999992,FALSE,ok,ecb_stmt,y2_next,text_clean
121,120,12,0.06659874585493561,-0.4500000000000169,FALSE,ok,ecb_stmt,y2_next,text_clean
122,121,12,0.06838753171366502,2.56000000000001,FALSE,ok,ecb_stmt,y2_next,text_clean
123,122,12,0.10008434567775185,0.259999999999994,TRUE,ok,ecb_stmt,y2_next,text_clean
124,123,12,0.09882202862342,-0.4500000000000169,FALSE,ok,ecb_stmt,y2_next,text_clean
125,124,12,0.7668363728074025,-0.150000000000006,FALSE,ok,ecb_stmt,y2_next,text_clean
126,125,12,0.08377762253269865,-0.8799999999999921,FALSE,ok,ecb_stmt,y2_next,text_clean
127,126,12,0.08079927874177238,-0.9000000000000121,TRUE,ok,ecb_stmt,y2_next,text_clean
128,127,12,0.6985458919650411,0.8099999999999999,FALSE,ok,ecb_stmt,y2_next,text_clean
129,128,12,0.07157439976284334,-2.15,FALSE,ok,ecb_stmt,y2_next,text_clean
130,129,12,0.03274546676511409,5.19999999999999,FALSE,ok,ecb_stmt,y2_next,text_clean
131,130,12,0.08633078194024302,-8.25,TRUE,ok,ecb_stmt,y2_next,text_clean
132,131,12,0.7226372535132757,2.05,FALSE,ok,ecb_stmt,y2_next,text_clean
133,132,12,0.7424127831532686,0.1,FALSE,ok,ecb_stmt,y2_next,text_clean
134,133,12,-0.006758679436300865,-0.4,FALSE,ok,ecb_stmt,y2_next,text_clean
135,134,12,-0.02170680359474788,-0.1,TRUE,ok,ecb_stmt,y2_next,text_clean
136,135,12,0.02024108622150483,0.900000000000001,FALSE,ok,ecb_stmt,y2_next,text_clean
137,136,12,0.003781916012582168,0.05,FALSE,ok,ecb_stmt,y2_next,text_clean
138,137,12,0.024344732016465892,0.550000000000001,FALSE,ok,ecb_stmt,y2_next,text_clean
139,138,12,0.018771014312847594,-5.4,TRUE,ok,ecb_stmt,y2_next,text_clean
140,139,12,0.7133518654264626,1.5,FALSE,ok,ecb_stmt,y2_next,text_clean
141,140,12,-0.04479720497270689,0.699999999999999,FALSE,ok,ecb_stmt,y2_next,text_clean
142,141,12,-0.014189509099879151,0.1,FALSE,ok,ecb_stmt,y2_next,text_clean
143,142,12,-0.03442609504466507,0.399999999999999,TRUE,ok,ecb_stmt,y2_next,text_clean
144,143,12,0.0033229530184611554,-0.35,FALSE,ok,ecb_stmt,y2_next,text_clean
145,144,12,-0.014084599233700104,1.05,FALSE,ok,ecb_stmt,y2_next,text_clean
146,145,12,-0.023296009096072393,-0.2,FALSE,ok,ecb_stmt,y2_next,text_clean
147,146,12,0.0011139097813009213,1.05,TRUE,ok,ecb_stmt,y2_next,text_clean
148,147,12,-0.013149619203652745,-0.1,FALSE,ok,ecb_stmt,y2_next,text_clean
149,148,12,0.026392274035217645,-0.1,FALSE,ok,ecb_stmt,y2_next,text_clean
150,149,12,0.737179859670587,0.1,FALSE,ok,ecb_stmt,y2_next,text_clean
151,150,12,0.015589781254078918,-0.4,TRUE,ok,ecb_stmt,y2_next,text_clean
152,151,12,-0.012696493679213432,-0.4,FALSE,ok,ecb_stmt,y2_next,text_clean
153,152,12,-0.01960852952271357,-0.5,FALSE,ok,ecb_stmt,y2_next,text_clean
154,153,12,-0.02259294023950242,0.4,FALSE,ok,ecb_stmt,y2_next,text_clean
155,154,12,-0.00036092847311835694,-6.5,TRUE,ok,ecb_stmt,y2_next,text_clean
156,155,12,0.7544488229080819,-0.2,FALSE,ok,ecb_stmt,y2_next,text_clean
157,156,12,-0.0899429993112594,0.4,FALSE,ok,ecb_stmt,y2_next,text_clean
158,157,12,1.0428997344740674,0.499999999999998,FALSE,ok,ecb_stmt,y2_next,text_clean
159,158,13,-0.0751960373196539,0.45,TRUE,ok,ecb_stmt,y2_next,text_clean
160,159,13,-0.06542512464947457,1.3,FALSE,ok,ecb_stmt,y2_next,text_clean
161,160,13,-0.05323252182325253,0.3,FALSE,ok,ecb_stmt,y2_next,text_clean
162,161,13,-0.05660512649200235,0.5,FALSE,ok,ecb_stmt,y2_next,text_clean
163,162,13,0.7006791297768044,0,TRUE,ok,ecb_stmt,y2_next,text_clean
164,163,13,-0.04796645814935016,0.4,FALSE,ok,ecb_stmt,y2_next,text_clean
165,164,13,-0.04636115613392623,-5.4,FALSE,ok,ecb_stmt,y2_next,text_clean
166,165,13,0.6929598557670557,0.2,FALSE,ok,ecb_stmt,y2_next,text_clean
167,166,13,-0.09181379792752978,0,TRUE,ok,ecb_stmt,y2_next,text_clean
168,167,13,-0.08116715038527846,0.1,FALSE,ok,ecb_stmt,y2_next,text_clean
169,168,13,-0.07023090684093919,0.269999999999999,FALSE,ok,ecb_stmt,y2_next,text_clean
170,169,13,-0.10241982343360917,0.2,FALSE,ok,ecb_stmt,y2_next,text_clean
171,170,13,-0.08295937867386492,0.07000000000000059,TRUE,ok,ecb_stmt,y2_next,text_clean
172,171,13,-0.07458836911016106,0.0600000000000003,FALSE,ok,ecb_stmt,y2_next,text_clean
173,172,13,-0.07858402797666893,0,FALSE,ok,ecb_stmt,y2_next,text_clean
174,173,13,-0.0776151354893824,0,FALSE,ok,ecb_stmt,y2_next,text_clean
175,174,13,-0.08302366666714506,-0.2,TRUE,ok,ecb_stmt,y2_next,text_clean
176,175,13,-0.07713522873863043,5.680000000000001,FALSE,ok,ecb_stmt,y2_next,text_clean
177,176,13,-0.033836368395940855,-0.145000000000001,FALSE,ok,ecb_stmt,y2_next,text_clean
178,177,13,-0.021766451411311612,2.7,FALSE,ok,ecb_stmt,y2_next,text_clean
179,178,13,-3.0880885683924464,0,TRUE,ok,ecb_stmt,y2_next,text_clean
180,179,13,-0.012588801508656895,0,FALSE,ok,ecb_stmt,y2_next,text_clean
181,180,13,-3.03346122340671,-0.4,FALSE,ok,ecb_stmt,y2_next,text_clean
182,181,13,-2.3376492998254164,1.15,FALSE,ok,ecb_stmt,y2_next,text_clean
183,182,16,-0.028982646672869542,-0.170000000000003,TRUE,ok,ecb_stmt,y2_next,text_clean
184,183,16,0.10009515366430198,1,FALSE,ok,ecb_stmt,y2_next,text_clean
185,184,16,0.6420655978399119,-0.4,FALSE,ok,ecb_stmt,y2_next,text_clean
186,185,16,0.1344929739721966,-0.5650000000000049,FALSE,ok,ecb_stmt,y2_next,text_clean
187,186,26,-0.34674107142857347,-0.414999999999999,TRUE,ok,ecb_stmt,y2_next,text_clean
188,187,26,-0.31684214607464706,-0.3000020980834961,FALSE,ok,ecb_stmt,y2_next,text_clean
189,188,26,-0.26472468418853273,-0.9000003337860107,FALSE,ok,ecb_stmt,y2_next,text_clean
190,189,26,-0.6778555239248274,1.629999279975891,FALSE,ok,ecb_stmt,y2_next,text_clean
191,190,37,0.21513867086410499,-0.5600005388259888,TRUE,ok,ecb_stmt,y2_next,text_clean
192,191,37,-0.34811005757983116,0.1049995422363281,FALSE,ok,ecb_stmt,y2_next,text_clean
193,192,37,-0.1307523478745791,-0.3150001168251038,FALSE,ok,ecb_stmt,y2_next,text_clean
194,193,37,-0.20406941053907127,0.5250006914138794,FALSE,ok,ecb_stmt,y2_next,text_clean
195,194,42,0.10258513964039913,-0.2499997615814209,TRUE,ok,ecb_stmt,y2_next,text_clean
196,195,42,-0.11176726415991806,-2.380001544952393,FALSE,ok,ecb_stmt,y2_next,text_clean
197,196,42,-1.1741956120216173,-0.3000020980834961,FALSE,ok,ecb_stmt,y2_next,text_clean
198,197,42,-0.7972957836937917,-0.6000012159347534,FALSE,ok,ecb_stmt,y2_next,text_clean
199,198,45,-0.31723728929414263,0.2599999308586121,TRUE,ok,ecb_stmt,y2_next,text_clean
200,199,45,-0.13662688719622726,-0.135001540184021,FALSE,ok,ecb_stmt,y2_next,text_clean
201,200,45,-0.6260942641757118,-0.01999735832214355,FALSE,ok,ecb_stmt,y2_next,text_clean
202,201,45,-0.29468900045851887,-1.465001702308655,FALSE,ok,ecb_stmt,y2_next,text_clean
203,202,55,-0.7393233401028317,-0.06000101566314697,TRUE,ok,ecb_stmt,y2_next,text_clean
204,203,55,-1.0409245777362688,2.3499995470047,FALSE,ok,ecb_stmt,y2_next,text_clean
205,204,55,-0.5215450574421887,-0.965,FALSE,ok,ecb_stmt,y2_next,text_clean
206,205,55,-0.14190730997033463,1.359999,FALSE,ok,ecb_stmt,y2_next,text_clean
207,206,62,-0.13469554920104232,-0.115,TRUE,ok,ecb_stmt,y2_next,text_clean
208,207,62,-0.06348423967412081,0.099999,FALSE,ok,ecb_stmt,y2_next,text_clean
209,208,62,-0.17622698969958425,-0.09000003337860107,FALSE,ok,ecb_stmt,y2_next,text_clean
210,209,62,0.06447438757059397,6.850004196166992,FALSE,ok,ecb_stmt,y2_next,text_clean
211,210,74,0.30767757900605125,-1.099997758865356,TRUE,ok,ecb_stmt,y2_next,text_clean
212,211,74,-0.34552667813244914,-1.829996705055237,FALSE,ok,ecb_stmt,y2_next,text_clean
213,212,74,1.2683254076213326,-0.5150020122528076,FALSE,ok,ecb_stmt,y2_next,text_clean
214,213,74,0.07662601458206236,-0.3000020980834961,FALSE,ok,ecb_stmt,y2_next,text_clean
215,214,101,-0.20169210717068062,0.2000033855438232,TRUE,ok,ecb_stmt,y2_next,text_clean
216,215,101,-0.15699938653472367,1.784998178482056,FALSE,ok,ecb_stmt,y2_next,text_clean
217,216,101,0.04857123781447141,0.005000829696655273,FALSE,ok,ecb_stmt,y2_next,text_clean
218,217,101,0.6815493033949022,-0.2900004386901855,FALSE,ok,ecb_stmt,y2_next,text_clean
219,218,10,-0.2505432676667657,0.02000033855438232,TRUE,ok,ecb_stmt,y2_next,text_clean
220,219,10,-0.033469915122432706,0.0550001859664917,FALSE,ok,ecb_stmt,y2_next,text_clean
221,220,10,-0.06765809929052988,-0.3350019454956055,FALSE,ok,ecb_stmt,y2_next,text_clean
222,221,10,-0.10398906653232291,-0.3100007772445679,FALSE,ok,ecb_stmt,y2_next,text_clean
223,222,136,-0.038169449283347666,-1.524999737739563,TRUE,ok,ecb_stmt,y2_next,text_clean
224,223,136,-0.738187344283967,-1.010000705718994,FALSE,ok,ecb_stmt,y2_next,text_clean
225,224,136,0.019435796569284892,-0.3299996256828308,FALSE,ok,ecb_stmt,y2_next,text_clean
226,225,136,-0.17845384810691367,8.08000024408102,FALSE,ok,ecb_stmt,y2_next,text_clean
227,226,157,0.8774929922846352,-6.970000267028809,TRUE,ok,ecb_stmt,y2_next,text_clean
228,227,157,0.5379624665637363,8.114993572235107,FALSE,ok,ecb_stmt,y2_next,text_clean
229,228,157,1.5578661792365494,10.16999483108521,FALSE,ok,ecb_stmt,y2_next,text_clean
230,229,157,2.396001901591178,7.050013542175293,FALSE,ok,ecb_stmt,y2_next,text_clean
231,230,195,3.0670964402111407,-16.80002212524414,TRUE,ok,ecb_stmt,y2_next,text_clean
232,231,195,-2.8593342331990335,5.150008201599121,FALSE,ok,ecb_stmt,y2_next,text_clean
233,232,195,-2.129835511624999,-5.450010299682617,FALSE,ok,ecb_stmt,y2_next,text_clean
234,233,195,-1.3046871000167461,-2.849984169006348,FALSE,ok,ecb_stmt,y2_next,text_clean
235,234,200,-2.0726035697784218,-7.100009918212891,TRUE,ok,ecb_stmt,y2_next,text_clean
236,235,200,-3.3600270032442463,3.769993782043457,FALSE,ok,ecb_stmt,y2_next,text_clean
237,236,200,-2.743133583987443,-2.645015716552734,FALSE,ok,ecb_stmt,y2_next,text_clean
238,237,200,-2.8419277291845577,0.2650022506713867,FALSE,ok,ecb_stmt,y2_next,text_clean
239,238,200,-3.9613338134670255,-2.734994888305664,TRUE,ok,ecb_stmt,y2_next,text_clean
31,30,10,-0.754498022228451,0.0500000000000167,TRUE,ok,ecb_stmt,y2_next2,text_clean
32,31,10,-0.8682385045509992,-2,FALSE,ok,ecb_stmt,y2_next2,text_clean
33,32,10,-0.5933451026420173,-1.94999999999999,FALSE,ok,ecb_stmt,y2_next2,text_clean
34,33,10,-0.8229358626717785,-0.749999999999984,FALSE,ok,ecb_stmt,y2_next2,text_clean
35,34,10,-0.9449028235653172,0.0500000000000167,TRUE,ok,ecb_stmt,y2_next2,text_clean
36,35,10,-0.7256330554879921,-0.700000000000012,FALSE,ok,ecb_stmt,y2_next2,text_clean
37,36,10,-0.5888870040772626,0.499999999999989,FALSE,ok,ecb_stmt,y2_next2,text_clean
38,37,10,-0.5595716272770097,0,FALSE,ok,ecb_stmt,y2_next2,text_clean
39,38,10,-0.5789693848289128,0.200000000000022,TRUE,ok,ecb_stmt,y2_next2,text_clean
40,39,10,-0.5399201530880624,0.499999999999989,FALSE,ok,ecb_stmt,y2_next2,text_clean
41,40,10,-0.4497345213834539,1.79999999999998,FALSE,ok,ecb_stmt,y2_next2,text_clean
42,41,10,-0.28389092583641906,1.74999999999996,FALSE,ok,ecb_stmt,y2_next2,text_clean
43,42,10,-0.2197108688587728,0.499999999999989,TRUE,ok,ecb_stmt,y2_next2,text_clean
44,43,10,-0.16465812976415378,0.249999999999995,FALSE,ok,ecb_stmt,y2_next2,text_clean
45,44,10,-0.22479802674584273,0,FALSE,ok,ecb_stmt,y2_next2,text_clean
46,45,10,-0.24199528840428608,0.249999999999995,FALSE,ok,ecb_stmt,y2_next2,text_clean
47,46,10,-0.22833775858230623,0,TRUE,ok,ecb_stmt,y2_next2,text_clean
48,47,10,-0.2185046176398662,0.4,FALSE,ok,ecb_stmt,y2_next2,text_clean
49,48,10,-0.1735646658526579,0.300000000000011,FALSE,ok,ecb_stmt,y2_next2,text_clean
50,49,10,-0.18111776936699936,0.699999999999967,FALSE,ok,ecb_stmt,y2_next2,text_clean
51,50,10,-0.15655183571619008,0,TRUE,ok,ecb_stmt,y2_next2,text_clean
52,51,10,-0.15939823130122915,0.300000000000011,FALSE,ok,ecb_stmt,y2_next2,text_clean
53,52,10,-0.14796824127244068,0.499999999999989,FALSE,ok,ecb_stmt,y2_next2,text_clean
54,53,10,-0.126037835844207,0.300000000000011,FALSE,ok,ecb_stmt,y2_next2,text_clean
55,54,10,-0.11665643193804937,-0.699999999999967,TRUE,ok,ecb_stmt,y2_next2,text_clean
56,55,10,-0.13862880278517548,0.800000000000001,FALSE,ok,ecb_stmt,y2_next2,text_clean
57,56,10,-0.10015109953714911,-0.649999999999995,FALSE,ok,ecb_stmt,y2_next2,text_clean
58,57,10,-0.1270630183587359,-0.199999999999978,FALSE,ok,ecb_stmt,y2_next2,text_clean
59,58,10,-0.10497568625594424,0.0500000000000167,TRUE,ok,ecb_stmt,y2_next2,text_clean
60,59,10,-0.7001856424621076,0,FALSE,ok,ecb_stmt,y2_next2,text_clean
61,60,10,-0.13736190233523418,0.200000000000022,FALSE,ok,ecb_stmt,y2_next2,text_clean
62,61,10,-0.12122925478234517,0.09999999999998901,FALSE,ok,ecb_stmt,y2_next2,text_clean
63,62,11,-0.11860768860089915,0,TRUE,ok,ecb_stmt,y2_next2,text_clean
64,63,11,-0.9155315275002757,-0.700000000000012,FALSE,ok,ecb_stmt,y2_next2,text_clean
65,64,11,-0.1416276352481446,-0.89999999999999,FALSE,ok,ecb_stmt,y2_next2,text_clean
66,65,11,-0.19478244959047902,-0.700000000000012,FALSE,ok,ecb_stmt,y2_next2,text_clean
67,66,11,-0.9058789580175228,-0.449999999999973,TRUE,ok,ecb_stmt,y2_next2,text_clean
68,67,11,-0.16607047623284912,1.14999999999998,FALSE,ok,ecb_stmt,y2_next2,text_clean
69,68,11,-0.12911847534754098,0.89999999999999,FALSE,ok,ecb_stmt,y2_next2,text_clean
70,69,11,-0.860839482627793,-0.700000000000012,FALSE,ok,ecb_stmt,y2_next2,text_clean
71,70,11,-0.9440869965045241,-0.10000000000003301,TRUE,ok,ecb_stmt,y2_next2,text_clean
72,71,11,-0.8428402993058084,0,FALSE,ok,ecb_stmt,y2_next2,text_clean
73,72,11,-0.11132271251409748,0.250000000000039,FALSE,ok,ecb_stmt,y2_next2,text_clean
74,73,11,-0.8526191239482092,-0.349999999999984,FALSE,ok,ecb_stmt,y2_next2,text_clean
75,74,11,-0.13289662805194669,0.09999999999998901,TRUE,ok,ecb_stmt,y2_next2,text_clean
76,75,11,-0.0899194606097962,-0.150000000000006,FALSE,ok,ecb_stmt,y2_next2,text_clean
77,76,11,-0.7795560850595556,-0.10000000000003301,FALSE,ok,ecb_stmt,y2_next2,text_clean
78,77,11,-0.09280748014189617,0,FALSE,ok,ecb_stmt,y2_next2,text_clean
79,78,11,-0.10967356118364759,-0.24999999999995,TRUE,ok,ecb_stmt,y2_next2,text_clean
80,79,11,-0.6403325809614128,-0.549999999999962,FALSE,ok,ecb_stmt,y2_next2,text_clean
81,80,11,-0.11229126305938751,0.499999999999989,FALSE,ok,ecb_stmt,y2_next2,text_clean
82,81,11,-0.09721434534367913,0.600000000000023,FALSE,ok,ecb_stmt,y2_next2,text_clean
83,82,11,-0.08868099054679837,-0.150000000000006,TRUE,ok,ecb_stmt,y2_next2,text_clean
84,83,11,-0.09758415342893915,0.89999999999999,FALSE,ok,ecb_stmt,y2_next2,text_clean
85,84,11,-0.08656482547952685,-0.10000000000003301,FALSE,ok,ecb_stmt,y2_next2,text_clean
86,85,11,-0.08361710425822637,-0.549999999999962,FALSE,ok,ecb_stmt,y2_next2,text_clean
87,86,11,-0.10538110157644535,-0.199999999999978,TRUE,ok,ecb_stmt,y2_next2,text_clean
88,87,11,-0.10832233230041231,-0.8500000000000171,FALSE,ok,ecb_stmt,y2_next2,text_clean
89,88,11,-0.11416733017212914,0.699999999999967,FALSE,ok,ecb_stmt,y2_next2,text_clean
90,89,11,-0.09461792791770068,-1.05000000000004,FALSE,ok,ecb_stmt,y2_next2,text_clean
91,90,11,-0.11346465022859638,-1.55000000000003,TRUE,ok,ecb_stmt,y2_next2,text_clean
92,91,11,-0.13997884179058379,-0.300000000000011,FALSE,ok,ecb_stmt,y2_next2,text_clean
93,92,11,-0.7188699722872666,-0.600000000000023,FALSE,ok,ecb_stmt,y2_next2,text_clean
94,93,11,-0.13864055346789933,-0.199999999999978,FALSE,ok,ecb_stmt,y2_next2,text_clean
95,94,11,-0.12856136563426981,1.90000000000001,TRUE,ok,ecb_stmt,y2_next2,text_clean
96,95,11,-0.03887444049316368,8.400000000000011,FALSE,ok,ecb_stmt,y2_next2,text_clean
97,96,11,1.5306262972133686,2.10000000000001,FALSE,ok,ecb_stmt,y2_next2,text_clean
98,97,11,-0.5422042867091504,-1.49999999999999,FALSE,ok,ecb_stmt,y2_next2,text_clean
99,98,14,-0.6930464316419134,-1.29999999999999,TRUE,ok,ecb_stmt,y2_next2,text_clean
100,99,14,-0.9738403969920438,1.35000000000001,FALSE,ok,ecb_stmt,y2_next2,text_clean
101,100,14,-0.053687677191236516,4.45,FALSE,ok,ecb_stmt,y2_next2,text_clean
102,101,14,-0.6539057452078674,2.39999999999998,FALSE,ok,ecb_stmt,y2_next2,text_clean
103,102,14,-0.4634984529048035,0.499999999999989,TRUE,ok,ecb_stmt,y2_next2,text_clean
104,103,14,-0.44138230075983337,1.6,FALSE,ok,ecb_stmt,y2_next2,text_clean
105,104,14,0.009038737631911513,0.300000000000011,FALSE,ok,ecb_stmt,y2_next2,text_clean
106,105,14,0.037717755492956834,0.750000000000006,FALSE,ok,ecb_stmt,y2_next2,text_clean
107,106,14,0.05518319539404317,-0.250000000000017,TRUE,ok,ecb_stmt,y2_next2,text_clean
108,107,14,0.02743702145410165,0.2,FALSE,ok,ecb_stmt,y2_next2,text_clean
109,108,14,0.03553848513780203,0.369999999999981,FALSE,ok,ecb_stmt,y2_next2,text_clean
110,109,14,0.05067668655342078,0.170000000000003,FALSE,ok,ecb_stmt,y2_next2,text_clean
111,110,14,0.03885270891876272,-0.660000000000016,TRUE,ok,ecb_stmt,y2_next2,text_clean
112,111,14,0.037690348651579456,-0.190000000000001,FALSE,ok,ecb_stmt,y2_next2,text_clean
113,112,14,0.030122742902191958,0,FALSE,ok,ecb_stmt,y2_next2,text_clean
114,113,14,0.010832878904026212,0.319999999999998,FALSE,ok,ecb_stmt,y2_next2,text_clean
115,114,14,0.00965891823320011,1.65,TRUE,ok,ecb_stmt,y2_next2,text_clean
116,115,14,0.05291972883660337,0.149999999999995,FALSE,ok,ecb_stmt,y2_next2,text_clean
117,116,14,0.042005116791519796,0.160000000000005,FALSE,ok,ecb_stmt,y2_next2,text_clean
118,117,14,0.03580955574276272,-0.4,FALSE,ok,ecb_stmt,y2_next2,text_clean
119,118,14,0.006164921878708629,0.0700000000000034,TRUE,ok,ecb_stmt,y2_next2,text_clean
120,119,14,0.009418618446595011,0.219999999999998,FALSE,ok,ecb_stmt,y2_next2,text_clean
121,120,14,0.022185459691853843,0.479999999999992,FALSE,ok,ecb_stmt,y2_next2,text_clean
122,121,14,0.013842913505607535,-0.4500000000000169,FALSE,ok,ecb_stmt,y2_next2,text_clean
123,122,14,0.008295692665281691,2.56000000000001,TRUE,ok,ecb_stmt,y2_next2,text_clean
124,123,14,0.04579792370651989,0.259999999999994,FALSE,ok,ecb_stmt,y2_next2,text_clean
125,124,14,0.05678454924787716,-0.4500000000000169,FALSE,ok,ecb_stmt,y2_next2,text_clean
126,125,14,0.046444076437313325,-0.150000000000006,FALSE,ok,ecb_stmt,y2_next2,text_clean
127,126,14,-0.3658747027359615,-0.8799999999999921,TRUE,ok,ecb_stmt,y2_next2,text_clean
128,127,14,0.04887558506949861,-0.9000000000000121,FALSE,ok,ecb_stmt,y2_next2,text_clean
129,128,14,0.022166297935041074,0.8099999999999999,FALSE,ok,ecb_stmt,y2_next2,text_clean
130,129,14,-0.48207567368184484,-2.15,FALSE,ok,ecb_stmt,y2_next2,text_clean
131,130,14,0.07155173819065204,5.19999999999999,TRUE,ok,ecb_stmt,y2_next2,text_clean
132,131,14,0.13310839305066996,-8.25,FALSE,ok,ecb_stmt,y2_next2,text_clean
133,132,14,0.027238471945976585,2.05,FALSE,ok,ecb_stmt,y2_next2,text_clean
134,133,14,-0.5053219952771076,0.1,FALSE,ok,ecb_stmt,y2_next2,text_clean
135,134,14,-0.49109977327545246,-0.4,TRUE,ok,ecb_stmt,y2_next2,text_clean
136,135,14,0.04231871431359999,-0.1,FALSE,ok,ecb_stmt,y2_next2,text_clean
137,136,14,0.07268108699613154,0.900000000000001,FALSE,ok,ecb_stmt,y2_next2,text_clean
138,137,14,0.05784907527871266,0.05,FALSE,ok,ecb_stmt,y2_next2,text_clean
139,138,14,0.07076913563068402,0.550000000000001,TRUE,ok,ecb_stmt,y2_next2,text_clean
140,139,14,0.055102811192681705,-5.4,FALSE,ok,ecb_stmt,y2_next2,text_clean
141,140,14,-0.0069552515456354595,1.5,FALSE,ok,ecb_stmt,y2_next2,text_clean
142,141,14,-0.5129325471943379,0.699999999999999,FALSE,ok,ecb_stmt,y2_next2,text_clean
143,142,14,0.0069663881597325636,0.1,TRUE,ok,ecb_stmt,y2_next2,text_clean
144,143,14,-0.004905394465197898,0.399999999999999,FALSE,ok,ecb_stmt,y2_next2,text_clean
145,144,14,0.022080952840916733,-0.35,FALSE,ok,ecb_stmt,y2_next2,text_clean
146,145,14,0.0233610897385006,1.05,FALSE,ok,ecb_stmt,y2_next2,text_clean
147,146,14,0.006935629017387523,-0.2,TRUE,ok,ecb_stmt,y2_next2,text_clean
148,147,14,0.022489185402971602,1.05,FALSE,ok,ecb_stmt,y2_next2,text_clean
149,148,14,-0.004041868300621868,-0.1,FALSE,ok,ecb_stmt,y2_next2,text_clean
150,149,14,0.03212792666457958,-0.1,FALSE,ok,ecb_stmt,y2_next2,text_clean
151,150,14,0.02992078571581669,0.1,TRUE,ok,ecb_stmt,y2_next2,text_clean
152,151,14,-0.44986093980785774,-0.4,FALSE,ok,ecb_stmt,y2_next2,text_clean
153,152,14,0.030059287318980003,-0.4,FALSE,ok,ecb_stmt,y2_next2,text_clean
154,153,14,0.032970477840176024,-0.5,FALSE,ok,ecb_stmt,y2_next2,text_clean
155,154,14,0.0363881276794209,0.4,TRUE,ok,ecb_stmt,y2_next2,text_clean
156,155,14,0.03915150062269634,-6.5,FALSE,ok,ecb_stmt,y2_next2,text_clean
157,156,14,-0.031362302688508044,-0.2,FALSE,ok,ecb_stmt,y2_next2,text_clean
158,157,14,-0.3861380446551405,0.4,FALSE,ok,ecb_stmt,y2_next2,text_clean
159,158,14,-0.021777055902440834,0.499999999999998,TRUE,ok,ecb_stmt,y2_next2,text_clean
160,159,14,0.688344093459323,0.45,FALSE,ok,ecb_stmt,y2_next2,text_clean
161,160,14,-0.04718809482357149,1.3,FALSE,ok,ecb_stmt,y2_next2,text_clean
162,161,14,-0.02509363203450847,0.3,FALSE,ok,ecb_stmt,y2_next2,text_clean
163,162,15,-0.021077816765988983,0.5,TRUE,ok,ecb_stmt,y2_next2,text_clean
164,163,15,-0.0036244764266246975,0,FALSE,ok,ecb_stmt,y2_next2,text_clean
165,164,15,-0.44160553033650457,0.4,FALSE,ok,ecb_stmt,y2_next2,text_clean
166,165,15,-0.029167646845270057,-5.4,FALSE,ok,ecb_stmt,y2_next2,text_clean
167,166,15,-0.08690276550357355,0.2,TRUE,ok,ecb_stmt,y2_next2,text_clean
168,167,15,-0.42262085403670496,0,FALSE,ok,ecb_stmt,y2_next2,text_clean
169,168,15,-0.06231764848254625,0.1,FALSE,ok,ecb_stmt,y2_next2,text_clean
170,169,15,-0.04783528876585851,0.269999999999999,FALSE,ok,ecb_stmt,y2_next2,text_clean
171,170,15,-0.0592903871390825,0.2,TRUE,ok,ecb_stmt,y2_next2,text_clean
172,171,15,-0.04667700042315651,0.07000000000000059,FALSE,ok,ecb_stmt,y2_next2,text_clean
173,172,15,-0.030837854429056236,0.0600000000000003,FALSE,ok,ecb_stmt,y2_next2,text_clean
174,173,15,-0.03698576921940186,0,FALSE,ok,ecb_stmt,y2_next2,text_clean
175,174,15,-0.04353547081362692,0,TRUE,ok,ecb_stmt,y2_next2,text_clean
176,175,15,-0.04427619577124792,-0.2,FALSE,ok,ecb_stmt,y2_next2,text_clean
177,176,15,-0.0476078822781394,5.680000000000001,FALSE,ok,ecb_stmt,y2_next2,text_clean
178,177,15,0.0065825198970117385,-0.145000000000001,FALSE,ok,ecb_stmt,y2_next2,text_clean
179,178,15,0.013017035869969672,2.7,TRUE,ok,ecb_stmt,y2_next2,text_clean
180,179,15,0.030542071670587728,0,FALSE,ok,ecb_stmt,y2_next2,text_clean
181,180,15,-0.7374958595183674,0,FALSE,ok,ecb_stmt,y2_next2,text_clean
182,181,15,0.012213306636041105,-0.4,FALSE,ok,ecb_stmt,y2_next2,text_clean
183,182,15,-0.5894057060228916,1.15,TRUE,ok,ecb_stmt,y2_next2,text_clean
184,183,15,-0.2552723158780287,-0.170000000000003,FALSE,ok,ecb_stmt,y2_next2,text_clean
185,184,15,-0.42764779100858535,1,FALSE,ok,ecb_stmt,y2_next2,text_clean
186,185,15,0.27711995597002964,-0.4,FALSE,ok,ecb_stmt,y2_next2,text_clean
187,186,28,0.08785378726599084,-0.5650000000000049,TRUE,ok,ecb_stmt,y2_next2,text_clean
188,187,28,-0.2860639121510703,-0.414999999999999,FALSE,ok,ecb_stmt,y2_next2,text_clean
189,188,28,-0.3967150000000014,-0.3000020980834961,FALSE,ok,ecb_stmt,y2_next2,text_clean
190,189,28,-0.3639337202983436,-0.9000003337860107,FALSE,ok,ecb_stmt,y2_next2,text_clean
191,190,39,-0.6551849483215578,1.629999279975891,TRUE,ok,ecb_stmt,y2_next2,text_clean
192,191,39,0.8163087931990621,-0.5600005388259888,FALSE,ok,ecb_stmt,y2_next2,text_clean
193,192,39,0.33703364339510594,0.1049995422363281,FALSE,ok,ecb_stmt,y2_next2,text_clean
194,193,39,-0.1825898830726032,-0.3150001168251038,FALSE,ok,ecb_stmt,y2_next2,text_clean
195,194,41,-0.14868668777171257,0.5250006914138794,TRUE,ok,ecb_stmt,y2_next2,text_clean
196,195,41,0.20428027064931084,-0.2499997615814209,FALSE,ok,ecb_stmt,y2_next2,text_clean
197,196,41,0.16666513079534018,-2.380001544952393,FALSE,ok,ecb_stmt,y2_next2,text_clean
198,197,41,-1.4565284266589382,-0.3000020980834961,FALSE,ok,ecb_stmt,y2_next2,text_clean
199,198,44,-0.47539405980064203,-0.6000012159347534,TRUE,ok,ecb_stmt,y2_next2,text_clean
200,199,44,-0.7959719368415793,0.2599999308586121,FALSE,ok,ecb_stmt,y2_next2,text_clean
201,200,44,0.08486835822336798,-0.135001540184021,FALSE,ok,ecb_stmt,y2_next2,text_clean
202,201,44,-0.03277089082454959,-0.01999735832214355,FALSE,ok,ecb_stmt,y2_next2,text_clean
203,202,55,-0.6905053976084753,-1.465001702308655,TRUE,ok,ecb_stmt,y2_next2,text_clean
204,203,55,-1.149735927066284,-0.06000101566314697,FALSE,ok,ecb_stmt,y2_next2,text_clean
205,204,55,-0.8342531881850545,2.3499995470047,FALSE,ok,ecb_stmt,y2_next2,text_clean
206,205,55,-0.25891317943029896,-0.965,FALSE,ok,ecb_stmt,y2_next2,text_clean
207,206,60,-0.19363969563078606,1.359999,TRUE,ok,ecb_stmt,y2_next2,text_clean
208,207,60,0.16001118413262547,-0.115,FALSE,ok,ecb_stmt,y2_next2,text_clean
209,208,60,0.1460880218263626,0.099999,FALSE,ok,ecb_stmt,y2_next2,text_clean
210,209,60,0.09476374349383963,-0.09000003337860107,FALSE,ok,ecb_stmt,y2_next2,text_clean
211,210,65,0.08420559759277803,6.850004196166992,TRUE,ok,ecb_stmt,y2_next2,text_clean
212,211,65,1.2657770748879373,-1.099997758865356,FALSE,ok,ecb_stmt,y2_next2,text_clean
213,212,65,0.13872918967876527,-1.829996705055237,FALSE,ok,ecb_stmt,y2_next2,text_clean
214,213,65,-0.02733701898289341,-0.5150020122528076,FALSE,ok,ecb_stmt,y2_next2,text_clean
215,214,16,0.36831605227913755,-0.3000020980834961,TRUE,ok,ecb_stmt,y2_next2,text_clean
216,215,16,-0.6017534292835763,0.2000033855438232,FALSE,ok,ecb_stmt,y2_next2,text_clean
217,216,16,-0.12379608541640691,1.784998178482056,FALSE,ok,ecb_stmt,y2_next2,text_clean
218,217,16,0.5488085502837894,0.005000829696655273,FALSE,ok,ecb_stmt,y2_next2,text_clean
219,218,116,0.011142971065222938,-0.2900004386901855,TRUE,ok,ecb_stmt,y2_next2,text_clean
220,219,116,0.5041058599582144,0.02000033855438232,FALSE,ok,ecb_stmt,y2_next2,text_clean
221,220,116,0.3161391862944718,0.0550001859664917,FALSE,ok,ecb_stmt,y2_next2,text_clean
222,221,116,0.0986152515512412,-0.3350019454956055,FALSE,ok,ecb_stmt,y2_next2,text_clean
223,222,130,-0.15939978002046742,-0.3100007772445679,TRUE,ok,ecb_stmt,y2_next2,text_clean
224,223,130,-0.07648347636200965,-1.524999737739563,FALSE,ok,ecb_stmt,y2_next2,text_clean
225,224,130,-0.2649153139798559,-1.010000705718994,FALSE,ok,ecb_stmt,y2_next2,text_clean
226,225,130,-0.6786047752210236,-0.3299996256828308,FALSE,ok,ecb_stmt,y2_next2,text_clean
227,226,150,-0.504525892300079,8.08000024408102,TRUE,ok,ecb_stmt,y2_next2,text_clean
228,227,150,2.8345484157796257,-6.970000267028809,FALSE,ok,ecb_stmt,y2_next2,text_clean
229,228,150,1.9987009111032916,8.114993572235107,FALSE,ok,ecb_stmt,y2_next2,text_clean
230,229,150,-0.2976725033376902,10.16999483108521,FALSE,ok,ecb_stmt,y2_next2,text_clean
231,230,194,2.630996986468875,7.050013542175293,TRUE,ok,ecb_stmt,y2_next2,text_clean
232,231,194,1.9726836910847365,-16.80002212524414,FALSE,ok,ecb_stmt,y2_next2,text_clean
233,232,194,-5.226001164288757,5.150008201599121,FALSE,ok,ecb_stmt,y2_next2,text_clean
234,233,194,-0.2183744715871503,-5.450010299682617,FALSE,ok,ecb_stmt,y2_next2,text_clean
235,234,200,-1.9605606151714867,-2.849984169006348,TRUE,ok,ecb_stmt,y2_next2,text_clean
236,235,200,-3.482411472058049,-7.100009918212891,FALSE,ok,ecb_stmt,y2_next2,text_clean
237,236,200,-4.556907300660329,3.769993782043457,FALSE,ok,ecb_stmt,y2_next2,text_clean
238,237,200,-1.13205750101245,-2.645015716552734,FALSE,ok,ecb_stmt,y2_next2,text_clean
239,238,200,-1.290633573317849,0.2650022506713867,TRUE,ok,ecb_stmt,y2_next2,text_clean
240,239,200,-3.2718087303288788,-2.734994888305664,FALSE,ok,ecb_stmt,y2_next2,text_clean
31,30,200,-0.5,0,TRUE,ok,ecb_pc,bps_next,text_clean
32,31,200,1.2375,-50,FALSE,ok,ecb_pc,bps_next,text_clean
33,32,200,-6.866666666666667,0,FALSE,ok,ecb_pc,bps_next,text_clean
34,33,200,-2.95,-25,FALSE,ok,ecb_pc,bps_next,text_clean
35,34,200,-8.5125,0,TRUE,ok,ecb_pc,bps_next,text_clean
36,35,200,-1.7166666666666666,0,FALSE,ok,ecb_pc,bps_next,text_clean
37,36,200,-2.270833333333334,-50,FALSE,ok,ecb_pc,bps_next,text_clean
38,37,200,-19.329166666666666,0,FALSE,ok,ecb_pc,bps_next,text_clean
39,38,200,-8.641666666666666,0,TRUE,ok,ecb_pc,bps_next,text_clean
40,39,200,-7.354166666666665,0,FALSE,ok,ecb_pc,bps_next,text_clean
41,40,200,-5.3916666666666675,0,FALSE,ok,ecb_pc,bps_next,text_clean
42,41,200,-3.1208333333333336,0,FALSE,ok,ecb_pc,bps_next,text_clean
43,42,6,-9.041717410060693,0,TRUE,ok,ecb_pc,bps_next,text_clean
44,43,6,-14.315555813056617,0,FALSE,ok,ecb_pc,bps_next,text_clean
45,44,6,-19.660192845080616,0,FALSE,ok,ecb_pc,bps_next,text_clean
46,45,6,-5.682663761473965,0,FALSE,ok,ecb_pc,bps_next,text_clean
47,46,200,-3.433333333333333,0,TRUE,ok,ecb_pc,bps_next,text_clean
48,47,200,-0.8625,0,FALSE,ok,ecb_pc,bps_next,text_clean
49,48,200,-4.2,0,FALSE,ok,ecb_pc,bps_next,text_clean
50,49,200,-0.04166666666666671,0,FALSE,ok,ecb_pc,bps_next,text_clean
51,50,200,-0.75,0,TRUE,ok,ecb_pc,bps_next,text_clean
52,51,200,-2.8625,0,FALSE,ok,ecb_pc,bps_next,text_clean
53,52,200,3.595833333333333,0,FALSE,ok,ecb_pc,bps_next,text_clean
54,53,200,-0.6625,0,FALSE,ok,ecb_pc,bps_next,text_clean
55,54,200,-0.8333333333333335,0,TRUE,ok,ecb_pc,bps_next,text_clean
56,55,200,0.33333333333333326,0,FALSE,ok,ecb_pc,bps_next,text_clean
57,56,200,-3.0583333333333336,0,FALSE,ok,ecb_pc,bps_next,text_clean
58,57,200,-0.9791666666666667,0,FALSE,ok,ecb_pc,bps_next,text_clean
59,58,200,-5.9125,0,TRUE,ok,ecb_pc,bps_next,text_clean
60,59,200,-0.37500000000000006,0,FALSE,ok,ecb_pc,bps_next,text_clean
61,60,200,-4.166666666666667,0,FALSE,ok,ecb_pc,bps_next,text_clean
62,61,200,-1.25,0,FALSE,ok,ecb_pc,bps_next,text_clean
63,62,200,0.5,25,TRUE,ok,ecb_pc,bps_next,text_clean
64,63,200,0.75,0,FALSE,ok,ecb_pc,bps_next,text_clean
65,64,200,0.7291666666666667,0,FALSE,ok,ecb_pc,bps_next,text_clean
66,65,200,-0.6791666666666667,25,FALSE,ok,ecb_pc,bps_next,text_clean
67,66,200,0.12500000000000003,0,TRUE,ok,ecb_pc,bps_next,text_clean
68,67,200,3.2875,0,FALSE,ok,ecb_pc,bps_next,text_clean
69,68,200,0.41666666666666674,25,FALSE,ok,ecb_pc,bps_next,text_clean
70,69,200,4.541666666666667,0,FALSE,ok,ecb_pc,bps_next,text_clean
71,70,200,7.283333333333334,25,TRUE,ok,ecb_pc,bps_next,text_clean
72,71,200,6.241666666666667,0,FALSE,ok,ecb_pc,bps_next,text_clean
73,72,200,1.525,0,FALSE,ok,ecb_pc,bps_next,text_clean
74,73,200,1.925,25,FALSE,ok,ecb_pc,bps_next,text_clean
75,74,200,4.108333333333333,0,TRUE,ok,ecb_pc,bps_next,text_clean
76,75,200,1.5375,0,FALSE,ok,ecb_pc,bps_next,text_clean
77,76,200,-1.4666666666666668,25,FALSE,ok,ecb_pc,bps_next,text_clean
78,77,200,3.6833333333333336,0,FALSE,ok,ecb_pc,bps_next,text_clean
79,78,200,6.3625,0,TRUE,ok,ecb_pc,bps_next,text_clean
80,79,200,6.8,25,FALSE,ok,ecb_pc,bps_next,text_clean
81,80,200,4.0625,0,FALSE,ok,ecb_pc,bps_next,text_clean
82,81,200,1.0833333333333333,0,FALSE,ok,ecb_pc,bps_next,text_clean
83,82,200,1.4666666666666666,0,TRUE,ok,ecb_pc,bps_next,text_clean
84,83,200,5.441666666666666,0,FALSE,ok,ecb_pc,bps_next,text_clean
85,84,200,1.3208333333333335,0,FALSE,ok,ecb_pc,bps_next,text_clean
86,85,200,0.9791666666666667,0,FALSE,ok,ecb_pc,bps_next,text_clean
87,86,200,2.6,0,TRUE,ok,ecb_pc,bps_next,text_clean
88,87,200,1.925,0,FALSE,ok,ecb_pc,bps_next,text_clean
89,88,200,2.5083333333333333,0,FALSE,ok,ecb_pc,bps_next,text_clean
90,89,200,1.7041666666666666,0,FALSE,ok,ecb_pc,bps_next,text_clean
91,90,200,-0.033333333333333375,0,TRUE,ok,ecb_pc,bps_next,text_clean
92,91,200,0.3125,25,FALSE,ok,ecb_pc,bps_next,text_clean
93,92,200,4.25,0,FALSE,ok,ecb_pc,bps_next,text_clean
94,93,200,3.7833333333333337,0,FALSE,ok,ecb_pc,bps_next,text_clean
95,94,200,7.070833333333333,0,TRUE,ok,ecb_pc,bps_next,text_clean
96,95,200,-1.375,-50,FALSE,ok,ecb_pc,bps_next,text_clean
97,96,200,-10.216666666666667,-75,FALSE,ok,ecb_pc,bps_next,text_clean
98,97,200,-14.133333333333333,-50,FALSE,ok,ecb_pc,bps_next,text_clean
99,98,200,-11.991666666666665,0,TRUE,ok,ecb_pc,bps_next,text_clean
100,99,200,-10.0625,-50,FALSE,ok,ecb_pc,bps_next,text_clean
101,100,200,-13.729166666666664,-25,FALSE,ok,ecb_pc,bps_next,text_clean
102,101,200,-8.229166666666666,-25,FALSE,ok,ecb_pc,bps_next,text_clean
103,102,8,-28.974164241248282,0,TRUE,ok,ecb_pc,bps_next,text_clean
104,103,8,-15.53959753029073,0,FALSE,ok,ecb_pc,bps_next,text_clean
105,104,8,-12.259546546902008,0,FALSE,ok,ecb_pc,bps_next,text_clean
106,105,8,-1.2964419960012827,0,FALSE,ok,ecb_pc,bps_next,text_clean
107,106,200,-6.125,0,TRUE,ok,ecb_pc,bps_next,text_clean
108,107,200,-11.120833333333332,0,FALSE,ok,ecb_pc,bps_next,text_clean
109,108,200,-6.8,0,FALSE,ok,ecb_pc,bps_next,text_clean
110,109,200,-3.4375,0,FALSE,ok,ecb_pc,bps_next,text_clean
111,110,200,-17.045833333333334,0,TRUE,ok,ecb_pc,bps_next,text_clean
112,111,200,-3,0,FALSE,ok,ecb_pc,bps_next,text_clean
113,112,200,-2.270833333333334,0,FALSE,ok,ecb_pc,bps_next,text_clean
114,113,200,-1.8375,0,FALSE,ok,ecb_pc,bps_next,text_clean
115,114,200,-1.2875,0,TRUE,ok,ecb_pc,bps_next,text_clean
116,115,200,-1.2541666666666667,0,FALSE,ok,ecb_pc,bps_next,text_clean
117,116,200,-2.3547619047619053,0,FALSE,ok,ecb_pc,bps_next,text_clean
118,117,200,-2.716666666666667,0,FALSE,ok,ecb_pc,bps_next,text_clean
119,118,200,-1.2440476190476193,0,TRUE,ok,ecb_pc,bps_next,text_clean
120,119,181,-3.471212121212121,0,FALSE,ok,ecb_pc,bps_next,text_clean
121,120,160,-1.666666666666667,0,FALSE,ok,ecb_pc,bps_next,text_clean
122,121,150,-1.1166666666666667,0,FALSE,ok,ecb_pc,bps_next,text_clean
123,122,200,0.2791666666666667,0,TRUE,ok,ecb_pc,bps_next,text_clean
124,123,200,-1.7333333333333334,0,FALSE,ok,ecb_pc,bps_next,text_clean
125,124,200,-0.004166666666666821,25,FALSE,ok,ecb_pc,bps_next,text_clean
126,125,200,4.116666666666667,0,FALSE,ok,ecb_pc,bps_next,text_clean
127,126,200,5.575,0,TRUE,ok,ecb_pc,bps_next,text_clean
128,127,200,0.016666666666666715,25,FALSE,ok,ecb_pc,bps_next,text_clean
129,128,200,4.45,0,FALSE,ok,ecb_pc,bps_next,text_clean
130,129,200,0.46666666666666673,0,FALSE,ok,ecb_pc,bps_next,text_clean
131,130,200,-4.154166666666667,0,TRUE,ok,ecb_pc,bps_next,text_clean
132,131,200,-4.2875,-25,FALSE,ok,ecb_pc,bps_next,text_clean
133,132,200,-4.295833333333333,-25,FALSE,ok,ecb_pc,bps_next,text_clean
134,133,200,-5.358333333333333,0,FALSE,ok,ecb_pc,bps_next,text_clean
135,134,5,-30.34135480873277,0,TRUE,ok,ecb_pc,bps_next,text_clean
136,135,5,-16.899883138743693,0,FALSE,ok,ecb_pc,bps_next,text_clean
137,136,5,-8.625661944412535,0,FALSE,ok,ecb_pc,bps_next,text_clean
138,137,5,2.6639466984866274,0,FALSE,ok,ecb_pc,bps_next,text_clean
139,138,8,2.782742692799536,0,TRUE,ok,ecb_pc,bps_next,text_clean
140,139,8,0.4280695143987363,0,FALSE,ok,ecb_pc,bps_next,text_clean
141,140,8,2.8334904049829572,0,FALSE,ok,ecb_pc,bps_next,text_clean
142,141,8,2.981560074408898,0,FALSE,ok,ecb_pc,bps_next,text_clean
143,142,5,2.9555865860811905,0,TRUE,ok,ecb_pc,bps_next,text_clean
144,143,5,2.8329012950030377,0,FALSE,ok,ecb_pc,bps_next,text_clean
145,144,5,-39.22989919621767,0,FALSE,ok,ecb_pc,bps_next,text_clean
146,145,5,2.7586830702982876,0,FALSE,ok,ecb_pc,bps_next,text_clean
147,146,200,-2.9500000000000006,0,TRUE,ok,ecb_pc,bps_next,text_clean
148,147,200,-2.2500000000000004,-25,FALSE,ok,ecb_pc,bps_next,text_clean
149,148,200,-1.925,0,FALSE,ok,ecb_pc,bps_next,text_clean
150,149,200,-0.041666666666666574,0,FALSE,ok,ecb_pc,bps_next,text_clean
151,150,200,-0.6208333333333335,0,TRUE,ok,ecb_pc,bps_next,text_clean
152,151,193,0.875,0,FALSE,ok,ecb_pc,bps_next,text_clean
153,152,179,0.6458333333333333,0,FALSE,ok,ecb_pc,bps_next,text_clean
154,153,169,-4.924999999999999,0,FALSE,ok,ecb_pc,bps_next,text_clean
155,154,11,-0.12701972047955454,0,TRUE,ok,ecb_pc,bps_next,text_clean
156,155,11,0.10774585325755853,0,FALSE,ok,ecb_pc,bps_next,text_clean
157,156,11,0.13191434898275997,0,FALSE,ok,ecb_pc,bps_next,text_clean
158,157,11,0.06708467049720576,0,FALSE,ok,ecb_pc,bps_next,text_clean
159,158,200,-4.591666666666668,0,TRUE,ok,ecb_pc,bps_next,text_clean
160,159,200,-3.154166666666667,-10,FALSE,ok,ecb_pc,bps_next,text_clean
161,160,200,-4.978928571428572,0,FALSE,ok,ecb_pc,bps_next,text_clean
162,161,200,-7.555833333333332,0,FALSE,ok,ecb_pc,bps_next,text_clean
163,162,6,1.9882013029321917,-10,TRUE,ok,ecb_pc,bps_next,text_clean
164,163,6,1.855390192009652,0,FALSE,ok,ecb_pc,bps_next,text_clean
165,164,6,1.8939975934289086,0,FALSE,ok,ecb_pc,bps_next,text_clean
166,165,6,-8.37927258310684,0,FALSE,ok,ecb_pc,bps_next,text_clean
167,166,47,-1.404296066252588,0,TRUE,ok,ecb_pc,bps_next,text_clean
168,167,47,0.1297222222222221,0,FALSE,ok,ecb_pc,bps_next,text_clean
169,168,46,1.6948427552839318,0,FALSE,ok,ecb_pc,bps_next,text_clean
170,169,46,1.7266826923076923,0,FALSE,ok,ecb_pc,bps_next,text_clean
171,170,7,1.31195029345859,0,TRUE,ok,ecb_pc,bps_next,text_clean
172,171,7,1.2780536263253055,0,FALSE,ok,ecb_pc,bps_next,text_clean
173,172,7,1.4166571356269904,0,FALSE,ok,ecb_pc,bps_next,text_clean
174,173,7,1.3880131104314573,-5,FALSE,ok,ecb_pc,bps_next,text_clean
175,174,200,-1.6366666666666665,0,TRUE,ok,ecb_pc,bps_next,text_clean
176,175,200,-2.586666666666667,0,FALSE,ok,ecb_pc,bps_next,text_clean
177,176,200,-1.656666666666667,0,FALSE,ok,ecb_pc,bps_next,text_clean
178,177,200,1.0290079365079365,0,FALSE,ok,ecb_pc,bps_next,text_clean
179,178,200,-2.828333333333333,0,TRUE,ok,ecb_pc,bps_next,text_clean
180,179,200,-6.7825,0,FALSE,ok,ecb_pc,bps_next,text_clean
181,180,200,-3.44625,0,FALSE,ok,ecb_pc,bps_next,text_clean
182,181,200,-1.57,0,FALSE,ok,ecb_pc,bps_next,text_clean
183,182,9,-0.9575444726151092,0,TRUE,ok,ecb_pc,bps_next,text_clean
184,183,9,0.1005295983904022,0,FALSE,ok,ecb_pc,bps_next,text_clean
185,184,9,-0.9049402222438238,0,FALSE,ok,ecb_pc,bps_next,text_clean
186,185,9,-0.8160216595199672,0,FALSE,ok,ecb_pc,bps_next,text_clean
187,186,200,-1.0558333333333334,0,TRUE,ok,ecb_pc,bps_next,text_clean
188,187,200,-1.540833333333333,0,FALSE,ok,ecb_pc,bps_next,text_clean
189,188,200,-0.7175,0,FALSE,ok,ecb_pc,bps_next,text_clean
190,189,200,0.42083333333333334,0,FALSE,ok,ecb_pc,bps_next,text_clean
191,190,10,-0.5955988213067577,0,TRUE,ok,ecb_pc,bps_next,text_clean
192,191,10,-0.6493383777594947,0,FALSE,ok,ecb_pc,bps_next,text_clean
193,192,10,-0.5942891823463117,0,FALSE,ok,ecb_pc,bps_next,text_clean
194,193,10,-0.48468032659849064,0,FALSE,ok,ecb_pc,bps_next,text_clean
195,194,200,-5.829166666666667,0,TRUE,ok,ecb_pc,bps_next,text_clean
196,195,200,-3.195,0,FALSE,ok,ecb_pc,bps_next,text_clean
197,196,200,-1.3416666666666666,0,FALSE,ok,ecb_pc,bps_next,text_clean
198,197,200,-5.425,0,FALSE,ok,ecb_pc,bps_next,text_clean
199,198,10,-0.5087804352267861,0,TRUE,ok,ecb_pc,bps_next,text_clean
200,199,10,-0.5041284010059975,0,FALSE,ok,ecb_pc,bps_next,text_clean
201,200,10,-0.5006695283526823,0,FALSE,ok,ecb_pc,bps_next,text_clean
202,201,10,-0.5015115226039808,0,FALSE,ok,ecb_pc,bps_next,text_clean
203,202,200,-1.135,0,TRUE,ok,ecb_pc,bps_next,text_clean
204,203,200,-2.378333333333333,0,FALSE,ok,ecb_pc,bps_next,text_clean
205,204,200,-4.2125,0,FALSE,ok,ecb_pc,bps_next,text_clean
206,205,200,1.15,0,FALSE,ok,ecb_pc,bps_next,text_clean
207,206,18,-0.10394422448984557,0,TRUE,ok,ecb_pc,bps_next,text_clean
208,207,18,-0.07575088802089555,0,FALSE,ok,ecb_pc,bps_next,text_clean
209,208,18,-14.521177649396328,0,FALSE,ok,ecb_pc,bps_next,text_clean
210,209,18,-0.05025162365948,0,FALSE,ok,ecb_pc,bps_next,text_clean
211,210,13,-1.3644633407230145,0,TRUE,ok,ecb_pc,bps_next,text_clean
212,211,13,-11.679095683518224,0,FALSE,ok,ecb_pc,bps_next,text_clean
213,212,13,-0.5611770333938056,0,FALSE,ok,ecb_pc,bps_next,text_clean
214,213,12,0.9397647215486168,0,FALSE,ok,ecb_pc,bps_next,text_clean
215,214,17,-0.4959005682091513,0,TRUE,ok,ecb_pc,bps_next,text_clean
216,215,16,-0.5235441148910259,0,FALSE,ok,ecb_pc,bps_next,text_clean
217,216,16,-0.5427012473685736,0,FALSE,ok,ecb_pc,bps_next,text_clean
218,217,16,-0.48227044768102467,0,FALSE,ok,ecb_pc,bps_next,text_clean
219,218,19,-0.4272990198949691,0,TRUE,ok,ecb_pc,bps_next,text_clean
220,219,19,-12.46077066447527,0,FALSE,ok,ecb_pc,bps_next,text_clean
221,220,19,-0.5594139557061101,0,FALSE,ok,ecb_pc,bps_next,text_clean
222,221,19,-0.09370455287032527,50,FALSE,ok,ecb_pc,bps_next,text_clean
223,222,200,2.425,75,TRUE,ok,ecb_pc,bps_next,text_clean
224,223,200,8.722619047619048,75,FALSE,ok,ecb_pc,bps_next,text_clean
225,224,200,20.59166666666667,50,FALSE,ok,ecb_pc,bps_next,text_clean
226,225,200,15.107142857142858,50,FALSE,ok,ecb_pc,bps_next,text_clean
227,226,39,39.80570818070817,50,TRUE,ok,ecb_pc,bps_next,text_clean
228,227,39,31.962276119402983,25,FALSE,ok,ecb_pc,bps_next,text_clean
229,228,39,41.42083333333334,25,FALSE,ok,ecb_pc,bps_next,text_clean
230,229,39,20.74809357309357,25,FALSE,ok,ecb_pc,bps_next,text_clean
231,230,42,27.001785714285717,25,TRUE,ok,ecb_pc,bps_next,text_clean
232,231,42,26.073809523809523,0,FALSE,ok,ecb_pc,bps_next,text_clean
233,232,41,22.705350140056026,0,FALSE,ok,ecb_pc,bps_next,text_clean
234,233,41,13.356385281385284,0,FALSE,ok,ecb_pc,bps_next,text_clean
235,234,10,17.75406327107679,0,TRUE,ok,ecb_pc,bps_next,text_clean
236,235,10,0.8900124511841079,0,FALSE,ok,ecb_pc,bps_next,text_clean
237,236,10,0.8431977792133515,-25,FALSE,ok,ecb_pc,bps_next,text_clean
238,237,10,13.396050343059729,0,FALSE,ok,ecb_pc,bps_next,text_clean
239,238,13,13.983980451495741,-60,TRUE,ok,ecb_pc,bps_next,text_clean
240,239,13,6.843046309646285,-25,FALSE,ok,ecb_pc,bps_next,text_clean
241,240,13,3.855182232890379,-25,FALSE,ok,ecb_pc,bps_next,text_clean
242,241,13,0.34574290099849164,-25,FALSE,ok,ecb_pc,bps_next,text_clean
243,242,33,-19.394464285714285,-25,TRUE,ok,ecb_pc,bps_next,text_clean
244,243,33,-15.241805555555555,-25,FALSE,ok,ecb_pc,bps_next,text_clean
245,244,33,-0.7368972981041947,-25,FALSE,ok,ecb_pc,bps_next,text_clean
246,245,33,-1.352480158730159,0,FALSE,ok,ecb_pc,bps_next,text_clean
247,246,36,-19.094310224089632,0,TRUE,ok,ecb_pc,bps_next,text_clean
248,247,35,-17.47767857142857,0,FALSE,ok,ecb_pc,bps_next,text_clean
249,248,35,-8.19423076923077,0,FALSE,ok,ecb_pc,bps_next,text_clean
250,249,35,-7.27688836361437,0,FALSE,ok,ecb_pc,bps_next,text_clean
31,30,200,1.525,-50,TRUE,ok,ecb_pc,bps_next2,text_clean
32,31,200,2.25,0,FALSE,ok,ecb_pc,bps_next2,text_clean
33,32,200,-3.4625,0,FALSE,ok,ecb_pc,bps_next2,text_clean
34,33,200,-2.8625,0,FALSE,ok,ecb_pc,bps_next2,text_clean
35,34,200,-0.3583333333333333,0,TRUE,ok,ecb_pc,bps_next2,text_clean
36,35,200,-2.6875,-50,FALSE,ok,ecb_pc,bps_next2,text_clean
37,36,200,-6.991666666666667,0,FALSE,ok,ecb_pc,bps_next2,text_clean
38,37,200,-5.4875,0,FALSE,ok,ecb_pc,bps_next2,text_clean
39,38,200,-10.758333333333333,0,TRUE,ok,ecb_pc,bps_next2,text_clean
40,39,200,-4.016666666666667,0,FALSE,ok,ecb_pc,bps_next2,text_clean
41,40,200,-7.154166666666666,0,FALSE,ok,ecb_pc,bps_next2,text_clean
42,41,200,2.575,0,FALSE,ok,ecb_pc,bps_next2,text_clean
43,42,20,0.03571428571428572,0,TRUE,ok,ecb_pc,bps_next2,text_clean
44,43,20,6.338748894783378,0,FALSE,ok,ecb_pc,bps_next2,text_clean
45,44,20,0.026282051282051282,0,FALSE,ok,ecb_pc,bps_next2,text_clean
46,45,20,2.583333333333334,0,FALSE,ok,ecb_pc,bps_next2,text_clean
47,46,200,-0.06249999999999991,0,TRUE,ok,ecb_pc,bps_next2,text_clean
48,47,200,-4.558333333333334,0,FALSE,ok,ecb_pc,bps_next2,text_clean
49,48,200,-1.6833333333333333,0,FALSE,ok,ecb_pc,bps_next2,text_clean
50,49,200,-0.041666666666666644,0,FALSE,ok,ecb_pc,bps_next2,text_clean
51,50,47,-6.658333333333334,0,TRUE,ok,ecb_pc,bps_next2,text_clean
52,51,47,-3.025,0,FALSE,ok,ecb_pc,bps_next2,text_clean
53,52,47,-0.5333333333333333,0,FALSE,ok,ecb_pc,bps_next2,text_clean
54,53,47,-0.8333333333333335,0,FALSE,ok,ecb_pc,bps_next2,text_clean
55,54,200,-3.125,0,TRUE,ok,ecb_pc,bps_next2,text_clean
56,55,200,-3.6208333333333336,0,FALSE,ok,ecb_pc,bps_next2,text_clean
57,56,200,-0.16666666666666657,0,FALSE,ok,ecb_pc,bps_next2,text_clean
58,57,200,-4.104166666666666,0,FALSE,ok,ecb_pc,bps_next2,text_clean
59,58,200,1.6916666666666669,0,TRUE,ok,ecb_pc,bps_next2,text_clean
60,59,200,-1,0,FALSE,ok,ecb_pc,bps_next2,text_clean
61,60,200,1.8791666666666669,0,FALSE,ok,ecb_pc,bps_next2,text_clean
62,61,200,-1.25,25,FALSE,ok,ecb_pc,bps_next2,text_clean
63,62,5,0.8276294976463099,0,TRUE,ok,ecb_pc,bps_next2,text_clean
64,63,5,0.6469505831391851,0,FALSE,ok,ecb_pc,bps_next2,text_clean
65,64,5,0.6171475782035177,25,FALSE,ok,ecb_pc,bps_next2,text_clean
66,65,5,1.076216612128887,0,FALSE,ok,ecb_pc,bps_next2,text_clean
67,66,200,1.6500000000000004,0,TRUE,ok,ecb_pc,bps_next2,text_clean
68,67,200,1.9,25,FALSE,ok,ecb_pc,bps_next2,text_clean
69,68,200,11.158333333333333,0,FALSE,ok,ecb_pc,bps_next2,text_clean
70,69,200,4.7250000000000005,25,FALSE,ok,ecb_pc,bps_next2,text_clean
71,70,200,8.920238095238096,0,TRUE,ok,ecb_pc,bps_next2,text_clean
72,71,200,5.075,25,FALSE,ok,ecb_pc,bps_next2,text_clean
73,72,200,-2.358333333333333,25,FALSE,ok,ecb_pc,bps_next2,text_clean
74,73,200,9.266666666666666,0,FALSE,ok,ecb_pc,bps_next2,text_clean
75,74,200,7.350000000000001,0,TRUE,ok,ecb_pc,bps_next2,text_clean
76,75,200,7.770833333333332,25,FALSE,ok,ecb_pc,bps_next2,text_clean
77,76,200,8.358333333333334,0,FALSE,ok,ecb_pc,bps_next2,text_clean
78,77,200,10.95,0,FALSE,ok,ecb_pc,bps_next2,text_clean
79,78,200,8.993055555555554,25,TRUE,ok,ecb_pc,bps_next2,text_clean
80,79,200,8.816666666666666,0,FALSE,ok,ecb_pc,bps_next2,text_clean
81,80,200,1.9125,0,FALSE,ok,ecb_pc,bps_next2,text_clean
82,81,200,-4.416666666666667,0,FALSE,ok,ecb_pc,bps_next2,text_clean
83,82,5,2.7788256837535217,0,TRUE,ok,ecb_pc,bps_next2,text_clean
84,83,5,19.283094123741193,0,FALSE,ok,ecb_pc,bps_next2,text_clean
85,84,5,2.7318112514912354,0,FALSE,ok,ecb_pc,bps_next2,text_clean
86,85,5,2.8584196451107182,0,FALSE,ok,ecb_pc,bps_next2,text_clean
87,86,200,1.4625,0,TRUE,ok,ecb_pc,bps_next2,text_clean
88,87,200,4.316666666666666,0,FALSE,ok,ecb_pc,bps_next2,text_clean
89,88,200,-0.6958333333333334,0,FALSE,ok,ecb_pc,bps_next2,text_clean
90,89,200,-0.2291666666666667,0,FALSE,ok,ecb_pc,bps_next2,text_clean
91,90,200,1.85,25,TRUE,ok,ecb_pc,bps_next2,text_clean
92,91,200,2.7500000000000004,0,FALSE,ok,ecb_pc,bps_next2,text_clean
93,92,200,2.1875,0,FALSE,ok,ecb_pc,bps_next2,text_clean
94,93,200,1.3416666666666668,0,FALSE,ok,ecb_pc,bps_next2,text_clean
95,94,10,2.5296477392489845,-50,TRUE,ok,ecb_pc,bps_next2,text_clean
96,95,10,1.5967212907350576,0,FALSE,ok,ecb_pc,bps_next2,text_clean
97,96,10,1.6181528236025426,-50,FALSE,ok,ecb_pc,bps_next2,text_clean
98,97,10,0.6028077360970971,0,FALSE,ok,ecb_pc,bps_next2,text_clean
99,98,200,0.6291666666666668,-50,TRUE,ok,ecb_pc,bps_next2,text_clean
100,99,200,-7.808333333333333,-25,FALSE,ok,ecb_pc,bps_next2,text_clean
101,100,200,-6.783333333333334,-25,FALSE,ok,ecb_pc,bps_next2,text_clean
102,101,200,-10.4125,0,FALSE,ok,ecb_pc,bps_next2,text_clean
103,102,29,-10.574080086580084,0,TRUE,ok,ecb_pc,bps_next2,text_clean
104,103,27,-8.001157407407407,0,FALSE,ok,ecb_pc,bps_next2,text_clean
105,104,27,0.653080919629304,0,FALSE,ok,ecb_pc,bps_next2,text_clean
106,105,26,5.702949608726392,0,FALSE,ok,ecb_pc,bps_next2,text_clean
107,106,17,-11.843821480765206,0,TRUE,ok,ecb_pc,bps_next2,text_clean
108,107,17,-17.77581271003712,0,FALSE,ok,ecb_pc,bps_next2,text_clean
109,108,17,-0.9973774282551612,0,FALSE,ok,ecb_pc,bps_next2,text_clean
110,109,17,-11.010910166641867,0,FALSE,ok,ecb_pc,bps_next2,text_clean
111,110,5,2.2541171675322387,0,TRUE,ok,ecb_pc,bps_next2,text_clean
112,111,5,2.0159038786920833,0,FALSE,ok,ecb_pc,bps_next2,text_clean
113,112,5,2.0355748594003975,0,FALSE,ok,ecb_pc,bps_next2,text_clean
114,113,5,2.0865510072027242,0,FALSE,ok,ecb_pc,bps_next2,text_clean
115,114,11,0.8113247851860192,0,TRUE,ok,ecb_pc,bps_next2,text_clean
116,115,11,0.8195783939506152,0,FALSE,ok,ecb_pc,bps_next2,text_clean
117,116,10,0.7347286786204777,0,FALSE,ok,ecb_pc,bps_next2,text_clean
118,117,10,0.6721240739283814,0,FALSE,ok,ecb_pc,bps_next2,text_clean
119,118,14,13.039762464485056,0,TRUE,ok,ecb_pc,bps_next2,text_clean
120,119,14,0.18776412040420237,0,FALSE,ok,ecb_pc,bps_next2,text_clean
121,120,14,0.7067675787913175,0,FALSE,ok,ecb_pc,bps_next2,text_clean
122,121,13,1.1664513787743065,0,FALSE,ok,ecb_pc,bps_next2,text_clean
123,122,14,1.284524978691277,0,TRUE,ok,ecb_pc,bps_next2,text_clean
124,123,14,1.2373684722084606,25,FALSE,ok,ecb_pc,bps_next2,text_clean
125,124,13,5.670617975339537,0,FALSE,ok,ecb_pc,bps_next2,text_clean
126,125,13,2.0043628851750284,0,FALSE,ok,ecb_pc,bps_next2,text_clean
127,126,7,1.689040232498523,25,TRUE,ok,ecb_pc,bps_next2,text_clean
128,127,7,1.0302062592764467,0,FALSE,ok,ecb_pc,bps_next2,text_clean
129,128,7,1.9973823045295662,0,FALSE,ok,ecb_pc,bps_next2,text_clean
130,129,7,0.30156877320152026,0,FALSE,ok,ecb_pc,bps_next2,text_clean
131,130,13,1.9596222870875233,-25,TRUE,ok,ecb_pc,bps_next2,text_clean
132,131,13,0.5165781139321769,-25,FALSE,ok,ecb_pc,bps_next2,text_clean
133,132,13,1.5507082657377333,0,FALSE,ok,ecb_pc,bps_next2,text_clean
134,133,13,1.643482961422004,0,FALSE,ok,ecb_pc,bps_next2,text_clean
135,134,21,-18.945833333333333,0,TRUE,ok,ecb_pc,bps_next2,text_clean
136,135,21,3.8367954415917196,0,FALSE,ok,ecb_pc,bps_next2,text_clean
137,136,21,-0.0731219064543843,0,FALSE,ok,ecb_pc,bps_next2,text_clean
138,137,21,-10.569902938182203,-25,FALSE,ok,ecb_pc,bps_next2,text_clean
139,138,15,-0.07124651586108997,0,TRUE,ok,ecb_pc,bps_next2,text_clean
140,139,15,0.001875180403764049,0,FALSE,ok,ecb_pc,bps_next2,text_clean
141,140,15,0.004672756019199661,0,FALSE,ok,ecb_pc,bps_next2,text_clean
142,141,15,-0.06090438089029195,0,FALSE,ok,ecb_pc,bps_next2,text_clean
143,142,25,0.5883314054366682,0,TRUE,ok,ecb_pc,bps_next2,text_clean
144,143,25,-7.151631202246879,0,FALSE,ok,ecb_pc,bps_next2,text_clean
145,144,25,-17.0724286262261,0,FALSE,ok,ecb_pc,bps_next2,text_clean
146,145,25,-0.025975611615745353,0,FALSE,ok,ecb_pc,bps_next2,text_clean
147,146,52,0,-25,TRUE,ok,ecb_pc,bps_next2,text_clean
148,147,52,-0.07177837424981653,0,FALSE,ok,ecb_pc,bps_next2,text_clean
149,148,51,-3.7775132275132277,0,FALSE,ok,ecb_pc,bps_next2,text_clean
150,149,51,-5.181101046698873,0,FALSE,ok,ecb_pc,bps_next2,text_clean
151,150,87,5.905059523809524,0,TRUE,ok,ecb_pc,bps_next2,text_clean
152,151,87,-2.870833333333333,0,FALSE,ok,ecb_pc,bps_next2,text_clean
153,152,87,0.2981060606060606,-25,FALSE,ok,ecb_pc,bps_next2,text_clean
154,153,85,10.614285714285714,0,FALSE,ok,ecb_pc,bps_next2,text_clean
155,154,16,12.7675129441395,0,TRUE,ok,ecb_pc,bps_next2,text_clean
156,155,16,3.5744047619047614,0,FALSE,ok,ecb_pc,bps_next2,text_clean
157,156,16,3.5445360195360194,0,FALSE,ok,ecb_pc,bps_next2,text_clean
158,157,16,3.6052347180006747,0,FALSE,ok,ecb_pc,bps_next2,text_clean
159,158,17,-0.5314055209381983,-10,TRUE,ok,ecb_pc,bps_next2,text_clean
160,159,17,-0.6615755888843483,0,FALSE,ok,ecb_pc,bps_next2,text_clean
161,160,17,-0.7631118056386194,0,FALSE,ok,ecb_pc,bps_next2,text_clean
162,161,17,-15.51934523809524,-10,FALSE,ok,ecb_pc,bps_next2,text_clean
163,162,14,-0.6354744435349562,0,TRUE,ok,ecb_pc,bps_next2,text_clean
164,163,14,-0.6027447936842625,0,FALSE,ok,ecb_pc,bps_next2,text_clean
165,164,14,-0.6020855619819812,0,FALSE,ok,ecb_pc,bps_next2,text_clean
166,165,14,-0.5596039286308128,0,FALSE,ok,ecb_pc,bps_next2,text_clean
167,166,10,0.12134888248547016,0,TRUE,ok,ecb_pc,bps_next2,text_clean
168,167,10,0.16403558501161544,0,FALSE,ok,ecb_pc,bps_next2,text_clean
169,168,10,0.21335478348974385,0,FALSE,ok,ecb_pc,bps_next2,text_clean
170,169,10,0.09375282781675276,0,FALSE,ok,ecb_pc,bps_next2,text_clean
171,170,15,-0.5635696679284756,0,TRUE,ok,ecb_pc,bps_next2,text_clean
172,171,15,9.515447814417938,0,FALSE,ok,ecb_pc,bps_next2,text_clean
173,172,15,6.739937365291298,-5,FALSE,ok,ecb_pc,bps_next2,text_clean
174,173,15,8.172068016371641,0,FALSE,ok,ecb_pc,bps_next2,text_clean
175,174,22,-1.0746608145910015,0,TRUE,ok,ecb_pc,bps_next2,text_clean
176,175,22,-1.071726925896961,0,FALSE,ok,ecb_pc,bps_next2,text_clean
177,176,22,-1.0634444895234128,0,FALSE,ok,ecb_pc,bps_next2,text_clean
178,177,22,-1.0885131112218256,0,FALSE,ok,ecb_pc,bps_next2,text_clean
179,178,9,-2.1485270699020673,0,TRUE,ok,ecb_pc,bps_next2,text_clean
180,179,9,-0.3962409283698969,0,FALSE,ok,ecb_pc,bps_next2,text_clean
181,180,9,-0.42210399105345964,0,FALSE,ok,ecb_pc,bps_next2,text_clean
182,181,9,-0.39571361782696424,0,FALSE,ok,ecb_pc,bps_next2,text_clean
183,182,18,-0.426523410658027,0,TRUE,ok,ecb_pc,bps_next2,text_clean
184,183,17,-0.3949778310755445,0,FALSE,ok,ecb_pc,bps_next2,text_clean
185,184,17,-0.3510440746165534,0,FALSE,ok,ecb_pc,bps_next2,text_clean
186,185,17,5.443502755342211,0,FALSE,ok,ecb_pc,bps_next2,text_clean
187,186,200,-2.026666666666667,0,TRUE,ok,ecb_pc,bps_next2,text_clean
188,187,200,-0.7625,0,FALSE,ok,ecb_pc,bps_next2,text_clean
189,188,200,-4.616666666666667,0,FALSE,ok,ecb_pc,bps_next2,text_clean
190,189,200,-2.8025,0,FALSE,ok,ecb_pc,bps_next2,text_clean
191,190,15,-2.714954782480991,0,TRUE,ok,ecb_pc,bps_next2,text_clean
192,191,15,-0.5754168385392127,0,FALSE,ok,ecb_pc,bps_next2,text_clean
193,192,15,-0.5847476290861302,0,FALSE,ok,ecb_pc,bps_next2,text_clean
194,193,15,-6.125116781556577,0,FALSE,ok,ecb_pc,bps_next2,text_clean
195,194,14,-0.6811894584726023,0,TRUE,ok,ecb_pc,bps_next2,text_clean
196,195,14,-0.600871983448764,0,FALSE,ok,ecb_pc,bps_next2,text_clean
197,196,14,-0.5048071168715077,0,FALSE,ok,ecb_pc,bps_next2,text_clean
198,197,14,-0.5316389876503189,0,FALSE,ok,ecb_pc,bps_next2,text_clean
199,198,18,-0.41425231941078494,0,TRUE,ok,ecb_pc,bps_next2,text_clean
200,199,18,-0.39696132547625107,0,FALSE,ok,ecb_pc,bps_next2,text_clean
201,200,18,-0.4525140844423485,0,FALSE,ok,ecb_pc,bps_next2,text_clean
202,201,18,-0.47204105932697954,0,FALSE,ok,ecb_pc,bps_next2,text_clean
203,202,14,-0.5147403807112763,0,TRUE,ok,ecb_pc,bps_next2,text_clean
204,203,14,-0.5030008913324747,0,FALSE,ok,ecb_pc,bps_next2,text_clean
205,204,14,-17.637138914886012,0,FALSE,ok,ecb_pc,bps_next2,text_clean
206,205,14,-2.3508055978236517,0,FALSE,ok,ecb_pc,bps_next2,text_clean
207,206,11,-0.16847658696725273,0,TRUE,ok,ecb_pc,bps_next2,text_clean
208,207,11,-0.5868190836012438,0,FALSE,ok,ecb_pc,bps_next2,text_clean
209,208,11,-0.12042522258992606,0,FALSE,ok,ecb_pc,bps_next2,text_clean
210,209,11,-0.5049150114808199,0,FALSE,ok,ecb_pc,bps_next2,text_clean
211,210,14,-0.43779150682067935,0,TRUE,ok,ecb_pc,bps_next2,text_clean
212,211,13,-0.020299937231106995,0,FALSE,ok,ecb_pc,bps_next2,text_clean
213,212,13,1.621673249243652,0,FALSE,ok,ecb_pc,bps_next2,text_clean
214,213,13,9.610632530337488,0,FALSE,ok,ecb_pc,bps_next2,text_clean
215,214,14,20.105346640237595,0,TRUE,ok,ecb_pc,bps_next2,text_clean
216,215,14,-0.44433356846095406,0,FALSE,ok,ecb_pc,bps_next2,text_clean
217,216,13,-0.5324675592757958,0,FALSE,ok,ecb_pc,bps_next2,text_clean
218,217,13,-0.1455549978264689,0,FALSE,ok,ecb_pc,bps_next2,text_clean
219,218,10,-0.01936845842243189,0,TRUE,ok,ecb_pc,bps_next2,text_clean
220,219,10,-0.09680319532179586,0,FALSE,ok,ecb_pc,bps_next2,text_clean
221,220,10,-4.233301559351713,50,FALSE,ok,ecb_pc,bps_next2,text_clean
222,221,10,-2.9134728828717376,75,FALSE,ok,ecb_pc,bps_next2,text_clean
223,222,8,1.6677730571823246,75,TRUE,ok,ecb_pc,bps_next2,text_clean
224,223,8,17.14396831890044,50,FALSE,ok,ecb_pc,bps_next2,text_clean
225,224,8,33.6608669842108,50,FALSE,ok,ecb_pc,bps_next2,text_clean
226,225,8,29.427683792815372,50,FALSE,ok,ecb_pc,bps_next2,text_clean
227,226,11,41.963095238095235,25,TRUE,ok,ecb_pc,bps_next2,text_clean
228,227,10,26.291290653790657,25,FALSE,ok,ecb_pc,bps_next2,text_clean
229,228,10,33.45924369747899,25,FALSE,ok,ecb_pc,bps_next2,text_clean
230,229,10,15.37810295666703,25,FALSE,ok,ecb_pc,bps_next2,text_clean
231,230,6,19.04120846870226,0,TRUE,ok,ecb_pc,bps_next2,text_clean
232,231,6,33.76898496240602,0,FALSE,ok,ecb_pc,bps_next2,text_clean
233,232,6,38.190773809523805,0,FALSE,ok,ecb_pc,bps_next2,text_clean
234,233,6,26.09191086691086,0,FALSE,ok,ecb_pc,bps_next2,text_clean
235,234,6,5.955611725744181,0,TRUE,ok,ecb_pc,bps_next2,text_clean
236,235,6,0.042120937806148166,-25,FALSE,ok,ecb_pc,bps_next2,text_clean
237,236,6,17.502624872579,0,FALSE,ok,ecb_pc,bps_next2,text_clean
238,237,6,0.46892437254225716,-60,FALSE,ok,ecb_pc,bps_next2,text_clean
239,238,7,-0.01996916279074542,-25,TRUE,ok,ecb_pc,bps_next2,text_clean
240,239,7,-0.1811694081939513,-25,FALSE,ok,ecb_pc,bps_next2,text_clean
241,240,7,-0.3011874171084719,-25,FALSE,ok,ecb_pc,bps_next2,text_clean
242,241,7,-0.5144500286021164,-25,FALSE,ok,ecb_pc,bps_next2,text_clean
243,242,34,-23.278541990416983,-25,TRUE,ok,ecb_pc,bps_next2,text_clean
244,243,34,-7.935410322287054,-25,FALSE,ok,ecb_pc,bps_next2,text_clean
245,244,34,-8.130807549842492,0,FALSE,ok,ecb_pc,bps_next2,text_clean
246,245,34,-4.443163022627419,0,FALSE,ok,ecb_pc,bps_next2,text_clean
247,246,16,-9.847307832602311,0,TRUE,ok,ecb_pc,bps_next2,text_clean
248,247,16,-1.847325540472599,0,FALSE,ok,ecb_pc,bps_next2,text_clean
249,248,16,-4.867471674983034,0,FALSE,ok,ecb_pc,bps_next2,text_clean
250,249,15,-2.3371933320200373,0,FALSE,ok,ecb_pc,bps_next2,text_clean
31,30,200,-0.38564166666666133,0.200000000000022,TRUE,ok,ecb_pc,y2_next,text_clean
32,31,200,-0.01582499999999335,0.499999999999989,FALSE,ok,ecb_pc,y2_next,text_clean
33,32,200,0.08000000000000544,1.79999999999998,FALSE,ok,ecb_pc,y2_next,text_clean
34,33,200,0.13741666666666064,1.74999999999996,FALSE,ok,ecb_pc,y2_next,text_clean
35,34,15,0.21396777767642067,0.499999999999989,TRUE,ok,ecb_pc,y2_next,text_clean
36,35,15,0.291983925827648,0.249999999999995,FALSE,ok,ecb_pc,y2_next,text_clean
37,36,15,1.0693644108764047,0,FALSE,ok,ecb_pc,y2_next,text_clean
38,37,15,0.31548948432921536,0.249999999999995,FALSE,ok,ecb_pc,y2_next,text_clean
39,38,23,0.23713455355918214,0.4,TRUE,ok,ecb_pc,y2_next,text_clean
40,39,23,0.4278890316627742,0.300000000000011,FALSE,ok,ecb_pc,y2_next,text_clean
41,40,23,0.21030666689562383,0.699999999999967,FALSE,ok,ecb_pc,y2_next,text_clean
42,41,23,0.5613288366774409,0,FALSE,ok,ecb_pc,y2_next,text_clean
43,42,26,0.20712773532563528,0.300000000000011,TRUE,ok,ecb_pc,y2_next,text_clean
44,43,26,-0.05342440476190078,0.499999999999989,FALSE,ok,ecb_pc,y2_next,text_clean
45,44,26,0.3772132922632913,0.300000000000011,FALSE,ok,ecb_pc,y2_next,text_clean
46,45,26,0.33977906194682556,-0.699999999999967,FALSE,ok,ecb_pc,y2_next,text_clean
47,46,21,0.23748882861097298,-0.649999999999995,TRUE,ok,ecb_pc,y2_next,text_clean
48,47,21,0.15162832340362706,-0.199999999999978,FALSE,ok,ecb_pc,y2_next,text_clean
49,48,21,-0.291407248836513,0,FALSE,ok,ecb_pc,y2_next,text_clean
50,49,21,-0.148221396506849,0.200000000000022,FALSE,ok,ecb_pc,y2_next,text_clean
51,50,29,0.1804453511464422,0.09999999999998901,TRUE,ok,ecb_pc,y2_next,text_clean
52,51,29,0.1299380935127683,0,FALSE,ok,ecb_pc,y2_next,text_clean
53,52,29,-0.005327713952708883,-0.700000000000012,FALSE,ok,ecb_pc,y2_next,text_clean
54,53,29,0.05220149291498178,-0.89999999999999,FALSE,ok,ecb_pc,y2_next,text_clean
55,54,22,0.11041373888981797,-0.700000000000012,TRUE,ok,ecb_pc,y2_next,text_clean
56,55,22,0.3782044979873808,-0.449999999999973,FALSE,ok,ecb_pc,y2_next,text_clean
57,56,22,-0.261210334834144,1.14999999999998,FALSE,ok,ecb_pc,y2_next,text_clean
58,57,22,0.20259746575887289,0.89999999999999,FALSE,ok,ecb_pc,y2_next,text_clean
59,58,20,0.7438277424133907,-0.700000000000012,TRUE,ok,ecb_pc,y2_next,text_clean
60,59,20,0.3887948975861637,-0.150000000000006,FALSE,ok,ecb_pc,y2_next,text_clean
61,60,20,0.23292400654911463,0,FALSE,ok,ecb_pc,y2_next,text_clean
62,61,20,0.12987482475474277,0.250000000000039,FALSE,ok,ecb_pc,y2_next,text_clean
63,62,41,0.2816198051948052,-0.349999999999984,TRUE,ok,ecb_pc,y2_next,text_clean
64,63,41,0.05987345585831925,0.09999999999998901,FALSE,ok,ecb_pc,y2_next,text_clean
65,64,41,0.08425764224881867,-0.150000000000006,FALSE,ok,ecb_pc,y2_next,text_clean
66,65,41,0.1264564128878751,-0.10000000000003301,FALSE,ok,ecb_pc,y2_next,text_clean
67,66,26,-0.2573806600670592,0,TRUE,ok,ecb_pc,y2_next,text_clean
68,67,26,-0.49103626359047026,-0.549999999999962,FALSE,ok,ecb_pc,y2_next,text_clean
69,68,26,-0.046295421017332215,0.499999999999989,FALSE,ok,ecb_pc,y2_next,text_clean
70,69,26,0.11801709617729726,0.600000000000023,FALSE,ok,ecb_pc,y2_next,text_clean
71,70,35,-0.006393701633047608,-0.150000000000006,TRUE,ok,ecb_pc,y2_next,text_clean
72,71,35,-0.08886110066833425,0.89999999999999,FALSE,ok,ecb_pc,y2_next,text_clean
73,72,35,-0.005645209609908431,-0.10000000000003301,FALSE,ok,ecb_pc,y2_next,text_clean
74,73,35,-0.4508469094957367,-0.549999999999962,FALSE,ok,ecb_pc,y2_next,text_clean
75,74,42,0.17599810335061997,-0.199999999999978,TRUE,ok,ecb_pc,y2_next,text_clean
76,75,42,-0.04466813303019911,-0.8500000000000171,FALSE,ok,ecb_pc,y2_next,text_clean
77,76,42,-0.33615003052503334,0.699999999999967,FALSE,ok,ecb_pc,y2_next,text_clean
78,77,42,0.08433816296630768,-1.05000000000004,FALSE,ok,ecb_pc,y2_next,text_clean
79,78,57,-0.036883381487793854,-1.55000000000003,TRUE,ok,ecb_pc,y2_next,text_clean
80,79,57,-0.27688000965538295,-0.300000000000011,FALSE,ok,ecb_pc,y2_next,text_clean
81,80,57,-0.32280400432899803,-0.600000000000023,FALSE,ok,ecb_pc,y2_next,text_clean
82,81,57,-0.25805725108225785,-0.199999999999978,FALSE,ok,ecb_pc,y2_next,text_clean
83,82,15,-0.25180020923322877,1.90000000000001,TRUE,ok,ecb_pc,y2_next,text_clean
84,83,15,1.002132422203346,2.10000000000001,FALSE,ok,ecb_pc,y2_next,text_clean
85,84,15,0.2199685018631084,-1.49999999999999,FALSE,ok,ecb_pc,y2_next,text_clean
86,85,15,0.04544706786114038,-1.29999999999999,FALSE,ok,ecb_pc,y2_next,text_clean
87,86,200,-0.014666666666662902,1.35000000000001,TRUE,ok,ecb_pc,y2_next,text_clean
88,87,200,0.3438416666666675,4.45,FALSE,ok,ecb_pc,y2_next,text_clean
89,88,200,0.7841488095238099,2.39999999999998,FALSE,ok,ecb_pc,y2_next,text_clean
90,89,200,1.1499916666666594,0.499999999999989,FALSE,ok,ecb_pc,y2_next,text_clean
91,90,200,0.30698095238095235,1.6,TRUE,ok,ecb_pc,y2_next,text_clean
92,91,200,0.7139059523809513,0.300000000000011,FALSE,ok,ecb_pc,y2_next,text_clean
93,92,200,0.24712499999999807,0.750000000000006,FALSE,ok,ecb_pc,y2_next,text_clean
94,93,200,0.2857874999999927,-0.250000000000017,FALSE,ok,ecb_pc,y2_next,text_clean
95,94,200,0.439539285714282,0.2,TRUE,ok,ecb_pc,y2_next,text_clean
96,95,200,0.5661845238095237,0.369999999999981,FALSE,ok,ecb_pc,y2_next,text_clean
97,96,200,0.48188999999999305,0.170000000000003,FALSE,ok,ecb_pc,y2_next,text_clean
98,97,200,0.6003683333333328,-0.660000000000016,FALSE,ok,ecb_pc,y2_next,text_clean
99,98,200,0.3687433333333302,-0.190000000000001,TRUE,ok,ecb_pc,y2_next,text_clean
100,99,200,-0.2399383333333362,0,FALSE,ok,ecb_pc,y2_next,text_clean
101,100,200,0.3213066666666631,0.319999999999998,FALSE,ok,ecb_pc,y2_next,text_clean
102,101,200,0.44321984848484575,1.65,FALSE,ok,ecb_pc,y2_next,text_clean
103,102,16,0.19457303716246518,0.149999999999995,TRUE,ok,ecb_pc,y2_next,text_clean
104,103,16,0.25661972071379086,0.160000000000005,FALSE,ok,ecb_pc,y2_next,text_clean
105,104,16,0.20256607227382065,-0.4,FALSE,ok,ecb_pc,y2_next,text_clean
106,105,16,0.8858131162618554,0.0700000000000034,FALSE,ok,ecb_pc,y2_next,text_clean
107,106,200,0.36811998168498117,0.219999999999998,TRUE,ok,ecb_pc,y2_next,text_clean
108,107,200,0.2559883333333348,0.479999999999992,FALSE,ok,ecb_pc,y2_next,text_clean
109,108,200,0.3809966666666618,-0.4500000000000169,FALSE,ok,ecb_pc,y2_next,text_clean
110,109,200,0.13809499999999922,2.56000000000001,FALSE,ok,ecb_pc,y2_next,text_clean
111,110,33,0.9502384944964565,0.259999999999994,TRUE,ok,ecb_pc,y2_next,text_clean
112,111,32,1.363558222303655,-0.4500000000000169,FALSE,ok,ecb_pc,y2_next,text_clean
113,112,31,-0.0750281533796539,-0.150000000000006,FALSE,ok,ecb_pc,y2_next,text_clean
114,113,31,0.4362453874925458,-0.8799999999999921,FALSE,ok,ecb_pc,y2_next,text_clean
115,114,200,-0.0962300000000043,-0.9000000000000121,TRUE,ok,ecb_pc,y2_next,text_clean
116,115,200,-0.022761666666668855,0.8099999999999999,FALSE,ok,ecb_pc,y2_next,text_clean
117,116,200,0.4632621428571394,-2.15,FALSE,ok,ecb_pc,y2_next,text_clean
118,117,200,0.3089266666666657,5.19999999999999,FALSE,ok,ecb_pc,y2_next,text_clean
119,118,200,0.3223166666666642,-8.25,TRUE,ok,ecb_pc,y2_next,text_clean
120,119,200,-0.9260300000000034,2.05,FALSE,ok,ecb_pc,y2_next,text_clean
121,120,200,0.07657142857142678,0.1,FALSE,ok,ecb_pc,y2_next,text_clean
122,121,200,0.8104683333333296,-0.4,FALSE,ok,ecb_pc,y2_next,text_clean
123,122,200,0.7726175793650768,-0.1,TRUE,ok,ecb_pc,y2_next,text_clean
124,123,200,-0.49415928571428575,0.900000000000001,FALSE,ok,ecb_pc,y2_next,text_clean
125,124,200,0.5746935714285687,0.550000000000001,FALSE,ok,ecb_pc,y2_next,text_clean
126,125,200,-0.18984928571428988,1.5,FALSE,ok,ecb_pc,y2_next,text_clean
127,126,200,0.5380409523809505,0.699999999999999,TRUE,ok,ecb_pc,y2_next,text_clean
128,127,200,0.7426466666666678,0.1,FALSE,ok,ecb_pc,y2_next,text_clean
129,128,200,-0.30780547619047377,0.399999999999999,FALSE,ok,ecb_pc,y2_next,text_clean
130,129,200,0.702998809523808,-0.35,FALSE,ok,ecb_pc,y2_next,text_clean
131,130,200,0.26774499999999973,1.05,TRUE,ok,ecb_pc,y2_next,text_clean
132,131,200,-0.26924166666666893,-0.2,FALSE,ok,ecb_pc,y2_next,text_clean
133,132,200,0.9126311111111124,1.05,FALSE,ok,ecb_pc,y2_next,text_clean
134,133,200,0.5800172222222219,-0.1,FALSE,ok,ecb_pc,y2_next,text_clean
135,134,200,0.4095445238095233,-0.1,TRUE,ok,ecb_pc,y2_next,text_clean
136,135,200,0.34299499999999966,0.1,FALSE,ok,ecb_pc,y2_next,text_clean
137,136,200,-0.053580158730159255,-0.4,FALSE,ok,ecb_pc,y2_next,text_clean
138,137,200,0.3338999999999976,-0.4,FALSE,ok,ecb_pc,y2_next,text_clean
139,138,200,-0.06590500000000113,-0.5,TRUE,ok,ecb_pc,y2_next,text_clean
140,139,200,-0.030446666666668776,0.4,FALSE,ok,ecb_pc,y2_next,text_clean
141,140,200,0.2120049999999993,-0.2,FALSE,ok,ecb_pc,y2_next,text_clean
142,141,200,0.07421833333333279,0.4,FALSE,ok,ecb_pc,y2_next,text_clean
143,142,200,0.09897476190476086,0.499999999999998,TRUE,ok,ecb_pc,y2_next,text_clean
144,143,200,0.17081499999999847,0.45,FALSE,ok,ecb_pc,y2_next,text_clean
145,144,195,-0.5694966666666661,1.3,FALSE,ok,ecb_pc,y2_next,text_clean
146,145,184,0.5543933333333331,0.3,FALSE,ok,ecb_pc,y2_next,text_clean
147,146,5,0.16938471505376754,0.5,TRUE,ok,ecb_pc,y2_next,text_clean
148,147,5,-0.6669904398744291,0,FALSE,ok,ecb_pc,y2_next,text_clean
149,148,5,0.19139620626760778,0.4,FALSE,ok,ecb_pc,y2_next,text_clean
150,149,5,0.3937470487771676,-5.4,FALSE,ok,ecb_pc,y2_next,text_clean
151,150,200,-0.9681700000000003,0.2,TRUE,ok,ecb_pc,y2_next,text_clean
152,151,200,-0.29291500000000004,0,FALSE,ok,ecb_pc,y2_next,text_clean
153,152,200,0.011904999999997628,0.1,FALSE,ok,ecb_pc,y2_next,text_clean
154,153,200,0.005679761904761839,0.269999999999999,FALSE,ok,ecb_pc,y2_next,text_clean
155,154,6,-0.7881601124668226,0.2,TRUE,ok,ecb_pc,y2_next,text_clean
156,155,5,0.20553192631502315,0.07000000000000059,FALSE,ok,ecb_pc,y2_next,text_clean
157,156,5,0.20875493463886602,0,FALSE,ok,ecb_pc,y2_next,text_clean
158,157,5,0.206779965428619,-0.2,FALSE,ok,ecb_pc,y2_next,text_clean
159,158,200,-0.03948249999999981,5.680000000000001,TRUE,ok,ecb_pc,y2_next,text_clean
160,159,200,0.5579883333333324,-0.145000000000001,FALSE,ok,ecb_pc,y2_next,text_clean
161,160,200,0.723728412698411,2.7,FALSE,ok,ecb_pc,y2_next,text_clean
162,161,200,0.34734916666666565,0,FALSE,ok,ecb_pc,y2_next,text_clean
163,162,200,2.1069891666666645,0,TRUE,ok,ecb_pc,y2_next,text_clean
164,163,200,0.5497563095238094,-0.4,FALSE,ok,ecb_pc,y2_next,text_clean
165,164,200,0.44016083333333234,1.15,FALSE,ok,ecb_pc,y2_next,text_clean
166,165,200,0.3415724999999988,-0.170000000000003,FALSE,ok,ecb_pc,y2_next,text_clean
167,166,200,-0.6192500000000019,1,TRUE,ok,ecb_pc,y2_next,text_clean
168,167,200,0.7898341666666664,-0.4,FALSE,ok,ecb_pc,y2_next,text_clean
169,168,200,0.747669999999998,-0.5650000000000049,FALSE,ok,ecb_pc,y2_next,text_clean
170,169,200,0.256746666666666,-0.414999999999999,FALSE,ok,ecb_pc,y2_next,text_clean
171,170,200,0.28657916666666683,-0.3000020980834961,TRUE,ok,ecb_pc,y2_next,text_clean
172,171,200,0.1391190093104035,-0.9000003337860107,FALSE,ok,ecb_pc,y2_next,text_clean
173,172,200,-0.1427640313761591,1.629999279975891,FALSE,ok,ecb_pc,y2_next,text_clean
174,173,200,0.054848058709644244,-0.5600005388259888,FALSE,ok,ecb_pc,y2_next,text_clean
175,174,200,-0.09913581168844714,0.1049995422363281,TRUE,ok,ecb_pc,y2_next,text_clean
176,175,200,-0.09180333964575044,-0.3150001168251038,FALSE,ok,ecb_pc,y2_next,text_clean
177,176,200,-0.06370711924115845,0.5250006914138794,FALSE,ok,ecb_pc,y2_next,text_clean
178,177,190,-0.04174085770895653,-0.2499997615814209,FALSE,ok,ecb_pc,y2_next,text_clean
179,178,5,0.1086985919431993,-2.380001544952393,TRUE,ok,ecb_pc,y2_next,text_clean
180,179,5,0.09047574104796423,-0.3000020980834961,FALSE,ok,ecb_pc,y2_next,text_clean
181,180,5,0.09091061915857601,-0.6000012159347534,FALSE,ok,ecb_pc,y2_next,text_clean
182,181,5,0.08842322902347056,0.2599999308586121,FALSE,ok,ecb_pc,y2_next,text_clean
183,182,200,-0.21900959391514355,-0.135001540184021,TRUE,ok,ecb_pc,y2_next,text_clean
184,183,200,-0.030077882405122897,-0.01999735832214355,FALSE,ok,ecb_pc,y2_next,text_clean
185,184,200,-0.14313776792685026,2.3499995470047,FALSE,ok,ecb_pc,y2_next,text_clean
186,185,200,0.643096258415779,-0.965,FALSE,ok,ecb_pc,y2_next,text_clean
187,186,200,0.7241431808590895,1.359999,TRUE,ok,ecb_pc,y2_next,text_clean
188,187,200,0.007752305177685965,-0.115,FALSE,ok,ecb_pc,y2_next,text_clean
189,188,200,0.8046723156411426,0.099999,FALSE,ok,ecb_pc,y2_next,text_clean
190,189,200,0.46571479156979373,-0.09000003337860107,FALSE,ok,ecb_pc,y2_next,text_clean
191,190,200,0.6403321568537463,6.850004196166992,TRUE,ok,ecb_pc,y2_next,text_clean
192,191,200,1.511161891942916,-1.099997758865356,FALSE,ok,ecb_pc,y2_next,text_clean
193,192,200,1.1806292546326522,-1.829996705055237,FALSE,ok,ecb_pc,y2_next,text_clean
194,193,200,-0.2913162171647081,-0.5150020122528076,FALSE,ok,ecb_pc,y2_next,text_clean
195,194,7,-0.8603415937362745,-0.3000020980834961,TRUE,ok,ecb_pc,y2_next,text_clean
196,195,7,0.3469511154241789,1.784998178482056,FALSE,ok,ecb_pc,y2_next,text_clean
197,196,7,0.13025008033340593,0.005000829696655273,FALSE,ok,ecb_pc,y2_next,text_clean
198,197,7,0.1203738307191969,-0.2900004386901855,FALSE,ok,ecb_pc,y2_next,text_clean
199,198,8,0.1552949659021089,0.02000033855438232,TRUE,ok,ecb_pc,y2_next,text_clean
200,199,8,0.0031650440421952864,0.0550001859664917,FALSE,ok,ecb_pc,y2_next,text_clean
201,200,8,0.16795437598870477,-0.3350019454956055,FALSE,ok,ecb_pc,y2_next,text_clean
202,201,8,0.14955625465737835,-0.3100007772445679,FALSE,ok,ecb_pc,y2_next,text_clean
203,202,200,1.4368298116688243,-1.524999737739563,TRUE,ok,ecb_pc,y2_next,text_clean
204,203,193,0.33985505422486706,-1.010000705718994,FALSE,ok,ecb_pc,y2_next,text_clean
205,204,191,0.3668683519884381,-0.3299996256828308,FALSE,ok,ecb_pc,y2_next,text_clean
206,205,189,-0.13341759906718748,8.08000024408102,FALSE,ok,ecb_pc,y2_next,text_clean
207,206,200,1.0484392833097183,-6.970000267028809,TRUE,ok,ecb_pc,y2_next,text_clean
208,207,200,-0.5047016620485496,8.114993572235107,FALSE,ok,ecb_pc,y2_next,text_clean
209,208,200,-0.7721102045821057,10.16999483108521,FALSE,ok,ecb_pc,y2_next,text_clean
210,209,200,2.348316065782969,7.050013542175293,FALSE,ok,ecb_pc,y2_next,text_clean
211,210,200,2.3989203999000495,-16.80002212524414,TRUE,ok,ecb_pc,y2_next,text_clean
212,211,200,3.8113734953692404,5.150008201599121,FALSE,ok,ecb_pc,y2_next,text_clean
213,212,200,1.1589179997348331,-5.450010299682617,FALSE,ok,ecb_pc,y2_next,text_clean
214,213,200,1.0742717582762207,-2.849984169006348,FALSE,ok,ecb_pc,y2_next,text_clean
215,214,13,-1.6557176229974586,-7.100009918212891,TRUE,ok,ecb_pc,y2_next,text_clean
216,215,13,-4.162910588855673,3.769993782043457,FALSE,ok,ecb_pc,y2_next,text_clean
217,216,13,2.227491836200128,-2.645015716552734,FALSE,ok,ecb_pc,y2_next,text_clean
218,217,13,-2.3033921021800383,0.2650022506713867,FALSE,ok,ecb_pc,y2_next,text_clean
219,218,200,-2.667135652324089,-2.734994888305664,TRUE,ok,ecb_pc,y2_next,text_clean
31,30,200,0.08192500000000426,0.200000000000022,TRUE,ok,ecb_pc,y2_next2,text_clean
32,31,200,-0.11932499999999262,0.499999999999989,FALSE,ok,ecb_pc,y2_next2,text_clean
33,32,200,0.0294750000000078,1.79999999999998,FALSE,ok,ecb_pc,y2_next2,text_clean
34,33,200,0.4060000000000005,1.74999999999996,FALSE,ok,ecb_pc,y2_next2,text_clean
35,34,200,0.5872583333333319,0.499999999999989,TRUE,ok,ecb_pc,y2_next2,text_clean
36,35,200,0.35414999999999985,0.249999999999995,FALSE,ok,ecb_pc,y2_next2,text_clean
37,36,200,0.6941249999999974,0,FALSE,ok,ecb_pc,y2_next2,text_clean
38,37,200,0.6388083333333315,0.249999999999995,FALSE,ok,ecb_pc,y2_next2,text_clean
39,38,200,0.03067500000000191,0,TRUE,ok,ecb_pc,y2_next2,text_clean
40,39,200,0.47632499999999633,0.300000000000011,FALSE,ok,ecb_pc,y2_next2,text_clean
41,40,200,0.14359166666666834,0.699999999999967,FALSE,ok,ecb_pc,y2_next2,text_clean
42,41,200,-0.044716666666671026,0,FALSE,ok,ecb_pc,y2_next2,text_clean
43,42,200,0.1764833333333305,0.300000000000011,TRUE,ok,ecb_pc,y2_next2,text_clean
44,43,200,0.1433583333333336,0.499999999999989,FALSE,ok,ecb_pc,y2_next2,text_clean
45,44,200,0.24012499999999928,0.300000000000011,FALSE,ok,ecb_pc,y2_next2,text_clean
46,45,200,-0.16025833333333625,-0.699999999999967,FALSE,ok,ecb_pc,y2_next2,text_clean
47,46,200,-0.17399166666666271,0.800000000000001,TRUE,ok,ecb_pc,y2_next2,text_clean
48,47,200,0.462191666666668,-0.199999999999978,FALSE,ok,ecb_pc,y2_next2,text_clean
49,48,200,0.13519166666666899,0.0500000000000167,FALSE,ok,ecb_pc,y2_next2,text_clean
50,49,200,0.255400000000003,0.200000000000022,FALSE,ok,ecb_pc,y2_next2,text_clean
51,50,200,0.17165000000000583,0.09999999999998901,TRUE,ok,ecb_pc,y2_next2,text_clean
52,51,200,0.1288666666666737,0,FALSE,ok,ecb_pc,y2_next2,text_clean
53,52,200,-0.2582416666666612,-0.700000000000012,FALSE,ok,ecb_pc,y2_next2,text_clean
54,53,200,0.0046833333333361135,-0.89999999999999,FALSE,ok,ecb_pc,y2_next2,text_clean
55,54,200,-0.2679749999999934,-0.700000000000012,TRUE,ok,ecb_pc,y2_next2,text_clean
56,55,200,0.10627619047619383,-0.449999999999973,FALSE,ok,ecb_pc,y2_next2,text_clean
57,56,200,-0.06389999999999754,1.14999999999998,FALSE,ok,ecb_pc,y2_next2,text_clean
58,57,200,0.34430833333332783,0.89999999999999,FALSE,ok,ecb_pc,y2_next2,text_clean
59,58,200,0.03145833333333456,-0.700000000000012,TRUE,ok,ecb_pc,y2_next2,text_clean
60,59,200,0.14324999999999996,-0.10000000000003301,FALSE,ok,ecb_pc,y2_next2,text_clean
61,60,200,0.09414166666666249,0,FALSE,ok,ecb_pc,y2_next2,text_clean
62,61,200,-0.10130833333333572,0.250000000000039,FALSE,ok,ecb_pc,y2_next2,text_clean
63,62,200,0.04506666666667048,-0.349999999999984,TRUE,ok,ecb_pc,y2_next2,text_clean
64,63,200,-0.006099999999997085,0.09999999999998901,FALSE,ok,ecb_pc,y2_next2,text_clean
65,64,200,0.02300000000000102,-0.150000000000006,FALSE,ok,ecb_pc,y2_next2,text_clean
66,65,200,-0.09542976190475856,-0.10000000000003301,FALSE,ok,ecb_pc,y2_next2,text_clean
67,66,200,-0.022566666666670874,0,TRUE,ok,ecb_pc,y2_next2,text_clean
68,67,200,-0.03799166666667117,-0.24999999999995,FALSE,ok,ecb_pc,y2_next2,text_clean
69,68,200,0.04906250000000279,0.499999999999989,FALSE,ok,ecb_pc,y2_next2,text_clean
70,69,200,-0.18359166666666088,0.600000000000023,FALSE,ok,ecb_pc,y2_next2,text_clean
71,70,200,-0.04181666666666397,-0.150000000000006,TRUE,ok,ecb_pc,y2_next2,text_clean
72,71,200,-0.08689166666666796,0.89999999999999,FALSE,ok,ecb_pc,y2_next2,text_clean
73,72,200,0.24434999999999923,-0.10000000000003301,FALSE,ok,ecb_pc,y2_next2,text_clean
74,73,200,0.08589999999999556,-0.549999999999962,FALSE,ok,ecb_pc,y2_next2,text_clean
75,74,200,-0.022358333333333397,-0.199999999999978,TRUE,ok,ecb_pc,y2_next2,text_clean
76,75,200,-0.1137916666666613,-0.8500000000000171,FALSE,ok,ecb_pc,y2_next2,text_clean
77,76,200,-0.41841666666666194,0.699999999999967,FALSE,ok,ecb_pc,y2_next2,text_clean
78,77,200,6.666666666295784e-5,-1.05000000000004,FALSE,ok,ecb_pc,y2_next2,text_clean
79,78,200,-0.19880833333334,-1.55000000000003,TRUE,ok,ecb_pc,y2_next2,text_clean
80,79,200,0.011719047619037595,-0.300000000000011,FALSE,ok,ecb_pc,y2_next2,text_clean
81,80,200,-0.08619166666667603,-0.600000000000023,FALSE,ok,ecb_pc,y2_next2,text_clean
82,81,200,-0.04582083333333762,-0.199999999999978,FALSE,ok,ecb_pc,y2_next2,text_clean
83,82,200,-0.020583333333332853,1.90000000000001,TRUE,ok,ecb_pc,y2_next2,text_clean
84,83,200,0.19961666666666741,-1.49999999999999,FALSE,ok,ecb_pc,y2_next2,text_clean
85,84,200,-0.2990000000000009,-1.29999999999999,FALSE,ok,ecb_pc,y2_next2,text_clean
86,85,200,-0.38507500000000117,1.35000000000001,FALSE,ok,ecb_pc,y2_next2,text_clean
87,86,200,0.037638095238097004,4.45,TRUE,ok,ecb_pc,y2_next2,text_clean
88,87,200,0.7611166666666667,2.39999999999998,FALSE,ok,ecb_pc,y2_next2,text_clean
89,88,200,0.9782083333333301,0.499999999999989,FALSE,ok,ecb_pc,y2_next2,text_clean
90,89,200,0.5909791666666614,1.6,FALSE,ok,ecb_pc,y2_next2,text_clean
91,90,200,0.6279720238095257,0.300000000000011,TRUE,ok,ecb_pc,y2_next2,text_clean
92,91,200,1.0886083333333323,0.750000000000006,FALSE,ok,ecb_pc,y2_next2,text_clean
93,92,200,0.35075833333333384,-0.250000000000017,FALSE,ok,ecb_pc,y2_next2,text_clean
94,93,200,0.30875000000000064,0.2,FALSE,ok,ecb_pc,y2_next2,text_clean
95,94,200,0.7358559523809513,0.369999999999981,TRUE,ok,ecb_pc,y2_next2,text_clean
96,95,200,0.3753799999999962,0.170000000000003,FALSE,ok,ecb_pc,y2_next2,text_clean
97,96,200,-0.11040777777777402,-0.660000000000016,FALSE,ok,ecb_pc,y2_next2,text_clean
98,97,200,0.26361928571428367,-0.190000000000001,FALSE,ok,ecb_pc,y2_next2,text_clean
99,98,200,-0.027740000000000906,0,TRUE,ok,ecb_pc,y2_next2,text_clean
100,99,200,-0.12344619047619206,0.319999999999998,FALSE,ok,ecb_pc,y2_next2,text_clean
101,100,200,-0.3892849999999964,1.65,FALSE,ok,ecb_pc,y2_next2,text_clean
102,101,200,0.5865397619047602,0.149999999999995,FALSE,ok,ecb_pc,y2_next2,text_clean
103,102,200,0.2937366666666655,0.160000000000005,TRUE,ok,ecb_pc,y2_next2,text_clean
104,103,200,-0.6284326190476203,-0.4,FALSE,ok,ecb_pc,y2_next2,text_clean
105,104,200,0.2935616666666656,0.0700000000000034,FALSE,ok,ecb_pc,y2_next2,text_clean
106,105,200,-0.06253624999999956,0.219999999999998,FALSE,ok,ecb_pc,y2_next2,text_clean
107,106,200,-0.045654999999998724,0.479999999999992,TRUE,ok,ecb_pc,y2_next2,text_clean
108,107,200,0.24478428571428298,-0.4500000000000169,FALSE,ok,ecb_pc,y2_next2,text_clean
109,108,200,-0.046851666666668804,2.56000000000001,FALSE,ok,ecb_pc,y2_next2,text_clean
110,109,200,0.2941341666666666,0.259999999999994,FALSE,ok,ecb_pc,y2_next2,text_clean
111,110,200,0.3142897619047638,-0.4500000000000169,TRUE,ok,ecb_pc,y2_next2,text_clean
112,111,200,0.22919333333333103,-0.150000000000006,FALSE,ok,ecb_pc,y2_next2,text_clean
113,112,191,0.09705322510822283,-0.8799999999999921,FALSE,ok,ecb_pc,y2_next2,text_clean
114,113,174,0.4095733333333315,-0.9000000000000121,FALSE,ok,ecb_pc,y2_next2,text_clean
115,114,200,-0.011680000000001307,0.8099999999999999,TRUE,ok,ecb_pc,y2_next2,text_clean
116,115,189,0.0011549999999959204,-2.15,FALSE,ok,ecb_pc,y2_next2,text_clean
117,116,189,0.12111499999999963,5.19999999999999,FALSE,ok,ecb_pc,y2_next2,text_clean
118,117,190,0.43496722222222034,-8.25,FALSE,ok,ecb_pc,y2_next2,text_clean
119,118,200,0.5647866666666638,2.05,TRUE,ok,ecb_pc,y2_next2,text_clean
120,119,200,0.30509666666666646,0.1,FALSE,ok,ecb_pc,y2_next2,text_clean
121,120,200,0.3749565811965803,-0.4,FALSE,ok,ecb_pc,y2_next2,text_clean
122,121,200,-0.12106500000000003,-0.1,FALSE,ok,ecb_pc,y2_next2,text_clean
123,122,200,-0.08794333333333589,0.900000000000001,TRUE,ok,ecb_pc,y2_next2,text_clean
124,123,200,0.3475633333333317,0.05,FALSE,ok,ecb_pc,y2_next2,text_clean
125,124,200,0.5255519047619047,-5.4,FALSE,ok,ecb_pc,y2_next2,text_clean
126,125,200,0.8856000000000042,0.699999999999999,FALSE,ok,ecb_pc,y2_next2,text_clean
127,126,200,0.5573033333333307,0.1,TRUE,ok,ecb_pc,y2_next2,text_clean
128,127,200,-0.06234500000000155,0.399999999999999,FALSE,ok,ecb_pc,y2_next2,text_clean
129,128,200,0.006056538461537389,-0.35,FALSE,ok,ecb_pc,y2_next2,text_clean
130,129,200,0.06623976190476064,1.05,FALSE,ok,ecb_pc,y2_next2,text_clean
131,130,200,0.07787166666666522,-0.2,TRUE,ok,ecb_pc,y2_next2,text_clean
132,131,200,-0.4793116666666687,1.05,FALSE,ok,ecb_pc,y2_next2,text_clean
133,132,200,-0.10010833333333374,-0.1,FALSE,ok,ecb_pc,y2_next2,text_clean
134,133,200,0.07608999999999862,-0.1,FALSE,ok,ecb_pc,y2_next2,text_clean
135,134,200,0.4718861904761893,0.1,TRUE,ok,ecb_pc,y2_next2,text_clean
136,135,200,0.20512750000000043,-0.4,FALSE,ok,ecb_pc,y2_next2,text_clean
137,136,200,0.06300999999999714,-0.4,FALSE,ok,ecb_pc,y2_next2,text_clean
138,137,200,-0.5451464285714309,-0.5,FALSE,ok,ecb_pc,y2_next2,text_clean
139,138,200,0.006078333333332439,0.4,TRUE,ok,ecb_pc,y2_next2,text_clean
140,139,200,0.03932730158730255,-6.5,FALSE,ok,ecb_pc,y2_next2,text_clean
141,140,200,0.392288888888887,0.4,FALSE,ok,ecb_pc,y2_next2,text_clean
142,141,200,-0.7276149999999998,0.499999999999998,FALSE,ok,ecb_pc,y2_next2,text_clean
143,142,200,-1.6076583333333345,0.45,TRUE,ok,ecb_pc,y2_next2,text_clean
144,143,200,-0.5703816666666675,1.3,FALSE,ok,ecb_pc,y2_next2,text_clean
145,144,193,0.055019166666664274,0.3,FALSE,ok,ecb_pc,y2_next2,text_clean
146,145,184,-0.039671388888890526,0.5,FALSE,ok,ecb_pc,y2_next2,text_clean
147,146,200,0.2822345454545419,0,TRUE,ok,ecb_pc,y2_next2,text_clean
148,147,191,-0.5175533333333342,0.4,FALSE,ok,ecb_pc,y2_next2,text_clean
149,148,189,-0.4037266666666675,-5.4,FALSE,ok,ecb_pc,y2_next2,text_clean
150,149,189,-0.4330050000000016,0.2,FALSE,ok,ecb_pc,y2_next2,text_clean
151,150,200,-0.9568773809523816,0,TRUE,ok,ecb_pc,y2_next2,text_clean
152,151,200,-0.08144333333333435,0.1,FALSE,ok,ecb_pc,y2_next2,text_clean
153,152,200,-0.06858589743589755,0.269999999999999,FALSE,ok,ecb_pc,y2_next2,text_clean
154,153,200,0.11788499999999937,0.2,FALSE,ok,ecb_pc,y2_next2,text_clean
155,154,200,0.521786666666672,0.07000000000000059,TRUE,ok,ecb_pc,y2_next2,text_clean
156,155,200,-0.1534400000000016,0.0600000000000003,FALSE,ok,ecb_pc,y2_next2,text_clean
157,156,200,-0.15257045454545506,-0.2,FALSE,ok,ecb_pc,y2_next2,text_clean
158,157,200,-0.10826055555555528,5.680000000000001,FALSE,ok,ecb_pc,y2_next2,text_clean
159,158,200,1.0573430952380962,-0.145000000000001,TRUE,ok,ecb_pc,y2_next2,text_clean
160,159,200,0.9208650000000006,2.7,FALSE,ok,ecb_pc,y2_next2,text_clean
161,160,200,0.40783000000000386,0,FALSE,ok,ecb_pc,y2_next2,text_clean
162,161,200,1.1722175000000008,0,FALSE,ok,ecb_pc,y2_next2,text_clean
163,162,200,0.19871999999999995,-0.4,TRUE,ok,ecb_pc,y2_next2,text_clean
164,163,200,0.8579950000000021,1.15,FALSE,ok,ecb_pc,y2_next2,text_clean
165,164,200,0.1377308333333337,-0.170000000000003,FALSE,ok,ecb_pc,y2_next2,text_clean
166,165,200,0.5550733333333338,1,FALSE,ok,ecb_pc,y2_next2,text_clean
167,166,200,0.42717416666666536,-0.4,TRUE,ok,ecb_pc,y2_next2,text_clean
168,167,200,0.10275305555555486,-0.5650000000000049,FALSE,ok,ecb_pc,y2_next2,text_clean
169,168,200,0.10020121212121139,-0.414999999999999,FALSE,ok,ecb_pc,y2_next2,text_clean
170,169,200,0.2546154761904749,-0.3000020980834961,FALSE,ok,ecb_pc,y2_next2,text_clean
171,170,200,0.1555074024391161,-0.9000003337860107,TRUE,ok,ecb_pc,y2_next2,text_clean
172,171,200,0.48459983673890344,1.629999279975891,FALSE,ok,ecb_pc,y2_next2,text_clean
173,172,200,0.1140173140275473,-0.5600005388259888,FALSE,ok,ecb_pc,y2_next2,text_clean
174,173,200,0.5654964613207182,0.1049995422363281,FALSE,ok,ecb_pc,y2_next2,text_clean
175,174,200,-0.07245774077858287,-0.3150001168251038,TRUE,ok,ecb_pc,y2_next2,text_clean
176,175,200,0.7288831670272351,0.5250006914138794,FALSE,ok,ecb_pc,y2_next2,text_clean
177,176,199,-0.08374547652367795,-0.2499997615814209,FALSE,ok,ecb_pc,y2_next2,text_clean
178,177,189,0.44405749478896345,-2.380001544952393,FALSE,ok,ecb_pc,y2_next2,text_clean
179,178,200,-0.24414570147457623,-0.3000020980834961,TRUE,ok,ecb_pc,y2_next2,text_clean
180,179,191,-0.04133154958460153,-0.6000012159347534,FALSE,ok,ecb_pc,y2_next2,text_clean
181,180,181,-0.1669245366986601,0.2599999308586121,FALSE,ok,ecb_pc,y2_next2,text_clean
182,181,180,0.06889289930303627,-0.135001540184021,FALSE,ok,ecb_pc,y2_next2,text_clean
183,182,200,-0.3706292278616948,-0.01999735832214355,TRUE,ok,ecb_pc,y2_next2,text_clean
184,183,200,0.04184555623423437,-1.465001702308655,FALSE,ok,ecb_pc,y2_next2,text_clean
185,184,200,-0.09742275341868341,-0.965,FALSE,ok,ecb_pc,y2_next2,text_clean
186,185,200,0.03972294816335083,1.359999,FALSE,ok,ecb_pc,y2_next2,text_clean
187,186,200,-0.08014284768282112,-0.115,TRUE,ok,ecb_pc,y2_next2,text_clean
188,187,200,0.30993886046575964,0.099999,FALSE,ok,ecb_pc,y2_next2,text_clean
189,188,200,-0.29307425908736967,-0.09000003337860107,FALSE,ok,ecb_pc,y2_next2,text_clean
190,189,200,0.1696195414569875,6.850004196166992,FALSE,ok,ecb_pc,y2_next2,text_clean
191,190,200,3.127376865640399,-1.099997758865356,TRUE,ok,ecb_pc,y2_next2,text_clean
192,191,200,1.1953974226174844,-1.829996705055237,FALSE,ok,ecb_pc,y2_next2,text_clean
193,192,200,0.3618133414598335,-0.5150020122528076,FALSE,ok,ecb_pc,y2_next2,text_clean
194,193,200,-0.15527675690229578,-0.3000020980834961,FALSE,ok,ecb_pc,y2_next2,text_clean
195,194,200,-0.46594460775993873,0.2000033855438232,TRUE,ok,ecb_pc,y2_next2,text_clean
196,195,200,-0.3280540136896894,0.005000829696655273,FALSE,ok,ecb_pc,y2_next2,text_clean
197,196,200,0.05128842817166425,-0.2900004386901855,FALSE,ok,ecb_pc,y2_next2,text_clean
198,197,200,0.04818726547744655,0.02000033855438232,FALSE,ok,ecb_pc,y2_next2,text_clean
199,198,200,-0.18583337271487418,0.0550001859664917,TRUE,ok,ecb_pc,y2_next2,text_clean
200,199,200,-0.07247745829939885,-0.3350019454956055,FALSE,ok,ecb_pc,y2_next2,text_clean
201,200,200,-0.0011650216722882837,-0.3100007772445679,FALSE,ok,ecb_pc,y2_next2,text_clean
202,201,188,1.3259314606311354,-1.524999737739563,FALSE,ok,ecb_pc,y2_next2,text_clean
203,202,200,-0.30155252802894966,-1.010000705718994,TRUE,ok,ecb_pc,y2_next2,text_clean
204,203,194,-0.5510568837094305,-0.3299996256828308,FALSE,ok,ecb_pc,y2_next2,text_clean
205,204,192,0.03886265597197894,8.08000024408102,FALSE,ok,ecb_pc,y2_next2,text_clean
206,205,186,0.07831804444518581,-6.970000267028809,FALSE,ok,ecb_pc,y2_next2,text_clean
207,206,200,-1.084837558357974,8.114993572235107,TRUE,ok,ecb_pc,y2_next2,text_clean
208,207,200,1.132288796037195,10.16999483108521,FALSE,ok,ecb_pc,y2_next2,text_clean
209,208,200,1.049227237094358,7.050013542175293,FALSE,ok,ecb_pc,y2_next2,text_clean
210,209,200,0.5959427453256579,-16.80002212524414,FALSE,ok,ecb_pc,y2_next2,text_clean
211,210,200,-1.7682618179335796,5.150008201599121,TRUE,ok,ecb_pc,y2_next2,text_clean
212,211,200,-2.0512094679055823,-5.450010299682617,FALSE,ok,ecb_pc,y2_next2,text_clean
213,212,200,-1.2299188916866148,-2.849984169006348,FALSE,ok,ecb_pc,y2_next2,text_clean
214,213,200,-2.315393648970632,-7.100009918212891,FALSE,ok,ecb_pc,y2_next2,text_clean
215,214,200,-1.3711650832330553,3.769993782043457,TRUE,ok,ecb_pc,y2_next2,text_clean
216,215,200,-2.2125707168054727,-2.645015716552734,FALSE,ok,ecb_pc,y2_next2,text_clean
217,216,200,-1.6340702742538107,0.2650022506713867,FALSE,ok,ecb_pc,y2_next2,text_clean
218,217,200,-0.0039274716532856505,-2.734994888305664,FALSE,ok,ecb_pc,y2_next2,text_clean
