corpus_long,bank,meeting_date,score_name,score,method,score_z
FOMC statements,FOMC,1994-02-04,net_score,0.07692307692307693,Dictionary,0.5359088786001156
FOMC statements,FOMC,1994-02-04,rf_score,0.7730158730158732,Random Forest,1.6019119036971972
FOMC statements,FOMC,1994-02-04,bert_score,0.14285714285714285,RoBERTa/BERT,1.190937086348145
FOMC statements,FOMC,1994-03-22,net_score,0.09090909090909093,Dictionary,0.5960091686001892
FOMC statements,FOMC,1994-03-22,rf_score,0.518921130952381,Random Forest,1.0683138781980916
FOMC statements,FOMC,1994-03-22,bert_score,0.16666666666666666,RoBERTa/BERT,1.3019113498460038
FOMC statements,FOMC,1994-04-18,net_score,0,Dictionary,0.2053572835997109
FOMC statements,FOMC,1994-04-18,rf_score,0.26216976986873186,Random Forest,0.5291369625096533
FOMC statements,FOMC,1994-04-18,bert_score,0.16666666666666666,RoBERTa/BERT,1.3019113498460038
FOMC statements,FOMC,1994-05-17,net_score,0,Dictionary,0.2053572835997109
FOMC statements,FOMC,1994-05-17,rf_score,0.7154901960784313,Random Forest,1.4811081933171992
FOMC statements,FOMC,1994-05-17,bert_score,0.2307692307692308,RoBERTa/BERT,1.6006882131094695
FOMC statements,FOMC,1994-08-16,net_score,0.16666666666666666,Dictionary,0.9215524061005878
FOMC statements,FOMC,1994-08-16,rf_score,-0.02738496071829399,Random Forest,-0.07892690870793832
FOMC statements,FOMC,1994-08-16,bert_score,-0.09090909090909093,RoBERTa/BERT,0.10137159018735103
FOMC statements,FOMC,1994-11-15,net_score,0.09090909090909093,Dictionary,0.5960091686001892
FOMC statements,FOMC,1994-11-15,rf_score,-0.01161616161616152,Random Forest,-0.04581248848397538
FOMC statements,FOMC,1994-11-15,bert_score,0.16666666666666666,RoBERTa/BERT,1.3019113498460038
FOMC statements,FOMC,1995-02-01,net_score,0,Dictionary,0.2053572835997109
FOMC statements,FOMC,1995-02-01,rf_score,0.4647005015748064,Random Forest,0.9544507555603035
FOMC statements,FOMC,1995-02-01,bert_score,0.2307692307692308,RoBERTa/BERT,1.6006882131094695
FOMC statements,FOMC,1995-03-28,net_score,0,Dictionary,0.2053572835997109
FOMC statements,FOMC,1995-07-06,net_score,0.16666666666666666,Dictionary,0.9215524061005878
FOMC statements,FOMC,1995-07-06,rf_score,-0.6610286538857968,Random Forest,-1.4095763381229507
FOMC statements,FOMC,1995-07-06,bert_score,-0.2307692307692308,RoBERTa/BERT,-0.550505202387483
FOMC statements,FOMC,1995-12-19,net_score,-0.09090909090909093,Dictionary,-0.18529460140076748
FOMC statements,FOMC,1995-12-19,rf_score,-0.6570350836270648,Random Forest,-1.4011898552408337
FOMC statements,FOMC,1995-12-19,bert_score,-0.2307692307692308,RoBERTa/BERT,-0.550505202387483
FOMC statements,FOMC,1996-01-31,net_score,0,Dictionary,0.2053572835997109
FOMC statements,FOMC,1996-01-31,rf_score,0.1578104997557885,Random Forest,0.30998287839688626
FOMC statements,FOMC,1996-01-31,bert_score,0,RoBERTa/BERT,0.5250915053609932
FOMC statements,FOMC,1997-03-25,net_score,-0.07692307692307693,Dictionary,-0.12519431140069384
FOMC statements,FOMC,1997-03-25,rf_score,0.5488214442562269,Random Forest,1.1311044263659482
FOMC statements,FOMC,1997-03-25,bert_score,0.07692307692307693,RoBERTa/BERT,0.8836237412771518
FOMC statements,FOMC,1998-09-29,net_score,0,Dictionary,0.2053572835997109
FOMC statements,FOMC,1998-09-29,rf_score,-0.5112621210918424,Random Forest,-1.095067169079491
FOMC statements,FOMC,1998-09-29,bert_score,-0.16666666666666666,RoBERTa/BERT,-0.25172833912401726
FOMC statements,FOMC,1998-10-15,net_score,-0.09090909090909093,Dictionary,-0.18529460140076748
FOMC statements,FOMC,1998-10-15,rf_score,-0.02003676470588233,Random Forest,-0.06349572405861763
FOMC statements,FOMC,1998-10-15,bert_score,-0.16666666666666666,RoBERTa/BERT,-0.25172833912401726
FOMC statements,FOMC,1998-11-17,net_score,0.16666666666666666,Dictionary,0.9215524061005878
FOMC statements,FOMC,1998-11-17,rf_score,0.2538040707683566,Random Forest,0.5115690251110727
FOMC statements,FOMC,1998-11-17,bert_score,-0.09090909090909093,RoBERTa/BERT,0.10137159018735103
FOMC statements,FOMC,1999-02-03,net_score,0,Dictionary,0.2053572835997109
FOMC statements,FOMC,1999-03-30,net_score,0,Dictionary,0.2053572835997109
FOMC statements,FOMC,1999-05-18,net_score,-0.09090909090909093,Dictionary,-0.18529460140076748
FOMC statements,FOMC,1999-05-18,rf_score,0.02512784100389392,Random Forest,0.03134978212332567
FOMC statements,FOMC,1999-05-18,bert_score,-0.14285714285714285,RoBERTa/BERT,-0.1407540756261586
FOMC statements,FOMC,1999-06-30,net_score,0.09090909090909093,Dictionary,0.5960091686001892
FOMC statements,FOMC,1999-06-30,rf_score,-0.0503494955404179,Random Forest,-0.1271523475268527
FOMC statements,FOMC,1999-06-30,bert_score,0.09090909090909093,RoBERTa/BERT,0.9488114205346354
FOMC statements,FOMC,1999-08-24,net_score,0.06666666666666667,Dictionary,0.4918353326000616
FOMC statements,FOMC,1999-08-24,rf_score,-0.5028273809523811,Random Forest,-1.0773542457522938
FOMC statements,FOMC,1999-08-24,bert_score,0.09090909090909093,RoBERTa/BERT,0.9488114205346354
FOMC statements,FOMC,1999-10-05,net_score,0,Dictionary,0.2053572835997109
FOMC statements,FOMC,1999-10-05,rf_score,-0.3991756814658068,Random Forest,-0.859686057357264
FOMC statements,FOMC,1999-10-05,bert_score,0.2307692307692308,RoBERTa/BERT,1.6006882131094695
FOMC statements,FOMC,1999-11-16,net_score,0.2857142857142857,Dictionary,1.433120350744071
FOMC statements,FOMC,1999-11-16,rf_score,0.3242533124360856,Random Forest,0.6595121739796009
FOMC statements,FOMC,1999-11-16,bert_score,0.14285714285714285,RoBERTa/BERT,1.190937086348145
FOMC statements,FOMC,1999-12-21,net_score,0.09090909090909093,Dictionary,0.5960091686001892
FOMC statements,FOMC,1999-12-21,rf_score,-0.6345330111557129,Random Forest,-1.353935585660746
FOMC statements,FOMC,1999-12-21,bert_score,-0.2307692307692308,RoBERTa/BERT,-0.550505202387483
FOMC statements,FOMC,2000-02-02,net_score,0.2307692307692308,Dictionary,1.1970120686009251
FOMC statements,FOMC,2000-02-02,rf_score,0.6388888888888888,Random Forest,1.3202457294383645
FOMC statements,FOMC,2000-02-02,bert_score,0.14285714285714285,RoBERTa/BERT,1.190937086348145
FOMC statements,FOMC,2000-03-21,net_score,0.2307692307692308,Dictionary,1.1970120686009251
FOMC statements,FOMC,2000-03-21,rf_score,0.44666666666666666,Random Forest,0.916579768459139
FOMC statements,FOMC,2000-03-21,bert_score,0.2857142857142857,RoBERTa/BERT,1.8567826673352967
FOMC statements,FOMC,2000-05-16,net_score,0.16666666666666666,Dictionary,0.9215524061005878
FOMC statements,FOMC,2000-05-16,rf_score,0.419607843137255,Random Forest,0.8597563383858992
FOMC statements,FOMC,2000-05-16,bert_score,0.3333333333333333,RoBERTa/BERT,2.078731194331014
FOMC statements,FOMC,2000-06-28,net_score,0.09090909090909093,Dictionary,0.5960091686001892
FOMC statements,FOMC,2000-06-28,rf_score,-0.2809400261994082,Random Forest,-0.6113916153653143
FOMC statements,FOMC,2000-06-28,bert_score,-0.07692307692307693,RoBERTa/BERT,0.16655926944483448
FOMC statements,FOMC,2000-08-22,net_score,0.09090909090909093,Dictionary,0.5960091686001892
FOMC statements,FOMC,2000-08-22,rf_score,-0.2489289747007087,Random Forest,-0.5441685247372205
FOMC statements,FOMC,2000-08-22,bert_score,0,RoBERTa/BERT,0.5250915053609932
FOMC statements,FOMC,2000-10-03,net_score,0.09090909090909093,Dictionary,0.5960091686001892
FOMC statements,FOMC,2000-10-03,rf_score,-0.2804859048488275,Random Forest,-0.6104379621962679
FOMC statements,FOMC,2000-10-03,bert_score,-0.14285714285714285,RoBERTa/BERT,-0.1407540756261586
FOMC statements,FOMC,2000-11-15,net_score,0,Dictionary,0.2053572835997109
FOMC statements,FOMC,2000-11-15,rf_score,-0.49584192987781983,Random Forest,-1.0626848241407474
FOMC statements,FOMC,2000-11-15,bert_score,0,RoBERTa/BERT,0.5250915053609932
FOMC statements,FOMC,2000-12-19,net_score,-0.16666666666666666,Dictionary,-0.510837838901166
FOMC statements,FOMC,2000-12-19,rf_score,-0.6545239712053446,Random Forest,-1.3959165283740331
FOMC statements,FOMC,2000-12-19,bert_score,-0.2307692307692308,RoBERTa/BERT,-0.550505202387483
FOMC statements,FOMC,2001-01-03,net_score,-0.2857142857142857,Dictionary,-1.0224057835446494
FOMC statements,FOMC,2001-01-03,rf_score,-0.9283757716049384,Random Forest,-1.9710043038467144
FOMC statements,FOMC,2001-01-03,bert_score,-0.375,RoBERTa/BERT,-1.2227531447302804
FOMC statements,FOMC,2001-01-31,net_score,-0.375,Dictionary,-1.4060817420272622
FOMC statements,FOMC,2001-01-31,rf_score,-0.8019982210771687,Random Forest,-1.7056119116964628
FOMC statements,FOMC,2001-01-31,bert_score,-0.3333333333333333,RoBERTa/BERT,-1.0285481836090278
FOMC statements,FOMC,2001-03-20,net_score,-0.3333333333333333,Dictionary,-1.2270329614020425
FOMC statements,FOMC,2001-03-20,rf_score,-0.5375939849624062,Random Forest,-1.1503639865379693
FOMC statements,FOMC,2001-03-20,bert_score,-0.375,RoBERTa/BERT,-1.2227531447302804
FOMC statements,FOMC,2001-04-18,net_score,-0.25,Dictionary,-0.8689354001516044
FOMC statements,FOMC,2001-04-18,rf_score,-0.921925925925926,Random Forest,-1.9574596515995029
FOMC statements,FOMC,2001-04-18,bert_score,-0.29411764705882354,RoBERTa/BERT,-0.845767043730202
FOMC statements,FOMC,2001-05-15,net_score,-0.3333333333333333,Dictionary,-1.2270329614020425
FOMC statements,FOMC,2001-05-15,rf_score,-0.8678571428571429,Random Forest,-1.8439154056527174
FOMC statements,FOMC,2001-05-15,bert_score,-0.3333333333333333,RoBERTa/BERT,-1.0285481836090278
FOMC statements,FOMC,2001-06-27,net_score,-0.3333333333333333,Dictionary,-1.2270329614020425
FOMC statements,FOMC,2001-06-27,rf_score,-0.9614583333333332,Random Forest,-2.0404775620234332
FOMC statements,FOMC,2001-06-27,bert_score,-0.375,RoBERTa/BERT,-1.2227531447302804
FOMC statements,FOMC,2001-08-21,net_score,-0.3333333333333333,Dictionary,-1.2270329614020425
FOMC statements,FOMC,2001-08-21,rf_score,-0.9748960695389268,Random Forest,-2.0686967587224774
FOMC statements,FOMC,2001-08-21,bert_score,-0.375,RoBERTa/BERT,-1.2227531447302804
FOMC statements,FOMC,2001-09-17,net_score,-0.3333333333333333,Dictionary,-1.2270329614020425
FOMC statements,FOMC,2001-09-17,rf_score,-0.6049023998242749,Random Forest,-1.2917114106448142
FOMC statements,FOMC,2001-09-17,bert_score,-0.375,RoBERTa/BERT,-1.2227531447302804
FOMC statements,FOMC,2001-10-02,net_score,-0.3333333333333333,Dictionary,-1.2270329614020425
FOMC statements,FOMC,2001-10-02,rf_score,-0.978095238095238,Random Forest,-2.075415000945923
FOMC statements,FOMC,2001-10-02,bert_score,-0.375,RoBERTa/BERT,-1.2227531447302804
FOMC statements,FOMC,2001-11-06,net_score,-0.3333333333333333,Dictionary,-1.2270329614020425
FOMC statements,FOMC,2001-11-06,rf_score,-0.9689198467595208,Random Forest,-2.056146712825672
FOMC statements,FOMC,2001-11-06,bert_score,-0.3333333333333333,RoBERTa/BERT,-1.0285481836090278
FOMC statements,FOMC,2001-12-11,net_score,-0.25,Dictionary,-0.8689354001516044
FOMC statements,FOMC,2001-12-11,rf_score,-0.9867472680771912,Random Forest,-2.093584232144637
FOMC statements,FOMC,2001-12-11,bert_score,-0.375,RoBERTa/BERT,-1.2227531447302804
FOMC statements,FOMC,2002-01-30,net_score,-0.2857142857142857,Dictionary,-1.0224057835446494
FOMC statements,FOMC,2002-01-30,rf_score,-0.5476376737133416,Random Forest,-1.17145569604248
FOMC statements,FOMC,2002-01-30,bert_score,-0.07692307692307693,RoBERTa/BERT,0.16655926944483448
FOMC statements,FOMC,2002-03-19,net_score,0.09090909090909093,Dictionary,0.5960091686001892
FOMC statements,FOMC,2002-03-19,rf_score,-0.08727935717621624,Random Forest,-0.20470492138488702
FOMC statements,FOMC,2002-03-19,bert_score,0.09090909090909093,RoBERTa/BERT,0.9488114205346354
FOMC statements,FOMC,2002-05-07,net_score,0.09090909090909093,Dictionary,0.5960091686001892
FOMC statements,FOMC,2002-05-07,rf_score,0.04744370992966335,Random Forest,0.07821302494128199
FOMC statements,FOMC,2002-05-07,bert_score,0.09090909090909093,RoBERTa/BERT,0.9488114205346354
FOMC statements,FOMC,2002-06-26,net_score,0.09090909090909093,Dictionary,0.5960091686001892
FOMC statements,FOMC,2002-06-26,rf_score,-0.10906875956054853,Random Forest,-0.25046258639859265
FOMC statements,FOMC,2002-06-26,bert_score,0,RoBERTa/BERT,0.5250915053609932
FOMC statements,FOMC,2002-08-13,net_score,-0.2857142857142857,Dictionary,-1.0224057835446494
FOMC statements,FOMC,2002-08-13,rf_score,-0.2767449880807517,Random Forest,-0.6025820507169861
FOMC statements,FOMC,2002-08-13,bert_score,-0.2307692307692308,RoBERTa/BERT,-0.550505202387483
FOMC statements,FOMC,2002-09-24,net_score,-0.2857142857142857,Dictionary,-1.0224057835446494
FOMC statements,FOMC,2002-09-24,rf_score,-0.463044082710986,Random Forest,-0.9938094654980608
FOMC statements,FOMC,2002-09-24,bert_score,-0.2857142857142857,RoBERTa/BERT,-0.8065996566133105
FOMC statements,FOMC,2002-11-06,net_score,-0.375,Dictionary,-1.4060817420272622
FOMC statements,FOMC,2002-11-06,rf_score,-0.20447196422428615,Random Forest,-0.45080896594759184
FOMC statements,FOMC,2002-11-06,bert_score,-0.375,RoBERTa/BERT,-1.2227531447302804
FOMC statements,FOMC,2002-12-10,net_score,-0.16666666666666666,Dictionary,-0.510837838901166
FOMC statements,FOMC,2002-12-10,rf_score,-0.11111973354079788,Random Forest,-0.2547696242275676
FOMC statements,FOMC,2002-12-10,bert_score,-0.09090909090909093,RoBERTa/BERT,0.10137159018735103
FOMC statements,FOMC,2003-01-29,net_score,-0.16666666666666666,Dictionary,-0.510837838901166
FOMC statements,FOMC,2003-01-29,rf_score,-0.10709886460679267,Random Forest,-0.2463258142275962
FOMC statements,FOMC,2003-01-29,bert_score,-0.16666666666666666,RoBERTa/BERT,-0.25172833912401726
FOMC statements,FOMC,2003-03-18,net_score,-0.07692307692307693,Dictionary,-0.12519431140069384
FOMC statements,FOMC,2003-03-18,rf_score,-0.0722555791260269,Random Forest,-0.17315504263487863
FOMC statements,FOMC,2003-03-18,bert_score,-0.2,RoBERTa/BERT,-0.4070923080210194
FOMC statements,FOMC,2003-05-06,net_score,-0.2857142857142857,Dictionary,-1.0224057835446494
FOMC statements,FOMC,2003-05-06,rf_score,-0.12812955307058807,Random Forest,-0.2904901827935697
FOMC statements,FOMC,2003-05-06,bert_score,-0.3333333333333333,RoBERTa/BERT,-1.0285481836090278
FOMC statements,FOMC,2003-06-25,net_score,-0.3684210526315789,Dictionary,-1.377810881928543
FOMC statements,FOMC,2003-06-25,rf_score,-0.5496945530761956,Random Forest,-1.1757751351532448
FOMC statements,FOMC,2003-06-25,bert_score,-0.17647058823529413,RoBERTa/BERT,-0.29742362409372386
FOMC statements,FOMC,2003-08-12,net_score,-0.17647058823529413,Dictionary,-0.5529669637541588
FOMC statements,FOMC,2003-08-12,rf_score,0.0018680947252555,Random Forest,-0.017495599670487007
FOMC statements,FOMC,2003-08-12,bert_score,-0.2857142857142857,RoBERTa/BERT,-0.8065996566133105
FOMC statements,FOMC,2003-09-16,net_score,-0.17647058823529413,Dictionary,-0.5529669637541588
FOMC statements,FOMC,2003-09-16,rf_score,-0.04290532320780979,Random Forest,-0.11151961295746833
FOMC statements,FOMC,2003-09-16,bert_score,-0.2,RoBERTa/BERT,-0.4070923080210194
FOMC statements,FOMC,2003-10-28,net_score,-0.17647058823529413,Dictionary,-0.5529669637541588
FOMC statements,FOMC,2003-10-28,rf_score,-0.03154242068228435,Random Forest,-0.08765755936942471
FOMC statements,FOMC,2003-10-28,bert_score,-0.2,RoBERTa/BERT,-0.4070923080210194
FOMC statements,FOMC,2003-12-09,net_score,-0.25,Dictionary,-0.8689354001516044
FOMC statements,FOMC,2003-12-09,rf_score,-0.02901033736803962,Random Forest,-0.08234019370531108
FOMC statements,FOMC,2003-12-09,bert_score,-0.14285714285714285,RoBERTa/BERT,-0.1407540756261586
FOMC statements,FOMC,2004-01-28,net_score,-0.25,Dictionary,-0.8689354001516044
FOMC statements,FOMC,2004-01-28,rf_score,-0.08149272652607252,Random Forest,-0.19255301826350035
FOMC statements,FOMC,2004-01-28,bert_score,-0.14285714285714285,RoBERTa/BERT,-0.1407540756261586
FOMC statements,FOMC,2004-03-16,net_score,-0.15789473684210523,Dictionary,-0.4731433587695407
FOMC statements,FOMC,2004-03-16,rf_score,-0.07057694092275539,Random Forest,-0.1696299085706357
FOMC statements,FOMC,2004-03-16,bert_score,-0.14285714285714285,RoBERTa/BERT,-0.1407540756261586
FOMC statements,FOMC,2004-05-04,net_score,-0.2,Dictionary,-0.6540768634013414
FOMC statements,FOMC,2004-05-04,rf_score,-0.16777139403323052,Random Forest,-0.373737903281741
FOMC statements,FOMC,2004-05-04,bert_score,0,RoBERTa/BERT,0.5250915053609932
FOMC statements,FOMC,2004-06-30,net_score,0.04761904761904761,Dictionary,0.40998446145710427
FOMC statements,FOMC,2004-06-30,rf_score,0.8086333177497272,Random Forest,1.676708406879302
FOMC statements,FOMC,2004-06-30,bert_score,0.14285714285714285,RoBERTa/BERT,1.190937086348145
FOMC statements,FOMC,2004-08-10,net_score,0,Dictionary,0.2053572835997109
FOMC statements,FOMC,2004-08-10,rf_score,0.9982608695652172,Random Forest,2.0749255695299604
FOMC statements,FOMC,2004-08-10,bert_score,0,RoBERTa/BERT,0.5250915053609932
FOMC statements,FOMC,2004-09-21,net_score,0,Dictionary,0.2053572835997109
FOMC statements,FOMC,2004-09-21,rf_score,0.9979296066252588,Random Forest,2.074229918572182
FOMC statements,FOMC,2004-09-21,bert_score,0,RoBERTa/BERT,0.5250915053609932
FOMC statements,FOMC,2004-11-10,net_score,0,Dictionary,0.2053572835997109
FOMC statements,FOMC,2004-11-10,rf_score,0.9981060606060606,Random Forest,2.0746004712840667
FOMC statements,FOMC,2004-11-10,bert_score,0,RoBERTa/BERT,0.5250915053609932
FOMC statements,FOMC,2004-12-14,net_score,0,Dictionary,0.2053572835997109
FOMC statements,FOMC,2004-12-14,rf_score,0.997835497835498,Random Forest,2.074032290459177
FOMC statements,FOMC,2004-12-14,bert_score,0,RoBERTa/BERT,0.5250915053609932
FOMC statements,FOMC,2005-02-02,net_score,0,Dictionary,0.2053572835997109
FOMC statements,FOMC,2005-02-02,rf_score,0.9980237154150196,Random Forest,2.074427546685187
FOMC statements,FOMC,2005-02-02,bert_score,0,RoBERTa/BERT,0.5250915053609932
FOMC statements,FOMC,2005-03-22,net_score,0.1,Dictionary,0.6350743571002371
FOMC statements,FOMC,2005-03-22,rf_score,0.9944416996047432,Random Forest,2.066905326633926
FOMC statements,FOMC,2005-03-22,bert_score,0.07692307692307693,RoBERTa/BERT,0.8836237412771518
FOMC statements,FOMC,2005-05-03,net_score,0.04761904761904761,Dictionary,0.40998446145710427
FOMC statements,FOMC,2005-05-03,rf_score,1,Random Forest,2.0785777370582976
FOMC statements,FOMC,2005-05-03,bert_score,-0.0588235294117647,RoBERTa/BERT,0.25091979554275423
FOMC statements,FOMC,2005-06-30,net_score,0,Dictionary,0.2053572835997109
FOMC statements,FOMC,2005-06-30,rf_score,0.9953463203463204,Random Forest,2.0688050268701885
FOMC statements,FOMC,2005-06-30,bert_score,0.07692307692307693,RoBERTa/BERT,0.8836237412771518
FOMC statements,FOMC,2005-08-09,net_score,0.05263157894736842,Dictionary,0.43152416438946145
FOMC statements,FOMC,2005-08-09,rf_score,1,Random Forest,2.0785777370582976
FOMC statements,FOMC,2005-08-09,bert_score,0,RoBERTa/BERT,0.5250915053609932
FOMC statements,FOMC,2005-09-20,net_score,0.05263157894736842,Dictionary,0.43152416438946145
FOMC statements,FOMC,2005-09-20,rf_score,0.17647016525322995,Random Forest,0.349168107438031
FOMC statements,FOMC,2005-09-20,bert_score,0,RoBERTa/BERT,0.5250915053609932
FOMC statements,FOMC,2005-11-01,net_score,0.05263157894736842,Dictionary,0.43152416438946145
FOMC statements,FOMC,2005-11-01,rf_score,0.7939508506616257,Random Forest,1.645875279896655
FOMC statements,FOMC,2005-11-01,bert_score,0,RoBERTa/BERT,0.5250915053609932
FOMC statements,FOMC,2005-12-13,net_score,0.2307692307692308,Dictionary,1.1970120686009251
FOMC statements,FOMC,2005-12-13,rf_score,0.7682912739434477,Random Forest,1.5919902629900817
FOMC statements,FOMC,2005-12-13,bert_score,0.06666666666666667,RoBERTa/BERT,0.8358194431549973
FOMC statements,FOMC,2006-01-31,net_score,0.2857142857142857,Dictionary,1.433120350744071
FOMC statements,FOMC,2006-01-31,rf_score,0.7236555714816583,Random Forest,1.4982554516871978
FOMC statements,FOMC,2006-01-31,bert_score,0.14285714285714285,RoBERTa/BERT,1.190937086348145
FOMC statements,FOMC,2006-03-28,net_score,0.3333333333333333,Dictionary,1.6377475286014647
FOMC statements,FOMC,2006-03-28,rf_score,0.7032987437399202,Random Forest,1.4555061881636628
FOMC statements,FOMC,2006-03-28,bert_score,0.06666666666666667,RoBERTa/BERT,0.8358194431549973
FOMC statements,FOMC,2006-05-10,net_score,0.3333333333333333,Dictionary,1.6377475286014647
FOMC statements,FOMC,2006-05-10,rf_score,0.4438036083998817,Random Forest,0.9105673566097683
FOMC statements,FOMC,2006-05-10,bert_score,0.2,RoBERTa/BERT,1.4572753187430059
FOMC statements,FOMC,2006-06-29,net_score,0.375,Dictionary,1.8167963092266837
FOMC statements,FOMC,2006-06-29,rf_score,0.28364052130976697,Random Forest,0.5742254617122682
FOMC statements,FOMC,2006-06-29,bert_score,0.06666666666666667,RoBERTa/BERT,0.8358194431549973
FOMC statements,FOMC,2006-08-08,net_score,0.2307692307692308,Dictionary,1.1970120686009251
FOMC statements,FOMC,2006-08-08,rf_score,-0.245505235359104,Random Forest,-0.5369786846891041
FOMC statements,FOMC,2006-08-08,bert_score,0,RoBERTa/BERT,0.5250915053609932
FOMC statements,FOMC,2006-09-20,net_score,0.16666666666666666,Dictionary,0.9215524061005878
FOMC statements,FOMC,2006-09-20,rf_score,-0.23944436613140865,Random Forest,-0.5242508815616455
FOMC statements,FOMC,2006-09-20,bert_score,0,RoBERTa/BERT,0.5250915053609932
FOMC statements,FOMC,2006-10-25,net_score,0.07692307692307693,Dictionary,0.5359088786001156
FOMC statements,FOMC,2006-10-25,rf_score,-0.280920498936563,Random Forest,-0.611350608185028
FOMC statements,FOMC,2006-10-25,bert_score,-0.06666666666666667,RoBERTa/BERT,0.21436356756698902
FOMC statements,FOMC,2006-12-12,net_score,0.07692307692307693,Dictionary,0.5359088786001156
FOMC statements,FOMC,2006-12-12,rf_score,-0.33456710127343187,Random Forest,-0.7240082761447059
FOMC statements,FOMC,2006-12-12,bert_score,0,RoBERTa/BERT,0.5250915053609932
FOMC statements,FOMC,2007-01-31,net_score,0.09090909090909093,Dictionary,0.5960091686001892
FOMC statements,FOMC,2007-01-31,rf_score,-0.1816608490247392,Random Forest,-0.40290570777285395
FOMC statements,FOMC,2007-01-31,bert_score,0,RoBERTa/BERT,0.5250915053609932
FOMC statements,FOMC,2007-03-21,net_score,0.16666666666666666,Dictionary,0.9215524061005878
FOMC statements,FOMC,2007-03-21,rf_score,-0.1438814269391639,Random Forest,-0.3235690600891997
FOMC statements,FOMC,2007-03-21,bert_score,0,RoBERTa/BERT,0.5250915053609932
FOMC statements,FOMC,2007-05-09,net_score,0,Dictionary,0.2053572835997109
FOMC statements,FOMC,2007-05-09,rf_score,-0.1347509538978235,Random Forest,-0.30439510022223537
FOMC statements,FOMC,2007-05-09,bert_score,-0.06666666666666667,RoBERTa/BERT,0.21436356756698902
FOMC statements,FOMC,2007-06-28,net_score,0,Dictionary,0.2053572835997109
FOMC statements,FOMC,2007-08-07,net_score,0.06666666666666667,Dictionary,0.4918353326000616
FOMC statements,FOMC,2007-08-07,rf_score,-0.07687694943013579,Random Forest,-0.18285990330750335
FOMC statements,FOMC,2007-08-07,bert_score,-0.2,RoBERTa/BERT,-0.4070923080210194
FOMC statements,FOMC,2007-08-17,net_score,-0.09090909090909093,Dictionary,-0.18529460140076748
FOMC statements,FOMC,2007-08-17,bert_score,-0.07692307692307693,RoBERTa/BERT,0.16655926944483448
FOMC statements,FOMC,2007-09-18,net_score,-0.07692307692307693,Dictionary,-0.12519431140069384
FOMC statements,FOMC,2007-09-18,rf_score,-0.8715007215007214,Random Forest,-1.8515669074279033
FOMC statements,FOMC,2007-09-18,bert_score,-0.29411764705882354,RoBERTa/BERT,-0.845767043730202
FOMC statements,FOMC,2007-10-31,net_score,0,Dictionary,0.2053572835997109
FOMC statements,FOMC,2007-10-31,rf_score,-0.8451515151515152,Random Forest,-1.7962336708279436
FOMC statements,FOMC,2007-10-31,bert_score,-0.25,RoBERTa/BERT,-0.6401382613665226
FOMC statements,FOMC,2007-12-11,net_score,-0.125,Dictionary,-0.33178905827594674
FOMC statements,FOMC,2007-12-11,rf_score,-0.9539485766758496,Random Forest,-2.024707100612584
FOMC statements,FOMC,2007-12-11,bert_score,-0.2222222222222222,RoBERTa/BERT,-0.5106682872856874
FOMC statements,FOMC,2008-01-22,net_score,-0.4444444444444444,Dictionary,-1.7044963764026275
FOMC statements,FOMC,2008-01-22,rf_score,-0.08602945838397075,Random Forest,-0.20208013850980786
FOMC statements,FOMC,2008-01-30,net_score,-0.3333333333333333,Dictionary,-1.2270329614020425
FOMC statements,FOMC,2008-01-30,rf_score,-0.8582472928733318,Random Forest,-1.8237347559664563
FOMC statements,FOMC,2008-01-30,bert_score,-0.2222222222222222,RoBERTa/BERT,-0.5106682872856874
FOMC statements,FOMC,2008-03-11,net_score,0,Dictionary,0.2053572835997109
FOMC statements,FOMC,2008-03-11,bert_score,0.3333333333333333,RoBERTa/BERT,2.078731194331014
FOMC statements,FOMC,2008-03-18,net_score,-0.2,Dictionary,-0.6540768634013414
FOMC statements,FOMC,2008-03-18,rf_score,-0.8345404354100006,Random Forest,-1.773950442326226
FOMC statements,FOMC,2008-03-18,bert_score,-0.30434782608695654,RoBERTa/BERT,-0.8934490802203304
FOMC statements,FOMC,2008-04-30,net_score,-0.14285714285714285,Dictionary,-0.4085242499724692
FOMC statements,FOMC,2008-04-30,rf_score,-0.864230540701129,Random Forest,-1.836299554439093
FOMC statements,FOMC,2008-04-30,bert_score,-0.3684210526315789,RoBERTa/BERT,-1.192089203500609
FOMC statements,FOMC,2008-06-25,net_score,-0.06666666666666667,Dictionary,-0.08112076540063985
FOMC statements,FOMC,2008-06-25,rf_score,-0.22996136164885153,Random Forest,-0.5043366069623417
FOMC statements,FOMC,2008-06-25,bert_score,-0.1111111111111111,RoBERTa/BERT,0.0072116090376529
FOMC statements,FOMC,2008-08-05,net_score,-0.06666666666666667,Dictionary,-0.08112076540063985
FOMC statements,FOMC,2008-08-05,rf_score,-0.1305718206667031,Random Forest,-0.29561893577934295
FOMC statements,FOMC,2008-08-05,bert_score,-0.15789473684210523,RoBERTa/BERT,-0.21084308415112182
FOMC statements,FOMC,2008-09-16,net_score,-0.06666666666666667,Dictionary,-0.08112076540063985
FOMC statements,FOMC,2008-09-16,rf_score,-0.6933145927673706,Random Forest,-1.477376691245912
FOMC statements,FOMC,2008-09-16,bert_score,-0.2222222222222222,RoBERTa/BERT,-0.5106682872856874
FOMC statements,FOMC,2008-10-08,net_score,-0.04761904761904761,Dictionary,7.30105742317545e-4
FOMC statements,FOMC,2008-10-08,rf_score,-0.8386437965092834,Random Forest,-1.7825674855704348
FOMC statements,FOMC,2008-10-08,bert_score,-0.391304347826087,RoBERTa/BERT,-1.298746390386423
FOMC statements,FOMC,2008-10-29,net_score,-0.4117647058823529,Dictionary,-1.564065960225985
FOMC statements,FOMC,2008-10-29,rf_score,-0.8717891278375149,Random Forest,-1.8521725596763705
FOMC statements,FOMC,2008-10-29,bert_score,-0.3684210526315789,RoBERTa/BERT,-1.192089203500609
FOMC statements,FOMC,2008-12-16,net_score,0,Dictionary,0.2053572835997109
FOMC statements,FOMC,2008-12-16,rf_score,0.34867062623229617,Random Forest,0.710788443310646
FOMC statements,FOMC,2008-12-16,bert_score,0,RoBERTa/BERT,0.5250915053609932
FOMC statements,FOMC,2009-01-28,net_score,-0.2307692307692308,Dictionary,-0.7862975014015033
FOMC statements,FOMC,2009-01-28,rf_score,-0.03168127373012017,Random Forest,-0.08794915026012172
FOMC statements,FOMC,2009-01-28,bert_score,-0.23809523809523808,RoBERTa/BERT,-0.5846511296175932
FOMC statements,FOMC,2009-03-18,net_score,-0.2307692307692308,Dictionary,-0.7862975014015033
FOMC statements,FOMC,2009-03-18,rf_score,0.00601174457929411,Random Forest,-0.00879395018919954
FOMC statements,FOMC,2009-03-18,bert_score,-0.23809523809523808,RoBERTa/BERT,-0.5846511296175932
FOMC statements,FOMC,2009-04-29,net_score,-0.2307692307692308,Dictionary,-0.7862975014015033
FOMC statements,FOMC,2009-04-29,rf_score,0.02621956168627334,Random Forest,0.033642391548390556
FOMC statements,FOMC,2009-04-29,bert_score,-0.2631578947368421,RoBERTa/BERT,-0.7014661438258655
FOMC statements,FOMC,2009-06-24,net_score,-0.14285714285714285,Dictionary,-0.4085242499724692
FOMC statements,FOMC,2009-06-24,rf_score,-0.08723320943449024,Random Forest,-0.20460801129668033
FOMC statements,FOMC,2009-06-24,bert_score,-0.15789473684210523,RoBERTa/BERT,-0.21084308415112182
FOMC statements,FOMC,2009-08-12,net_score,-0.14285714285714285,Dictionary,-0.4085242499724692
FOMC statements,FOMC,2009-08-12,rf_score,0.01283856890325893,Random Forest,0.0055423558284458385
FOMC statements,FOMC,2009-08-12,bert_score,-0.1111111111111111,RoBERTa/BERT,0.0072116090376529
FOMC statements,FOMC,2009-09-23,net_score,-0.2,Dictionary,-0.6540768634013414
FOMC statements,FOMC,2009-09-23,rf_score,0.02239632673361121,Random Forest,0.025613612183684485
FOMC statements,FOMC,2009-09-23,bert_score,-0.3333333333333333,RoBERTa/BERT,-1.0285481836090278
FOMC statements,FOMC,2009-11-04,net_score,-0.25,Dictionary,-0.8689354001516044
FOMC statements,FOMC,2009-11-04,rf_score,0.03305464176958477,Random Forest,0.04799603463035522
FOMC statements,FOMC,2009-11-04,bert_score,-0.1111111111111111,RoBERTa/BERT,0.0072116090376529
FOMC statements,FOMC,2009-12-16,net_score,-0.25,Dictionary,-0.8689354001516044
FOMC statements,FOMC,2009-12-16,rf_score,0.02818430575327127,Random Forest,0.03776834687610534
FOMC statements,FOMC,2009-12-16,bert_score,-0.3684210526315789,RoBERTa/BERT,-1.192089203500609
FOMC statements,FOMC,2010-01-27,net_score,-0.2,Dictionary,-0.6540768634013414
FOMC statements,FOMC,2010-01-27,rf_score,0.00261554975276779,Random Forest,-0.015925946856772833
FOMC statements,FOMC,2010-01-27,bert_score,-0.2222222222222222,RoBERTa/BERT,-0.5106682872856874
FOMC statements,FOMC,2010-03-16,net_score,-0.25,Dictionary,-0.8689354001516044
FOMC statements,FOMC,2010-03-16,rf_score,0.01231693682257591,Random Forest,0.004446930374030501
FOMC statements,FOMC,2010-03-16,bert_score,-0.15789473684210523,RoBERTa/BERT,-0.21084308415112182
FOMC statements,FOMC,2010-04-28,net_score,-0.17647058823529413,Dictionary,-0.5529669637541588
FOMC statements,FOMC,2010-04-28,rf_score,0.00283039819883005,Random Forest,-0.015474765908795065
FOMC statements,FOMC,2010-04-28,bert_score,-0.125,RoBERTa/BERT,-0.05752337800276467
FOMC statements,FOMC,2010-06-23,net_score,-0.1111111111111111,Dictionary,-0.27210613140087364
FOMC statements,FOMC,2010-06-23,rf_score,0.00474736652432019,Random Forest,-0.011449139462852042
FOMC statements,FOMC,2010-06-23,bert_score,-0.3333333333333333,RoBERTa/BERT,-1.0285481836090278
FOMC statements,FOMC,2010-08-10,net_score,-0.2222222222222222,Dictionary,-0.7495695464014582
FOMC statements,FOMC,2010-08-10,rf_score,0.03382676606854704,Random Forest,0.04961749282354836
FOMC statements,FOMC,2010-08-10,bert_score,-0.2631578947368421,RoBERTa/BERT,-0.7014661438258655
FOMC statements,FOMC,2010-09-21,net_score,-0.2,Dictionary,-0.6540768634013414
FOMC statements,FOMC,2010-09-21,rf_score,0.01465709919369108,Random Forest,0.009361262762153424
FOMC statements,FOMC,2010-09-21,bert_score,-0.3,RoBERTa/BERT,-0.8731842147120257
FOMC statements,FOMC,2010-11-03,net_score,-0.3,Dictionary,-1.0837939369018672
FOMC statements,FOMC,2010-11-03,rf_score,0.04372375312769555,Random Forest,0.07040112931387861
FOMC statements,FOMC,2010-11-03,bert_score,-0.4,RoBERTa/BERT,-1.3392761214030322
FOMC statements,FOMC,2010-12-14,net_score,-0.23809523809523808,Dictionary,-0.817778605687256
FOMC statements,FOMC,2010-12-14,rf_score,0.01308608856995953,Random Forest,0.0060621462198213304
FOMC statements,FOMC,2010-12-14,bert_score,-0.4,RoBERTa/BERT,-1.3392761214030322
FOMC statements,FOMC,2011-01-26,net_score,-0.2,Dictionary,-0.6540768634013414
FOMC statements,FOMC,2011-01-26,rf_score,0.02507148765213281,Random Forest,0.03123144029151212
FOMC statements,FOMC,2011-01-26,bert_score,-0.29411764705882354,RoBERTa/BERT,-0.845767043730202
FOMC statements,FOMC,2011-03-15,net_score,-0.04761904761904761,Dictionary,7.30105742317545e-4
FOMC statements,FOMC,2011-03-15,rf_score,0.02130831368977921,Random Forest,0.023328788785957663
FOMC statements,FOMC,2011-03-15,bert_score,-0.15789473684210523,RoBERTa/BERT,-0.21084308415112182
FOMC statements,FOMC,2011-04-27,net_score,0.05263157894736842,Dictionary,0.43152416438946145
FOMC statements,FOMC,2011-04-27,rf_score,0.02700233937936777,Random Forest,0.035286221830150434
FOMC statements,FOMC,2011-04-27,bert_score,-0.1111111111111111,RoBERTa/BERT,0.0072116090376529
FOMC statements,FOMC,2011-06-22,net_score,-0.06666666666666667,Dictionary,-0.08112076540063985
FOMC statements,FOMC,2011-06-22,rf_score,0.01967241331465469,Random Forest,0.019893404003924007
FOMC statements,FOMC,2011-06-22,bert_score,-0.2222222222222222,RoBERTa/BERT,-0.5106682872856874
FOMC statements,FOMC,2011-08-09,net_score,-0.2222222222222222,Dictionary,-0.7495695464014582
FOMC statements,FOMC,2011-08-09,rf_score,0.01428937283408353,Random Forest,0.00858903875697691
FOMC statements,FOMC,2011-08-09,bert_score,-0.3333333333333333,RoBERTa/BERT,-1.0285481836090278
FOMC statements,FOMC,2011-09-21,net_score,-0.25,Dictionary,-0.8689354001516044
FOMC statements,FOMC,2011-09-21,rf_score,0.01260769093334491,Random Forest,0.005057512939227063
FOMC statements,FOMC,2011-09-21,bert_score,-0.2727272727272727,RoBERTa/BERT,-0.746068240159933
FOMC statements,FOMC,2011-11-02,net_score,-0.125,Dictionary,-0.33178905827594674
FOMC statements,FOMC,2011-11-02,rf_score,0.0139896293467722,Random Forest,0.007959578534043308
FOMC statements,FOMC,2011-11-02,bert_score,-0.15789473684210523,RoBERTa/BERT,-0.21084308415112182
FOMC statements,FOMC,2011-12-13,net_score,-0.2307692307692308,Dictionary,-0.7862975014015033
FOMC statements,FOMC,2011-12-13,rf_score,0.01121317756079419,Random Forest,0.0021290399764168876
FOMC statements,FOMC,2011-12-13,bert_score,-0.17647058823529413,RoBERTa/BERT,-0.29742362409372386
FOMC statements,FOMC,2012-01-25,net_score,-0.2857142857142857,Dictionary,-1.0224057835446494
FOMC statements,FOMC,2012-01-25,rf_score,0.01045683285721236,Random Forest,5.407188755925141e-4
FOMC statements,FOMC,2012-01-25,bert_score,-0.29411764705882354,RoBERTa/BERT,-0.845767043730202
FOMC statements,FOMC,2012-03-13,net_score,-0.2857142857142857,Dictionary,-1.0224057835446494
FOMC statements,FOMC,2012-03-13,rf_score,0.00763656283774477,Random Forest,-0.005381837811496247
FOMC statements,FOMC,2012-03-13,bert_score,-0.17647058823529413,RoBERTa/BERT,-0.29742362409372386
FOMC statements,FOMC,2012-04-25,net_score,-0.2,Dictionary,-0.6540768634013414
FOMC statements,FOMC,2012-04-25,rf_score,0.00791888403519791,Random Forest,-0.004788964333304024
FOMC statements,FOMC,2012-04-25,bert_score,-0.15789473684210523,RoBERTa/BERT,-0.21084308415112182
FOMC statements,FOMC,2012-06-20,net_score,-0.4117647058823529,Dictionary,-1.564065960225985
FOMC statements,FOMC,2012-06-20,rf_score,0.0163625437377706,Random Forest,0.012942690043681588
FOMC statements,FOMC,2012-06-20,bert_score,-0.391304347826087,RoBERTa/BERT,-1.298746390386423
FOMC statements,FOMC,2012-08-01,net_score,-0.3333333333333333,Dictionary,-1.2270329614020425
FOMC statements,FOMC,2012-08-01,rf_score,0.01093331719088211,Random Forest,0.001541334227026684
FOMC statements,FOMC,2012-08-01,bert_score,-0.4545454545454546,RoBERTa/BERT,-1.5935080705072175
FOMC statements,FOMC,2012-09-13,net_score,-0.3333333333333333,Dictionary,-1.2270329614020425
FOMC statements,FOMC,2012-09-13,rf_score,0.01090257954482092,Random Forest,0.001476785283142426
FOMC statements,FOMC,2012-09-13,bert_score,-0.5238095238095238,RoBERTa/BERT,-1.916342291591897
FOMC statements,FOMC,2012-10-24,net_score,-0.3636363636363637,Dictionary,-1.3572502564022024
FOMC statements,FOMC,2012-10-24,rf_score,0.01392536972164921,Random Forest,0.007824633557195374
FOMC statements,FOMC,2012-10-24,bert_score,-0.391304347826087,RoBERTa/BERT,-1.298746390386423
FOMC statements,FOMC,2012-12-12,net_score,-0.4074074074074074,Dictionary,-1.5453419047357657
FOMC statements,FOMC,2012-12-12,rf_score,0.01052524854029821,Random Forest,6.843915589047107e-4
FOMC statements,FOMC,2012-12-12,bert_score,-0.42857142857142855,RoBERTa/BERT,-1.4724452376004624
FOMC statements,FOMC,2013-01-30,net_score,-0.4074074074074074,Dictionary,-1.5453419047357657
FOMC statements,FOMC,2013-01-30,rf_score,0.00759016884016884,Random Forest,-0.0054792650360837615
FOMC statements,FOMC,2013-01-30,bert_score,-0.4782608695652174,RoBERTa/BERT,-1.7040437005525153
FOMC statements,FOMC,2013-03-20,net_score,-0.38461538461538464,Dictionary,-1.4474006914023125
FOMC statements,FOMC,2013-03-20,rf_score,0.00689659439659439,Random Forest,-0.006935768821335213
FOMC statements,FOMC,2013-03-20,bert_score,-0.4782608695652174,RoBERTa/BERT,-1.7040437005525153
FOMC statements,FOMC,2013-05-01,net_score,-0.4615384615384616,Dictionary,-1.7779522864027175
FOMC statements,FOMC,2013-05-01,rf_score,0.00502923976608187,Random Forest,-0.010857206689967345
FOMC statements,FOMC,2013-05-01,bert_score,-0.4782608695652174,RoBERTa/BERT,-1.7040437005525153
FOMC statements,FOMC,2013-06-19,net_score,-0.48148148148148145,Dictionary,-1.8636508480694887
FOMC statements,FOMC,2013-06-19,rf_score,0.01163705101205101,Random Forest,0.003019172667929308
FOMC statements,FOMC,2013-06-19,bert_score,-0.4782608695652174,RoBERTa/BERT,-1.7040437005525153
FOMC statements,FOMC,2013-07-31,net_score,-0.4615384615384616,Dictionary,-1.7779522864027175
FOMC statements,FOMC,2013-07-31,rf_score,0.01224833764295714,Random Forest,0.004302872348672827
FOMC statements,FOMC,2013-07-31,bert_score,-0.4545454545454546,RoBERTa/BERT,-1.5935080705072175
FOMC statements,FOMC,2013-09-18,net_score,-0.5172413793103449,Dictionary,-2.017317234506459
FOMC statements,FOMC,2013-09-18,rf_score,0.00642693897850917,Random Forest,-0.007922043475112227
FOMC statements,FOMC,2013-09-18,bert_score,-0.5,RoBERTa/BERT,-1.8053680280940383
FOMC statements,FOMC,2013-10-30,net_score,-0.4482758620689655,Dictionary,-1.720960632092303
FOMC statements,FOMC,2013-10-30,rf_score,0.01521749968178539,Random Forest,0.010538101729805648
FOMC statements,FOMC,2013-10-30,bert_score,-0.5,RoBERTa/BERT,-1.8053680280940383
FOMC statements,FOMC,2013-12-18,net_score,-0.41935483870967744,Dictionary,-1.5966820568863662
FOMC statements,FOMC,2013-12-18,rf_score,0.01135278514588859,Random Forest,0.002422215392586876
FOMC statements,FOMC,2013-12-18,bert_score,-0.5454545454545454,RoBERTa/BERT,-2.0172279856808593
FOMC statements,FOMC,2014-01-29,net_score,-0.48148148148148145,Dictionary,-1.8636508480694887
FOMC statements,FOMC,2014-01-29,rf_score,0.00530234186950604,Random Forest,-0.010283693275390762
FOMC statements,FOMC,2014-01-29,bert_score,-0.4545454545454546,RoBERTa/BERT,-1.5935080705072175
FOMC statements,FOMC,2014-03-19,net_score,-0.35714285714285715,Dictionary,-1.3293465503307393
FOMC statements,FOMC,2014-03-19,rf_score,0.00802031589100554,Random Forest,-0.004575957808485272
FOMC statements,FOMC,2014-03-19,bert_score,-0.4782608695652174,RoBERTa/BERT,-1.7040437005525153
FOMC statements,FOMC,2014-04-30,net_score,-0.44,Dictionary,-1.685397839802604
FOMC statements,FOMC,2014-04-30,rf_score,0.00640354888868563,Random Forest,-0.007971162577871815
FOMC statements,FOMC,2014-04-30,bert_score,-0.30434782608695654,RoBERTa/BERT,-0.8934490802203304
FOMC statements,FOMC,2014-06-18,net_score,-0.44,Dictionary,-1.685397839802604
FOMC statements,FOMC,2014-06-18,rf_score,0.00847764304660856,Random Forest,-0.003615572460661282
FOMC statements,FOMC,2014-06-18,bert_score,-0.3333333333333333,RoBERTa/BERT,-1.0285481836090278
FOMC statements,FOMC,2014-07-30,net_score,-0.48148148148148145,Dictionary,-1.8636508480694887
FOMC statements,FOMC,2014-07-30,rf_score,0.01647502809809587,Random Forest,0.013178906787411364
FOMC statements,FOMC,2014-07-30,bert_score,-0.30434782608695654,RoBERTa/BERT,-0.8934490802203304
FOMC statements,FOMC,2014-09-17,net_score,-0.4666666666666667,Dictionary,-1.7999890594027446
FOMC statements,FOMC,2014-09-17,rf_score,0.01804105423207056,Random Forest,0.016467555919553144
FOMC statements,FOMC,2014-09-17,bert_score,-0.23809523809523808,RoBERTa/BERT,-0.5846511296175932
FOMC statements,FOMC,2014-10-29,net_score,-0.44,Dictionary,-1.685397839802604
FOMC statements,FOMC,2014-10-29,rf_score,0.01158088279103243,Random Forest,0.0029012196099954175
FOMC statements,FOMC,2014-10-29,bert_score,-0.391304347826087,RoBERTa/BERT,-1.298746390386423
FOMC statements,FOMC,2014-12-17,net_score,-0.42857142857142855,Dictionary,-1.6362873171168293
FOMC statements,FOMC,2014-12-17,rf_score,0.00998572820941242,Random Forest,-4.485991552649872e-4
FOMC statements,FOMC,2014-12-17,bert_score,-0.391304347826087,RoBERTa/BERT,-1.298746390386423
FOMC statements,FOMC,2015-01-28,net_score,-0.125,Dictionary,-0.33178905827594674
FOMC statements,FOMC,2015-01-28,rf_score,0.02141928457606423,Random Forest,0.023561827239759192
FOMC statements,FOMC,2015-01-28,bert_score,-0.3,RoBERTa/BERT,-0.8731842147120257
FOMC statements,FOMC,2015-03-18,net_score,-0.1111111111111111,Dictionary,-0.27210613140087364
FOMC statements,FOMC,2015-03-18,rf_score,0.02350304362629254,Random Forest,0.027937713595329202
FOMC statements,FOMC,2015-03-18,bert_score,-0.3684210526315789,RoBERTa/BERT,-1.192089203500609
FOMC statements,FOMC,2015-04-29,net_score,-0.1111111111111111,Dictionary,-0.27210613140087364
FOMC statements,FOMC,2015-04-29,rf_score,0.02051335000688449,Random Forest,0.021659367970354466
FOMC statements,FOMC,2015-04-29,bert_score,-0.3333333333333333,RoBERTa/BERT,-1.0285481836090278
FOMC statements,FOMC,2015-06-17,net_score,0,Dictionary,0.2053572835997109
FOMC statements,FOMC,2015-06-17,rf_score,0.00782569335280702,Random Forest,-0.004984664424202669
FOMC statements,FOMC,2015-06-17,bert_score,-0.25,RoBERTa/BERT,-0.6401382613665226
FOMC statements,FOMC,2015-07-29,net_score,0,Dictionary,0.2053572835997109
FOMC statements,FOMC,2015-07-29,rf_score,0.01070087678105477,Random Forest,0.0010532102197259743
FOMC statements,FOMC,2015-07-29,bert_score,-0.29411764705882354,RoBERTa/BERT,-0.845767043730202
FOMC statements,FOMC,2015-09-17,net_score,0.0588235294117647,Dictionary,0.4581320327176674
FOMC statements,FOMC,2015-09-17,rf_score,0.01818482323501747,Random Forest,0.016769470297935976
FOMC statements,FOMC,2015-09-17,bert_score,-0.2631578947368421,RoBERTa/BERT,-0.7014661438258655
FOMC statements,FOMC,2015-10-28,net_score,0.15789473684210523,Dictionary,0.8838579259689625
FOMC statements,FOMC,2015-10-28,rf_score,0.04588309031052522,Random Forest,0.07493572947044856
FOMC statements,FOMC,2015-10-28,bert_score,-0.17647058823529413,RoBERTa/BERT,-0.29742362409372386
FOMC statements,FOMC,2015-12-16,net_score,0.125,Dictionary,0.7425036254753685
FOMC statements,FOMC,2015-12-16,rf_score,0.2037259615384615,Random Forest,0.40640517957536515
FOMC statements,FOMC,2015-12-16,bert_score,-0.2,RoBERTa/BERT,-0.4070923080210194
FOMC statements,FOMC,2016-01-27,net_score,-0.06666666666666667,Dictionary,-0.08112076540063985
FOMC statements,FOMC,2016-01-27,rf_score,0.11948196230248397,Random Forest,0.22949309045691643
FOMC statements,FOMC,2016-01-27,bert_score,-0.4117647058823529,RoBERTa/BERT,-1.3941104633666799
FOMC statements,FOMC,2016-03-16,net_score,0,Dictionary,0.2053572835997109
FOMC statements,FOMC,2016-03-16,rf_score,0.0611152033027033,Random Forest,0.10692311083379273
FOMC statements,FOMC,2016-03-16,bert_score,-0.125,RoBERTa/BERT,-0.05752337800276467
FOMC statements,FOMC,2016-04-27,net_score,0.06666666666666667,Dictionary,0.4918353326000616
FOMC statements,FOMC,2016-04-27,rf_score,0.11843751979994488,Random Forest,0.2272997650359483
FOMC statements,FOMC,2016-04-27,bert_score,-0.2631578947368421,RoBERTa/BERT,-0.7014661438258655
FOMC statements,FOMC,2016-06-15,net_score,0,Dictionary,0.2053572835997109
FOMC statements,FOMC,2016-06-15,rf_score,0.4356413220069347,Random Forest,0.893426585150017
FOMC statements,FOMC,2016-06-15,bert_score,-0.29411764705882354,RoBERTa/BERT,-0.845767043730202
FOMC statements,FOMC,2016-07-27,net_score,0,Dictionary,0.2053572835997109
FOMC statements,FOMC,2016-07-27,rf_score,0.13007360457879863,Random Forest,0.25173550035307296
FOMC statements,FOMC,2016-07-27,bert_score,-0.3684210526315789,RoBERTa/BERT,-1.192089203500609
FOMC statements,FOMC,2016-09-21,net_score,0.06666666666666667,Dictionary,0.4918353326000616
FOMC statements,FOMC,2016-09-21,rf_score,0.03779809081662255,Random Forest,0.05795726021495434
FOMC statements,FOMC,2016-09-21,bert_score,-0.15789473684210523,RoBERTa/BERT,-0.21084308415112182
FOMC statements,FOMC,2016-11-02,net_score,0.06666666666666667,Dictionary,0.4918353326000616
FOMC statements,FOMC,2016-11-02,rf_score,0.4094989421875184,Random Forest,0.8385276835033135
FOMC statements,FOMC,2016-11-02,bert_score,0,RoBERTa/BERT,0.5250915053609932
FOMC statements,FOMC,2016-12-14,net_score,0.125,Dictionary,0.7425036254753685
FOMC statements,FOMC,2016-12-14,rf_score,0.41914936914936907,Random Forest,0.8587935446944912
FOMC statements,FOMC,2016-12-14,bert_score,-0.0588235294117647,RoBERTa/BERT,0.25091979554275423
FOMC statements,FOMC,2017-02-01,net_score,0.06666666666666667,Dictionary,0.4918353326000616
FOMC statements,FOMC,2017-02-01,rf_score,0.6031244932635202,Random Forest,1.2451406299235666
FOMC statements,FOMC,2017-02-01,bert_score,-0.3333333333333333,RoBERTa/BERT,-1.0285481836090278
FOMC statements,FOMC,2017-03-15,net_score,0.17647058823529413,Dictionary,0.9636815309535806
FOMC statements,FOMC,2017-03-15,rf_score,0.37843377382851073,Random Forest,0.7732909439960404
FOMC statements,FOMC,2017-03-15,bert_score,-0.06666666666666667,RoBERTa/BERT,0.21436356756698902
FOMC statements,FOMC,2017-05-03,net_score,0,Dictionary,0.2053572835997109
FOMC statements,FOMC,2017-05-03,rf_score,0.7140236520589578,Random Forest,1.4780284562602906
FOMC statements,FOMC,2017-05-03,bert_score,-0.0588235294117647,RoBERTa/BERT,0.25091979554275423
FOMC statements,FOMC,2017-06-14,net_score,0.05263157894736842,Dictionary,0.43152416438946145
FOMC statements,FOMC,2017-06-14,rf_score,0.531984126984127,Random Forest,1.0957461219078044
FOMC statements,FOMC,2017-06-14,bert_score,0,RoBERTa/BERT,0.5250915053609932
FOMC statements,FOMC,2017-07-26,net_score,0.06666666666666667,Dictionary,0.4918353326000616
FOMC statements,FOMC,2017-07-26,rf_score,0.48386379346268993,Random Forest,0.9946935981724602
FOMC statements,FOMC,2017-07-26,bert_score,-0.06666666666666667,RoBERTa/BERT,0.21436356756698902
FOMC statements,FOMC,2017-09-20,net_score,0.14285714285714285,Dictionary,0.8192388171718911
FOMC statements,FOMC,2017-09-20,rf_score,0.5947029123416425,Random Forest,1.2274553409049846
FOMC statements,FOMC,2017-09-20,bert_score,-0.125,RoBERTa/BERT,-0.05752337800276467
FOMC statements,FOMC,2017-11-01,net_score,0,Dictionary,0.2053572835997109
FOMC statements,FOMC,2017-11-01,rf_score,0.5538045653177233,Random Forest,1.141568962301025
FOMC statements,FOMC,2017-11-01,bert_score,-0.06666666666666667,RoBERTa/BERT,0.21436356756698902
FOMC statements,FOMC,2017-12-13,net_score,0.2,Dictionary,1.064791430600763
FOMC statements,FOMC,2017-12-13,rf_score,0.3891295306001189,Random Forest,0.7957519939500874
FOMC statements,FOMC,2017-12-13,bert_score,0.06666666666666667,RoBERTa/BERT,0.8358194431549973
FOMC statements,FOMC,2018-01-31,net_score,0,Dictionary,0.2053572835997109
FOMC statements,FOMC,2018-01-31,rf_score,0.6520859441912075,Random Forest,1.3479594971241207
FOMC statements,FOMC,2018-01-31,bert_score,0,RoBERTa/BERT,0.5250915053609932
FOMC statements,FOMC,2018-03-21,net_score,0.2,Dictionary,1.064791430600763
FOMC statements,FOMC,2018-03-21,rf_score,0.4912440389463831,Random Forest,1.0101920865938119
FOMC statements,FOMC,2018-03-21,bert_score,0.1111111111111111,RoBERTa/BERT,1.0429714016843334
FOMC statements,FOMC,2018-05-02,net_score,0.07692307692307693,Dictionary,0.5359088786001156
FOMC statements,FOMC,2018-05-02,rf_score,0.6883520507270506,Random Forest,1.424118187709031
FOMC statements,FOMC,2018-05-02,bert_score,-0.14285714285714285,RoBERTa/BERT,-0.1407540756261586
FOMC statements,FOMC,2018-06-13,net_score,0.25,Dictionary,1.279649967351026
FOMC statements,FOMC,2018-06-13,rf_score,0.39367559523809526,Random Forest,0.8052987130002965
FOMC statements,FOMC,2018-06-13,bert_score,0.2,RoBERTa/BERT,1.4572753187430059
FOMC statements,FOMC,2018-08-01,net_score,0.14285714285714285,Dictionary,0.8192388171718911
FOMC statements,FOMC,2018-08-01,rf_score,0.6437986518771139,Random Forest,1.3305562136888842
FOMC statements,FOMC,2018-08-01,bert_score,0.14285714285714285,RoBERTa/BERT,1.190937086348145
FOMC statements,FOMC,2018-09-26,net_score,0.2857142857142857,Dictionary,1.433120350744071
FOMC statements,FOMC,2018-09-26,rf_score,0.40617518939393943,Random Forest,0.83154781483898
FOMC statements,FOMC,2018-09-26,bert_score,0.2857142857142857,RoBERTa/BERT,1.8567826673352967
FOMC statements,FOMC,2018-11-08,net_score,0.16666666666666666,Dictionary,0.9215524061005878
FOMC statements,FOMC,2018-11-08,rf_score,0.5329493514407091,Random Forest,1.0977730897230886
FOMC statements,FOMC,2018-11-08,bert_score,0.14285714285714285,RoBERTa/BERT,1.190937086348145
FOMC statements,FOMC,2018-12-19,net_score,0.2857142857142857,Dictionary,1.433120350744071
FOMC statements,FOMC,2018-12-19,rf_score,0.38088030765896386,Random Forest,0.7784286560582614
FOMC statements,FOMC,2018-12-19,bert_score,0.14285714285714285,RoBERTa/BERT,1.190937086348145
FOMC statements,FOMC,2019-01-30,net_score,0.07692307692307693,Dictionary,0.5359088786001156
FOMC statements,FOMC,2019-01-30,rf_score,-0.14723321520396607,Random Forest,-0.33060780314017796
FOMC statements,FOMC,2019-01-30,bert_score,-0.06666666666666667,RoBERTa/BERT,0.21436356756698902
FOMC statements,FOMC,2019-03-20,net_score,0,Dictionary,0.2053572835997109
FOMC statements,FOMC,2019-03-20,rf_score,-0.18188684452916593,Random Forest,-0.40338029750247395
FOMC statements,FOMC,2019-03-20,bert_score,-0.2,RoBERTa/BERT,-0.4070923080210194
FOMC statements,FOMC,2019-05-01,net_score,0.06666666666666667,Dictionary,0.4918353326000616
FOMC statements,FOMC,2019-05-01,rf_score,-0.1215340805922766,Random Forest,-0.276639714802456
FOMC statements,FOMC,2019-05-01,bert_score,-0.125,RoBERTa/BERT,-0.05752337800276467
FOMC statements,FOMC,2019-06-19,net_score,0.17647058823529413,Dictionary,0.9636815309535806
FOMC statements,FOMC,2019-06-19,rf_score,-0.17218385914984102,Random Forest,-0.38300406382755314
FOMC statements,FOMC,2019-06-19,bert_score,-0.25,RoBERTa/BERT,-0.6401382613665226
FOMC statements,FOMC,2019-07-31,net_score,0.0588235294117647,Dictionary,0.4581320327176674
FOMC statements,FOMC,2019-07-31,rf_score,-0.9184313725490196,Random Forest,-1.9501211023372258
FOMC statements,FOMC,2019-07-31,bert_score,-0.14285714285714285,RoBERTa/BERT,-0.1407540756261586
FOMC statements,FOMC,2019-09-18,net_score,0.05263157894736842,Dictionary,0.43152416438946145
FOMC statements,FOMC,2019-09-18,rf_score,-0.5929129516117968,Random Forest,-1.2665336134143486
FOMC statements,FOMC,2019-09-18,bert_score,-0.2,RoBERTa/BERT,-0.4070923080210194
FOMC statements,FOMC,2019-10-30,net_score,0.0588235294117647,Dictionary,0.4581320327176674
FOMC statements,FOMC,2019-10-30,rf_score,-0.6813016693451476,Random Forest,-1.4521495961611643
FOMC statements,FOMC,2019-10-30,bert_score,-0.14285714285714285,RoBERTa/BERT,-0.1407540756261586
FOMC statements,FOMC,2019-12-11,net_score,0.2,Dictionary,1.064791430600763
FOMC statements,FOMC,2019-12-11,rf_score,-0.18623317664294772,Random Forest,-0.41250757898513374
FOMC statements,FOMC,2019-12-11,bert_score,0,RoBERTa/BERT,0.5250915053609932
FOMC statements,FOMC,2020-01-29,net_score,0.14285714285714285,Dictionary,0.8192388171718911
FOMC statements,FOMC,2020-01-29,rf_score,-0.16850567698442157,Random Forest,-0.37527989478353796
FOMC statements,FOMC,2020-01-29,bert_score,0,RoBERTa/BERT,0.5250915053609932
FOMC statements,FOMC,2020-03-03,net_score,-0.07692307692307693,Dictionary,-0.12519431140069384
FOMC statements,FOMC,2020-03-03,rf_score,-0.20514229757117505,Random Forest,-0.4522166635151265
FOMC statements,FOMC,2020-03-03,bert_score,-0.16666666666666666,RoBERTa/BERT,-0.25172833912401726
FOMC statements,FOMC,2020-03-15,net_score,-0.1111111111111111,Dictionary,-0.27210613140087364
FOMC statements,FOMC,2020-03-15,rf_score,-0.02539572412375379,Random Forest,-0.0747495191623019
FOMC statements,FOMC,2020-03-15,bert_score,-0.21739130434782608,RoBERTa/BERT,-0.4881517700542379
FOMC statements,FOMC,2020-03-23,net_score,0,Dictionary,0.2053572835997109
FOMC statements,FOMC,2020-03-23,bert_score,-0.2,RoBERTa/BERT,-0.4070923080210194
FOMC statements,FOMC,2020-04-29,net_score,-0.25,Dictionary,-0.8689354001516044
FOMC statements,FOMC,2020-04-29,rf_score,0.02426451691683426,Random Forest,0.029536804709941245
FOMC statements,FOMC,2020-04-29,bert_score,-0.4117647058823529,RoBERTa/BERT,-1.3941104633666799
FOMC statements,FOMC,2020-06-10,net_score,-0.29411764705882354,Dictionary,-1.0585164619900718
FOMC statements,FOMC,2020-06-10,rf_score,0.0436382574461725,Random Forest,0.0702215886965525
FOMC statements,FOMC,2020-06-10,bert_score,-0.29411764705882354,RoBERTa/BERT,-0.845767043730202
FOMC statements,FOMC,2020-07-29,net_score,-0.25,Dictionary,-0.8689354001516044
FOMC statements,FOMC,2020-07-29,rf_score,0.04080543932195399,Random Forest,0.064272681035553475
FOMC statements,FOMC,2020-07-29,bert_score,-0.25,RoBERTa/BERT,-0.6401382613665226
FOMC statements,FOMC,2020-09-16,net_score,-0.125,Dictionary,-0.33178905827594674
FOMC statements,FOMC,2020-09-16,rf_score,-0.4301132870717478,Random Forest,-0.9246549155514062
FOMC statements,FOMC,2020-09-16,bert_score,-0.3,RoBERTa/BERT,-0.8731842147120257
FOMC statements,FOMC,2020-11-05,net_score,-0.25,Dictionary,-0.8689354001516044
FOMC statements,FOMC,2020-11-05,rf_score,0.04467038964246429,Random Forest,0.07238906251959497
FOMC statements,FOMC,2020-11-05,bert_score,-0.2631578947368421,RoBERTa/BERT,-0.7014661438258655
FOMC statements,FOMC,2020-12-16,net_score,-0.3333333333333333,Dictionary,-1.2270329614020425
FOMC statements,FOMC,2020-12-16,rf_score,-0.0032891422349098,Random Forest,-0.02832577835355311
FOMC statements,FOMC,2020-12-16,bert_score,-0.2,RoBERTa/BERT,-0.4070923080210194
FOMC statements,FOMC,2021-01-27,net_score,-0.3333333333333333,Dictionary,-1.2270329614020425
FOMC statements,FOMC,2021-01-27,rf_score,0.01662708987876999,Random Forest,0.013498235968576838
FOMC statements,FOMC,2021-01-27,bert_score,-0.23809523809523808,RoBERTa/BERT,-0.5846511296175932
FOMC statements,FOMC,2021-03-17,net_score,-0.29411764705882354,Dictionary,-1.0585164619900718
FOMC statements,FOMC,2021-03-17,rf_score,0.00374657916252255,Random Forest,-0.013550789248530178
FOMC statements,FOMC,2021-03-17,bert_score,-0.2,RoBERTa/BERT,-0.4070923080210194
FOMC statements,FOMC,2021-04-28,net_score,-0.3333333333333333,Dictionary,-1.2270329614020425
FOMC statements,FOMC,2021-04-28,rf_score,0.00920542587808663,Random Forest,-0.0020872311863982837
FOMC statements,FOMC,2021-04-28,bert_score,-0.09090909090909093,RoBERTa/BERT,0.10137159018735103
FOMC statements,FOMC,2021-06-16,net_score,-0.3333333333333333,Dictionary,-1.2270329614020425
FOMC statements,FOMC,2021-06-16,rf_score,0.00246251322472145,Random Forest,-0.016247323003841477
FOMC statements,FOMC,2021-06-16,bert_score,-0.04761904761904761,RoBERTa/BERT,0.303142978365276
FOMC statements,FOMC,2021-07-28,net_score,-0.3333333333333333,Dictionary,-1.2270329614020425
FOMC statements,FOMC,2021-07-28,rf_score,0.00454018434050298,Random Forest,-0.011884221288259635
FOMC statements,FOMC,2021-07-28,bert_score,0,RoBERTa/BERT,0.5250915053609932
FOMC statements,FOMC,2021-09-22,net_score,-0.3,Dictionary,-1.0837939369018672
FOMC statements,FOMC,2021-09-22,rf_score,-0.00488494934933659,Random Forest,-0.031676967435312176
FOMC statements,FOMC,2021-09-22,bert_score,-0.04761904761904761,RoBERTa/BERT,0.303142978365276
FOMC statements,FOMC,2021-11-03,net_score,-0.23809523809523808,Dictionary,-0.817778605687256
FOMC statements,FOMC,2021-11-03,rf_score,0.00873516264345987,Random Forest,-0.0030747822526811094
FOMC statements,FOMC,2021-11-03,bert_score,0,RoBERTa/BERT,0.5250915053609932
FOMC statements,FOMC,2021-12-15,net_score,-0.2631578947368421,Dictionary,-0.925477120349042
FOMC statements,FOMC,2021-12-15,rf_score,-0.00865727931896923,Random Forest,-0.03959884652253902
FOMC statements,FOMC,2021-12-15,bert_score,-0.14285714285714285,RoBERTa/BERT,-0.1407540756261586
FOMC statements,FOMC,2022-01-26,net_score,0.05263157894736842,Dictionary,0.43152416438946145
FOMC statements,FOMC,2022-01-26,rf_score,-0.00995500471806956,Random Forest,-0.042324065096432
FOMC statements,FOMC,2022-01-26,bert_score,0,RoBERTa/BERT,0.5250915053609932
FOMC statements,FOMC,2022-03-16,net_score,0.4444444444444444,Dictionary,2.1152109436020488
FOMC statements,FOMC,2022-03-16,rf_score,0.3670821874488488,Random Forest,0.7494526542727662
FOMC statements,FOMC,2022-03-16,bert_score,0.3684210526315789,RoBERTa/BERT,2.242272214222595
FOMC statements,FOMC,2022-05-04,net_score,0.4117647058823529,Dictionary,1.9747805274254064
FOMC statements,FOMC,2022-05-04,rf_score,0.7139385682122776,Random Forest,1.4778497804946225
FOMC statements,FOMC,2022-05-04,bert_score,0.2631578947368421,RoBERTa/BERT,1.7516491545478516
FOMC statements,FOMC,2022-06-15,net_score,0.4545454545454546,Dictionary,2.158616708602102
FOMC statements,FOMC,2022-06-15,rf_score,0.6911764705882353,Random Forest,1.4300494590484907
FOMC statements,FOMC,2022-06-15,bert_score,0.47368421052631576,RoBERTa/BERT,2.7328952738973387
FOMC statements,FOMC,2022-07-27,net_score,0.42857142857142855,Dictionary,2.047001884316251
FOMC statements,FOMC,2022-07-27,rf_score,0.8215015393509182,Random Forest,1.703731624999906
FOMC statements,FOMC,2022-07-27,bert_score,0.3333333333333333,RoBERTa/BERT,2.078731194331014
FOMC statements,FOMC,2022-09-21,net_score,0.3636363636363637,Dictionary,1.7679648236016245
FOMC statements,FOMC,2022-09-21,rf_score,0.9822485207100592,Random Forest,2.0412996957187652
FOMC statements,FOMC,2022-09-21,bert_score,0.3333333333333333,RoBERTa/BERT,2.078731194331014
FOMC statements,FOMC,2022-11-02,net_score,0.4615384615384616,Dictionary,2.1886668536021396
FOMC statements,FOMC,2022-11-02,rf_score,0.9502341137123748,Random Forest,1.9740695585551216
FOMC statements,FOMC,2022-11-02,bert_score,0.4,RoBERTa/BERT,2.3894591321250185
FOMC statements,FOMC,2022-12-14,net_score,0.4615384615384616,Dictionary,2.1886668536021396
FOMC statements,FOMC,2022-12-14,rf_score,0.9626006904487916,Random Forest,2.000039324301342
FOMC statements,FOMC,2022-12-14,bert_score,0.4,RoBERTa/BERT,2.3894591321250185
FOMC statements,FOMC,2023-02-01,net_score,0.3333333333333333,Dictionary,1.6377475286014647
FOMC statements,FOMC,2023-02-01,rf_score,0.9807692307692308,Random Forest,2.038193192273804
FOMC statements,FOMC,2023-02-01,bert_score,0.3333333333333333,RoBERTa/BERT,2.078731194331014
FOMC statements,FOMC,2023-03-22,net_score,0.38461538461538464,Dictionary,1.8581152586017347
FOMC statements,FOMC,2023-03-22,rf_score,0.6853535353535354,Random Forest,1.4178213164328177
FOMC statements,FOMC,2023-03-22,bert_score,0.3684210526315789,RoBERTa/BERT,2.242272214222595
FOMC statements,FOMC,2023-05-03,net_score,0.4166666666666667,Dictionary,1.9958450898519033
FOMC statements,FOMC,2023-05-03,rf_score,0.6587301587301587,Random Forest,1.3619123232636356
FOMC statements,FOMC,2023-05-03,bert_score,0.17647058823529413,RoBERTa/BERT,1.3476066348157103
FOMC statements,FOMC,2023-06-14,net_score,0.3636363636363637,Dictionary,1.7679648236016245
FOMC statements,FOMC,2023-06-14,rf_score,0.3847191333262907,Random Forest,0.7864901758665267
FOMC statements,FOMC,2023-06-14,bert_score,0.125,RoBERTa/BERT,1.107706388724751
FOMC statements,FOMC,2023-07-26,net_score,0.391304347826087,Dictionary,1.8868588755582916
FOMC statements,FOMC,2023-07-26,rf_score,0.37045934590952606,Random Forest,0.756544674641943
FOMC statements,FOMC,2023-07-26,bert_score,0.25,RoBERTa/BERT,1.6903212720885088
FOMC statements,FOMC,2023-09-20,net_score,0.3636363636363637,Dictionary,1.7679648236016245
FOMC statements,FOMC,2023-09-20,rf_score,0.32620403600605424,Random Forest,0.6636086863150265
FOMC statements,FOMC,2023-09-20,bert_score,0.17647058823529413,RoBERTa/BERT,1.3476066348157103
FOMC statements,FOMC,2023-11-01,net_score,0.42857142857142855,Dictionary,2.047001884316251
FOMC statements,FOMC,2023-11-01,rf_score,0.14590604775838625,Random Forest,0.2849835729060412
FOMC statements,FOMC,2023-11-01,bert_score,0.17647058823529413,RoBERTa/BERT,1.3476066348157103
FOMC statements,FOMC,2023-12-13,net_score,0.3333333333333333,Dictionary,1.6377475286014647
FOMC statements,FOMC,2023-12-13,rf_score,0.5424330517994217,Random Forest,1.1176888256597641
FOMC statements,FOMC,2023-12-13,bert_score,0,RoBERTa/BERT,0.5250915053609932
FOMC statements,FOMC,2024-01-31,net_score,0.05263157894736842,Dictionary,0.43152416438946145
FOMC statements,FOMC,2024-01-31,rf_score,-0.1505041704942781,Random Forest,-0.33747679724148144
FOMC statements,FOMC,2024-01-31,bert_score,0.06666666666666667,RoBERTa/BERT,0.8358194431549973
FOMC statements,FOMC,2024-03-20,net_score,0.05263157894736842,Dictionary,0.43152416438946145
FOMC statements,FOMC,2024-03-20,rf_score,-0.1433634194667659,Random Forest,-0.32248124629887626
FOMC statements,FOMC,2024-03-20,bert_score,0.06666666666666667,RoBERTa/BERT,0.8358194431549973
FOMC statements,FOMC,2024-05-01,net_score,0.1,Dictionary,0.6350743571002371
FOMC statements,FOMC,2024-05-01,rf_score,-0.06970671576359191,Random Forest,-0.1678024389311685
FOMC statements,FOMC,2024-05-01,bert_score,-0.0588235294117647,RoBERTa/BERT,0.25091979554275423
FOMC statements,FOMC,2024-06-12,net_score,0.1,Dictionary,0.6350743571002371
FOMC statements,FOMC,2024-06-12,rf_score,-0.12176583287019836,Random Forest,-0.2771263937352813
FOMC statements,FOMC,2024-06-12,bert_score,0.06666666666666667,RoBERTa/BERT,0.8358194431549973
FOMC statements,FOMC,2024-07-31,net_score,0.1,Dictionary,0.6350743571002371
FOMC statements,FOMC,2024-07-31,rf_score,-0.19774215862351113,Random Forest,-0.4366763988924693
FOMC statements,FOMC,2024-07-31,bert_score,0.125,RoBERTa/BERT,1.107706388724751
FOMC statements,FOMC,2024-09-18,net_score,0,Dictionary,0.2053572835997109
FOMC statements,FOMC,2024-09-18,rf_score,-0.7548809523809523,Random Forest,-1.606665820411624
FOMC statements,FOMC,2024-09-18,bert_score,0,RoBERTa/BERT,0.5250915053609932
FOMC statements,FOMC,2024-11-07,net_score,0.0588235294117647,Dictionary,0.4581320327176674
FOMC statements,FOMC,2024-11-07,rf_score,-0.04334830350873132,Random Forest,-0.11244986996313146
FOMC statements,FOMC,2024-11-07,bert_score,0,RoBERTa/BERT,0.5250915053609932
FOMC statements,FOMC,2024-12-18,net_score,0.0588235294117647,Dictionary,0.4581320327176674
FOMC statements,FOMC,2024-12-18,rf_score,-0.6039891926255562,Random Forest,-1.289793678880077
FOMC statements,FOMC,2024-12-18,bert_score,-0.0588235294117647,RoBERTa/BERT,0.25091979554275423
FOMC statements,FOMC,2025-01-29,net_score,0.2857142857142857,Dictionary,1.433120350744071
FOMC statements,FOMC,2025-01-29,rf_score,-0.07193040837929243,Random Forest,-0.17247218526050517
FOMC statements,FOMC,2025-01-29,bert_score,0.125,RoBERTa/BERT,1.107706388724751
FOMC statements,FOMC,2025-03-19,net_score,0.2857142857142857,Dictionary,1.433120350744071
FOMC statements,FOMC,2025-03-19,rf_score,-0.03609949828816448,Random Forest,-0.09722740561180078
FOMC statements,FOMC,2025-03-19,bert_score,0.0588235294117647,RoBERTa/BERT,0.7992632151792322
FOMC statements,FOMC,2025-05-07,net_score,0.25,Dictionary,1.279649967351026
FOMC statements,FOMC,2025-05-07,rf_score,-0.08694394657539888,Random Forest,-0.2040005603545321
FOMC statements,FOMC,2025-05-07,bert_score,0.125,RoBERTa/BERT,1.107706388724751
FOMC statements,FOMC,2025-06-18,net_score,0.2857142857142857,Dictionary,1.433120350744071
FOMC statements,FOMC,2025-06-18,rf_score,-0.05262013896999666,Random Forest,-0.13192069039296753
FOMC statements,FOMC,2025-06-18,bert_score,0.14285714285714285,RoBERTa/BERT,1.190937086348145
FOMC statements,FOMC,2025-07-30,net_score,0.07692307692307693,Dictionary,0.5359088786001156
FOMC statements,FOMC,2025-07-30,rf_score,-0.5715142842069301,Random Forest,-1.2215964904230519
FOMC statements,FOMC,2025-07-30,bert_score,-0.0588235294117647,RoBERTa/BERT,0.25091979554275423
FOMC statements,FOMC,2025-09-17,net_score,-0.1111111111111111,Dictionary,-0.27210613140087364
FOMC statements,FOMC,2025-09-17,rf_score,-0.732975387856871,Random Forest,-1.5606642153309005
FOMC statements,FOMC,2025-09-17,bert_score,-0.1111111111111111,RoBERTa/BERT,0.0072116090376529
FOMC statements,FOMC,2025-10-29,net_score,-0.0588235294117647,Dictionary,-0.04741746551824561
FOMC statements,FOMC,2025-10-29,rf_score,-0.7486883776917372,Random Forest,-1.5936614362984918
FOMC statements,FOMC,2025-10-29,bert_score,-0.0588235294117647,RoBERTa/BERT,0.25091979554275423
FOMC statements,FOMC,2025-12-10,net_score,-0.0588235294117647,Dictionary,-0.04741746551824561
FOMC statements,FOMC,2025-12-10,rf_score,-0.742523906809621,Random Forest,-1.5807160700770921
FOMC statements,FOMC,2025-12-10,bert_score,-0.15789473684210523,RoBERTa/BERT,-0.21084308415112182
FOMC statements,FOMC,2026-01-28,net_score,0.25,Dictionary,1.279649967351026
FOMC statements,FOMC,2026-01-28,rf_score,-0.46568938999061854,Random Forest,-0.9993646010738202
FOMC statements,FOMC,2026-01-28,bert_score,0.17647058823529413,RoBERTa/BERT,1.3476066348157103
FOMC statements,FOMC,2026-03-18,net_score,0.25,Dictionary,1.279649967351026
FOMC statements,FOMC,2026-03-18,rf_score,-0.8513617309715482,Random Forest,-1.8092751012510293
FOMC statements,FOMC,2026-03-18,bert_score,0.17647058823529413,RoBERTa/BERT,1.3476066348157103
ECB statements,ECB,1999-01-07,net_score,0,Dictionary,0.4724904375147375
ECB statements,ECB,1999-01-07,rf_score,0.03437918688024283,Random Forest,0.11357147850852042
ECB statements,ECB,1999-01-07,bert_score,0,RoBERTa/BERT,0.23221858205388834
ECB statements,ECB,1999-02-04,net_score,0,Dictionary,0.4724904375147375
ECB statements,ECB,1999-03-04,net_score,0,Dictionary,0.4724904375147375
ECB statements,ECB,1999-03-04,rf_score,0.4710399418466333,Random Forest,2.0504420382894124
ECB statements,ECB,1999-03-04,bert_score,0,RoBERTa/BERT,0.23221858205388834
ECB statements,ECB,1999-04-08,net_score,0,Dictionary,0.4724904375147375
ECB statements,ECB,1999-04-08,rf_score,1,Random Forest,4.396719216361213
ECB statements,ECB,1999-04-08,bert_score,0,RoBERTa/BERT,0.23221858205388834
ECB statements,ECB,1999-05-06,net_score,0,Dictionary,0.4724904375147375
ECB statements,ECB,1999-05-06,rf_score,0.00180572140193529,Random Forest,-0.030912736290744355
ECB statements,ECB,1999-05-06,bert_score,0,RoBERTa/BERT,0.23221858205388834
ECB statements,ECB,1999-06-17,net_score,0,Dictionary,0.4724904375147375
ECB statements,ECB,1999-06-17,rf_score,0.00356218214964994,Random Forest,-0.02312170613068087
ECB statements,ECB,1999-06-17,bert_score,0,RoBERTa/BERT,0.23221858205388834
ECB statements,ECB,1999-07-08,net_score,0,Dictionary,0.4724904375147375
ECB statements,ECB,1999-08-05,net_score,0,Dictionary,0.4724904375147375
ECB statements,ECB,1999-09-09,net_score,0,Dictionary,0.4724904375147375
ECB statements,ECB,1999-09-09,rf_score,0.00345482015755254,Random Forest,-0.023597925436784736
ECB statements,ECB,1999-09-09,bert_score,0,RoBERTa/BERT,0.23221858205388834
ECB statements,ECB,1999-10-07,net_score,0,Dictionary,0.4724904375147375
ECB statements,ECB,1999-10-07,rf_score,0.00494373148178075,Random Forest,-0.016993648598936165
ECB statements,ECB,1999-10-07,bert_score,0,RoBERTa/BERT,0.23221858205388834
ECB statements,ECB,1999-11-04,net_score,0,Dictionary,0.4724904375147375
ECB statements,ECB,1999-11-04,rf_score,-0.11385426653883036,Random Forest,-0.5439389770032274
ECB statements,ECB,1999-11-04,bert_score,0,RoBERTa/BERT,0.23221858205388834
ECB statements,ECB,1999-12-02,net_score,0,Dictionary,0.4724904375147375
ECB statements,ECB,1999-12-02,rf_score,-0.12388917817241756,Random Forest,-0.5884502473476251
ECB statements,ECB,1999-12-02,bert_score,0,RoBERTa/BERT,0.23221858205388834
ECB statements,ECB,2000-01-20,net_score,0,Dictionary,0.4724904375147375
ECB statements,ECB,2000-01-20,rf_score,-0.00663944364906,Random Forest,-0.06837246074210311
ECB statements,ECB,2000-01-20,bert_score,0,RoBERTa/BERT,0.23221858205388834
ECB statements,ECB,2000-02-03,net_score,0,Dictionary,0.4724904375147375
ECB statements,ECB,2000-02-03,rf_score,0.04276315789473683,Random Forest,0.15075976815291414
ECB statements,ECB,2000-02-03,bert_score,0.2307692307692308,RoBERTa/BERT,2.1195402312569858
ECB statements,ECB,2000-03-16,net_score,0.42857142857142855,Dictionary,2.590201325536216
ECB statements,ECB,2000-03-16,rf_score,0.5749670619235837,Random Forest,2.5114254835622822
ECB statements,ECB,2000-03-16,bert_score,0.23809523809523808,RoBERTa/BERT,2.17945520424756
ECB statements,ECB,2000-04-13,net_score,0,Dictionary,0.4724904375147375
ECB statements,ECB,2000-04-13,rf_score,0.00526095993544841,Random Forest,-0.015586536909494325
ECB statements,ECB,2000-04-13,bert_score,0,RoBERTa/BERT,0.23221858205388834
ECB statements,ECB,2000-05-11,net_score,0,Dictionary,0.4724904375147375
ECB statements,ECB,2000-05-11,rf_score,0.00379562505306902,Random Forest,-0.022086237103799828
ECB statements,ECB,2000-05-11,bert_score,0,RoBERTa/BERT,0.23221858205388834
ECB statements,ECB,2000-06-08,net_score,0,Dictionary,0.4724904375147375
ECB statements,ECB,2000-06-08,rf_score,0.09876238556304869,Random Forest,0.39915226554959266
ECB statements,ECB,2000-06-08,bert_score,0.2307692307692308,RoBERTa/BERT,2.1195402312569858
ECB statements,ECB,2000-07-06,net_score,0,Dictionary,0.4724904375147375
ECB statements,ECB,2000-07-06,rf_score,0.00433220507584759,Random Forest,-0.019706160494519093
ECB statements,ECB,2000-07-06,bert_score,0,RoBERTa/BERT,0.23221858205388834
ECB statements,ECB,2000-08-31,net_score,0.2,Dictionary,1.4607555185914276
ECB statements,ECB,2000-08-31,rf_score,0.2421989934185055,Random Forest,1.035385633880242
ECB statements,ECB,2000-08-31,bert_score,0.3636363636363637,RoBERTa/BERT,3.206179968676951
ECB statements,ECB,2000-09-05,net_score,0,Dictionary,0.4724904375147375
ECB statements,ECB,2000-09-05,rf_score,-0.0889833522597947,Random Forest,-0.4336205178469743
ECB statements,ECB,2000-09-05,bert_score,0,RoBERTa/BERT,0.23221858205388834
ECB statements,ECB,2000-10-05,net_score,0,Dictionary,0.4724904375147375
ECB statements,ECB,2000-10-05,rf_score,0.16910631741140214,Random Forest,0.7111727279032478
ECB statements,ECB,2000-10-05,bert_score,0.2307692307692308,RoBERTa/BERT,2.1195402312569858
ECB statements,ECB,2000-11-09,net_score,0,Dictionary,0.4724904375147375
ECB statements,ECB,2000-12-14,net_score,0,Dictionary,0.4724904375147375
ECB statements,ECB,2000-12-14,rf_score,0.01355837404627814,Random Forest,0.021217817342157236
ECB statements,ECB,2000-12-14,bert_score,0,RoBERTa/BERT,0.23221858205388834
ECB statements,ECB,2001-01-11,net_score,0,Dictionary,0.4724904375147375
ECB statements,ECB,2001-02-01,net_score,0,Dictionary,0.4724904375147375
ECB statements,ECB,2001-02-01,rf_score,0.00326145823561033,Random Forest,-0.024455609599450884
ECB statements,ECB,2001-02-01,bert_score,0,RoBERTa/BERT,0.23221858205388834
ECB statements,ECB,2001-03-15,net_score,0,Dictionary,0.4724904375147375
ECB statements,ECB,2001-03-15,rf_score,0.00173203769610532,Random Forest,-0.031239570793122774
ECB statements,ECB,2001-03-15,bert_score,0,RoBERTa/BERT,0.23221858205388834
ECB statements,ECB,2001-04-12,net_score,0,Dictionary,0.4724904375147375
ECB statements,ECB,2001-05-10,net_score,0,Dictionary,0.4724904375147375
ECB statements,ECB,2001-05-10,rf_score,-0.0293754722442498,Random Forest,-0.1692213323924742
ECB statements,ECB,2001-05-10,bert_score,0,RoBERTa/BERT,0.23221858205388834
ECB statements,ECB,2001-06-07,net_score,0,Dictionary,0.4724904375147375
ECB statements,ECB,2001-06-07,rf_score,0.0041925170610595,Random Forest,-0.020325766447928197
ECB statements,ECB,2001-06-07,bert_score,0,RoBERTa/BERT,0.23221858205388834
ECB statements,ECB,2001-07-05,net_score,0,Dictionary,0.4724904375147375
ECB statements,ECB,2001-07-05,rf_score,0.003789596197436,Random Forest,-0.022112978945955222
ECB statements,ECB,2001-07-05,bert_score,0,RoBERTa/BERT,0.23221858205388834
ECB statements,ECB,2001-08-30,net_score,0,Dictionary,0.4724904375147375
ECB statements,ECB,2001-08-30,rf_score,-0.11803104765111616,Random Forest,-0.5624656805803737
ECB statements,ECB,2001-08-30,bert_score,0,RoBERTa/BERT,0.23221858205388834
ECB statements,ECB,2001-09-13,net_score,0,Dictionary,0.4724904375147375
ECB statements,ECB,2001-09-13,rf_score,-0.03245497389610674,Random Forest,-0.18288089767385018
ECB statements,ECB,2001-09-13,bert_score,-0.16666666666666666,RoBERTa/BERT,-1.130847053481682
ECB statements,ECB,2001-09-17,net_score,0,Dictionary,0.4724904375147375
ECB statements,ECB,2001-09-17,rf_score,-0.06083445391583458,Random Forest,-0.3087620965838179
ECB statements,ECB,2001-09-17,bert_score,-0.125,RoBERTa/BERT,-0.7900806445977894
ECB statements,ECB,2001-10-08,net_score,0,Dictionary,0.4724904375147375
ECB statements,ECB,2001-11-08,net_score,0,Dictionary,0.4724904375147375
ECB statements,ECB,2001-11-08,rf_score,-0.0891842229044556,Random Forest,-0.4345115080116339
ECB statements,ECB,2001-11-08,bert_score,0,RoBERTa/BERT,0.23221858205388834
ECB statements,ECB,2001-12-06,net_score,0,Dictionary,0.4724904375147375
ECB statements,ECB,2001-12-06,rf_score,-0.12859925293141555,Random Forest,-0.6093424503480355
ECB statements,ECB,2001-12-06,bert_score,0,RoBERTa/BERT,0.23221858205388834
ECB statements,ECB,2002-01-10,net_score,0,Dictionary,0.4724904375147375
ECB statements,ECB,2002-01-10,rf_score,-0.06055414632250799,Random Forest,-0.3075187525941821
ECB statements,ECB,2002-01-10,bert_score,-0.2,RoBERTa/BERT,-1.403460180588796
ECB statements,ECB,2002-02-07,net_score,0,Dictionary,0.4724904375147375
ECB statements,ECB,2002-02-07,rf_score,-0.10446712964710436,Random Forest,-0.5023010031770322
ECB statements,ECB,2002-02-07,bert_score,0,RoBERTa/BERT,0.23221858205388834
ECB statements,ECB,2002-03-07,net_score,0,Dictionary,0.4724904375147375
ECB statements,ECB,2002-03-07,rf_score,0.00410962276489833,Random Forest,-0.020693455826884834
ECB statements,ECB,2002-03-07,bert_score,0,RoBERTa/BERT,0.23221858205388834
ECB statements,ECB,2002-04-04,net_score,0,Dictionary,0.4724904375147375
ECB statements,ECB,2002-04-04,rf_score,0.00462051929001319,Random Forest,-0.018427302005331773
ECB statements,ECB,2002-04-04,bert_score,0,RoBERTa/BERT,0.23221858205388834
ECB statements,ECB,2002-05-02,net_score,0,Dictionary,0.4724904375147375
ECB statements,ECB,2002-05-02,rf_score,0.00266623563105472,Random Forest,-0.02709580367727361
ECB statements,ECB,2002-05-02,bert_score,0,RoBERTa/BERT,0.23221858205388834
ECB statements,ECB,2002-06-06,net_score,0,Dictionary,0.4724904375147375
ECB statements,ECB,2002-06-06,rf_score,0.00445322200105307,Random Forest,-0.01916937280064049
ECB statements,ECB,2002-06-06,bert_score,0,RoBERTa/BERT,0.23221858205388834
ECB statements,ECB,2002-07-04,net_score,0,Dictionary,0.4724904375147375
ECB statements,ECB,2002-07-04,rf_score,0.00334331875513833,Random Forest,-0.02409250568301499
ECB statements,ECB,2002-07-04,bert_score,0,RoBERTa/BERT,0.23221858205388834
ECB statements,ECB,2002-08-01,net_score,0,Dictionary,0.4724904375147375
ECB statements,ECB,2002-08-01,rf_score,0.00201629337099921,Random Forest,-0.02997871452909923
ECB statements,ECB,2002-08-01,bert_score,0,RoBERTa/BERT,0.23221858205388834
ECB statements,ECB,2002-09-12,net_score,0,Dictionary,0.4724904375147375
ECB statements,ECB,2002-09-12,rf_score,0.00493503933187593,Random Forest,-0.017032203859651415
ECB statements,ECB,2002-09-12,bert_score,0,RoBERTa/BERT,0.23221858205388834
ECB statements,ECB,2002-10-10,net_score,0,Dictionary,0.4724904375147375
ECB statements,ECB,2002-10-10,rf_score,0.0025512477071386,Random Forest,-0.027605848882917523
ECB statements,ECB,2002-10-10,bert_score,0,RoBERTa/BERT,0.23221858205388834
ECB statements,ECB,2002-11-07,net_score,0,Dictionary,0.4724904375147375
ECB statements,ECB,2002-11-07,rf_score,0.00295682210923696,Random Forest,-0.025806866239548268
ECB statements,ECB,2002-11-07,bert_score,0,RoBERTa/BERT,0.23221858205388834
ECB statements,ECB,2002-12-05,net_score,0,Dictionary,0.4724904375147375
ECB statements,ECB,2002-12-05,rf_score,-0.13280867875427504,Random Forest,-0.6280139541576818
ECB statements,ECB,2002-12-05,bert_score,0,RoBERTa/BERT,0.23221858205388834
ECB statements,ECB,2003-01-23,net_score,0,Dictionary,0.4724904375147375
ECB statements,ECB,2003-01-23,rf_score,-0.07112341928811672,Random Forest,-0.3544002582310954
ECB statements,ECB,2003-01-23,bert_score,0,RoBERTa/BERT,0.23221858205388834
ECB statements,ECB,2003-02-06,net_score,0,Dictionary,0.4724904375147375
ECB statements,ECB,2003-02-06,rf_score,0.00516030082717447,Random Forest,-0.01603302462603894
ECB statements,ECB,2003-02-06,bert_score,0,RoBERTa/BERT,0.23221858205388834
ECB statements,ECB,2003-03-06,net_score,0,Dictionary,0.4724904375147375
ECB statements,ECB,2003-03-06,rf_score,-0.06286164584036924,Random Forest,-0.3177539931831791
ECB statements,ECB,2003-03-06,bert_score,0,RoBERTa/BERT,0.23221858205388834
ECB statements,ECB,2003-04-03,net_score,0,Dictionary,0.4724904375147375
ECB statements,ECB,2003-04-03,rf_score,0.00486640248030748,Random Forest,-0.0173366523258966
ECB statements,ECB,2003-04-03,bert_score,0,RoBERTa/BERT,0.23221858205388834
ECB statements,ECB,2003-05-08,net_score,0,Dictionary,0.4724904375147375
ECB statements,ECB,2003-05-08,rf_score,0.00458324089338939,Random Forest,-0.018592655607905996
ECB statements,ECB,2003-05-08,bert_score,0,RoBERTa/BERT,0.23221858205388834
ECB statements,ECB,2003-06-05,net_score,0,Dictionary,0.4724904375147375
ECB statements,ECB,2003-06-05,rf_score,-0.08634529325980478,Random Forest,-0.4219190339056506
ECB statements,ECB,2003-06-05,bert_score,0,RoBERTa/BERT,0.23221858205388834
ECB statements,ECB,2003-07-10,net_score,0,Dictionary,0.4724904375147375
ECB statements,ECB,2003-07-10,rf_score,0.00469265039877205,Random Forest,-0.0181073542669321
ECB statements,ECB,2003-07-10,bert_score,0,RoBERTa/BERT,0.23221858205388834
ECB statements,ECB,2003-09-04,net_score,0,Dictionary,0.4724904375147375
ECB statements,ECB,2003-09-04,rf_score,4.237930959265397e-4,Random Forest,-0.037042474814743945
ECB statements,ECB,2003-09-04,bert_score,0,RoBERTa/BERT,0.23221858205388834
ECB statements,ECB,2003-10-02,net_score,0,Dictionary,0.4724904375147375
ECB statements,ECB,2003-10-02,rf_score,0.00480036334914405,Random Forest,-0.017629578235745774
ECB statements,ECB,2003-10-02,bert_score,0,RoBERTa/BERT,0.23221858205388834
ECB statements,ECB,2003-11-06,net_score,0,Dictionary,0.4724904375147375
ECB statements,ECB,2003-11-06,rf_score,0.00539809405211532,Random Forest,-0.014978259132541047
ECB statements,ECB,2003-11-06,bert_score,0,RoBERTa/BERT,0.23221858205388834
ECB statements,ECB,2003-12-04,net_score,0,Dictionary,0.4724904375147375
ECB statements,ECB,2003-12-04,rf_score,0.00277683483622013,Random Forest,-0.02660522525458816
ECB statements,ECB,2003-12-04,bert_score,0,RoBERTa/BERT,0.23221858205388834
ECB statements,ECB,2004-01-08,net_score,0,Dictionary,0.4724904375147375
ECB statements,ECB,2004-01-08,rf_score,0.00177802359675484,Random Forest,-0.03103559382445766
ECB statements,ECB,2004-01-08,bert_score,0,RoBERTa/BERT,0.23221858205388834
ECB statements,ECB,2004-02-05,net_score,0,Dictionary,0.4724904375147375
ECB statements,ECB,2004-02-05,rf_score,0.00274430618976764,Random Forest,-0.026749510668257172
ECB statements,ECB,2004-02-05,bert_score,0,RoBERTa/BERT,0.23221858205388834
ECB statements,ECB,2004-03-04,net_score,0,Dictionary,0.4724904375147375
ECB statements,ECB,2004-03-04,rf_score,0.00535599977883084,Random Forest,-0.015164974237420015
ECB statements,ECB,2004-03-04,bert_score,0,RoBERTa/BERT,0.23221858205388834
ECB statements,ECB,2004-04-01,net_score,0,Dictionary,0.4724904375147375
ECB statements,ECB,2004-04-01,rf_score,0.00172424738087154,Random Forest,-0.031274125838558174
ECB statements,ECB,2004-04-01,bert_score,0,RoBERTa/BERT,0.23221858205388834
ECB statements,ECB,2004-05-06,net_score,0,Dictionary,0.4724904375147375
ECB statements,ECB,2004-05-06,rf_score,0.00361137391322437,Random Forest,-0.022903509103429476
ECB statements,ECB,2004-05-06,bert_score,0,RoBERTa/BERT,0.23221858205388834
ECB statements,ECB,2004-06-03,net_score,0,Dictionary,0.4724904375147375
ECB statements,ECB,2004-06-03,rf_score,0.00272720394941295,Random Forest,-0.02682537007506795
ECB statements,ECB,2004-06-03,bert_score,0,RoBERTa/BERT,0.23221858205388834
ECB statements,ECB,2004-07-01,net_score,0,Dictionary,0.4724904375147375
ECB statements,ECB,2004-07-01,rf_score,0.005940692879774,Random Forest,-0.012571485262641484
ECB statements,ECB,2004-07-01,bert_score,0,RoBERTa/BERT,0.23221858205388834
ECB statements,ECB,2004-08-05,net_score,0,Dictionary,0.4724904375147375
ECB statements,ECB,2004-08-05,rf_score,0.00391729438482249,Random Forest,-0.021546555568371602
ECB statements,ECB,2004-08-05,bert_score,0,RoBERTa/BERT,0.23221858205388834
ECB statements,ECB,2004-09-02,net_score,0,Dictionary,0.4724904375147375
ECB statements,ECB,2004-09-02,rf_score,0.00221265851467504,Random Forest,-0.029107709151521537
ECB statements,ECB,2004-09-02,bert_score,0,RoBERTa/BERT,0.23221858205388834
ECB statements,ECB,2004-10-07,net_score,0,Dictionary,0.4724904375147375
ECB statements,ECB,2004-10-07,rf_score,0.00275829402273581,Random Forest,-0.026687465656052525
ECB statements,ECB,2004-10-07,bert_score,0,RoBERTa/BERT,0.23221858205388834
ECB statements,ECB,2004-11-04,net_score,0,Dictionary,0.4724904375147375
ECB statements,ECB,2004-11-04,rf_score,0.00168086464371161,Random Forest,-0.03146655610725555
ECB statements,ECB,2004-11-04,bert_score,0,RoBERTa/BERT,0.23221858205388834
ECB statements,ECB,2004-12-02,net_score,0,Dictionary,0.4724904375147375
ECB statements,ECB,2004-12-02,rf_score,0.00314039231659369,Random Forest,-0.0249926146123108
ECB statements,ECB,2004-12-02,bert_score,0,RoBERTa/BERT,0.23221858205388834
ECB statements,ECB,2005-01-13,net_score,0,Dictionary,0.4724904375147375
ECB statements,ECB,2005-01-13,rf_score,0.00433653709151751,Random Forest,-0.019686945226098134
ECB statements,ECB,2005-01-13,bert_score,0,RoBERTa/BERT,0.23221858205388834
ECB statements,ECB,2005-02-03,net_score,0,Dictionary,0.4724904375147375
ECB statements,ECB,2005-02-03,rf_score,8.001742411851732e-4,Random Forest,-0.03537298299250731
ECB statements,ECB,2005-02-03,bert_score,0,RoBERTa/BERT,0.23221858205388834
ECB statements,ECB,2005-03-03,net_score,0,Dictionary,0.4724904375147375
ECB statements,ECB,2005-03-03,rf_score,6.331957112757428e-4,Random Forest,-0.036113639886946935
ECB statements,ECB,2005-03-03,bert_score,0,RoBERTa/BERT,0.23221858205388834
ECB statements,ECB,2005-04-07,net_score,0,Dictionary,0.4724904375147375
ECB statements,ECB,2005-04-07,rf_score,0.00217675908170761,Random Forest,-0.029266946165694693
ECB statements,ECB,2005-04-07,bert_score,0,RoBERTa/BERT,0.23221858205388834
ECB statements,ECB,2005-05-04,net_score,0,Dictionary,0.4724904375147375
ECB statements,ECB,2005-05-04,rf_score,0.00434283461205082,Random Forest,-0.01965901168276534
ECB statements,ECB,2005-05-04,bert_score,0,RoBERTa/BERT,0.23221858205388834
ECB statements,ECB,2005-06-02,net_score,0,Dictionary,0.4724904375147375
ECB statements,ECB,2005-06-02,rf_score,0.00196306214518483,Random Forest,-0.030214829162640903
ECB statements,ECB,2005-06-02,bert_score,0,RoBERTa/BERT,0.23221858205388834
ECB statements,ECB,2005-07-07,net_score,0,Dictionary,0.4724904375147375
ECB statements,ECB,2005-07-07,rf_score,0.00471140473059406,Random Forest,-0.018024166774671183
ECB statements,ECB,2005-07-07,bert_score,0,RoBERTa/BERT,0.23221858205388834
ECB statements,ECB,2005-08-04,net_score,0,Dictionary,0.4724904375147375
ECB statements,ECB,2005-08-04,rf_score,0.135673430487396,Random Forest,0.5628764276859882
ECB statements,ECB,2005-08-04,bert_score,0,RoBERTa/BERT,0.23221858205388834
ECB statements,ECB,2005-09-01,net_score,0,Dictionary,0.4724904375147375
ECB statements,ECB,2005-09-01,rf_score,3.916875583563524e-4,Random Forest,-0.037184883469101766
ECB statements,ECB,2005-09-01,bert_score,0,RoBERTa/BERT,0.23221858205388834
ECB statements,ECB,2005-10-06,net_score,0,Dictionary,0.4724904375147375
ECB statements,ECB,2005-10-06,rf_score,0.00407335741998095,Random Forest,-0.020854315895283193
ECB statements,ECB,2005-10-06,bert_score,0,RoBERTa/BERT,0.23221858205388834
ECB statements,ECB,2005-11-03,net_score,0,Dictionary,0.4724904375147375
ECB statements,ECB,2005-11-03,rf_score,0.00727546166688479,Random Forest,-0.00665092945709783
ECB statements,ECB,2005-11-03,bert_score,0,RoBERTa/BERT,0.23221858205388834
ECB statements,ECB,2005-12-01,net_score,0,Dictionary,0.4724904375147375
ECB statements,ECB,2005-12-01,rf_score,-0.10593341608490252,Random Forest,-0.5088049241300289
ECB statements,ECB,2005-12-01,bert_score,0,RoBERTa/BERT,0.23221858205388834
ECB statements,ECB,2006-01-12,net_score,0,Dictionary,0.4724904375147375
ECB statements,ECB,2006-01-12,rf_score,0.00420681344496902,Random Forest,-0.02026235281436773
ECB statements,ECB,2006-01-12,bert_score,0,RoBERTa/BERT,0.23221858205388834
ECB statements,ECB,2006-02-02,net_score,0,Dictionary,0.4724904375147375
ECB statements,ECB,2006-02-02,rf_score,0.00416211299193092,Random Forest,-0.020460627998280304
ECB statements,ECB,2006-02-02,bert_score,0,RoBERTa/BERT,0.23221858205388834
ECB statements,ECB,2006-03-02,net_score,0,Dictionary,0.4724904375147375
ECB statements,ECB,2006-03-02,rf_score,-0.2222222222222222,Random Forest,-1.0246203769219298
ECB statements,ECB,2006-03-02,bert_score,0,RoBERTa/BERT,0.23221858205388834
ECB statements,ECB,2006-04-06,net_score,0,Dictionary,0.4724904375147375
ECB statements,ECB,2006-04-06,rf_score,0.00417732311869711,Random Forest,-0.020393161328997798
ECB statements,ECB,2006-04-06,bert_score,0,RoBERTa/BERT,0.23221858205388834
ECB statements,ECB,2006-05-04,net_score,0,Dictionary,0.4724904375147375
ECB statements,ECB,2006-05-04,rf_score,0.00259655526198963,Random Forest,-0.027404880813017646
ECB statements,ECB,2006-05-04,bert_score,0,RoBERTa/BERT,0.23221858205388834
ECB statements,ECB,2006-06-08,net_score,0,Dictionary,0.4724904375147375
ECB statements,ECB,2006-06-08,rf_score,-0.2458675382588426,Random Forest,-1.129502521669676
ECB statements,ECB,2006-06-08,bert_score,0,RoBERTa/BERT,0.23221858205388834
ECB statements,ECB,2006-07-06,net_score,0,Dictionary,0.4724904375147375
ECB statements,ECB,2006-07-06,rf_score,0.00414841067884423,Random Forest,-0.020521406546653752
ECB statements,ECB,2006-07-06,bert_score,0,RoBERTa/BERT,0.23221858205388834
ECB statements,ECB,2006-08-03,net_score,0,Dictionary,0.4724904375147375
ECB statements,ECB,2006-08-03,rf_score,-0.22471910112359555,Random Forest,-1.0356956365609151
ECB statements,ECB,2006-08-03,bert_score,0,RoBERTa/BERT,0.23221858205388834
ECB statements,ECB,2006-09-07,net_score,0,Dictionary,0.4724904375147375
ECB statements,ECB,2006-10-05,net_score,0,Dictionary,0.4724904375147375
ECB statements,ECB,2006-10-05,rf_score,-0.11452474898202902,Random Forest,-0.5469129967435208
ECB statements,ECB,2006-10-05,bert_score,0,RoBERTa/BERT,0.23221858205388834
ECB statements,ECB,2006-11-02,net_score,0,Dictionary,0.4724904375147375
ECB statements,ECB,2006-11-02,rf_score,0.00473575047917943,Random Forest,-0.017916177762252468
ECB statements,ECB,2006-11-02,bert_score,0,RoBERTa/BERT,0.23221858205388834
ECB statements,ECB,2006-12-07,net_score,0,Dictionary,0.4724904375147375
ECB statements,ECB,2006-12-07,rf_score,-0.17166592493695304,Random Forest,-0.800370767334493
ECB statements,ECB,2006-12-07,bert_score,0,RoBERTa/BERT,0.23221858205388834
ECB statements,ECB,2007-01-11,net_score,0,Dictionary,0.4724904375147375
ECB statements,ECB,2007-01-11,rf_score,0.00197005668318582,Random Forest,-0.03018380389971241
ECB statements,ECB,2007-01-11,bert_score,0,RoBERTa/BERT,0.23221858205388834
ECB statements,ECB,2007-02-08,net_score,0,Dictionary,0.4724904375147375
ECB statements,ECB,2007-02-08,rf_score,0.00494399979584385,Random Forest,-0.016992458453946757
ECB statements,ECB,2007-02-08,bert_score,0,RoBERTa/BERT,0.23221858205388834
ECB statements,ECB,2007-03-08,net_score,0,Dictionary,0.4724904375147375
ECB statements,ECB,2007-03-08,rf_score,-0.13038673632845965,Random Forest,-0.6172710858584521
ECB statements,ECB,2007-03-08,bert_score,0,RoBERTa/BERT,0.23221858205388834
ECB statements,ECB,2007-04-12,net_score,0,Dictionary,0.4724904375147375
ECB statements,ECB,2007-04-12,rf_score,0.00375012353961651,Random Forest,-0.02228806550451888
ECB statements,ECB,2007-04-12,bert_score,0,RoBERTa/BERT,0.23221858205388834
ECB statements,ECB,2007-05-10,net_score,0,Dictionary,0.4724904375147375
ECB statements,ECB,2007-05-10,rf_score,0.00118221191686968,Random Forest,-0.03367840082925017
ECB statements,ECB,2007-05-10,bert_score,0,RoBERTa/BERT,0.23221858205388834
ECB statements,ECB,2007-06-06,net_score,0,Dictionary,0.4724904375147375
ECB statements,ECB,2007-06-06,rf_score,-0.1667719157444172,Random Forest,-0.778662697130086
ECB statements,ECB,2007-06-06,bert_score,0,RoBERTa/BERT,0.23221858205388834
ECB statements,ECB,2007-07-05,net_score,0,Dictionary,0.4724904375147375
ECB statements,ECB,2007-07-05,rf_score,0.00479881355696987,Random Forest,-0.017636452558207335
ECB statements,ECB,2007-07-05,bert_score,0,RoBERTa/BERT,0.23221858205388834
ECB statements,ECB,2007-08-02,net_score,0,Dictionary,0.4724904375147375
ECB statements,ECB,2007-08-02,rf_score,0.00502922915131619,Random Forest,-0.016614411589038595
ECB statements,ECB,2007-08-02,bert_score,0,RoBERTa/BERT,0.23221858205388834
ECB statements,ECB,2007-09-06,net_score,0,Dictionary,0.4724904375147375
ECB statements,ECB,2007-09-06,rf_score,0.00461414580750825,Random Forest,-0.018455572488737238
ECB statements,ECB,2007-09-06,bert_score,0,RoBERTa/BERT,0.23221858205388834
ECB statements,ECB,2007-10-04,net_score,0,Dictionary,0.4724904375147375
ECB statements,ECB,2007-10-04,rf_score,0.00219304787505527,Random Forest,-0.029194694918174485
ECB statements,ECB,2007-10-04,bert_score,0,RoBERTa/BERT,0.23221858205388834
ECB statements,ECB,2007-11-08,net_score,0,Dictionary,0.4724904375147375
ECB statements,ECB,2007-11-08,rf_score,0.00324351819528346,Random Forest,-0.02453518518657474
ECB statements,ECB,2007-11-08,bert_score,0,RoBERTa/BERT,0.23221858205388834
ECB statements,ECB,2007-12-06,net_score,0,Dictionary,0.4724904375147375
ECB statements,ECB,2007-12-06,rf_score,0.00316414672181114,Random Forest,-0.024887248587066958
ECB statements,ECB,2007-12-06,bert_score,0,RoBERTa/BERT,0.23221858205388834
ECB statements,ECB,2008-01-10,net_score,0,Dictionary,0.4724904375147375
ECB statements,ECB,2008-01-10,rf_score,0.00415881615103988,Random Forest,-0.02047525160250741
ECB statements,ECB,2008-01-10,bert_score,0,RoBERTa/BERT,0.23221858205388834
ECB statements,ECB,2008-02-07,net_score,0,Dictionary,0.4724904375147375
ECB statements,ECB,2008-02-07,rf_score,0.00327674354174918,Random Forest,-0.024387809461424152
ECB statements,ECB,2008-02-07,bert_score,0,RoBERTa/BERT,0.23221858205388834
ECB statements,ECB,2008-03-06,net_score,0,Dictionary,0.4724904375147375
ECB statements,ECB,2008-03-06,rf_score,7.013265802375789e-4,Random Forest,-0.035811435778142546
ECB statements,ECB,2008-03-06,bert_score,0,RoBERTa/BERT,0.23221858205388834
ECB statements,ECB,2008-04-10,net_score,0,Dictionary,0.4724904375147375
ECB statements,ECB,2008-04-10,rf_score,0.00375273316843686,Random Forest,-0.02227649012666181
ECB statements,ECB,2008-04-10,bert_score,0,RoBERTa/BERT,0.23221858205388834
ECB statements,ECB,2008-05-08,net_score,0,Dictionary,0.4724904375147375
ECB statements,ECB,2008-05-08,rf_score,0.00123965002985025,Random Forest,-0.03342362595246969
ECB statements,ECB,2008-05-08,bert_score,0,RoBERTa/BERT,0.23221858205388834
ECB statements,ECB,2008-06-05,net_score,0,Dictionary,0.4724904375147375
ECB statements,ECB,2008-06-05,rf_score,0.00214878593630293,Random Forest,-0.029391025009929194
ECB statements,ECB,2008-06-05,bert_score,0,RoBERTa/BERT,0.23221858205388834
ECB statements,ECB,2008-07-03,net_score,0,Dictionary,0.4724904375147375
ECB statements,ECB,2008-07-03,rf_score,-0.09437022279516127,Random Forest,-0.4575147442701978
ECB statements,ECB,2008-07-03,bert_score,0,RoBERTa/BERT,0.23221858205388834
ECB statements,ECB,2008-08-07,net_score,0,Dictionary,0.4724904375147375
ECB statements,ECB,2008-08-07,rf_score,0.0033187584533455,Random Forest,-0.02420144637654154
ECB statements,ECB,2008-08-07,bert_score,0,RoBERTa/BERT,0.23221858205388834
ECB statements,ECB,2008-09-04,net_score,0,Dictionary,0.4724904375147375
ECB statements,ECB,2008-09-04,rf_score,0.00346949316185207,Random Forest,-0.023532841250198087
ECB statements,ECB,2008-09-04,bert_score,0,RoBERTa/BERT,0.23221858205388834
ECB statements,ECB,2008-10-02,net_score,0,Dictionary,0.4724904375147375
ECB statements,ECB,2008-10-02,rf_score,0.00362351834096687,Random Forest,-0.022849640775918237
ECB statements,ECB,2008-10-02,bert_score,0,RoBERTa/BERT,0.23221858205388834
ECB statements,ECB,2008-10-08,net_score,0.1111111111111111,Dictionary,1.021526593668454
ECB statements,ECB,2008-10-08,rf_score,-0.2272727272727273,Random Forest,-1.0470226066462405
ECB statements,ECB,2008-10-08,bert_score,-0.3684210526315789,RoBERTa/BERT,-2.7808738754457933
ECB statements,ECB,2008-10-15,net_score,-0.16666666666666666,Dictionary,-0.3510637967158376
ECB statements,ECB,2008-10-15,rf_score,0.20204827712981668,Random Forest,0.8572914510410671
ECB statements,ECB,2008-10-15,bert_score,0.09090909090909093,RoBERTa/BERT,0.9757089287096541
ECB statements,ECB,2008-11-06,net_score,0,Dictionary,0.4724904375147375
ECB statements,ECB,2008-11-06,rf_score,-0.11405334584947008,Random Forest,-0.5448220214523884
ECB statements,ECB,2008-11-06,bert_score,0,RoBERTa/BERT,0.23221858205388834
ECB statements,ECB,2008-12-04,net_score,0,Dictionary,0.4724904375147375
ECB statements,ECB,2008-12-04,rf_score,-0.10374745862478972,Random Forest,-0.49910880053460344
ECB statements,ECB,2008-12-04,bert_score,0,RoBERTa/BERT,0.23221858205388834
ECB statements,ECB,2009-01-15,net_score,0,Dictionary,0.4724904375147375
ECB statements,ECB,2009-01-15,rf_score,-0.7183462532299741,Random Forest,-3.225248710770478
ECB statements,ECB,2009-01-15,bert_score,0,RoBERTa/BERT,0.23221858205388834
ECB statements,ECB,2009-02-05,net_score,0,Dictionary,0.4724904375147375
ECB statements,ECB,2009-02-05,rf_score,0.00532072037064201,Random Forest,-0.015321461043963227
ECB statements,ECB,2009-02-05,bert_score,0,RoBERTa/BERT,0.23221858205388834
ECB statements,ECB,2009-03-05,net_score,0,Dictionary,0.4724904375147375
ECB statements,ECB,2009-03-05,rf_score,-0.10610196756850288,Random Forest,-0.5095525580831146
ECB statements,ECB,2009-03-05,bert_score,0,RoBERTa/BERT,0.23221858205388834
ECB statements,ECB,2009-04-02,net_score,0,Dictionary,0.4724904375147375
ECB statements,ECB,2009-04-02,bert_score,0,RoBERTa/BERT,0.23221858205388834
ECB statements,ECB,2009-05-07,net_score,0,Dictionary,0.4724904375147375
ECB statements,ECB,2009-05-07,rf_score,-0.08966509261248518,Random Forest,-0.4366444736376486
ECB statements,ECB,2009-05-07,bert_score,0,RoBERTa/BERT,0.23221858205388834
ECB statements,ECB,2009-06-04,net_score,0,Dictionary,0.4724904375147375
ECB statements,ECB,2009-06-04,rf_score,0.00650536026542641,Random Forest,-0.010066823181381681
ECB statements,ECB,2009-06-04,bert_score,0,RoBERTa/BERT,0.23221858205388834
ECB statements,ECB,2009-07-02,net_score,0,Dictionary,0.4724904375147375
ECB statements,ECB,2009-07-02,rf_score,0.00336753146200756,Random Forest,-0.023985106795951675
ECB statements,ECB,2009-07-02,bert_score,0,RoBERTa/BERT,0.23221858205388834
ECB statements,ECB,2009-08-06,net_score,0,Dictionary,0.4724904375147375
ECB statements,ECB,2009-08-06,rf_score,0.00148631170990871,Random Forest,-0.03232952317154059
ECB statements,ECB,2009-08-06,bert_score,0,RoBERTa/BERT,0.23221858205388834
ECB statements,ECB,2009-09-03,net_score,0,Dictionary,0.4724904375147375
ECB statements,ECB,2009-09-03,rf_score,0.00176217664185554,Random Forest,-0.03110588523502647
ECB statements,ECB,2009-09-03,bert_score,0,RoBERTa/BERT,0.23221858205388834
ECB statements,ECB,2009-10-08,net_score,0,Dictionary,0.4724904375147375
ECB statements,ECB,2009-10-08,rf_score,0.0044234381815945,Random Forest,-0.019301483145824985
ECB statements,ECB,2009-10-08,bert_score,0,RoBERTa/BERT,0.23221858205388834
ECB statements,ECB,2009-11-05,net_score,0,Dictionary,0.4724904375147375
ECB statements,ECB,2009-11-05,rf_score,0.00395733640140809,Random Forest,-0.0213689435384449
ECB statements,ECB,2009-11-05,bert_score,0,RoBERTa/BERT,0.23221858205388834
ECB statements,ECB,2009-12-03,net_score,0,Dictionary,0.4724904375147375
ECB statements,ECB,2009-12-03,rf_score,0.00368776885240759,Random Forest,-0.022564648541912747
ECB statements,ECB,2009-12-03,bert_score,0,RoBERTa/BERT,0.23221858205388834
ECB statements,ECB,2010-01-14,net_score,0,Dictionary,0.4724904375147375
ECB statements,ECB,2010-01-14,rf_score,0.00405651083083329,Random Forest,-0.02092904132499427
ECB statements,ECB,2010-01-14,bert_score,0,RoBERTa/BERT,0.23221858205388834
ECB statements,ECB,2010-02-04,net_score,0,Dictionary,0.4724904375147375
ECB statements,ECB,2010-02-04,rf_score,0.00374835363432067,Random Forest,-0.022295916169874364
ECB statements,ECB,2010-02-04,bert_score,0,RoBERTa/BERT,0.23221858205388834
ECB statements,ECB,2010-03-04,net_score,0,Dictionary,0.4724904375147375
ECB statements,ECB,2010-03-04,rf_score,0.00462389833849263,Random Forest,-0.018412313757715144
ECB statements,ECB,2010-03-04,bert_score,0,RoBERTa/BERT,0.23221858205388834
ECB statements,ECB,2010-04-08,net_score,0,Dictionary,0.4724904375147375
ECB statements,ECB,2010-04-08,rf_score,0.00274472141921813,Random Forest,-0.026747668859280614
ECB statements,ECB,2010-04-08,bert_score,0,RoBERTa/BERT,0.23221858205388834
ECB statements,ECB,2010-05-06,net_score,0,Dictionary,0.4724904375147375
ECB statements,ECB,2010-05-06,rf_score,0.00267904376845177,Random Forest,-0.02703899137168438
ECB statements,ECB,2010-05-06,bert_score,0,RoBERTa/BERT,0.23221858205388834
ECB statements,ECB,2010-06-10,net_score,0,Dictionary,0.4724904375147375
ECB statements,ECB,2010-06-10,rf_score,0.00264396429646477,Random Forest,-0.027194591332916317
ECB statements,ECB,2010-06-10,bert_score,0,RoBERTa/BERT,0.23221858205388834
ECB statements,ECB,2010-07-08,net_score,0,Dictionary,0.4724904375147375
ECB statements,ECB,2010-07-08,rf_score,0.00352127664187972,Random Forest,-0.023303148297928365
ECB statements,ECB,2010-07-08,bert_score,0,RoBERTa/BERT,0.23221858205388834
ECB statements,ECB,2010-08-05,net_score,0,Dictionary,0.4724904375147375
ECB statements,ECB,2010-08-05,rf_score,0.00346596990461822,Random Forest,-0.023548469156148336
ECB statements,ECB,2010-08-05,bert_score,0,RoBERTa/BERT,0.23221858205388834
ECB statements,ECB,2010-09-02,net_score,0,Dictionary,0.4724904375147375
ECB statements,ECB,2010-09-02,rf_score,0.00361597853127535,Random Forest,-0.02288308466857807
ECB statements,ECB,2010-09-02,bert_score,0,RoBERTa/BERT,0.23221858205388834
ECB statements,ECB,2010-10-07,net_score,0,Dictionary,0.4724904375147375
ECB statements,ECB,2010-10-07,rf_score,7.862695914382777e-4,Random Forest,-0.03543465903376478
ECB statements,ECB,2010-10-07,bert_score,0,RoBERTa/BERT,0.23221858205388834
ECB statements,ECB,2010-11-04,net_score,0,Dictionary,0.4724904375147375
ECB statements,ECB,2010-11-04,rf_score,0.00214112449901725,Random Forest,-0.029425008398991447
ECB statements,ECB,2010-11-04,bert_score,0,RoBERTa/BERT,0.23221858205388834
ECB statements,ECB,2010-12-02,net_score,0,Dictionary,0.4724904375147375
ECB statements,ECB,2010-12-02,rf_score,0.00609203522920015,Random Forest,-0.01190018485902691
ECB statements,ECB,2010-12-02,bert_score,0,RoBERTa/BERT,0.23221858205388834
ECB statements,ECB,2011-01-13,net_score,0,Dictionary,0.4724904375147375
ECB statements,ECB,2011-01-13,rf_score,0.00272354473559509,Random Forest,-0.02684160103568245
ECB statements,ECB,2011-01-13,bert_score,0,RoBERTa/BERT,0.23221858205388834
ECB statements,ECB,2011-02-03,net_score,0,Dictionary,0.4724904375147375
ECB statements,ECB,2011-02-03,rf_score,0.001879125840916,Random Forest,-0.030587140515988015
ECB statements,ECB,2011-02-03,bert_score,0,RoBERTa/BERT,0.23221858205388834
ECB statements,ECB,2011-03-03,net_score,0,Dictionary,0.4724904375147375
ECB statements,ECB,2011-03-03,rf_score,0.00356903025369629,Random Forest,-0.023091330396276453
ECB statements,ECB,2011-03-03,bert_score,0,RoBERTa/BERT,0.23221858205388834
ECB statements,ECB,2011-04-07,net_score,0,Dictionary,0.4724904375147375
ECB statements,ECB,2011-04-07,rf_score,-0.13874463761571454,Random Forest,-0.6543437395391907
ECB statements,ECB,2011-04-07,bert_score,0,RoBERTa/BERT,0.23221858205388834
ECB statements,ECB,2011-05-05,net_score,0,Dictionary,0.4724904375147375
ECB statements,ECB,2011-05-05,rf_score,0.00290862068842334,Random Forest,-0.026020670461365036
ECB statements,ECB,2011-05-05,bert_score,0,RoBERTa/BERT,0.23221858205388834
ECB statements,ECB,2011-06-09,net_score,0,Dictionary,0.4724904375147375
ECB statements,ECB,2011-06-09,rf_score,0.00543058307057289,Random Forest,-0.014834149494450284
ECB statements,ECB,2011-06-09,bert_score,0,RoBERTa/BERT,0.23221858205388834
ECB statements,ECB,2011-07-07,net_score,0,Dictionary,0.4724904375147375
ECB statements,ECB,2011-07-07,rf_score,-0.10578034682080928,Random Forest,-0.5081259637520752
ECB statements,ECB,2011-07-07,bert_score,0,RoBERTa/BERT,0.23221858205388834
ECB statements,ECB,2011-08-04,net_score,0,Dictionary,0.4724904375147375
ECB statements,ECB,2011-08-04,rf_score,0.00318883446246094,Random Forest,-0.024777742620459575
ECB statements,ECB,2011-08-04,bert_score,0,RoBERTa/BERT,0.23221858205388834
ECB statements,ECB,2011-09-08,net_score,0,Dictionary,0.4724904375147375
ECB statements,ECB,2011-09-08,rf_score,0.00257047525573227,Random Forest,-0.027520562370712636
ECB statements,ECB,2011-09-08,bert_score,0,RoBERTa/BERT,0.23221858205388834
ECB statements,ECB,2011-10-06,net_score,0,Dictionary,0.4724904375147375
ECB statements,ECB,2011-10-06,rf_score,0.00419289583854324,Random Forest,-0.02032408632680758
ECB statements,ECB,2011-10-06,bert_score,0,RoBERTa/BERT,0.23221858205388834
ECB statements,ECB,2011-11-03,net_score,0,Dictionary,0.4724904375147375
ECB statements,ECB,2011-11-03,rf_score,-0.02487590814777968,Random Forest,-0.14926287921989428
ECB statements,ECB,2011-11-03,bert_score,0,RoBERTa/BERT,0.23221858205388834
ECB statements,ECB,2011-12-08,net_score,0,Dictionary,0.4724904375147375
ECB statements,ECB,2011-12-08,rf_score,-0.12119925081041732,Random Forest,-0.576518693947988
ECB statements,ECB,2011-12-08,bert_score,0,RoBERTa/BERT,0.23221858205388834
ECB statements,ECB,2012-01-12,net_score,0,Dictionary,0.4724904375147375
ECB statements,ECB,2012-01-12,rf_score,0.00430961457139599,Random Forest,-0.01980636387324103
ECB statements,ECB,2012-01-12,bert_score,0,RoBERTa/BERT,0.23221858205388834
ECB statements,ECB,2012-02-09,net_score,0,Dictionary,0.4724904375147375
ECB statements,ECB,2012-02-09,rf_score,0.00580468487840604,Random Forest,-0.013174767995857381
ECB statements,ECB,2012-02-09,bert_score,0,RoBERTa/BERT,0.23221858205388834
ECB statements,ECB,2012-03-08,net_score,0,Dictionary,0.4724904375147375
ECB statements,ECB,2012-03-08,rf_score,0.0022966791068125,Random Forest,-0.028735023927407614
ECB statements,ECB,2012-03-08,bert_score,0,RoBERTa/BERT,0.23221858205388834
ECB statements,ECB,2012-04-04,net_score,0,Dictionary,0.4724904375147375
ECB statements,ECB,2012-04-04,rf_score,0.0027352901207996,Random Forest,-0.02678950271780716
ECB statements,ECB,2012-04-04,bert_score,0,RoBERTa/BERT,0.23221858205388834
ECB statements,ECB,2012-05-03,net_score,0,Dictionary,0.4724904375147375
ECB statements,ECB,2012-05-03,rf_score,0.00339406991352405,Random Forest,-0.0238673917394465
ECB statements,ECB,2012-05-03,bert_score,0,RoBERTa/BERT,0.23221858205388834
ECB statements,ECB,2012-06-06,net_score,0,Dictionary,0.4724904375147375
ECB statements,ECB,2012-06-06,rf_score,0.00238048986634226,Random Forest,-0.0283632694455134
ECB statements,ECB,2012-06-06,bert_score,0,RoBERTa/BERT,0.23221858205388834
ECB statements,ECB,2012-07-05,net_score,0,Dictionary,0.4724904375147375
ECB statements,ECB,2012-07-05,rf_score,-0.1650132275132275,Random Forest,-0.7708617866519126
ECB statements,ECB,2012-07-05,bert_score,0,RoBERTa/BERT,0.23221858205388834
ECB statements,ECB,2012-08-02,net_score,0,Dictionary,0.4724904375147375
ECB statements,ECB,2012-08-02,rf_score,0.00432696246032371,Random Forest,-0.01972941485742889
ECB statements,ECB,2012-08-02,bert_score,0,RoBERTa/BERT,0.23221858205388834
ECB statements,ECB,2012-09-06,net_score,0,Dictionary,0.4724904375147375
ECB statements,ECB,2012-09-06,rf_score,0.00241444174226699,Random Forest,-0.028212671096154055
ECB statements,ECB,2012-09-06,bert_score,0,RoBERTa/BERT,0.23221858205388834
ECB statements,ECB,2012-10-04,net_score,0,Dictionary,0.4724904375147375
ECB statements,ECB,2012-10-04,rf_score,0.00428459384235709,Random Forest,-0.01991734685696126
ECB statements,ECB,2012-10-04,bert_score,0,RoBERTa/BERT,0.23221858205388834
ECB statements,ECB,2012-11-08,net_score,0,Dictionary,0.4724904375147375
ECB statements,ECB,2012-11-08,rf_score,0.00399433517664894,Random Forest,-0.021204830236077096
ECB statements,ECB,2012-11-08,bert_score,0,RoBERTa/BERT,0.23221858205388834
ECB statements,ECB,2012-12-06,net_score,0,Dictionary,0.4724904375147375
ECB statements,ECB,2012-12-06,rf_score,0.00548793350305349,Random Forest,-0.01457976353693293
ECB statements,ECB,2012-12-06,bert_score,0,RoBERTa/BERT,0.23221858205388834
ECB statements,ECB,2013-01-10,net_score,0,Dictionary,0.4724904375147375
ECB statements,ECB,2013-01-10,rf_score,0.00603395734764189,Random Forest,-0.012157797519851661
ECB statements,ECB,2013-01-10,bert_score,0,RoBERTa/BERT,0.23221858205388834
ECB statements,ECB,2013-02-07,net_score,0,Dictionary,0.4724904375147375
ECB statements,ECB,2013-02-07,rf_score,0.00420236407113162,Random Forest,-0.02028208864154502
ECB statements,ECB,2013-02-07,bert_score,0,RoBERTa/BERT,0.23221858205388834
ECB statements,ECB,2013-03-07,net_score,0,Dictionary,0.4724904375147375
ECB statements,ECB,2013-03-07,rf_score,0.00403659618952882,Random Forest,-0.021017375534131508
ECB statements,ECB,2013-03-07,bert_score,0,RoBERTa/BERT,0.23221858205388834
ECB statements,ECB,2013-04-04,net_score,0,Dictionary,0.4724904375147375
ECB statements,ECB,2013-04-04,rf_score,0.00402857086618896,Random Forest,-0.021052972991271644
ECB statements,ECB,2013-04-04,bert_score,0,RoBERTa/BERT,0.23221858205388834
ECB statements,ECB,2013-05-02,net_score,0,Dictionary,0.4724904375147375
ECB statements,ECB,2013-05-02,rf_score,-0.1525703076379601,Random Forest,-0.7156694550535005
ECB statements,ECB,2013-05-02,bert_score,0,RoBERTa/BERT,0.23221858205388834
ECB statements,ECB,2013-06-06,net_score,0,Dictionary,0.4724904375147375
ECB statements,ECB,2013-06-06,rf_score,0.00455403542414222,Random Forest,-0.01872220059889971
ECB statements,ECB,2013-06-06,bert_score,0,RoBERTa/BERT,0.23221858205388834
ECB statements,ECB,2013-07-04,net_score,0,Dictionary,0.4724904375147375
ECB statements,ECB,2013-07-04,rf_score,0.00194688636672799,Random Forest,-0.03028657911662292
ECB statements,ECB,2013-07-04,bert_score,0,RoBERTa/BERT,0.23221858205388834
ECB statements,ECB,2013-08-01,net_score,0,Dictionary,0.4724904375147375
ECB statements,ECB,2013-08-01,rf_score,0.00292563527747933,Random Forest,-0.02594519984429102
ECB statements,ECB,2013-08-01,bert_score,0,RoBERTa/BERT,0.23221858205388834
ECB statements,ECB,2013-09-05,net_score,0,Dictionary,0.4724904375147375
ECB statements,ECB,2013-09-05,rf_score,0.00504928679335407,Random Forest,-0.0165254430799158
ECB statements,ECB,2013-09-05,bert_score,0,RoBERTa/BERT,0.23221858205388834
ECB statements,ECB,2013-10-02,net_score,0,Dictionary,0.4724904375147375
ECB statements,ECB,2013-10-02,rf_score,0.00620084474706752,Random Forest,-0.011417544847566564
ECB statements,ECB,2013-10-02,bert_score,0,RoBERTa/BERT,0.23221858205388834
ECB statements,ECB,2013-11-07,net_score,0,Dictionary,0.4724904375147375
ECB statements,ECB,2013-11-07,rf_score,-0.0209803921568627,Random Forest,-0.1319837668834913
ECB statements,ECB,2013-11-07,bert_score,0,RoBERTa/BERT,0.23221858205388834
ECB statements,ECB,2013-12-05,net_score,0,Dictionary,0.4724904375147375
ECB statements,ECB,2013-12-05,rf_score,0.0034478272776452,Random Forest,-0.023628943345004247
ECB statements,ECB,2013-12-05,bert_score,0,RoBERTa/BERT,0.23221858205388834
ECB statements,ECB,2014-01-09,net_score,0,Dictionary,0.4724904375147375
ECB statements,ECB,2014-01-09,rf_score,-0.1998284846190595,Random Forest,-0.9252897853958775
ECB statements,ECB,2014-01-09,bert_score,0,RoBERTa/BERT,0.23221858205388834
ECB statements,ECB,2014-02-06,net_score,0,Dictionary,0.4724904375147375
ECB statements,ECB,2014-02-06,rf_score,0.001576170222697,Random Forest,-0.0319309430243993
ECB statements,ECB,2014-02-06,bert_score,0,RoBERTa/BERT,0.23221858205388834
ECB statements,ECB,2014-03-06,net_score,0,Dictionary,0.4724904375147375
ECB statements,ECB,2014-03-06,rf_score,0.00408757088506081,Random Forest,-0.02079127005992349
ECB statements,ECB,2014-03-06,bert_score,0,RoBERTa/BERT,0.23221858205388834
ECB statements,ECB,2014-04-03,net_score,0,Dictionary,0.4724904375147375
ECB statements,ECB,2014-04-03,rf_score,0.0032818141266339,Random Forest,-0.02436531816475418
ECB statements,ECB,2014-04-03,bert_score,0,RoBERTa/BERT,0.23221858205388834
ECB statements,ECB,2014-05-08,net_score,0,Dictionary,0.4724904375147375
ECB statements,ECB,2014-05-08,rf_score,0.00322290364058396,Random Forest,-0.024626623960603167
ECB statements,ECB,2014-05-08,bert_score,0,RoBERTa/BERT,0.23221858205388834
ECB statements,ECB,2014-06-05,net_score,0,Dictionary,0.4724904375147375
ECB statements,ECB,2014-06-05,rf_score,-0.03004370830457783,Random Forest,-0.17218538798371447
ECB statements,ECB,2014-06-05,bert_score,0.09090909090909093,RoBERTa/BERT,0.9757089287096541
ECB statements,ECB,2014-07-03,net_score,0,Dictionary,0.4724904375147375
ECB statements,ECB,2014-07-03,rf_score,0.00523886099549877,Random Forest,-0.01568455988431861
ECB statements,ECB,2014-07-03,bert_score,0,RoBERTa/BERT,0.23221858205388834
ECB statements,ECB,2014-08-07,net_score,0,Dictionary,0.4724904375147375
ECB statements,ECB,2014-08-07,rf_score,0.00401499909636523,Random Forest,-0.021113172496532266
ECB statements,ECB,2014-08-07,bert_score,0,RoBERTa/BERT,0.23221858205388834
ECB statements,ECB,2014-09-04,net_score,0,Dictionary,0.4724904375147375
ECB statements,ECB,2014-09-04,rf_score,-0.093356700420679,Random Forest,-0.45301912237954944
ECB statements,ECB,2014-09-04,bert_score,0,RoBERTa/BERT,0.23221858205388834
ECB statements,ECB,2014-10-02,net_score,0,Dictionary,0.4724904375147375
ECB statements,ECB,2014-10-02,rf_score,0.00311427861226412,Random Forest,-0.025108445642572867
ECB statements,ECB,2014-10-02,bert_score,0,RoBERTa/BERT,0.23221858205388834
ECB statements,ECB,2014-11-06,net_score,0,Dictionary,0.4724904375147375
ECB statements,ECB,2014-11-06,rf_score,0.00193205896319532,Random Forest,-0.0303523481628534
ECB statements,ECB,2014-11-06,bert_score,0,RoBERTa/BERT,0.23221858205388834
ECB statements,ECB,2014-12-04,net_score,0,Dictionary,0.4724904375147375
ECB statements,ECB,2014-12-04,rf_score,0.00387536585349878,Random Forest,-0.02173253550133351
ECB statements,ECB,2014-12-04,bert_score,0,RoBERTa/BERT,0.23221858205388834
ECB statements,ECB,2015-01-22,net_score,0,Dictionary,0.4724904375147375
ECB statements,ECB,2015-01-22,rf_score,0.00408465050008487,Random Forest,-0.02080422384067615
ECB statements,ECB,2015-01-22,bert_score,0,RoBERTa/BERT,0.23221858205388834
ECB statements,ECB,2015-03-05,net_score,0,Dictionary,0.4724904375147375
ECB statements,ECB,2015-03-05,rf_score,0.00281482575050819,Random Forest,-0.026436711179103255
ECB statements,ECB,2015-03-05,bert_score,0,RoBERTa/BERT,0.23221858205388834
ECB statements,ECB,2015-04-15,net_score,0,Dictionary,0.4724904375147375
ECB statements,ECB,2015-04-15,rf_score,0.00491762362261251,Random Forest,-0.017109453702158144
ECB statements,ECB,2015-04-15,bert_score,0,RoBERTa/BERT,0.23221858205388834
ECB statements,ECB,2015-06-03,net_score,0,Dictionary,0.4724904375147375
ECB statements,ECB,2015-06-03,rf_score,0.00437479748011117,Random Forest,-0.019517235859204056
ECB statements,ECB,2015-06-03,bert_score,0,RoBERTa/BERT,0.23221858205388834
ECB statements,ECB,2015-07-16,net_score,0,Dictionary,0.4724904375147375
ECB statements,ECB,2015-07-16,rf_score,0.00259425899176062,Random Forest,-0.027415066244507163
ECB statements,ECB,2015-07-16,bert_score,0,RoBERTa/BERT,0.23221858205388834
ECB statements,ECB,2015-09-03,net_score,0,Dictionary,0.4724904375147375
ECB statements,ECB,2015-09-03,rf_score,0.00403826390251046,Random Forest,-0.021009978157244383
ECB statements,ECB,2015-09-03,bert_score,0,RoBERTa/BERT,0.23221858205388834
ECB statements,ECB,2015-10-22,net_score,0,Dictionary,0.4724904375147375
ECB statements,ECB,2015-10-22,rf_score,0.0057447500683887,Random Forest,-0.013440617325590671
ECB statements,ECB,2015-10-22,bert_score,0,RoBERTa/BERT,0.23221858205388834
ECB statements,ECB,2015-12-03,net_score,0,Dictionary,0.4724904375147375
ECB statements,ECB,2015-12-03,rf_score,0.00468364042757065,Random Forest,-0.01814731926897541
ECB statements,ECB,2015-12-03,bert_score,-0.09090909090909093,RoBERTa/BERT,-0.5112717646018774
ECB statements,ECB,2016-01-21,net_score,0,Dictionary,0.4724904375147375
ECB statements,ECB,2016-01-21,rf_score,0.0040073132901645,Random Forest,-0.02114726397736507
ECB statements,ECB,2016-01-21,bert_score,0,RoBERTa/BERT,0.23221858205388834
ECB statements,ECB,2016-03-10,net_score,-0.2307692307692308,Dictionary,-0.667815425266059
ECB statements,ECB,2016-03-10,rf_score,0.408595428258592,Random Forest,1.773460563281831
ECB statements,ECB,2016-03-10,bert_score,-0.2,RoBERTa/BERT,-1.403460180588796
ECB statements,ECB,2016-04-21,net_score,-0.2307692307692308,Dictionary,-0.667815425266059
ECB statements,ECB,2016-04-21,rf_score,0.00510144501675666,Random Forest,-0.01629408790038581
ECB statements,ECB,2016-04-21,bert_score,0.09090909090909093,RoBERTa/BERT,0.9757089287096541
ECB statements,ECB,2016-06-02,net_score,-0.16666666666666666,Dictionary,-0.3510637967158376
ECB statements,ECB,2016-06-02,rf_score,-0.00254664933108452,Random Forest,-0.05021829247402651
ECB statements,ECB,2016-06-02,bert_score,0,RoBERTa/BERT,0.23221858205388834
ECB statements,ECB,2016-07-21,net_score,-0.3333333333333333,Dictionary,-1.1746180309464127
ECB statements,ECB,2016-07-21,rf_score,0.00389262813267628,Random Forest,-0.021655966219680998
ECB statements,ECB,2016-07-21,bert_score,-0.09090909090909093,RoBERTa/BERT,-0.5112717646018774
ECB statements,ECB,2016-09-08,net_score,-0.3333333333333333,Dictionary,-1.1746180309464127
ECB statements,ECB,2016-09-08,rf_score,0.00366708618774006,Random Forest,-0.022656389427340943
ECB statements,ECB,2016-09-08,bert_score,-0.09090909090909093,RoBERTa/BERT,-0.5112717646018774
ECB statements,ECB,2016-10-20,net_score,-0.3333333333333333,Dictionary,-1.1746180309464127
ECB statements,ECB,2016-10-20,rf_score,0.00477209109269607,Random Forest,-0.017754983829332684
ECB statements,ECB,2016-10-20,bert_score,-0.09090909090909093,RoBERTa/BERT,-0.5112717646018774
ECB statements,ECB,2016-12-08,net_score,-0.5454545454545454,Dictionary,-2.22277796542169
ECB statements,ECB,2016-12-08,rf_score,0.01084187025066621,Random Forest,0.009168380411057775
ECB statements,ECB,2016-12-08,bert_score,0.07692307692307693,RoBERTa/BERT,0.8613257984549209
ECB statements,ECB,2017-01-19,net_score,-0.5238095238095238,Dictionary,-2.11582287006707
ECB statements,ECB,2017-01-19,rf_score,0.0040089956151939,Random Forest,-0.021139801786672716
ECB statements,ECB,2017-01-19,bert_score,0,RoBERTa/BERT,0.23221858205388834
ECB statements,ECB,2017-03-09,net_score,-0.5238095238095238,Dictionary,-2.11582287006707
ECB statements,ECB,2017-03-09,rf_score,0.00314227349194905,Random Forest,-0.024984270392863227
ECB statements,ECB,2017-03-09,bert_score,0,RoBERTa/BERT,0.23221858205388834
ECB statements,ECB,2017-04-27,net_score,-0.5238095238095238,Dictionary,-2.11582287006707
ECB statements,ECB,2017-04-27,rf_score,0.00173728517127999,Random Forest,-0.031216294874544328
ECB statements,ECB,2017-04-27,bert_score,0,RoBERTa/BERT,0.23221858205388834
ECB statements,ECB,2017-06-08,net_score,-0.5238095238095238,Dictionary,-2.11582287006707
ECB statements,ECB,2017-06-08,rf_score,0.00376223023108725,Random Forest,-0.022234364561580164
ECB statements,ECB,2017-06-08,bert_score,0.09090909090909093,RoBERTa/BERT,0.9757089287096541
ECB statements,ECB,2017-07-20,net_score,-0.5238095238095238,Dictionary,-2.11582287006707
ECB statements,ECB,2017-07-20,rf_score,0.00179617619403524,Random Forest,-0.030955075410892714
ECB statements,ECB,2017-07-20,bert_score,0.09090909090909093,RoBERTa/BERT,0.9757089287096541
ECB statements,ECB,2017-09-07,net_score,-0.5238095238095238,Dictionary,-2.11582287006707
ECB statements,ECB,2017-09-07,rf_score,0.00485045833440938,Random Forest,-0.0174073748408917
ECB statements,ECB,2017-09-07,bert_score,0.09090909090909093,RoBERTa/BERT,0.9757089287096541
ECB statements,ECB,2017-10-26,net_score,-0.5833333333333334,Dictionary,-2.4099493822922757
ECB statements,ECB,2017-10-26,rf_score,2.6075977162933785e-4,Random Forest,-0.03776563219150148
ECB statements,ECB,2017-10-26,bert_score,0.2307692307692308,RoBERTa/BERT,2.1195402312569858
ECB statements,ECB,2017-12-14,net_score,-0.5652173913043478,Dictionary,-2.320432617701995
ECB statements,ECB,2017-12-14,rf_score,3.5006651263740085e-4,Random Forest,-0.03736949950615904
ECB statements,ECB,2017-12-14,bert_score,0.16666666666666666,RoBERTa/BERT,1.5952842175894586
ECB statements,ECB,2018-01-25,net_score,-0.5652173913043478,Dictionary,-2.320432617701995
ECB statements,ECB,2018-01-25,rf_score,3.193867773874162e-4,Random Forest,-0.037505583812595375
ECB statements,ECB,2018-01-25,bert_score,0.16666666666666666,RoBERTa/BERT,1.5952842175894586
ECB statements,ECB,2018-03-08,net_score,-0.5454545454545454,Dictionary,-2.22277796542169
ECB statements,ECB,2018-03-08,rf_score,0.01582589899614962,Random Forest,0.03127574507901729
ECB statements,ECB,2018-03-08,bert_score,0.09090909090909093,RoBERTa/BERT,0.9757089287096541
ECB statements,ECB,2018-04-26,net_score,-0.5454545454545454,Dictionary,-2.22277796542169
ECB statements,ECB,2018-04-26,rf_score,0.01739580660964647,Random Forest,0.03823929241771039
ECB statements,ECB,2018-04-26,bert_score,0.09090909090909093,RoBERTa/BERT,0.9757089287096541
ECB statements,ECB,2018-06-14,net_score,-0.5384615384615384,Dictionary,-2.1882232423071204
ECB statements,ECB,2018-06-14,rf_score,3.193867773874162e-4,Random Forest,-0.037505583812595375
ECB statements,ECB,2018-06-14,bert_score,-0.2307692307692308,RoBERTa/BERT,-1.6551030671492093
ECB statements,ECB,2018-07-26,net_score,-0.5454545454545454,Dictionary,-2.22277796542169
ECB statements,ECB,2018-07-26,rf_score,0.00203227289942108,Random Forest,-0.029907835069913836
ECB statements,ECB,2018-07-26,bert_score,-0.16666666666666666,RoBERTa/BERT,-1.130847053481682
ECB statements,ECB,2018-09-13,net_score,-0.5454545454545454,Dictionary,-2.22277796542169
ECB statements,ECB,2018-09-13,rf_score,0.0019072099517644,Random Forest,-0.030462569468827902
ECB statements,ECB,2018-09-13,bert_score,-0.16666666666666666,RoBERTa/BERT,-1.130847053481682
ECB statements,ECB,2018-10-25,net_score,-0.5,Dictionary,-1.9981722651769878
ECB statements,ECB,2018-10-25,rf_score,2.8698522026115655e-4,Random Forest,-0.037649305503576605
ECB statements,ECB,2018-10-25,bert_score,-0.09090909090909093,RoBERTa/BERT,-0.5112717646018774
ECB statements,ECB,2018-12-13,net_score,-0.4117647058823529,Dictionary,-1.5621729647019773
ECB statements,ECB,2018-12-13,rf_score,-0.00151159346703901,Random Forest,-0.04562715574374575
ECB statements,ECB,2018-12-13,bert_score,0,RoBERTa/BERT,0.23221858205388834
ECB statements,ECB,2019-01-24,net_score,-0.3333333333333333,Dictionary,-1.1746180309464127
ECB statements,ECB,2019-01-24,rf_score,-0.00706561264448813,Random Forest,-0.07026279361802112
ECB statements,ECB,2019-01-24,bert_score,-0.09090909090909093,RoBERTa/BERT,-0.5112717646018774
ECB statements,ECB,2019-03-07,net_score,-0.47368421052631576,Dictionary,-1.8681373860879495
ECB statements,ECB,2019-03-07,rf_score,-0.00869936150025406,Random Forest,-0.07750951781940327
ECB statements,ECB,2019-03-07,bert_score,0.07692307692307693,RoBERTa/BERT,0.8613257984549209
ECB statements,ECB,2019-04-10,net_score,-0.3333333333333333,Dictionary,-1.1746180309464127
ECB statements,ECB,2019-04-10,rf_score,-0.0050276686052857,Random Forest,-0.061223204492783706
ECB statements,ECB,2019-04-10,bert_score,-0.09090909090909093,RoBERTa/BERT,-0.5112717646018774
ECB statements,ECB,2019-06-06,net_score,-0.375,Dictionary,-1.3805065895040565
ECB statements,ECB,2019-06-06,rf_score,-0.01336890173013911,Random Forest,-0.09822192418088861
ECB statements,ECB,2019-06-06,bert_score,-0.07692307692307693,RoBERTa/BERT,-0.3968886343471441
ECB statements,ECB,2019-07-25,net_score,-0.5,Dictionary,-1.9981722651769878
ECB statements,ECB,2019-07-25,rf_score,0.00359277356461581,Random Forest,-0.02298601358136076
ECB statements,ECB,2019-07-25,bert_score,0,RoBERTa/BERT,0.23221858205388834
ECB statements,ECB,2019-09-12,net_score,-0.4545454545454546,Dictionary,-1.7735665649322858
ECB statements,ECB,2019-09-12,rf_score,-0.16722733621288394,Random Forest,-0.7806827790533236
ECB statements,ECB,2019-09-12,bert_score,-0.375,RoBERTa/BERT,-2.834679097901145
ECB statements,ECB,2019-10-24,net_score,-0.29411764705882354,Dictionary,-0.9808405640686304
ECB statements,ECB,2019-10-24,rf_score,0.02193562610229276,Random Forest,0.05837630409558106
ECB statements,ECB,2019-10-24,bert_score,-0.2307692307692308,RoBERTa/BERT,-1.6551030671492093
ECB statements,ECB,2019-12-12,net_score,-0.29411764705882354,Dictionary,-0.9808405640686304
ECB statements,ECB,2019-12-12,rf_score,-0.00966289859954853,Random Forest,-0.0817834229497688
ECB statements,ECB,2019-12-12,bert_score,-0.2307692307692308,RoBERTa/BERT,-1.6551030671492093
ECB statements,ECB,2020-01-23,net_score,-0.29411764705882354,Dictionary,-0.9808405640686304
ECB statements,ECB,2020-01-23,rf_score,-0.0016653148365684,Random Forest,-0.04630900862762489
ECB statements,ECB,2020-01-23,bert_score,-0.2307692307692308,RoBERTa/BERT,-1.6551030671492093
ECB statements,ECB,2020-03-12,net_score,-0.5,Dictionary,-1.9981722651769878
ECB statements,ECB,2020-03-12,rf_score,-0.01245255348516218,Random Forest,-0.09415733189038311
ECB statements,ECB,2020-03-12,bert_score,-0.04761904761904761,RoBERTa/BERT,-0.15722874238484597
ECB statements,ECB,2020-04-30,net_score,-0.5714285714285714,Dictionary,-2.351124079847234
ECB statements,ECB,2020-04-30,rf_score,-0.1504678723147662,Random Forest,-0.7063438057135429
ECB statements,ECB,2020-04-30,bert_score,-0.3333333333333333,RoBERTa/BERT,-2.493912689017252
ECB statements,ECB,2020-06-04,net_score,-0.5714285714285714,Dictionary,-2.351124079847234
ECB statements,ECB,2020-06-04,rf_score,0.00179664705600994,Random Forest,-0.03095298683598383
ECB statements,ECB,2020-06-04,bert_score,-0.125,RoBERTa/BERT,-0.7900806445977894
ECB statements,ECB,2020-07-16,net_score,-0.5714285714285714,Dictionary,-2.351124079847234
ECB statements,ECB,2020-07-16,rf_score,0.00187831283128312,Random Forest,-0.030590746735243656
ECB statements,ECB,2020-07-16,bert_score,-0.125,RoBERTa/BERT,-0.7900806445977894
ECB statements,ECB,2020-09-10,net_score,-0.5714285714285714,Dictionary,-2.351124079847234
ECB statements,ECB,2020-09-10,rf_score,0.00203227289942108,Random Forest,-0.029907835069913836
ECB statements,ECB,2020-09-10,bert_score,-0.125,RoBERTa/BERT,-0.7900806445977894
ECB statements,ECB,2020-10-29,net_score,-0.5862068965517241,Dictionary,-2.4241485932272853
ECB statements,ECB,2020-10-29,rf_score,3.0003000300030005e-4,Random Forest,-0.03759144352409066
ECB statements,ECB,2020-10-29,bert_score,-0.2222222222222222,RoBERTa/BERT,-1.5852022653268718
ECB statements,ECB,2020-12-10,net_score,-0.4838709677419355,Dictionary,-1.9184734683159645
ECB statements,ECB,2020-12-10,rf_score,0.03012285817622858,Random Forest,0.09469193033343863
ECB statements,ECB,2020-12-10,bert_score,-0.09090909090909093,RoBERTa/BERT,-0.5112717646018774
ECB statements,ECB,2021-01-21,net_score,-0.6363636363636364,Dictionary,-2.671989365911095
ECB statements,ECB,2021-01-21,rf_score,0.00162760416666666,Random Forest,-0.03170280048876904
ECB statements,ECB,2021-01-21,bert_score,-0.15789473684210523,RoBERTa/BERT,-1.0591067568745463
ECB statements,ECB,2021-03-11,net_score,-0.6363636363636364,Dictionary,-2.671989365911095
ECB statements,ECB,2021-03-11,rf_score,0.00210116350618112,Random Forest,-0.029602261036613696
ECB statements,ECB,2021-03-11,bert_score,-0.1,RoBERTa/BERT,-0.5856207992674538
ECB statements,ECB,2021-04-22,net_score,-0.6363636363636364,Dictionary,-2.671989365911095
ECB statements,ECB,2021-04-22,rf_score,0.00173611111111111,Random Forest,-0.031221502584535786
ECB statements,ECB,2021-04-22,bert_score,-0.14285714285714285,RoBERTa/BERT,-0.9361233912623147
ECB statements,ECB,2021-06-10,net_score,-0.6470588235294118,Dictionary,-2.724837765968672
ECB statements,ECB,2021-06-10,rf_score,0.00162760416666666,Random Forest,-0.03170280048876904
ECB statements,ECB,2021-06-10,bert_score,-0.14285714285714285,RoBERTa/BERT,-0.9361233912623147
ECB statements,ECB,2021-07-22,net_score,-0.5609756097560976,Dictionary,-2.29947259477354
ECB statements,ECB,2021-07-22,rf_score,0.00193701010726072,Random Forest,-0.030330386662836654
ECB statements,ECB,2021-07-22,bert_score,-0.25925925925925924,RoBERTa/BERT,-1.888105739890332
ECB statements,ECB,2021-09-09,net_score,-0.6818181818181818,Dictionary,-2.896595066155797
ECB statements,ECB,2021-09-09,rf_score,-0.02132991076885466,Random Forest,-0.133534106138767
ECB statements,ECB,2021-09-09,bert_score,-0.3,RoBERTa/BERT,-2.221299561910138
ECB statements,ECB,2021-10-28,net_score,-0.6818181818181818,Dictionary,-2.896595066155797
ECB statements,ECB,2021-10-28,rf_score,-0.02385978181151448,Random Forest,-0.14475570708833516
ECB statements,ECB,2021-10-28,bert_score,-0.3333333333333333,RoBERTa/BERT,-2.493912689017252
ECB statements,ECB,2021-12-16,net_score,-0.5757575757575758,Dictionary,-2.3725150989181585
ECB statements,ECB,2021-12-16,rf_score,-0.00520833333333333,Random Forest,-0.06202456845546272
ECB statements,ECB,2021-12-16,bert_score,-0.38461538461538464,RoBERTa/BERT,-2.913317499951274
ECB statements,ECB,2022-02-03,net_score,-0.5483870967741935,Dictionary,-2.2372686557600576
ECB statements,ECB,2022-02-03,rf_score,-0.01235569985569985,Random Forest,-0.09372772391352713
ECB statements,ECB,2022-02-03,bert_score,-0.2,RoBERTa/BERT,-1.403460180588796
ECB statements,ECB,2022-03-10,net_score,-0.6571428571428571,Dictionary,-2.77466625745153
ECB statements,ECB,2022-03-10,rf_score,-0.00537187647336162,Random Forest,-0.06274998719202698
ECB statements,ECB,2022-03-10,bert_score,-0.2727272727272727,RoBERTa/BERT,-1.9982524579134082
ECB statements,ECB,2022-04-14,net_score,-0.625,Dictionary,-2.615837940849919
ECB statements,ECB,2022-04-14,rf_score,0.0019072099517644,Random Forest,-0.030462569468827902
ECB statements,ECB,2022-04-14,bert_score,-0.18181818181818185,RoBERTa/BERT,-1.254762111257643
ECB statements,ECB,2022-06-09,net_score,-0.3888888888888889,Dictionary,-1.449136109023271
ECB statements,ECB,2022-06-09,rf_score,0.40807146949518175,Random Forest,1.7711364700542025
ECB statements,ECB,2022-06-09,bert_score,0,RoBERTa/BERT,0.23221858205388834
ECB statements,ECB,2022-07-21,net_score,-0.3076923076923077,Dictionary,-1.0479173795263244
ECB statements,ECB,2022-07-21,rf_score,0.5926573426573427,Random Forest,2.5898932266735546
ECB statements,ECB,2022-07-21,bert_score,0.04347826086956521,RoBERTa/BERT,0.5878009217588196
ECB statements,ECB,2022-09-08,net_score,-0.1111111111111111,Dictionary,-0.07654571863897922
ECB statements,ECB,2022-09-08,rf_score,0.8333333333333333,Random Forest,3.657445635458966
ECB statements,ECB,2022-09-08,bert_score,0.10344827586206896,RoBERTa/BERT,1.0782593213518283
ECB statements,ECB,2022-10-27,net_score,0,Dictionary,0.4724904375147375
ECB statements,ECB,2022-10-27,rf_score,0.05092592592592593,Random Forest,0.18696688066786346
ECB statements,ECB,2022-10-27,bert_score,0.13043478260869565,RoBERTa/BERT,1.2989656011686825
ECB statements,ECB,2022-12-15,net_score,0.0303030303030303,Dictionary,0.6222275710112057
ECB statements,ECB,2022-12-15,rf_score,0.3333333333333333,Random Forest,1.439624892752226
ECB statements,ECB,2022-12-15,bert_score,0,RoBERTa/BERT,0.23221858205388834
ECB statements,ECB,2023-02-02,net_score,-0.03448275862068965,Dictionary,0.3020999062946185
ECB statements,ECB,2023-02-02,rf_score,1,Random Forest,4.396719216361213
ECB statements,ECB,2023-02-02,bert_score,0.23809523809523808,RoBERTa/BERT,2.17945520424756
ECB statements,ECB,2023-03-16,net_score,0.07142857142857142,Dictionary,0.8254422521849839
ECB statements,ECB,2023-03-16,rf_score,0.9575757575757576,Random Forest,4.2085404866770055
ECB statements,ECB,2023-03-16,bert_score,0.07142857142857142,RoBERTa/BERT,0.8163895687119899
ECB statements,ECB,2023-05-04,net_score,0,Dictionary,0.4724904375147375
ECB statements,ECB,2023-05-04,rf_score,0.6666666666666666,Random Forest,2.9181720545567194
ECB statements,ECB,2023-05-04,bert_score,0.2631578947368421,RoBERTa/BERT,2.3844274802679464
ECB statements,ECB,2023-06-15,net_score,0.03225806451612903,Dictionary,0.6318880312367843
ECB statements,ECB,2023-06-15,rf_score,0.893939393939394,Random Forest,3.926272392150693
ECB statements,ECB,2023-06-15,bert_score,0.14285714285714285,RoBERTa/BERT,1.4005605553700915
ECB statements,ECB,2023-07-27,net_score,0.09090909090909093,Dictionary,0.9217018380041423
ECB statements,ECB,2023-07-27,rf_score,0.7435897435897436,Random Forest,3.259375245742372
ECB statements,ECB,2023-07-27,bert_score,0.13043478260869565,RoBERTa/BERT,1.2989656011686825
ECB statements,ECB,2023-09-14,net_score,0.05555555555555555,Dictionary,0.7470085155915959
ECB statements,ECB,2023-09-14,rf_score,1,Random Forest,4.396719216361213
ECB statements,ECB,2023-09-14,bert_score,0.21428571428571427,RoBERTa/BERT,1.984731542028193
ECB statements,ECB,2023-10-26,net_score,-0.04,Dictionary,0.2748374212993995
ECB statements,ECB,2023-10-26,rf_score,0.05137031778183034,Random Forest,0.18893804361969294
ECB statements,ECB,2023-10-26,bert_score,0.0588235294117647,RoBERTa/BERT,0.7133005710664425
ECB statements,ECB,2023-12-14,net_score,-0.09090909090909093,Dictionary,0.023279037025332804
ECB statements,ECB,2023-12-14,rf_score,-0.01583525860059252,Random Forest,-0.10916179903330632
ECB statements,ECB,2023-12-14,bert_score,-0.1724137931034483,RoBERTa/BERT,-1.177849316776012
ECB statements,ECB,2024-01-25,net_score,-0.14285714285714285,Dictionary,-0.23341319182575543
ECB statements,ECB,2024-01-25,rf_score,0.04148759149990678,Random Forest,0.14510181293460667
ECB statements,ECB,2024-01-25,bert_score,-0.1111111111111111,RoBERTa/BERT,-0.6764918416364918
ECB statements,ECB,2024-03-07,net_score,-0.10344827586206896,Dictionary,-0.03868115614561947
ECB statements,ECB,2024-03-07,rf_score,0.03609047124789254,Random Forest,0.12116212244300704
ECB statements,ECB,2024-03-07,bert_score,-0.18181818181818185,RoBERTa/BERT,-1.254762111257643
ECB statements,ECB,2024-04-11,net_score,0,Dictionary,0.4724904375147375
ECB statements,ECB,2024-04-11,rf_score,0.05543546927403742,Random Forest,0.20696959822301716
ECB statements,ECB,2024-04-11,bert_score,-0.23809523809523808,RoBERTa/BERT,-1.7150180401397834
ECB statements,ECB,2024-06-06,net_score,0,Dictionary,0.4724904375147375
ECB statements,ECB,2024-06-06,rf_score,0.4473684210526316,Random Forest,1.9454436586327108
ECB statements,ECB,2024-06-06,bert_score,-0.25925925925925924,RoBERTa/BERT,-1.888105739890332
ECB statements,ECB,2024-07-18,net_score,0.12,Dictionary,1.0654494861607515
ECB statements,ECB,2024-07-18,rf_score,-0.1651918758930394,Random Forest,-0.7716542068167082
ECB statements,ECB,2024-07-18,bert_score,0.05263157894736842,RoBERTa/BERT,0.6626603616967
ECB statements,ECB,2024-09-12,net_score,0.0967741935483871,Dictionary,0.9506832186808779
ECB statements,ECB,2024-09-12,rf_score,-0.25,Random Forest,-1.1478326404056376
ECB statements,ECB,2024-09-12,bert_score,-0.2413793103448276,RoBERTa/BERT,-1.7418764763079722
ECB statements,ECB,2024-10-17,net_score,-0.08333333333333333,Dictionary,0.06071332039944996
ECB statements,ECB,2024-10-17,rf_score,0.6923076923076923,Random Forest,3.0319064516186036
ECB statements,ECB,2024-10-17,bert_score,-0.3333333333333333,RoBERTa/BERT,-2.493912689017252
ECB statements,ECB,2024-12-12,net_score,-0.25925925925925924,Dictionary,-0.8085939268439348
ECB statements,ECB,2024-12-12,rf_score,-0.16666666666666669,Random Forest,-0.7781958499545144
ECB statements,ECB,2024-12-12,bert_score,-0.52,RoBERTa/BERT,-4.020546200817091
ECB statements,ECB,2025-01-30,net_score,-0.1724137931034483,Dictionary,-0.3794622185858575
ECB statements,ECB,2025-01-30,rf_score,-1,Random Forest,-4.474563754465748
ECB statements,ECB,2025-01-30,bert_score,-0.4782608695652174,RoBERTa/BERT,-3.6791871547003567
ECB statements,ECB,2025-03-06,net_score,-0.13333333333333333,Dictionary,-0.1863529498697226
ECB statements,ECB,2025-03-06,rf_score,-1,Random Forest,-4.474563754465748
ECB statements,ECB,2025-03-06,bert_score,-0.5384615384615384,RoBERTa/BERT,-4.1715319327533384
ECB statements,ECB,2025-04-17,net_score,-0.2,Dictionary,-0.5157746435619527
ECB statements,ECB,2025-04-17,rf_score,-1,Random Forest,-4.474563754465748
ECB statements,ECB,2025-04-17,bert_score,-0.4782608695652174,RoBERTa/BERT,-3.6791871547003567
ECB statements,ECB,2025-06-05,net_score,-0.3333333333333333,Dictionary,-1.1746180309464127
ECB statements,ECB,2025-06-05,rf_score,-1,Random Forest,-4.474563754465748
ECB statements,ECB,2025-06-05,bert_score,-0.4782608695652174,RoBERTa/BERT,-3.6791871547003567
ECB statements,ECB,2025-07-24,net_score,-0.15789473684210523,Dictionary,-0.3077188370194914
ECB statements,ECB,2025-07-24,rf_score,0.00107619647517395,Random Forest,-0.03414864732053018
ECB statements,ECB,2025-07-24,bert_score,-0.375,RoBERTa/BERT,-2.834679097901145
ECB statements,ECB,2025-09-11,net_score,-0.17647058823529413,Dictionary,-0.3995081634352833
ECB statements,ECB,2025-09-11,rf_score,-0.0314205491155619,Random Forest,-0.17829256020372572
ECB statements,ECB,2025-09-11,bert_score,-0.14285714285714285,RoBERTa/BERT,-0.9361233912623147
ECB statements,ECB,2025-10-30,net_score,-0.3333333333333333,Dictionary,-1.1746180309464127
ECB statements,ECB,2025-10-30,rf_score,-0.03017012044505649,Random Forest,-0.1727461069182815
ECB statements,ECB,2025-10-30,bert_score,-0.375,RoBERTa/BERT,-2.834679097901145
ECB statements,ECB,2025-12-18,net_score,-0.1,Dictionary,-0.021642103023607605
ECB statements,ECB,2025-12-18,rf_score,-0.02901777589636842,Random Forest,-0.16763471963263063
ECB statements,ECB,2025-12-18,bert_score,0,RoBERTa/BERT,0.23221858205388834
ECB statements,ECB,2026-02-05,net_score,-0.2631578947368421,Dictionary,-0.8278583533756442
ECB statements,ECB,2026-02-05,rf_score,-0.01732103357394563,Random Forest,-0.11575216414310047
ECB statements,ECB,2026-02-05,bert_score,-0.2,RoBERTa/BERT,-1.403460180588796
ECB statements,ECB,2026-03-19,net_score,-0.03703703703703703,Dictionary,0.28947838546349863
ECB statements,ECB,2026-03-19,rf_score,-0.09853894004668856,Random Forest,-0.4760056794520311
ECB statements,ECB,2026-03-19,bert_score,0.04761904761904761,RoBERTa/BERT,0.6216659064926225
