corpus_long,meeting_date,rate_label,net_score,comparison_score,other_score,comparison
FOMC statements,1994-02-04,hawkish,0.07692307692307693,rf_score,0.7730158730158732,Dictionary vs Random Forest
FOMC statements,1994-02-04,hawkish,0.07692307692307693,bert_score,0.14285714285714285,Dictionary vs RoBERTa/BERT
FOMC statements,1994-03-22,hawkish,0.09090909090909093,rf_score,0.518921130952381,Dictionary vs Random Forest
FOMC statements,1994-03-22,hawkish,0.09090909090909093,bert_score,0.16666666666666666,Dictionary vs RoBERTa/BERT
FOMC statements,1994-04-18,hawkish,0,rf_score,0.26216976986873186,Dictionary vs Random Forest
FOMC statements,1994-04-18,hawkish,0,bert_score,0.16666666666666666,Dictionary vs RoBERTa/BERT
FOMC statements,1994-05-17,hawkish,0,rf_score,0.7154901960784313,Dictionary vs Random Forest
FOMC statements,1994-05-17,hawkish,0,bert_score,0.2307692307692308,Dictionary vs RoBERTa/BERT
FOMC statements,1994-08-16,hawkish,0.16666666666666666,rf_score,-0.02738496071829399,Dictionary vs Random Forest
FOMC statements,1994-08-16,hawkish,0.16666666666666666,bert_score,-0.09090909090909093,Dictionary vs RoBERTa/BERT
FOMC statements,1994-11-15,hawkish,0.09090909090909093,rf_score,-0.01161616161616152,Dictionary vs Random Forest
FOMC statements,1994-11-15,hawkish,0.09090909090909093,bert_score,0.16666666666666666,Dictionary vs RoBERTa/BERT
FOMC statements,1995-02-01,hawkish,0,rf_score,0.4647005015748064,Dictionary vs Random Forest
FOMC statements,1995-02-01,hawkish,0,bert_score,0.2307692307692308,Dictionary vs RoBERTa/BERT
FOMC statements,1995-07-06,dovish,0.16666666666666666,rf_score,-0.6610286538857968,Dictionary vs Random Forest
FOMC statements,1995-07-06,dovish,0.16666666666666666,bert_score,-0.2307692307692308,Dictionary vs RoBERTa/BERT
FOMC statements,1995-12-19,dovish,-0.09090909090909093,rf_score,-0.6570350836270648,Dictionary vs Random Forest
FOMC statements,1995-12-19,dovish,-0.09090909090909093,bert_score,-0.2307692307692308,Dictionary vs RoBERTa/BERT
FOMC statements,1996-01-31,dovish,0,rf_score,0.1578104997557885,Dictionary vs Random Forest
FOMC statements,1996-01-31,dovish,0,bert_score,0,Dictionary vs RoBERTa/BERT
FOMC statements,1997-03-25,hawkish,-0.07692307692307693,rf_score,0.5488214442562269,Dictionary vs Random Forest
FOMC statements,1997-03-25,hawkish,-0.07692307692307693,bert_score,0.07692307692307693,Dictionary vs RoBERTa/BERT
FOMC statements,1998-09-29,dovish,0,rf_score,-0.5112621210918424,Dictionary vs Random Forest
FOMC statements,1998-09-29,dovish,0,bert_score,-0.16666666666666666,Dictionary vs RoBERTa/BERT
FOMC statements,1998-10-15,dovish,-0.09090909090909093,rf_score,-0.02003676470588233,Dictionary vs Random Forest
FOMC statements,1998-10-15,dovish,-0.09090909090909093,bert_score,-0.16666666666666666,Dictionary vs RoBERTa/BERT
FOMC statements,1998-11-17,dovish,0.16666666666666666,rf_score,0.2538040707683566,Dictionary vs Random Forest
FOMC statements,1998-11-17,dovish,0.16666666666666666,bert_score,-0.09090909090909093,Dictionary vs RoBERTa/BERT
FOMC statements,1999-05-18,neutral,-0.09090909090909093,rf_score,0.02512784100389392,Dictionary vs Random Forest
FOMC statements,1999-05-18,neutral,-0.09090909090909093,bert_score,-0.14285714285714285,Dictionary vs RoBERTa/BERT
FOMC statements,1999-06-30,hawkish,0.09090909090909093,rf_score,-0.0503494955404179,Dictionary vs Random Forest
FOMC statements,1999-06-30,hawkish,0.09090909090909093,bert_score,0.09090909090909093,Dictionary vs RoBERTa/BERT
FOMC statements,1999-08-24,hawkish,0.06666666666666667,rf_score,-0.5028273809523811,Dictionary vs Random Forest
FOMC statements,1999-08-24,hawkish,0.06666666666666667,bert_score,0.09090909090909093,Dictionary vs RoBERTa/BERT
FOMC statements,1999-10-05,neutral,0,rf_score,-0.3991756814658068,Dictionary vs Random Forest
FOMC statements,1999-10-05,neutral,0,bert_score,0.2307692307692308,Dictionary vs RoBERTa/BERT
FOMC statements,1999-11-16,hawkish,0.2857142857142857,rf_score,0.3242533124360856,Dictionary vs Random Forest
FOMC statements,1999-11-16,hawkish,0.2857142857142857,bert_score,0.14285714285714285,Dictionary vs RoBERTa/BERT
FOMC statements,1999-12-21,neutral,0.09090909090909093,rf_score,-0.6345330111557129,Dictionary vs Random Forest
FOMC statements,1999-12-21,neutral,0.09090909090909093,bert_score,-0.2307692307692308,Dictionary vs RoBERTa/BERT
FOMC statements,2000-02-02,hawkish,0.2307692307692308,rf_score,0.6388888888888888,Dictionary vs Random Forest
FOMC statements,2000-02-02,hawkish,0.2307692307692308,bert_score,0.14285714285714285,Dictionary vs RoBERTa/BERT
FOMC statements,2000-03-21,hawkish,0.2307692307692308,rf_score,0.44666666666666666,Dictionary vs Random Forest
FOMC statements,2000-03-21,hawkish,0.2307692307692308,bert_score,0.2857142857142857,Dictionary vs RoBERTa/BERT
FOMC statements,2000-05-16,hawkish,0.16666666666666666,rf_score,0.419607843137255,Dictionary vs Random Forest
FOMC statements,2000-05-16,hawkish,0.16666666666666666,bert_score,0.3333333333333333,Dictionary vs RoBERTa/BERT
FOMC statements,2000-06-28,neutral,0.09090909090909093,rf_score,-0.2809400261994082,Dictionary vs Random Forest
FOMC statements,2000-06-28,neutral,0.09090909090909093,bert_score,-0.07692307692307693,Dictionary vs RoBERTa/BERT
FOMC statements,2000-08-22,neutral,0.09090909090909093,rf_score,-0.2489289747007087,Dictionary vs Random Forest
FOMC statements,2000-08-22,neutral,0.09090909090909093,bert_score,0,Dictionary vs RoBERTa/BERT
FOMC statements,2000-10-03,neutral,0.09090909090909093,rf_score,-0.2804859048488275,Dictionary vs Random Forest
FOMC statements,2000-10-03,neutral,0.09090909090909093,bert_score,-0.14285714285714285,Dictionary vs RoBERTa/BERT
FOMC statements,2000-11-15,neutral,0,rf_score,-0.49584192987781983,Dictionary vs Random Forest
FOMC statements,2000-11-15,neutral,0,bert_score,0,Dictionary vs RoBERTa/BERT
FOMC statements,2000-12-19,neutral,-0.16666666666666666,rf_score,-0.6545239712053446,Dictionary vs Random Forest
FOMC statements,2000-12-19,neutral,-0.16666666666666666,bert_score,-0.2307692307692308,Dictionary vs RoBERTa/BERT
FOMC statements,2001-01-03,dovish,-0.2857142857142857,rf_score,-0.9283757716049384,Dictionary vs Random Forest
FOMC statements,2001-01-03,dovish,-0.2857142857142857,bert_score,-0.375,Dictionary vs RoBERTa/BERT
FOMC statements,2001-01-31,dovish,-0.375,rf_score,-0.8019982210771687,Dictionary vs Random Forest
FOMC statements,2001-01-31,dovish,-0.375,bert_score,-0.3333333333333333,Dictionary vs RoBERTa/BERT
FOMC statements,2001-03-20,dovish,-0.3333333333333333,rf_score,-0.5375939849624062,Dictionary vs Random Forest
FOMC statements,2001-03-20,dovish,-0.3333333333333333,bert_score,-0.375,Dictionary vs RoBERTa/BERT
FOMC statements,2001-04-18,dovish,-0.25,rf_score,-0.921925925925926,Dictionary vs Random Forest
FOMC statements,2001-04-18,dovish,-0.25,bert_score,-0.29411764705882354,Dictionary vs RoBERTa/BERT
FOMC statements,2001-05-15,dovish,-0.3333333333333333,rf_score,-0.8678571428571429,Dictionary vs Random Forest
FOMC statements,2001-05-15,dovish,-0.3333333333333333,bert_score,-0.3333333333333333,Dictionary vs RoBERTa/BERT
FOMC statements,2001-06-27,dovish,-0.3333333333333333,rf_score,-0.9614583333333332,Dictionary vs Random Forest
FOMC statements,2001-06-27,dovish,-0.3333333333333333,bert_score,-0.375,Dictionary vs RoBERTa/BERT
FOMC statements,2001-08-21,dovish,-0.3333333333333333,rf_score,-0.9748960695389268,Dictionary vs Random Forest
FOMC statements,2001-08-21,dovish,-0.3333333333333333,bert_score,-0.375,Dictionary vs RoBERTa/BERT
FOMC statements,2001-09-17,dovish,-0.3333333333333333,rf_score,-0.6049023998242749,Dictionary vs Random Forest
FOMC statements,2001-09-17,dovish,-0.3333333333333333,bert_score,-0.375,Dictionary vs RoBERTa/BERT
FOMC statements,2001-10-02,dovish,-0.3333333333333333,rf_score,-0.978095238095238,Dictionary vs Random Forest
FOMC statements,2001-10-02,dovish,-0.3333333333333333,bert_score,-0.375,Dictionary vs RoBERTa/BERT
FOMC statements,2001-11-06,dovish,-0.3333333333333333,rf_score,-0.9689198467595208,Dictionary vs Random Forest
FOMC statements,2001-11-06,dovish,-0.3333333333333333,bert_score,-0.3333333333333333,Dictionary vs RoBERTa/BERT
FOMC statements,2001-12-11,dovish,-0.25,rf_score,-0.9867472680771912,Dictionary vs Random Forest
FOMC statements,2001-12-11,dovish,-0.25,bert_score,-0.375,Dictionary vs RoBERTa/BERT
FOMC statements,2002-01-30,neutral,-0.2857142857142857,rf_score,-0.5476376737133416,Dictionary vs Random Forest
FOMC statements,2002-01-30,neutral,-0.2857142857142857,bert_score,-0.07692307692307693,Dictionary vs RoBERTa/BERT
FOMC statements,2002-03-19,neutral,0.09090909090909093,rf_score,-0.08727935717621624,Dictionary vs Random Forest
FOMC statements,2002-03-19,neutral,0.09090909090909093,bert_score,0.09090909090909093,Dictionary vs RoBERTa/BERT
FOMC statements,2002-05-07,neutral,0.09090909090909093,rf_score,0.04744370992966335,Dictionary vs Random Forest
FOMC statements,2002-05-07,neutral,0.09090909090909093,bert_score,0.09090909090909093,Dictionary vs RoBERTa/BERT
FOMC statements,2002-06-26,neutral,0.09090909090909093,rf_score,-0.10906875956054853,Dictionary vs Random Forest
FOMC statements,2002-06-26,neutral,0.09090909090909093,bert_score,0,Dictionary vs RoBERTa/BERT
FOMC statements,2002-08-13,neutral,-0.2857142857142857,rf_score,-0.2767449880807517,Dictionary vs Random Forest
FOMC statements,2002-08-13,neutral,-0.2857142857142857,bert_score,-0.2307692307692308,Dictionary vs RoBERTa/BERT
FOMC statements,2002-09-24,neutral,-0.2857142857142857,rf_score,-0.463044082710986,Dictionary vs Random Forest
FOMC statements,2002-09-24,neutral,-0.2857142857142857,bert_score,-0.2857142857142857,Dictionary vs RoBERTa/BERT
FOMC statements,2002-11-06,dovish,-0.375,rf_score,-0.20447196422428615,Dictionary vs Random Forest
FOMC statements,2002-11-06,dovish,-0.375,bert_score,-0.375,Dictionary vs RoBERTa/BERT
FOMC statements,2002-12-10,neutral,-0.16666666666666666,rf_score,-0.11111973354079788,Dictionary vs Random Forest
FOMC statements,2002-12-10,neutral,-0.16666666666666666,bert_score,-0.09090909090909093,Dictionary vs RoBERTa/BERT
FOMC statements,2003-01-29,neutral,-0.16666666666666666,rf_score,-0.10709886460679267,Dictionary vs Random Forest
FOMC statements,2003-01-29,neutral,-0.16666666666666666,bert_score,-0.16666666666666666,Dictionary vs RoBERTa/BERT
FOMC statements,2003-03-18,neutral,-0.07692307692307693,rf_score,-0.0722555791260269,Dictionary vs Random Forest
FOMC statements,2003-03-18,neutral,-0.07692307692307693,bert_score,-0.2,Dictionary vs RoBERTa/BERT
FOMC statements,2003-05-06,neutral,-0.2857142857142857,rf_score,-0.12812955307058807,Dictionary vs Random Forest
FOMC statements,2003-05-06,neutral,-0.2857142857142857,bert_score,-0.3333333333333333,Dictionary vs RoBERTa/BERT
FOMC statements,2003-06-25,dovish,-0.3684210526315789,rf_score,-0.5496945530761956,Dictionary vs Random Forest
FOMC statements,2003-06-25,dovish,-0.3684210526315789,bert_score,-0.17647058823529413,Dictionary vs RoBERTa/BERT
FOMC statements,2003-08-12,neutral,-0.17647058823529413,rf_score,0.0018680947252555,Dictionary vs Random Forest
FOMC statements,2003-08-12,neutral,-0.17647058823529413,bert_score,-0.2857142857142857,Dictionary vs RoBERTa/BERT
FOMC statements,2003-09-16,neutral,-0.17647058823529413,rf_score,-0.04290532320780979,Dictionary vs Random Forest
FOMC statements,2003-09-16,neutral,-0.17647058823529413,bert_score,-0.2,Dictionary vs RoBERTa/BERT
FOMC statements,2003-10-28,neutral,-0.17647058823529413,rf_score,-0.03154242068228435,Dictionary vs Random Forest
FOMC statements,2003-10-28,neutral,-0.17647058823529413,bert_score,-0.2,Dictionary vs RoBERTa/BERT
FOMC statements,2003-12-09,neutral,-0.25,rf_score,-0.02901033736803962,Dictionary vs Random Forest
FOMC statements,2003-12-09,neutral,-0.25,bert_score,-0.14285714285714285,Dictionary vs RoBERTa/BERT
FOMC statements,2004-01-28,neutral,-0.25,rf_score,-0.08149272652607252,Dictionary vs Random Forest
FOMC statements,2004-01-28,neutral,-0.25,bert_score,-0.14285714285714285,Dictionary vs RoBERTa/BERT
FOMC statements,2004-03-16,neutral,-0.15789473684210523,rf_score,-0.07057694092275539,Dictionary vs Random Forest
FOMC statements,2004-03-16,neutral,-0.15789473684210523,bert_score,-0.14285714285714285,Dictionary vs RoBERTa/BERT
FOMC statements,2004-05-04,neutral,-0.2,rf_score,-0.16777139403323052,Dictionary vs Random Forest
FOMC statements,2004-05-04,neutral,-0.2,bert_score,0,Dictionary vs RoBERTa/BERT
FOMC statements,2004-06-30,hawkish,0.04761904761904761,rf_score,0.8086333177497272,Dictionary vs Random Forest
FOMC statements,2004-06-30,hawkish,0.04761904761904761,bert_score,0.14285714285714285,Dictionary vs RoBERTa/BERT
FOMC statements,2004-08-10,hawkish,0,rf_score,0.9982608695652172,Dictionary vs Random Forest
FOMC statements,2004-08-10,hawkish,0,bert_score,0,Dictionary vs RoBERTa/BERT
FOMC statements,2004-09-21,hawkish,0,rf_score,0.9979296066252588,Dictionary vs Random Forest
FOMC statements,2004-09-21,hawkish,0,bert_score,0,Dictionary vs RoBERTa/BERT
FOMC statements,2004-11-10,hawkish,0,rf_score,0.9981060606060606,Dictionary vs Random Forest
FOMC statements,2004-11-10,hawkish,0,bert_score,0,Dictionary vs RoBERTa/BERT
FOMC statements,2004-12-14,hawkish,0,rf_score,0.997835497835498,Dictionary vs Random Forest
FOMC statements,2004-12-14,hawkish,0,bert_score,0,Dictionary vs RoBERTa/BERT
FOMC statements,2005-02-02,hawkish,0,rf_score,0.9980237154150196,Dictionary vs Random Forest
FOMC statements,2005-02-02,hawkish,0,bert_score,0,Dictionary vs RoBERTa/BERT
FOMC statements,2005-03-22,hawkish,0.1,rf_score,0.9944416996047432,Dictionary vs Random Forest
FOMC statements,2005-03-22,hawkish,0.1,bert_score,0.07692307692307693,Dictionary vs RoBERTa/BERT
FOMC statements,2005-05-03,hawkish,0.04761904761904761,rf_score,1,Dictionary vs Random Forest
FOMC statements,2005-05-03,hawkish,0.04761904761904761,bert_score,-0.0588235294117647,Dictionary vs RoBERTa/BERT
FOMC statements,2005-06-30,hawkish,0,rf_score,0.9953463203463204,Dictionary vs Random Forest
FOMC statements,2005-06-30,hawkish,0,bert_score,0.07692307692307693,Dictionary vs RoBERTa/BERT
FOMC statements,2005-08-09,hawkish,0.05263157894736842,rf_score,1,Dictionary vs Random Forest
FOMC statements,2005-08-09,hawkish,0.05263157894736842,bert_score,0,Dictionary vs RoBERTa/BERT
FOMC statements,2005-09-20,hawkish,0.05263157894736842,rf_score,0.17647016525322995,Dictionary vs Random Forest
FOMC statements,2005-09-20,hawkish,0.05263157894736842,bert_score,0,Dictionary vs RoBERTa/BERT
FOMC statements,2005-11-01,hawkish,0.05263157894736842,rf_score,0.7939508506616257,Dictionary vs Random Forest
FOMC statements,2005-11-01,hawkish,0.05263157894736842,bert_score,0,Dictionary vs RoBERTa/BERT
FOMC statements,2005-12-13,hawkish,0.2307692307692308,rf_score,0.7682912739434477,Dictionary vs Random Forest
FOMC statements,2005-12-13,hawkish,0.2307692307692308,bert_score,0.06666666666666667,Dictionary vs RoBERTa/BERT
FOMC statements,2006-01-31,hawkish,0.2857142857142857,rf_score,0.7236555714816583,Dictionary vs Random Forest
FOMC statements,2006-01-31,hawkish,0.2857142857142857,bert_score,0.14285714285714285,Dictionary vs RoBERTa/BERT
FOMC statements,2006-03-28,hawkish,0.3333333333333333,rf_score,0.7032987437399202,Dictionary vs Random Forest
FOMC statements,2006-03-28,hawkish,0.3333333333333333,bert_score,0.06666666666666667,Dictionary vs RoBERTa/BERT
FOMC statements,2006-05-10,hawkish,0.3333333333333333,rf_score,0.4438036083998817,Dictionary vs Random Forest
FOMC statements,2006-05-10,hawkish,0.3333333333333333,bert_score,0.2,Dictionary vs RoBERTa/BERT
FOMC statements,2006-06-29,hawkish,0.375,rf_score,0.28364052130976697,Dictionary vs Random Forest
FOMC statements,2006-06-29,hawkish,0.375,bert_score,0.06666666666666667,Dictionary vs RoBERTa/BERT
FOMC statements,2006-08-08,neutral,0.2307692307692308,rf_score,-0.245505235359104,Dictionary vs Random Forest
FOMC statements,2006-08-08,neutral,0.2307692307692308,bert_score,0,Dictionary vs RoBERTa/BERT
FOMC statements,2006-09-20,neutral,0.16666666666666666,rf_score,-0.23944436613140865,Dictionary vs Random Forest
FOMC statements,2006-09-20,neutral,0.16666666666666666,bert_score,0,Dictionary vs RoBERTa/BERT
FOMC statements,2006-10-25,neutral,0.07692307692307693,rf_score,-0.280920498936563,Dictionary vs Random Forest
FOMC statements,2006-10-25,neutral,0.07692307692307693,bert_score,-0.06666666666666667,Dictionary vs RoBERTa/BERT
FOMC statements,2006-12-12,neutral,0.07692307692307693,rf_score,-0.33456710127343187,Dictionary vs Random Forest
FOMC statements,2006-12-12,neutral,0.07692307692307693,bert_score,0,Dictionary vs RoBERTa/BERT
FOMC statements,2007-01-31,neutral,0.09090909090909093,rf_score,-0.1816608490247392,Dictionary vs Random Forest
FOMC statements,2007-01-31,neutral,0.09090909090909093,bert_score,0,Dictionary vs RoBERTa/BERT
FOMC statements,2007-03-21,neutral,0.16666666666666666,rf_score,-0.1438814269391639,Dictionary vs Random Forest
FOMC statements,2007-03-21,neutral,0.16666666666666666,bert_score,0,Dictionary vs RoBERTa/BERT
FOMC statements,2007-05-09,neutral,0,rf_score,-0.1347509538978235,Dictionary vs Random Forest
FOMC statements,2007-05-09,neutral,0,bert_score,-0.06666666666666667,Dictionary vs RoBERTa/BERT
FOMC statements,2007-08-07,neutral,0.06666666666666667,rf_score,-0.07687694943013579,Dictionary vs Random Forest
FOMC statements,2007-08-07,neutral,0.06666666666666667,bert_score,-0.2,Dictionary vs RoBERTa/BERT
FOMC statements,2007-08-17,NA,-0.09090909090909093,bert_score,-0.07692307692307693,Dictionary vs RoBERTa/BERT
FOMC statements,2007-09-18,dovish,-0.07692307692307693,rf_score,-0.8715007215007214,Dictionary vs Random Forest
FOMC statements,2007-09-18,dovish,-0.07692307692307693,bert_score,-0.29411764705882354,Dictionary vs RoBERTa/BERT
FOMC statements,2007-10-31,dovish,0,rf_score,-0.8451515151515152,Dictionary vs Random Forest
FOMC statements,2007-10-31,dovish,0,bert_score,-0.25,Dictionary vs RoBERTa/BERT
FOMC statements,2007-12-11,dovish,-0.125,rf_score,-0.9539485766758496,Dictionary vs Random Forest
FOMC statements,2007-12-11,dovish,-0.125,bert_score,-0.2222222222222222,Dictionary vs RoBERTa/BERT
FOMC statements,2008-01-22,dovish,-0.4444444444444444,rf_score,-0.08602945838397075,Dictionary vs Random Forest
FOMC statements,2008-01-30,dovish,-0.3333333333333333,rf_score,-0.8582472928733318,Dictionary vs Random Forest
FOMC statements,2008-01-30,dovish,-0.3333333333333333,bert_score,-0.2222222222222222,Dictionary vs RoBERTa/BERT
FOMC statements,2008-03-11,NA,0,bert_score,0.3333333333333333,Dictionary vs RoBERTa/BERT
FOMC statements,2008-03-18,dovish,-0.2,rf_score,-0.8345404354100006,Dictionary vs Random Forest
FOMC statements,2008-03-18,dovish,-0.2,bert_score,-0.30434782608695654,Dictionary vs RoBERTa/BERT
FOMC statements,2008-04-30,dovish,-0.14285714285714285,rf_score,-0.864230540701129,Dictionary vs Random Forest
FOMC statements,2008-04-30,dovish,-0.14285714285714285,bert_score,-0.3684210526315789,Dictionary vs RoBERTa/BERT
FOMC statements,2008-06-25,neutral,-0.06666666666666667,rf_score,-0.22996136164885153,Dictionary vs Random Forest
FOMC statements,2008-06-25,neutral,-0.06666666666666667,bert_score,-0.1111111111111111,Dictionary vs RoBERTa/BERT
FOMC statements,2008-08-05,neutral,-0.06666666666666667,rf_score,-0.1305718206667031,Dictionary vs Random Forest
FOMC statements,2008-08-05,neutral,-0.06666666666666667,bert_score,-0.15789473684210523,Dictionary vs RoBERTa/BERT
FOMC statements,2008-09-16,neutral,-0.06666666666666667,rf_score,-0.6933145927673706,Dictionary vs Random Forest
FOMC statements,2008-09-16,neutral,-0.06666666666666667,bert_score,-0.2222222222222222,Dictionary vs RoBERTa/BERT
FOMC statements,2008-10-08,dovish,-0.04761904761904761,rf_score,-0.8386437965092834,Dictionary vs Random Forest
FOMC statements,2008-10-08,dovish,-0.04761904761904761,bert_score,-0.391304347826087,Dictionary vs RoBERTa/BERT
FOMC statements,2008-10-29,dovish,-0.4117647058823529,rf_score,-0.8717891278375149,Dictionary vs Random Forest
FOMC statements,2008-10-29,dovish,-0.4117647058823529,bert_score,-0.3684210526315789,Dictionary vs RoBERTa/BERT
FOMC statements,2008-12-16,dovish,0,rf_score,0.34867062623229617,Dictionary vs Random Forest
FOMC statements,2008-12-16,dovish,0,bert_score,0,Dictionary vs RoBERTa/BERT
FOMC statements,2009-01-28,neutral,-0.2307692307692308,rf_score,-0.03168127373012017,Dictionary vs Random Forest
FOMC statements,2009-01-28,neutral,-0.2307692307692308,bert_score,-0.23809523809523808,Dictionary vs RoBERTa/BERT
FOMC statements,2009-03-18,neutral,-0.2307692307692308,rf_score,0.00601174457929411,Dictionary vs Random Forest
FOMC statements,2009-03-18,neutral,-0.2307692307692308,bert_score,-0.23809523809523808,Dictionary vs RoBERTa/BERT
FOMC statements,2009-04-29,neutral,-0.2307692307692308,rf_score,0.02621956168627334,Dictionary vs Random Forest
FOMC statements,2009-04-29,neutral,-0.2307692307692308,bert_score,-0.2631578947368421,Dictionary vs RoBERTa/BERT
FOMC statements,2009-06-24,neutral,-0.14285714285714285,rf_score,-0.08723320943449024,Dictionary vs Random Forest
FOMC statements,2009-06-24,neutral,-0.14285714285714285,bert_score,-0.15789473684210523,Dictionary vs RoBERTa/BERT
FOMC statements,2009-08-12,neutral,-0.14285714285714285,rf_score,0.01283856890325893,Dictionary vs Random Forest
FOMC statements,2009-08-12,neutral,-0.14285714285714285,bert_score,-0.1111111111111111,Dictionary vs RoBERTa/BERT
FOMC statements,2009-09-23,neutral,-0.2,rf_score,0.02239632673361121,Dictionary vs Random Forest
FOMC statements,2009-09-23,neutral,-0.2,bert_score,-0.3333333333333333,Dictionary vs RoBERTa/BERT
FOMC statements,2009-11-04,neutral,-0.25,rf_score,0.03305464176958477,Dictionary vs Random Forest
FOMC statements,2009-11-04,neutral,-0.25,bert_score,-0.1111111111111111,Dictionary vs RoBERTa/BERT
FOMC statements,2009-12-16,neutral,-0.25,rf_score,0.02818430575327127,Dictionary vs Random Forest
FOMC statements,2009-12-16,neutral,-0.25,bert_score,-0.3684210526315789,Dictionary vs RoBERTa/BERT
FOMC statements,2010-01-27,neutral,-0.2,rf_score,0.00261554975276779,Dictionary vs Random Forest
FOMC statements,2010-01-27,neutral,-0.2,bert_score,-0.2222222222222222,Dictionary vs RoBERTa/BERT
FOMC statements,2010-03-16,neutral,-0.25,rf_score,0.01231693682257591,Dictionary vs Random Forest
FOMC statements,2010-03-16,neutral,-0.25,bert_score,-0.15789473684210523,Dictionary vs RoBERTa/BERT
FOMC statements,2010-04-28,neutral,-0.17647058823529413,rf_score,0.00283039819883005,Dictionary vs Random Forest
FOMC statements,2010-04-28,neutral,-0.17647058823529413,bert_score,-0.125,Dictionary vs RoBERTa/BERT
FOMC statements,2010-06-23,neutral,-0.1111111111111111,rf_score,0.00474736652432019,Dictionary vs Random Forest
FOMC statements,2010-06-23,neutral,-0.1111111111111111,bert_score,-0.3333333333333333,Dictionary vs RoBERTa/BERT
FOMC statements,2010-08-10,neutral,-0.2222222222222222,rf_score,0.03382676606854704,Dictionary vs Random Forest
FOMC statements,2010-08-10,neutral,-0.2222222222222222,bert_score,-0.2631578947368421,Dictionary vs RoBERTa/BERT
FOMC statements,2010-09-21,neutral,-0.2,rf_score,0.01465709919369108,Dictionary vs Random Forest
FOMC statements,2010-09-21,neutral,-0.2,bert_score,-0.3,Dictionary vs RoBERTa/BERT
FOMC statements,2010-11-03,neutral,-0.3,rf_score,0.04372375312769555,Dictionary vs Random Forest
FOMC statements,2010-11-03,neutral,-0.3,bert_score,-0.4,Dictionary vs RoBERTa/BERT
FOMC statements,2010-12-14,neutral,-0.23809523809523808,rf_score,0.01308608856995953,Dictionary vs Random Forest
FOMC statements,2010-12-14,neutral,-0.23809523809523808,bert_score,-0.4,Dictionary vs RoBERTa/BERT
FOMC statements,2011-01-26,neutral,-0.2,rf_score,0.02507148765213281,Dictionary vs Random Forest
FOMC statements,2011-01-26,neutral,-0.2,bert_score,-0.29411764705882354,Dictionary vs RoBERTa/BERT
FOMC statements,2011-03-15,neutral,-0.04761904761904761,rf_score,0.02130831368977921,Dictionary vs Random Forest
FOMC statements,2011-03-15,neutral,-0.04761904761904761,bert_score,-0.15789473684210523,Dictionary vs RoBERTa/BERT
FOMC statements,2011-04-27,neutral,0.05263157894736842,rf_score,0.02700233937936777,Dictionary vs Random Forest
FOMC statements,2011-04-27,neutral,0.05263157894736842,bert_score,-0.1111111111111111,Dictionary vs RoBERTa/BERT
FOMC statements,2011-06-22,neutral,-0.06666666666666667,rf_score,0.01967241331465469,Dictionary vs Random Forest
FOMC statements,2011-06-22,neutral,-0.06666666666666667,bert_score,-0.2222222222222222,Dictionary vs RoBERTa/BERT
FOMC statements,2011-08-09,neutral,-0.2222222222222222,rf_score,0.01428937283408353,Dictionary vs Random Forest
FOMC statements,2011-08-09,neutral,-0.2222222222222222,bert_score,-0.3333333333333333,Dictionary vs RoBERTa/BERT
FOMC statements,2011-09-21,neutral,-0.25,rf_score,0.01260769093334491,Dictionary vs Random Forest
FOMC statements,2011-09-21,neutral,-0.25,bert_score,-0.2727272727272727,Dictionary vs RoBERTa/BERT
FOMC statements,2011-11-02,neutral,-0.125,rf_score,0.0139896293467722,Dictionary vs Random Forest
FOMC statements,2011-11-02,neutral,-0.125,bert_score,-0.15789473684210523,Dictionary vs RoBERTa/BERT
FOMC statements,2011-12-13,neutral,-0.2307692307692308,rf_score,0.01121317756079419,Dictionary vs Random Forest
FOMC statements,2011-12-13,neutral,-0.2307692307692308,bert_score,-0.17647058823529413,Dictionary vs RoBERTa/BERT
FOMC statements,2012-01-25,neutral,-0.2857142857142857,rf_score,0.01045683285721236,Dictionary vs Random Forest
FOMC statements,2012-01-25,neutral,-0.2857142857142857,bert_score,-0.29411764705882354,Dictionary vs RoBERTa/BERT
FOMC statements,2012-03-13,neutral,-0.2857142857142857,rf_score,0.00763656283774477,Dictionary vs Random Forest
FOMC statements,2012-03-13,neutral,-0.2857142857142857,bert_score,-0.17647058823529413,Dictionary vs RoBERTa/BERT
FOMC statements,2012-04-25,neutral,-0.2,rf_score,0.00791888403519791,Dictionary vs Random Forest
FOMC statements,2012-04-25,neutral,-0.2,bert_score,-0.15789473684210523,Dictionary vs RoBERTa/BERT
FOMC statements,2012-06-20,neutral,-0.4117647058823529,rf_score,0.0163625437377706,Dictionary vs Random Forest
FOMC statements,2012-06-20,neutral,-0.4117647058823529,bert_score,-0.391304347826087,Dictionary vs RoBERTa/BERT
FOMC statements,2012-08-01,neutral,-0.3333333333333333,rf_score,0.01093331719088211,Dictionary vs Random Forest
FOMC statements,2012-08-01,neutral,-0.3333333333333333,bert_score,-0.4545454545454546,Dictionary vs RoBERTa/BERT
FOMC statements,2012-09-13,neutral,-0.3333333333333333,rf_score,0.01090257954482092,Dictionary vs Random Forest
FOMC statements,2012-09-13,neutral,-0.3333333333333333,bert_score,-0.5238095238095238,Dictionary vs RoBERTa/BERT
FOMC statements,2012-10-24,neutral,-0.3636363636363637,rf_score,0.01392536972164921,Dictionary vs Random Forest
FOMC statements,2012-10-24,neutral,-0.3636363636363637,bert_score,-0.391304347826087,Dictionary vs RoBERTa/BERT
FOMC statements,2012-12-12,neutral,-0.4074074074074074,rf_score,0.01052524854029821,Dictionary vs Random Forest
FOMC statements,2012-12-12,neutral,-0.4074074074074074,bert_score,-0.42857142857142855,Dictionary vs RoBERTa/BERT
FOMC statements,2013-01-30,neutral,-0.4074074074074074,rf_score,0.00759016884016884,Dictionary vs Random Forest
FOMC statements,2013-01-30,neutral,-0.4074074074074074,bert_score,-0.4782608695652174,Dictionary vs RoBERTa/BERT
FOMC statements,2013-03-20,neutral,-0.38461538461538464,rf_score,0.00689659439659439,Dictionary vs Random Forest
FOMC statements,2013-03-20,neutral,-0.38461538461538464,bert_score,-0.4782608695652174,Dictionary vs RoBERTa/BERT
FOMC statements,2013-05-01,neutral,-0.4615384615384616,rf_score,0.00502923976608187,Dictionary vs Random Forest
FOMC statements,2013-05-01,neutral,-0.4615384615384616,bert_score,-0.4782608695652174,Dictionary vs RoBERTa/BERT
FOMC statements,2013-06-19,neutral,-0.48148148148148145,rf_score,0.01163705101205101,Dictionary vs Random Forest
FOMC statements,2013-06-19,neutral,-0.48148148148148145,bert_score,-0.4782608695652174,Dictionary vs RoBERTa/BERT
FOMC statements,2013-07-31,neutral,-0.4615384615384616,rf_score,0.01224833764295714,Dictionary vs Random Forest
FOMC statements,2013-07-31,neutral,-0.4615384615384616,bert_score,-0.4545454545454546,Dictionary vs RoBERTa/BERT
FOMC statements,2013-09-18,neutral,-0.5172413793103449,rf_score,0.00642693897850917,Dictionary vs Random Forest
FOMC statements,2013-09-18,neutral,-0.5172413793103449,bert_score,-0.5,Dictionary vs RoBERTa/BERT
FOMC statements,2013-10-30,neutral,-0.4482758620689655,rf_score,0.01521749968178539,Dictionary vs Random Forest
FOMC statements,2013-10-30,neutral,-0.4482758620689655,bert_score,-0.5,Dictionary vs RoBERTa/BERT
FOMC statements,2013-12-18,neutral,-0.41935483870967744,rf_score,0.01135278514588859,Dictionary vs Random Forest
FOMC statements,2013-12-18,neutral,-0.41935483870967744,bert_score,-0.5454545454545454,Dictionary vs RoBERTa/BERT
FOMC statements,2014-01-29,neutral,-0.48148148148148145,rf_score,0.00530234186950604,Dictionary vs Random Forest
FOMC statements,2014-01-29,neutral,-0.48148148148148145,bert_score,-0.4545454545454546,Dictionary vs RoBERTa/BERT
FOMC statements,2014-03-19,neutral,-0.35714285714285715,rf_score,0.00802031589100554,Dictionary vs Random Forest
FOMC statements,2014-03-19,neutral,-0.35714285714285715,bert_score,-0.4782608695652174,Dictionary vs RoBERTa/BERT
FOMC statements,2014-04-30,neutral,-0.44,rf_score,0.00640354888868563,Dictionary vs Random Forest
FOMC statements,2014-04-30,neutral,-0.44,bert_score,-0.30434782608695654,Dictionary vs RoBERTa/BERT
FOMC statements,2014-06-18,neutral,-0.44,rf_score,0.00847764304660856,Dictionary vs Random Forest
FOMC statements,2014-06-18,neutral,-0.44,bert_score,-0.3333333333333333,Dictionary vs RoBERTa/BERT
FOMC statements,2014-07-30,neutral,-0.48148148148148145,rf_score,0.01647502809809587,Dictionary vs Random Forest
FOMC statements,2014-07-30,neutral,-0.48148148148148145,bert_score,-0.30434782608695654,Dictionary vs RoBERTa/BERT
FOMC statements,2014-09-17,neutral,-0.4666666666666667,rf_score,0.01804105423207056,Dictionary vs Random Forest
FOMC statements,2014-09-17,neutral,-0.4666666666666667,bert_score,-0.23809523809523808,Dictionary vs RoBERTa/BERT
FOMC statements,2014-10-29,neutral,-0.44,rf_score,0.01158088279103243,Dictionary vs Random Forest
FOMC statements,2014-10-29,neutral,-0.44,bert_score,-0.391304347826087,Dictionary vs RoBERTa/BERT
FOMC statements,2014-12-17,neutral,-0.42857142857142855,rf_score,0.00998572820941242,Dictionary vs Random Forest
FOMC statements,2014-12-17,neutral,-0.42857142857142855,bert_score,-0.391304347826087,Dictionary vs RoBERTa/BERT
FOMC statements,2015-01-28,neutral,-0.125,rf_score,0.02141928457606423,Dictionary vs Random Forest
FOMC statements,2015-01-28,neutral,-0.125,bert_score,-0.3,Dictionary vs RoBERTa/BERT
FOMC statements,2015-03-18,neutral,-0.1111111111111111,rf_score,0.02350304362629254,Dictionary vs Random Forest
FOMC statements,2015-03-18,neutral,-0.1111111111111111,bert_score,-0.3684210526315789,Dictionary vs RoBERTa/BERT
FOMC statements,2015-04-29,neutral,-0.1111111111111111,rf_score,0.02051335000688449,Dictionary vs Random Forest
FOMC statements,2015-04-29,neutral,-0.1111111111111111,bert_score,-0.3333333333333333,Dictionary vs RoBERTa/BERT
FOMC statements,2015-06-17,neutral,0,rf_score,0.00782569335280702,Dictionary vs Random Forest
FOMC statements,2015-06-17,neutral,0,bert_score,-0.25,Dictionary vs RoBERTa/BERT
FOMC statements,2015-07-29,neutral,0,rf_score,0.01070087678105477,Dictionary vs Random Forest
FOMC statements,2015-07-29,neutral,0,bert_score,-0.29411764705882354,Dictionary vs RoBERTa/BERT
FOMC statements,2015-09-17,neutral,0.0588235294117647,rf_score,0.01818482323501747,Dictionary vs Random Forest
FOMC statements,2015-09-17,neutral,0.0588235294117647,bert_score,-0.2631578947368421,Dictionary vs RoBERTa/BERT
FOMC statements,2015-10-28,neutral,0.15789473684210523,rf_score,0.04588309031052522,Dictionary vs Random Forest
FOMC statements,2015-10-28,neutral,0.15789473684210523,bert_score,-0.17647058823529413,Dictionary vs RoBERTa/BERT
FOMC statements,2015-12-16,hawkish,0.125,rf_score,0.2037259615384615,Dictionary vs Random Forest
FOMC statements,2015-12-16,hawkish,0.125,bert_score,-0.2,Dictionary vs RoBERTa/BERT
FOMC statements,2016-01-27,neutral,-0.06666666666666667,rf_score,0.11948196230248397,Dictionary vs Random Forest
FOMC statements,2016-01-27,neutral,-0.06666666666666667,bert_score,-0.4117647058823529,Dictionary vs RoBERTa/BERT
FOMC statements,2016-03-16,neutral,0,rf_score,0.0611152033027033,Dictionary vs Random Forest
FOMC statements,2016-03-16,neutral,0,bert_score,-0.125,Dictionary vs RoBERTa/BERT
FOMC statements,2016-04-27,neutral,0.06666666666666667,rf_score,0.11843751979994488,Dictionary vs Random Forest
FOMC statements,2016-04-27,neutral,0.06666666666666667,bert_score,-0.2631578947368421,Dictionary vs RoBERTa/BERT
FOMC statements,2016-06-15,neutral,0,rf_score,0.4356413220069347,Dictionary vs Random Forest
FOMC statements,2016-06-15,neutral,0,bert_score,-0.29411764705882354,Dictionary vs RoBERTa/BERT
FOMC statements,2016-07-27,neutral,0,rf_score,0.13007360457879863,Dictionary vs Random Forest
FOMC statements,2016-07-27,neutral,0,bert_score,-0.3684210526315789,Dictionary vs RoBERTa/BERT
FOMC statements,2016-09-21,neutral,0.06666666666666667,rf_score,0.03779809081662255,Dictionary vs Random Forest
FOMC statements,2016-09-21,neutral,0.06666666666666667,bert_score,-0.15789473684210523,Dictionary vs RoBERTa/BERT
FOMC statements,2016-11-02,neutral,0.06666666666666667,rf_score,0.4094989421875184,Dictionary vs Random Forest
FOMC statements,2016-11-02,neutral,0.06666666666666667,bert_score,0,Dictionary vs RoBERTa/BERT
FOMC statements,2016-12-14,hawkish,0.125,rf_score,0.41914936914936907,Dictionary vs Random Forest
FOMC statements,2016-12-14,hawkish,0.125,bert_score,-0.0588235294117647,Dictionary vs RoBERTa/BERT
FOMC statements,2017-02-01,neutral,0.06666666666666667,rf_score,0.6031244932635202,Dictionary vs Random Forest
FOMC statements,2017-02-01,neutral,0.06666666666666667,bert_score,-0.3333333333333333,Dictionary vs RoBERTa/BERT
FOMC statements,2017-03-15,hawkish,0.17647058823529413,rf_score,0.37843377382851073,Dictionary vs Random Forest
FOMC statements,2017-03-15,hawkish,0.17647058823529413,bert_score,-0.06666666666666667,Dictionary vs RoBERTa/BERT
FOMC statements,2017-05-03,neutral,0,rf_score,0.7140236520589578,Dictionary vs Random Forest
FOMC statements,2017-05-03,neutral,0,bert_score,-0.0588235294117647,Dictionary vs RoBERTa/BERT
FOMC statements,2017-06-14,hawkish,0.05263157894736842,rf_score,0.531984126984127,Dictionary vs Random Forest
FOMC statements,2017-06-14,hawkish,0.05263157894736842,bert_score,0,Dictionary vs RoBERTa/BERT
FOMC statements,2017-07-26,neutral,0.06666666666666667,rf_score,0.48386379346268993,Dictionary vs Random Forest
FOMC statements,2017-07-26,neutral,0.06666666666666667,bert_score,-0.06666666666666667,Dictionary vs RoBERTa/BERT
FOMC statements,2017-09-20,neutral,0.14285714285714285,rf_score,0.5947029123416425,Dictionary vs Random Forest
FOMC statements,2017-09-20,neutral,0.14285714285714285,bert_score,-0.125,Dictionary vs RoBERTa/BERT
FOMC statements,2017-11-01,neutral,0,rf_score,0.5538045653177233,Dictionary vs Random Forest
FOMC statements,2017-11-01,neutral,0,bert_score,-0.06666666666666667,Dictionary vs RoBERTa/BERT
FOMC statements,2017-12-13,hawkish,0.2,rf_score,0.3891295306001189,Dictionary vs Random Forest
FOMC statements,2017-12-13,hawkish,0.2,bert_score,0.06666666666666667,Dictionary vs RoBERTa/BERT
FOMC statements,2018-01-31,neutral,0,rf_score,0.6520859441912075,Dictionary vs Random Forest
FOMC statements,2018-01-31,neutral,0,bert_score,0,Dictionary vs RoBERTa/BERT
FOMC statements,2018-03-21,hawkish,0.2,rf_score,0.4912440389463831,Dictionary vs Random Forest
FOMC statements,2018-03-21,hawkish,0.2,bert_score,0.1111111111111111,Dictionary vs RoBERTa/BERT
FOMC statements,2018-05-02,neutral,0.07692307692307693,rf_score,0.6883520507270506,Dictionary vs Random Forest
FOMC statements,2018-05-02,neutral,0.07692307692307693,bert_score,-0.14285714285714285,Dictionary vs RoBERTa/BERT
FOMC statements,2018-06-13,hawkish,0.25,rf_score,0.39367559523809526,Dictionary vs Random Forest
FOMC statements,2018-06-13,hawkish,0.25,bert_score,0.2,Dictionary vs RoBERTa/BERT
FOMC statements,2018-08-01,neutral,0.14285714285714285,rf_score,0.6437986518771139,Dictionary vs Random Forest
FOMC statements,2018-08-01,neutral,0.14285714285714285,bert_score,0.14285714285714285,Dictionary vs RoBERTa/BERT
FOMC statements,2018-09-26,hawkish,0.2857142857142857,rf_score,0.40617518939393943,Dictionary vs Random Forest
FOMC statements,2018-09-26,hawkish,0.2857142857142857,bert_score,0.2857142857142857,Dictionary vs RoBERTa/BERT
FOMC statements,2018-11-08,neutral,0.16666666666666666,rf_score,0.5329493514407091,Dictionary vs Random Forest
FOMC statements,2018-11-08,neutral,0.16666666666666666,bert_score,0.14285714285714285,Dictionary vs RoBERTa/BERT
FOMC statements,2018-12-19,hawkish,0.2857142857142857,rf_score,0.38088030765896386,Dictionary vs Random Forest
FOMC statements,2018-12-19,hawkish,0.2857142857142857,bert_score,0.14285714285714285,Dictionary vs RoBERTa/BERT
FOMC statements,2019-01-30,neutral,0.07692307692307693,rf_score,-0.14723321520396607,Dictionary vs Random Forest
FOMC statements,2019-01-30,neutral,0.07692307692307693,bert_score,-0.06666666666666667,Dictionary vs RoBERTa/BERT
FOMC statements,2019-03-20,neutral,0,rf_score,-0.18188684452916593,Dictionary vs Random Forest
FOMC statements,2019-03-20,neutral,0,bert_score,-0.2,Dictionary vs RoBERTa/BERT
FOMC statements,2019-05-01,neutral,0.06666666666666667,rf_score,-0.1215340805922766,Dictionary vs Random Forest
FOMC statements,2019-05-01,neutral,0.06666666666666667,bert_score,-0.125,Dictionary vs RoBERTa/BERT
FOMC statements,2019-06-19,neutral,0.17647058823529413,rf_score,-0.17218385914984102,Dictionary vs Random Forest
FOMC statements,2019-06-19,neutral,0.17647058823529413,bert_score,-0.25,Dictionary vs RoBERTa/BERT
FOMC statements,2019-07-31,dovish,0.0588235294117647,rf_score,-0.9184313725490196,Dictionary vs Random Forest
FOMC statements,2019-07-31,dovish,0.0588235294117647,bert_score,-0.14285714285714285,Dictionary vs RoBERTa/BERT
FOMC statements,2019-09-18,dovish,0.05263157894736842,rf_score,-0.5929129516117968,Dictionary vs Random Forest
FOMC statements,2019-09-18,dovish,0.05263157894736842,bert_score,-0.2,Dictionary vs RoBERTa/BERT
FOMC statements,2019-10-30,dovish,0.0588235294117647,rf_score,-0.6813016693451476,Dictionary vs Random Forest
FOMC statements,2019-10-30,dovish,0.0588235294117647,bert_score,-0.14285714285714285,Dictionary vs RoBERTa/BERT
FOMC statements,2019-12-11,neutral,0.2,rf_score,-0.18623317664294772,Dictionary vs Random Forest
FOMC statements,2019-12-11,neutral,0.2,bert_score,0,Dictionary vs RoBERTa/BERT
FOMC statements,2020-01-29,neutral,0.14285714285714285,rf_score,-0.16850567698442157,Dictionary vs Random Forest
FOMC statements,2020-01-29,neutral,0.14285714285714285,bert_score,0,Dictionary vs RoBERTa/BERT
FOMC statements,2020-03-03,dovish,-0.07692307692307693,rf_score,-0.20514229757117505,Dictionary vs Random Forest
FOMC statements,2020-03-03,dovish,-0.07692307692307693,bert_score,-0.16666666666666666,Dictionary vs RoBERTa/BERT
FOMC statements,2020-03-15,dovish,-0.1111111111111111,rf_score,-0.02539572412375379,Dictionary vs Random Forest
FOMC statements,2020-03-15,dovish,-0.1111111111111111,bert_score,-0.21739130434782608,Dictionary vs RoBERTa/BERT
FOMC statements,2020-03-23,NA,0,bert_score,-0.2,Dictionary vs RoBERTa/BERT
FOMC statements,2020-04-29,neutral,-0.25,rf_score,0.02426451691683426,Dictionary vs Random Forest
FOMC statements,2020-04-29,neutral,-0.25,bert_score,-0.4117647058823529,Dictionary vs RoBERTa/BERT
FOMC statements,2020-06-10,neutral,-0.29411764705882354,rf_score,0.0436382574461725,Dictionary vs Random Forest
FOMC statements,2020-06-10,neutral,-0.29411764705882354,bert_score,-0.29411764705882354,Dictionary vs RoBERTa/BERT
FOMC statements,2020-07-29,neutral,-0.25,rf_score,0.04080543932195399,Dictionary vs Random Forest
FOMC statements,2020-07-29,neutral,-0.25,bert_score,-0.25,Dictionary vs RoBERTa/BERT
FOMC statements,2020-09-16,neutral,-0.125,rf_score,-0.4301132870717478,Dictionary vs Random Forest
FOMC statements,2020-09-16,neutral,-0.125,bert_score,-0.3,Dictionary vs RoBERTa/BERT
FOMC statements,2020-11-05,neutral,-0.25,rf_score,0.04467038964246429,Dictionary vs Random Forest
FOMC statements,2020-11-05,neutral,-0.25,bert_score,-0.2631578947368421,Dictionary vs RoBERTa/BERT
FOMC statements,2020-12-16,neutral,-0.3333333333333333,rf_score,-0.0032891422349098,Dictionary vs Random Forest
FOMC statements,2020-12-16,neutral,-0.3333333333333333,bert_score,-0.2,Dictionary vs RoBERTa/BERT
FOMC statements,2021-01-27,neutral,-0.3333333333333333,rf_score,0.01662708987876999,Dictionary vs Random Forest
FOMC statements,2021-01-27,neutral,-0.3333333333333333,bert_score,-0.23809523809523808,Dictionary vs RoBERTa/BERT
FOMC statements,2021-03-17,neutral,-0.29411764705882354,rf_score,0.00374657916252255,Dictionary vs Random Forest
FOMC statements,2021-03-17,neutral,-0.29411764705882354,bert_score,-0.2,Dictionary vs RoBERTa/BERT
FOMC statements,2021-04-28,neutral,-0.3333333333333333,rf_score,0.00920542587808663,Dictionary vs Random Forest
FOMC statements,2021-04-28,neutral,-0.3333333333333333,bert_score,-0.09090909090909093,Dictionary vs RoBERTa/BERT
FOMC statements,2021-06-16,neutral,-0.3333333333333333,rf_score,0.00246251322472145,Dictionary vs Random Forest
FOMC statements,2021-06-16,neutral,-0.3333333333333333,bert_score,-0.04761904761904761,Dictionary vs RoBERTa/BERT
FOMC statements,2021-07-28,neutral,-0.3333333333333333,rf_score,0.00454018434050298,Dictionary vs Random Forest
FOMC statements,2021-07-28,neutral,-0.3333333333333333,bert_score,0,Dictionary vs RoBERTa/BERT
FOMC statements,2021-09-22,neutral,-0.3,rf_score,-0.00488494934933659,Dictionary vs Random Forest
FOMC statements,2021-09-22,neutral,-0.3,bert_score,-0.04761904761904761,Dictionary vs RoBERTa/BERT
FOMC statements,2021-11-03,neutral,-0.23809523809523808,rf_score,0.00873516264345987,Dictionary vs Random Forest
FOMC statements,2021-11-03,neutral,-0.23809523809523808,bert_score,0,Dictionary vs RoBERTa/BERT
FOMC statements,2021-12-15,neutral,-0.2631578947368421,rf_score,-0.00865727931896923,Dictionary vs Random Forest
FOMC statements,2021-12-15,neutral,-0.2631578947368421,bert_score,-0.14285714285714285,Dictionary vs RoBERTa/BERT
FOMC statements,2022-01-26,neutral,0.05263157894736842,rf_score,-0.00995500471806956,Dictionary vs Random Forest
FOMC statements,2022-01-26,neutral,0.05263157894736842,bert_score,0,Dictionary vs RoBERTa/BERT
FOMC statements,2022-03-16,hawkish,0.4444444444444444,rf_score,0.3670821874488488,Dictionary vs Random Forest
FOMC statements,2022-03-16,hawkish,0.4444444444444444,bert_score,0.3684210526315789,Dictionary vs RoBERTa/BERT
FOMC statements,2022-05-04,hawkish,0.4117647058823529,rf_score,0.7139385682122776,Dictionary vs Random Forest
FOMC statements,2022-05-04,hawkish,0.4117647058823529,bert_score,0.2631578947368421,Dictionary vs RoBERTa/BERT
FOMC statements,2022-06-15,hawkish,0.4545454545454546,rf_score,0.6911764705882353,Dictionary vs Random Forest
FOMC statements,2022-06-15,hawkish,0.4545454545454546,bert_score,0.47368421052631576,Dictionary vs RoBERTa/BERT
FOMC statements,2022-07-27,hawkish,0.42857142857142855,rf_score,0.8215015393509182,Dictionary vs Random Forest
FOMC statements,2022-07-27,hawkish,0.42857142857142855,bert_score,0.3333333333333333,Dictionary vs RoBERTa/BERT
FOMC statements,2022-09-21,hawkish,0.3636363636363637,rf_score,0.9822485207100592,Dictionary vs Random Forest
FOMC statements,2022-09-21,hawkish,0.3636363636363637,bert_score,0.3333333333333333,Dictionary vs RoBERTa/BERT
FOMC statements,2022-11-02,hawkish,0.4615384615384616,rf_score,0.9502341137123748,Dictionary vs Random Forest
FOMC statements,2022-11-02,hawkish,0.4615384615384616,bert_score,0.4,Dictionary vs RoBERTa/BERT
FOMC statements,2022-12-14,hawkish,0.4615384615384616,rf_score,0.9626006904487916,Dictionary vs Random Forest
FOMC statements,2022-12-14,hawkish,0.4615384615384616,bert_score,0.4,Dictionary vs RoBERTa/BERT
FOMC statements,2023-02-01,hawkish,0.3333333333333333,rf_score,0.9807692307692308,Dictionary vs Random Forest
FOMC statements,2023-02-01,hawkish,0.3333333333333333,bert_score,0.3333333333333333,Dictionary vs RoBERTa/BERT
FOMC statements,2023-03-22,hawkish,0.38461538461538464,rf_score,0.6853535353535354,Dictionary vs Random Forest
FOMC statements,2023-03-22,hawkish,0.38461538461538464,bert_score,0.3684210526315789,Dictionary vs RoBERTa/BERT
FOMC statements,2023-05-03,hawkish,0.4166666666666667,rf_score,0.6587301587301587,Dictionary vs Random Forest
FOMC statements,2023-05-03,hawkish,0.4166666666666667,bert_score,0.17647058823529413,Dictionary vs RoBERTa/BERT
FOMC statements,2023-06-14,neutral,0.3636363636363637,rf_score,0.3847191333262907,Dictionary vs Random Forest
FOMC statements,2023-06-14,neutral,0.3636363636363637,bert_score,0.125,Dictionary vs RoBERTa/BERT
FOMC statements,2023-07-26,hawkish,0.391304347826087,rf_score,0.37045934590952606,Dictionary vs Random Forest
FOMC statements,2023-07-26,hawkish,0.391304347826087,bert_score,0.25,Dictionary vs RoBERTa/BERT
FOMC statements,2023-09-20,neutral,0.3636363636363637,rf_score,0.32620403600605424,Dictionary vs Random Forest
FOMC statements,2023-09-20,neutral,0.3636363636363637,bert_score,0.17647058823529413,Dictionary vs RoBERTa/BERT
FOMC statements,2023-11-01,neutral,0.42857142857142855,rf_score,0.14590604775838625,Dictionary vs Random Forest
FOMC statements,2023-11-01,neutral,0.42857142857142855,bert_score,0.17647058823529413,Dictionary vs RoBERTa/BERT
FOMC statements,2023-12-13,neutral,0.3333333333333333,rf_score,0.5424330517994217,Dictionary vs Random Forest
FOMC statements,2023-12-13,neutral,0.3333333333333333,bert_score,0,Dictionary vs RoBERTa/BERT
FOMC statements,2024-01-31,neutral,0.05263157894736842,rf_score,-0.1505041704942781,Dictionary vs Random Forest
FOMC statements,2024-01-31,neutral,0.05263157894736842,bert_score,0.06666666666666667,Dictionary vs RoBERTa/BERT
FOMC statements,2024-03-20,neutral,0.05263157894736842,rf_score,-0.1433634194667659,Dictionary vs Random Forest
FOMC statements,2024-03-20,neutral,0.05263157894736842,bert_score,0.06666666666666667,Dictionary vs RoBERTa/BERT
FOMC statements,2024-05-01,neutral,0.1,rf_score,-0.06970671576359191,Dictionary vs Random Forest
FOMC statements,2024-05-01,neutral,0.1,bert_score,-0.0588235294117647,Dictionary vs RoBERTa/BERT
FOMC statements,2024-06-12,neutral,0.1,rf_score,-0.12176583287019836,Dictionary vs Random Forest
FOMC statements,2024-06-12,neutral,0.1,bert_score,0.06666666666666667,Dictionary vs RoBERTa/BERT
FOMC statements,2024-07-31,neutral,0.1,rf_score,-0.19774215862351113,Dictionary vs Random Forest
FOMC statements,2024-07-31,neutral,0.1,bert_score,0.125,Dictionary vs RoBERTa/BERT
FOMC statements,2024-09-18,dovish,0,rf_score,-0.7548809523809523,Dictionary vs Random Forest
FOMC statements,2024-09-18,dovish,0,bert_score,0,Dictionary vs RoBERTa/BERT
FOMC statements,2024-11-07,dovish,0.0588235294117647,rf_score,-0.04334830350873132,Dictionary vs Random Forest
FOMC statements,2024-11-07,dovish,0.0588235294117647,bert_score,0,Dictionary vs RoBERTa/BERT
FOMC statements,2024-12-18,dovish,0.0588235294117647,rf_score,-0.6039891926255562,Dictionary vs Random Forest
FOMC statements,2024-12-18,dovish,0.0588235294117647,bert_score,-0.0588235294117647,Dictionary vs RoBERTa/BERT
FOMC statements,2025-01-29,neutral,0.2857142857142857,rf_score,-0.07193040837929243,Dictionary vs Random Forest
FOMC statements,2025-01-29,neutral,0.2857142857142857,bert_score,0.125,Dictionary vs RoBERTa/BERT
FOMC statements,2025-03-19,neutral,0.2857142857142857,rf_score,-0.03609949828816448,Dictionary vs Random Forest
FOMC statements,2025-03-19,neutral,0.2857142857142857,bert_score,0.0588235294117647,Dictionary vs RoBERTa/BERT
FOMC statements,2025-05-07,neutral,0.25,rf_score,-0.08694394657539888,Dictionary vs Random Forest
FOMC statements,2025-05-07,neutral,0.25,bert_score,0.125,Dictionary vs RoBERTa/BERT
FOMC statements,2025-06-18,neutral,0.2857142857142857,rf_score,-0.05262013896999666,Dictionary vs Random Forest
FOMC statements,2025-06-18,neutral,0.2857142857142857,bert_score,0.14285714285714285,Dictionary vs RoBERTa/BERT
FOMC statements,2025-07-30,neutral,0.07692307692307693,rf_score,-0.5715142842069301,Dictionary vs Random Forest
FOMC statements,2025-07-30,neutral,0.07692307692307693,bert_score,-0.0588235294117647,Dictionary vs RoBERTa/BERT
FOMC statements,2025-09-17,dovish,-0.1111111111111111,rf_score,-0.732975387856871,Dictionary vs Random Forest
FOMC statements,2025-09-17,dovish,-0.1111111111111111,bert_score,-0.1111111111111111,Dictionary vs RoBERTa/BERT
FOMC statements,2025-10-29,dovish,-0.0588235294117647,rf_score,-0.7486883776917372,Dictionary vs Random Forest
FOMC statements,2025-10-29,dovish,-0.0588235294117647,bert_score,-0.0588235294117647,Dictionary vs RoBERTa/BERT
FOMC statements,2025-12-10,dovish,-0.0588235294117647,rf_score,-0.742523906809621,Dictionary vs Random Forest
FOMC statements,2025-12-10,dovish,-0.0588235294117647,bert_score,-0.15789473684210523,Dictionary vs RoBERTa/BERT
FOMC statements,2026-01-28,neutral,0.25,rf_score,-0.46568938999061854,Dictionary vs Random Forest
FOMC statements,2026-01-28,neutral,0.25,bert_score,0.17647058823529413,Dictionary vs RoBERTa/BERT
FOMC statements,2026-03-18,neutral,0.25,rf_score,-0.8513617309715482,Dictionary vs Random Forest
FOMC statements,2026-03-18,neutral,0.25,bert_score,0.17647058823529413,Dictionary vs RoBERTa/BERT
FOMC press conferences,2011-04-27,neutral,-0.24444444444444444,rf_score,0.03491222593285968,Dictionary vs Random Forest
FOMC press conferences,2011-04-27,neutral,-0.24444444444444444,bert_score,-0.3103448275862069,Dictionary vs RoBERTa/BERT
FOMC press conferences,2011-06-22,neutral,-0.5,rf_score,0.0258622859925415,Dictionary vs Random Forest
FOMC press conferences,2011-06-22,neutral,-0.5,bert_score,-0.3409090909090909,Dictionary vs RoBERTa/BERT
FOMC press conferences,2011-11-02,neutral,-0.3181818181818182,rf_score,-0.06593702905592878,Dictionary vs Random Forest
FOMC press conferences,2011-11-02,neutral,-0.3181818181818182,bert_score,-0.5913978494623656,Dictionary vs RoBERTa/BERT
FOMC press conferences,2012-01-25,neutral,-0.4090909090909091,rf_score,0.0475904720813414,Dictionary vs Random Forest
FOMC press conferences,2012-01-25,neutral,-0.4090909090909091,bert_score,-0.4358974358974359,Dictionary vs RoBERTa/BERT
FOMC press conferences,2012-04-25,neutral,-0.16279069767441862,rf_score,0.05460472939324844,Dictionary vs Random Forest
FOMC press conferences,2012-04-25,neutral,-0.16279069767441862,bert_score,-0.3617021276595745,Dictionary vs RoBERTa/BERT
FOMC press conferences,2012-06-20,neutral,-0.5238095238095238,rf_score,0.0111047450738578,Dictionary vs Random Forest
FOMC press conferences,2012-06-20,neutral,-0.5238095238095238,bert_score,-0.5,Dictionary vs RoBERTa/BERT
FOMC press conferences,2012-09-13,neutral,-0.6,rf_score,-0.20419193217918852,Dictionary vs Random Forest
FOMC press conferences,2012-09-13,neutral,-0.6,bert_score,-0.4015748031496063,Dictionary vs RoBERTa/BERT
FOMC press conferences,2012-12-12,neutral,-0.3103448275862069,rf_score,0.01963247762258047,Dictionary vs Random Forest
FOMC press conferences,2012-12-12,neutral,-0.3103448275862069,bert_score,-0.3982300884955752,Dictionary vs RoBERTa/BERT
FOMC press conferences,2013-03-20,neutral,-0.3559322033898305,rf_score,0.02025874068615409,Dictionary vs Random Forest
FOMC press conferences,2013-03-20,neutral,-0.3559322033898305,bert_score,-0.31958762886597936,Dictionary vs RoBERTa/BERT
FOMC press conferences,2013-06-19,neutral,-0.375,rf_score,0.05106382872954505,Dictionary vs Random Forest
FOMC press conferences,2013-06-19,neutral,-0.375,bert_score,-0.2631578947368421,Dictionary vs RoBERTa/BERT
FOMC press conferences,2013-09-18,neutral,-0.5428571428571428,rf_score,-0.15893809434182105,Dictionary vs Random Forest
FOMC press conferences,2013-09-18,neutral,-0.5428571428571428,bert_score,-0.3620689655172414,Dictionary vs RoBERTa/BERT
FOMC press conferences,2013-12-18,neutral,-0.5,rf_score,0.04703735507111165,Dictionary vs Random Forest
FOMC press conferences,2013-12-18,neutral,-0.5,bert_score,-0.4125874125874126,Dictionary vs RoBERTa/BERT
FOMC press conferences,2014-03-19,neutral,-0.3090909090909091,rf_score,0.029462956084599298,Dictionary vs Random Forest
FOMC press conferences,2014-03-19,neutral,-0.3090909090909091,bert_score,-0.44086021505376344,Dictionary vs RoBERTa/BERT
FOMC press conferences,2014-06-18,neutral,-0.09803921568627452,rf_score,0.05323720497826284,Dictionary vs Random Forest
FOMC press conferences,2014-06-18,neutral,-0.09803921568627452,bert_score,-0.42168674698795183,Dictionary vs RoBERTa/BERT
FOMC press conferences,2014-09-17,neutral,-0.13793103448275862,rf_score,0.02026770707977724,Dictionary vs Random Forest
FOMC press conferences,2014-09-17,neutral,-0.13793103448275862,bert_score,-0.4545454545454546,Dictionary vs RoBERTa/BERT
FOMC press conferences,2014-12-17,neutral,0.1111111111111111,rf_score,0.03802471233961372,Dictionary vs Random Forest
FOMC press conferences,2014-12-17,neutral,0.1111111111111111,bert_score,-0.2,Dictionary vs RoBERTa/BERT
FOMC press conferences,2015-03-18,neutral,-0.01886792452830188,rf_score,0.0169342770308954,Dictionary vs Random Forest
FOMC press conferences,2015-03-18,neutral,-0.01886792452830188,bert_score,-0.35555555555555557,Dictionary vs RoBERTa/BERT
FOMC press conferences,2015-06-17,neutral,0.4230769230769231,rf_score,0.01265348197782896,Dictionary vs Random Forest
FOMC press conferences,2015-06-17,neutral,0.4230769230769231,bert_score,-0.2043010752688172,Dictionary vs RoBERTa/BERT
FOMC press conferences,2015-09-17,neutral,-0.06122448979591836,rf_score,-0.27247029682247736,Dictionary vs Random Forest
FOMC press conferences,2015-09-17,neutral,-0.06122448979591836,bert_score,-0.29508196721311475,Dictionary vs RoBERTa/BERT
FOMC press conferences,2015-12-16,hawkish,0.02941176470588235,rf_score,0.4090544543176123,Dictionary vs Random Forest
FOMC press conferences,2015-12-16,hawkish,0.02941176470588235,bert_score,-0.21428571428571427,Dictionary vs RoBERTa/BERT
FOMC press conferences,2016-03-16,neutral,0.09090909090909093,rf_score,-0.6075130523438529,Dictionary vs Random Forest
FOMC press conferences,2016-03-16,neutral,0.09090909090909093,bert_score,-0.2916666666666667,Dictionary vs RoBERTa/BERT
FOMC press conferences,2016-06-15,neutral,-0.19298245614035087,rf_score,0.10922253182154232,Dictionary vs Random Forest
FOMC press conferences,2016-06-15,neutral,-0.19298245614035087,bert_score,-0.3707865168539326,Dictionary vs RoBERTa/BERT
FOMC press conferences,2016-09-21,neutral,-0.06896551724137931,rf_score,0.03458513124554394,Dictionary vs Random Forest
FOMC press conferences,2016-09-21,neutral,-0.06896551724137931,bert_score,-0.3162393162393162,Dictionary vs RoBERTa/BERT
FOMC press conferences,2016-12-14,hawkish,0.07692307692307693,rf_score,0.17278669043374922,Dictionary vs Random Forest
FOMC press conferences,2016-12-14,hawkish,0.07692307692307693,bert_score,-0.05263157894736842,Dictionary vs RoBERTa/BERT
FOMC press conferences,2017-03-15,hawkish,0.0588235294117647,rf_score,0.736111111111111,Dictionary vs Random Forest
FOMC press conferences,2017-03-15,hawkish,0.0588235294117647,bert_score,-0.14606741573033707,Dictionary vs RoBERTa/BERT
FOMC press conferences,2017-06-14,hawkish,0.25806451612903225,rf_score,0.4776042670779512,Dictionary vs Random Forest
FOMC press conferences,2017-06-14,hawkish,0.25806451612903225,bert_score,-0.3263157894736842,Dictionary vs RoBERTa/BERT
FOMC press conferences,2017-09-20,neutral,0.02127659574468085,rf_score,0.8477382856674108,Dictionary vs Random Forest
FOMC press conferences,2017-09-20,neutral,0.02127659574468085,bert_score,-0.3473684210526316,Dictionary vs RoBERTa/BERT
FOMC press conferences,2017-12-13,hawkish,0.3928571428571429,rf_score,0.7676453980801807,Dictionary vs Random Forest
FOMC press conferences,2017-12-13,hawkish,0.3928571428571429,bert_score,-0.02857142857142857,Dictionary vs RoBERTa/BERT
FOMC press conferences,2018-03-21,hawkish,0.21052631578947367,rf_score,0.5674219485364996,Dictionary vs Random Forest
FOMC press conferences,2018-03-21,hawkish,0.21052631578947367,bert_score,0.14606741573033707,Dictionary vs RoBERTa/BERT
FOMC press conferences,2018-06-13,hawkish,0.08641975308641975,rf_score,0.32565476190476184,Dictionary vs Random Forest
FOMC press conferences,2018-06-13,hawkish,0.08641975308641975,bert_score,0.03703703703703703,Dictionary vs RoBERTa/BERT
FOMC press conferences,2018-09-26,hawkish,0.2682926829268293,rf_score,0.5201085293986407,Dictionary vs Random Forest
FOMC press conferences,2018-09-26,hawkish,0.2682926829268293,bert_score,0,Dictionary vs RoBERTa/BERT
FOMC press conferences,2018-12-19,hawkish,0.2982456140350877,rf_score,-0.03356633474645898,Dictionary vs Random Forest
FOMC press conferences,2018-12-19,hawkish,0.2982456140350877,bert_score,-0.06666666666666667,Dictionary vs RoBERTa/BERT
FOMC press conferences,2019-01-30,neutral,-0.08571428571428572,rf_score,0.1742407007532656,Dictionary vs Random Forest
FOMC press conferences,2019-01-30,neutral,-0.08571428571428572,bert_score,-0.18604651162790695,Dictionary vs RoBERTa/BERT
FOMC press conferences,2019-03-20,neutral,-0.02857142857142857,rf_score,0.17803457702392186,Dictionary vs Random Forest
FOMC press conferences,2019-03-20,neutral,-0.02857142857142857,bert_score,-0.26436781609195403,Dictionary vs RoBERTa/BERT
FOMC press conferences,2019-05-01,neutral,0.12195121951219512,rf_score,0.02598020907128852,Dictionary vs Random Forest
FOMC press conferences,2019-05-01,neutral,0.12195121951219512,bert_score,-0.2087912087912088,Dictionary vs RoBERTa/BERT
FOMC press conferences,2019-06-19,neutral,-0.16,rf_score,0.17257028177054343,Dictionary vs Random Forest
FOMC press conferences,2019-06-19,neutral,-0.16,bert_score,-0.3577981651376147,Dictionary vs RoBERTa/BERT
FOMC press conferences,2019-07-31,dovish,-0.3333333333333333,rf_score,-0.984375,Dictionary vs Random Forest
FOMC press conferences,2019-07-31,dovish,-0.3333333333333333,bert_score,-0.344,Dictionary vs RoBERTa/BERT
FOMC press conferences,2019-09-18,dovish,-0.2,rf_score,-0.9285714285714284,Dictionary vs Random Forest
FOMC press conferences,2019-09-18,dovish,-0.2,bert_score,-0.3064516129032258,Dictionary vs RoBERTa/BERT
FOMC press conferences,2019-10-30,dovish,-0.03225806451612903,rf_score,-0.3444444444444444,Dictionary vs Random Forest
FOMC press conferences,2019-10-30,dovish,-0.03225806451612903,bert_score,-0.16129032258064516,Dictionary vs RoBERTa/BERT
FOMC press conferences,2019-12-11,neutral,0.05660377358490566,rf_score,-0.03818916013691273,Dictionary vs Random Forest
FOMC press conferences,2019-12-11,neutral,0.05660377358490566,bert_score,-0.22627737226277372,Dictionary vs RoBERTa/BERT
FOMC press conferences,2020-01-29,neutral,-0.10526315789473684,rf_score,-0.316443942530899,Dictionary vs Random Forest
FOMC press conferences,2020-01-29,neutral,-0.10526315789473684,bert_score,-0.05454545454545454,Dictionary vs RoBERTa/BERT
FOMC press conferences,2020-03-03,dovish,-0.23809523809523808,rf_score,-0.46197872138311,Dictionary vs Random Forest
FOMC press conferences,2020-03-03,dovish,-0.23809523809523808,bert_score,-0.02702702702702703,Dictionary vs RoBERTa/BERT
FOMC press conferences,2020-03-15,dovish,-0.4594594594594595,rf_score,-5.551115123125783e-17,Dictionary vs Random Forest
FOMC press conferences,2020-03-15,dovish,-0.4594594594594595,bert_score,-0.1914893617021277,Dictionary vs RoBERTa/BERT
FOMC press conferences,2020-04-29,neutral,-0.6842105263157895,rf_score,0.23882970735220116,Dictionary vs Random Forest
FOMC press conferences,2020-04-29,neutral,-0.6842105263157895,bert_score,-0.38461538461538464,Dictionary vs RoBERTa/BERT
FOMC press conferences,2020-06-10,neutral,-0.3877551020408163,rf_score,0.02126365149776521,Dictionary vs Random Forest
FOMC press conferences,2020-06-10,neutral,-0.3877551020408163,bert_score,-0.4177215189873418,Dictionary vs RoBERTa/BERT
FOMC press conferences,2020-07-29,neutral,-0.14814814814814814,rf_score,0.03530120163285884,Dictionary vs Random Forest
FOMC press conferences,2020-07-29,neutral,-0.14814814814814814,bert_score,-0.375796178343949,Dictionary vs RoBERTa/BERT
FOMC press conferences,2020-09-16,neutral,-0.4857142857142857,rf_score,-0.15252866523378444,Dictionary vs Random Forest
FOMC press conferences,2020-09-16,neutral,-0.4857142857142857,bert_score,-0.21019108280254775,Dictionary vs RoBERTa/BERT
FOMC press conferences,2020-11-05,neutral,-0.5185185185185185,rf_score,-0.8898549473859243,Dictionary vs Random Forest
FOMC press conferences,2020-11-05,neutral,-0.5185185185185185,bert_score,-0.4666666666666667,Dictionary vs RoBERTa/BERT
FOMC press conferences,2020-12-16,neutral,-0.6,rf_score,0.04757815754962403,Dictionary vs Random Forest
FOMC press conferences,2020-12-16,neutral,-0.6,bert_score,-0.25301204819277107,Dictionary vs RoBERTa/BERT
FOMC press conferences,2021-01-27,neutral,-0.28,rf_score,0.03891801039333717,Dictionary vs Random Forest
FOMC press conferences,2021-01-27,neutral,-0.28,bert_score,-0.28169014084507044,Dictionary vs RoBERTa/BERT
FOMC press conferences,2021-03-17,neutral,-0.2,rf_score,0.2952807820904281,Dictionary vs Random Forest
FOMC press conferences,2021-03-17,neutral,-0.2,bert_score,-0.10810810810810811,Dictionary vs RoBERTa/BERT
FOMC press conferences,2021-04-28,neutral,-0.0588235294117647,rf_score,0.02466353387069499,Dictionary vs Random Forest
FOMC press conferences,2021-04-28,neutral,-0.0588235294117647,bert_score,-0.2867132867132867,Dictionary vs RoBERTa/BERT
FOMC press conferences,2021-06-16,neutral,0.10256410256410256,rf_score,0.39352721651108746,Dictionary vs Random Forest
FOMC press conferences,2021-06-16,neutral,0.10256410256410256,bert_score,-0.07894736842105263,Dictionary vs RoBERTa/BERT
FOMC press conferences,2021-07-28,neutral,0.22033898305084745,rf_score,0.23633895417584624,Dictionary vs Random Forest
FOMC press conferences,2021-07-28,neutral,0.22033898305084745,bert_score,-0.1869918699186992,Dictionary vs RoBERTa/BERT
FOMC press conferences,2021-09-22,neutral,0.25806451612903225,rf_score,0.23980573406269523,Dictionary vs Random Forest
FOMC press conferences,2021-09-22,neutral,0.25806451612903225,bert_score,-0.08396946564885496,Dictionary vs RoBERTa/BERT
FOMC press conferences,2021-11-03,neutral,-0.0303030303030303,rf_score,0.23372515751566503,Dictionary vs Random Forest
FOMC press conferences,2021-11-03,neutral,-0.0303030303030303,bert_score,-0.2727272727272727,Dictionary vs RoBERTa/BERT
FOMC press conferences,2021-12-15,neutral,0.3953488372093023,rf_score,0.01596360645149063,Dictionary vs Random Forest
FOMC press conferences,2021-12-15,neutral,0.3953488372093023,bert_score,-0.01612903225806451,Dictionary vs RoBERTa/BERT
FOMC press conferences,2022-01-26,neutral,0.47368421052631576,rf_score,0.055048049745619,Dictionary vs Random Forest
FOMC press conferences,2022-01-26,neutral,0.47368421052631576,bert_score,-0.1124260355029586,Dictionary vs RoBERTa/BERT
FOMC press conferences,2022-03-16,hawkish,0.7857142857142857,rf_score,0.5196078431372549,Dictionary vs Random Forest
FOMC press conferences,2022-03-16,hawkish,0.7857142857142857,bert_score,-0.02824858757062147,Dictionary vs RoBERTa/BERT
FOMC press conferences,2022-05-04,hawkish,0.6,rf_score,0.7628472222222222,Dictionary vs Random Forest
FOMC press conferences,2022-05-04,hawkish,0.6,bert_score,0.0196078431372549,Dictionary vs RoBERTa/BERT
FOMC press conferences,2022-06-15,hawkish,0.6705882352941176,rf_score,0.9238277919863598,Dictionary vs Random Forest
FOMC press conferences,2022-06-15,hawkish,0.6705882352941176,bert_score,-0.06285714285714286,Dictionary vs RoBERTa/BERT
FOMC press conferences,2022-07-27,hawkish,0.675,rf_score,0.9734114399812076,Dictionary vs Random Forest
FOMC press conferences,2022-07-27,hawkish,0.675,bert_score,-0.18292682926829268,Dictionary vs RoBERTa/BERT
FOMC press conferences,2022-09-21,hawkish,0.6144578313253012,rf_score,0.9956521739130434,Dictionary vs Random Forest
FOMC press conferences,2022-09-21,hawkish,0.6144578313253012,bert_score,-0.13432835820895522,Dictionary vs RoBERTa/BERT
FOMC press conferences,2022-11-02,hawkish,0.7373737373737373,rf_score,0.8132103452232494,Dictionary vs Random Forest
FOMC press conferences,2022-11-02,hawkish,0.7373737373737373,bert_score,-0.00699300699300699,Dictionary vs RoBERTa/BERT
FOMC press conferences,2022-12-14,hawkish,0.5304347826086957,rf_score,0.9863945578231292,Dictionary vs Random Forest
FOMC press conferences,2022-12-14,hawkish,0.5304347826086957,bert_score,-0.1124260355029586,Dictionary vs RoBERTa/BERT
FOMC press conferences,2023-02-01,hawkish,0.4666666666666667,rf_score,0.8005769230769231,Dictionary vs Random Forest
FOMC press conferences,2023-02-01,hawkish,0.4666666666666667,bert_score,-0.1506849315068493,Dictionary vs RoBERTa/BERT
FOMC press conferences,2023-03-22,hawkish,0.358974358974359,rf_score,0.9348214285714288,Dictionary vs Random Forest
FOMC press conferences,2023-03-22,hawkish,0.358974358974359,bert_score,-0.10891089108910892,Dictionary vs RoBERTa/BERT
FOMC press conferences,2023-05-03,hawkish,0.38823529411764707,rf_score,0.871247947454844,Dictionary vs Random Forest
FOMC press conferences,2023-05-03,hawkish,0.38823529411764707,bert_score,-0.15555555555555556,Dictionary vs RoBERTa/BERT
FOMC press conferences,2023-06-14,neutral,0.5064935064935064,rf_score,-0.02167233560090703,Dictionary vs Random Forest
FOMC press conferences,2023-06-14,neutral,0.5064935064935064,bert_score,-0.22033898305084745,Dictionary vs RoBERTa/BERT
FOMC press conferences,2023-07-26,hawkish,0.42857142857142855,rf_score,0.8754761904761904,Dictionary vs Random Forest
FOMC press conferences,2023-07-26,hawkish,0.42857142857142855,bert_score,-0.11724137931034484,Dictionary vs RoBERTa/BERT
FOMC press conferences,2023-09-20,neutral,0.5172413793103449,rf_score,0.02382403368956277,Dictionary vs Random Forest
FOMC press conferences,2023-09-20,neutral,0.5172413793103449,bert_score,-0.07586206896551724,Dictionary vs RoBERTa/BERT
FOMC press conferences,2023-11-01,neutral,0.6144578313253012,rf_score,0.02042642730980013,Dictionary vs Random Forest
FOMC press conferences,2023-11-01,neutral,0.6144578313253012,bert_score,-0.05185185185185185,Dictionary vs RoBERTa/BERT
FOMC press conferences,2023-12-13,neutral,0.49333333333333335,rf_score,-0.00563564751379512,Dictionary vs Random Forest
FOMC press conferences,2023-12-13,neutral,0.49333333333333335,bert_score,-0.1509433962264151,Dictionary vs RoBERTa/BERT
FOMC press conferences,2024-01-31,neutral,0.3424657534246575,rf_score,0.03886507878262001,Dictionary vs Random Forest
FOMC press conferences,2024-01-31,neutral,0.3424657534246575,bert_score,-0.27941176470588236,Dictionary vs RoBERTa/BERT
FOMC press conferences,2024-03-20,neutral,0.4426229508196721,rf_score,0.01610644027487329,Dictionary vs Random Forest
FOMC press conferences,2024-03-20,neutral,0.4426229508196721,bert_score,-0.3387096774193548,Dictionary vs RoBERTa/BERT
FOMC press conferences,2024-05-01,neutral,0.425,rf_score,0.01954013551516524,Dictionary vs Random Forest
FOMC press conferences,2024-05-01,neutral,0.425,bert_score,-0.20930232558139536,Dictionary vs RoBERTa/BERT
FOMC press conferences,2024-06-12,neutral,0.3411764705882353,rf_score,0.0027213035292924,Dictionary vs Random Forest
FOMC press conferences,2024-06-12,neutral,0.3411764705882353,bert_score,-0.10666666666666667,Dictionary vs RoBERTa/BERT
FOMC press conferences,2024-07-31,neutral,0.22033898305084745,rf_score,0.01484127971471886,Dictionary vs Random Forest
FOMC press conferences,2024-07-31,neutral,0.22033898305084745,bert_score,-0.2195121951219512,Dictionary vs RoBERTa/BERT
FOMC press conferences,2024-09-18,dovish,0.08108108108108109,rf_score,-0.4211760461760462,Dictionary vs Random Forest
FOMC press conferences,2024-09-18,dovish,0.08108108108108109,bert_score,-0.34265734265734266,Dictionary vs RoBERTa/BERT
FOMC press conferences,2024-11-07,dovish,0.2,rf_score,-0.2530257936507936,Dictionary vs Random Forest
FOMC press conferences,2024-11-07,dovish,0.2,bert_score,-0.25862068965517243,Dictionary vs RoBERTa/BERT
FOMC press conferences,2024-12-18,dovish,0.13043478260869565,rf_score,-0.6800000000000002,Dictionary vs Random Forest
FOMC press conferences,2024-12-18,dovish,0.13043478260869565,bert_score,-0.369047619047619,Dictionary vs RoBERTa/BERT
FOMC press conferences,2025-01-29,neutral,0.29411764705882354,rf_score,0.0298068874277419,Dictionary vs Random Forest
FOMC press conferences,2025-01-29,neutral,0.29411764705882354,bert_score,0.03225806451612903,Dictionary vs RoBERTa/BERT
FOMC press conferences,2025-03-19,neutral,0.03846153846153846,rf_score,-0.38715374664823193,Dictionary vs Random Forest
FOMC press conferences,2025-03-19,neutral,0.03846153846153846,bert_score,-0.21568627450980393,Dictionary vs RoBERTa/BERT
FOMC press conferences,2025-05-07,neutral,0.16981132075471697,rf_score,-0.3792619426599067,Dictionary vs Random Forest
FOMC press conferences,2025-05-07,neutral,0.16981132075471697,bert_score,-0.35714285714285715,Dictionary vs RoBERTa/BERT
FOMC press conferences,2025-06-18,neutral,0.07317073170731707,rf_score,0.01393968001287292,Dictionary vs Random Forest
FOMC press conferences,2025-06-18,neutral,0.07317073170731707,bert_score,-0.23214285714285715,Dictionary vs RoBERTa/BERT
FOMC press conferences,2025-07-30,neutral,0.2,rf_score,-0.3851235409470703,Dictionary vs Random Forest
FOMC press conferences,2025-07-30,neutral,0.2,bert_score,-0.23255813953488372,Dictionary vs RoBERTa/BERT
FOMC press conferences,2025-09-17,dovish,-0.16981132075471697,rf_score,-0.6138888888888888,Dictionary vs Random Forest
FOMC press conferences,2025-09-17,dovish,-0.16981132075471697,bert_score,-0.4705882352941176,Dictionary vs RoBERTa/BERT
FOMC press conferences,2025-10-29,dovish,-0.06382978723404255,rf_score,-0.9030303030303032,Dictionary vs Random Forest
FOMC press conferences,2025-10-29,dovish,-0.06382978723404255,bert_score,-0.3064516129032258,Dictionary vs RoBERTa/BERT
FOMC press conferences,2025-12-10,dovish,0.2653061224489796,rf_score,-0.7741666666666666,Dictionary vs Random Forest
FOMC press conferences,2025-12-10,dovish,0.2653061224489796,bert_score,-0.09923664122137404,Dictionary vs RoBERTa/BERT
FOMC press conferences,2026-01-28,neutral,0.3157894736842105,rf_score,-0.3708451681067685,Dictionary vs Random Forest
FOMC press conferences,2026-01-28,neutral,0.3157894736842105,bert_score,-0.24731182795698925,Dictionary vs RoBERTa/BERT
FOMC press conferences,2026-03-18,neutral,0.3928571428571429,rf_score,-0.39193937274133506,Dictionary vs Random Forest
FOMC press conferences,2026-03-18,neutral,0.3928571428571429,bert_score,-0.11827956989247312,Dictionary vs RoBERTa/BERT
ECB statements,1999-01-07,neutral,0,rf_score,0.03437918688024283,Dictionary vs Random Forest
ECB statements,1999-01-07,neutral,0,bert_score,0,Dictionary vs RoBERTa/BERT
ECB statements,1999-03-04,neutral,0,rf_score,0.4710399418466333,Dictionary vs Random Forest
ECB statements,1999-03-04,neutral,0,bert_score,0,Dictionary vs RoBERTa/BERT
ECB statements,1999-04-08,dovish,0,rf_score,1,Dictionary vs Random Forest
ECB statements,1999-04-08,dovish,0,bert_score,0,Dictionary vs RoBERTa/BERT
ECB statements,1999-05-06,neutral,0,rf_score,0.00180572140193529,Dictionary vs Random Forest
ECB statements,1999-05-06,neutral,0,bert_score,0,Dictionary vs RoBERTa/BERT
ECB statements,1999-06-17,neutral,0,rf_score,0.00356218214964994,Dictionary vs Random Forest
ECB statements,1999-06-17,neutral,0,bert_score,0,Dictionary vs RoBERTa/BERT
ECB statements,1999-09-09,neutral,0,rf_score,0.00345482015755254,Dictionary vs Random Forest
ECB statements,1999-09-09,neutral,0,bert_score,0,Dictionary vs RoBERTa/BERT
ECB statements,1999-10-07,neutral,0,rf_score,0.00494373148178075,Dictionary vs Random Forest
ECB statements,1999-10-07,neutral,0,bert_score,0,Dictionary vs RoBERTa/BERT
ECB statements,1999-11-04,hawkish,0,rf_score,-0.11385426653883036,Dictionary vs Random Forest
ECB statements,1999-11-04,hawkish,0,bert_score,0,Dictionary vs RoBERTa/BERT
ECB statements,1999-12-02,neutral,0,rf_score,-0.12388917817241756,Dictionary vs Random Forest
ECB statements,1999-12-02,neutral,0,bert_score,0,Dictionary vs RoBERTa/BERT
ECB statements,2000-01-20,neutral,0,rf_score,-0.00663944364906,Dictionary vs Random Forest
ECB statements,2000-01-20,neutral,0,bert_score,0,Dictionary vs RoBERTa/BERT
ECB statements,2000-02-03,hawkish,0,rf_score,0.04276315789473683,Dictionary vs Random Forest
ECB statements,2000-02-03,hawkish,0,bert_score,0.2307692307692308,Dictionary vs RoBERTa/BERT
ECB statements,2000-03-16,hawkish,0.42857142857142855,rf_score,0.5749670619235837,Dictionary vs Random Forest
ECB statements,2000-03-16,hawkish,0.42857142857142855,bert_score,0.23809523809523808,Dictionary vs RoBERTa/BERT
ECB statements,2000-04-13,neutral,0,rf_score,0.00526095993544841,Dictionary vs Random Forest
ECB statements,2000-04-13,neutral,0,bert_score,0,Dictionary vs RoBERTa/BERT
ECB statements,2000-05-11,neutral,0,rf_score,0.00379562505306902,Dictionary vs Random Forest
ECB statements,2000-05-11,neutral,0,bert_score,0,Dictionary vs RoBERTa/BERT
ECB statements,2000-06-08,hawkish,0,rf_score,0.09876238556304869,Dictionary vs Random Forest
ECB statements,2000-06-08,hawkish,0,bert_score,0.2307692307692308,Dictionary vs RoBERTa/BERT
ECB statements,2000-07-06,neutral,0,rf_score,0.00433220507584759,Dictionary vs Random Forest
ECB statements,2000-07-06,neutral,0,bert_score,0,Dictionary vs RoBERTa/BERT
ECB statements,2000-08-31,hawkish,0.2,rf_score,0.2421989934185055,Dictionary vs Random Forest
ECB statements,2000-08-31,hawkish,0.2,bert_score,0.3636363636363637,Dictionary vs RoBERTa/BERT
ECB statements,2000-09-05,neutral,0,rf_score,-0.0889833522597947,Dictionary vs Random Forest
ECB statements,2000-09-05,neutral,0,bert_score,0,Dictionary vs RoBERTa/BERT
ECB statements,2000-10-05,hawkish,0,rf_score,0.16910631741140214,Dictionary vs Random Forest
ECB statements,2000-10-05,hawkish,0,bert_score,0.2307692307692308,Dictionary vs RoBERTa/BERT
ECB statements,2000-12-14,neutral,0,rf_score,0.01355837404627814,Dictionary vs Random Forest
ECB statements,2000-12-14,neutral,0,bert_score,0,Dictionary vs RoBERTa/BERT
ECB statements,2001-02-01,neutral,0,rf_score,0.00326145823561033,Dictionary vs Random Forest
ECB statements,2001-02-01,neutral,0,bert_score,0,Dictionary vs RoBERTa/BERT
ECB statements,2001-03-15,neutral,0,rf_score,0.00173203769610532,Dictionary vs Random Forest
ECB statements,2001-03-15,neutral,0,bert_score,0,Dictionary vs RoBERTa/BERT
ECB statements,2001-05-10,dovish,0,rf_score,-0.0293754722442498,Dictionary vs Random Forest
ECB statements,2001-05-10,dovish,0,bert_score,0,Dictionary vs RoBERTa/BERT
ECB statements,2001-06-07,neutral,0,rf_score,0.0041925170610595,Dictionary vs Random Forest
ECB statements,2001-06-07,neutral,0,bert_score,0,Dictionary vs RoBERTa/BERT
ECB statements,2001-07-05,neutral,0,rf_score,0.003789596197436,Dictionary vs Random Forest
ECB statements,2001-07-05,neutral,0,bert_score,0,Dictionary vs RoBERTa/BERT
ECB statements,2001-08-30,dovish,0,rf_score,-0.11803104765111616,Dictionary vs Random Forest
ECB statements,2001-08-30,dovish,0,bert_score,0,Dictionary vs RoBERTa/BERT
ECB statements,2001-09-13,neutral,0,rf_score,-0.03245497389610674,Dictionary vs Random Forest
ECB statements,2001-09-13,neutral,0,bert_score,-0.16666666666666666,Dictionary vs RoBERTa/BERT
ECB statements,2001-09-17,neutral,0,rf_score,-0.06083445391583458,Dictionary vs Random Forest
ECB statements,2001-09-17,neutral,0,bert_score,-0.125,Dictionary vs RoBERTa/BERT
ECB statements,2001-11-08,dovish,0,rf_score,-0.0891842229044556,Dictionary vs Random Forest
ECB statements,2001-11-08,dovish,0,bert_score,0,Dictionary vs RoBERTa/BERT
ECB statements,2001-12-06,neutral,0,rf_score,-0.12859925293141555,Dictionary vs Random Forest
ECB statements,2001-12-06,neutral,0,bert_score,0,Dictionary vs RoBERTa/BERT
ECB statements,2002-01-10,neutral,0,rf_score,-0.06055414632250799,Dictionary vs Random Forest
ECB statements,2002-01-10,neutral,0,bert_score,-0.2,Dictionary vs RoBERTa/BERT
ECB statements,2002-02-07,neutral,0,rf_score,-0.10446712964710436,Dictionary vs Random Forest
ECB statements,2002-02-07,neutral,0,bert_score,0,Dictionary vs RoBERTa/BERT
ECB statements,2002-03-07,neutral,0,rf_score,0.00410962276489833,Dictionary vs Random Forest
ECB statements,2002-03-07,neutral,0,bert_score,0,Dictionary vs RoBERTa/BERT
ECB statements,2002-04-04,neutral,0,rf_score,0.00462051929001319,Dictionary vs Random Forest
ECB statements,2002-04-04,neutral,0,bert_score,0,Dictionary vs RoBERTa/BERT
ECB statements,2002-05-02,neutral,0,rf_score,0.00266623563105472,Dictionary vs Random Forest
ECB statements,2002-05-02,neutral,0,bert_score,0,Dictionary vs RoBERTa/BERT
ECB statements,2002-06-06,neutral,0,rf_score,0.00445322200105307,Dictionary vs Random Forest
ECB statements,2002-06-06,neutral,0,bert_score,0,Dictionary vs RoBERTa/BERT
ECB statements,2002-07-04,neutral,0,rf_score,0.00334331875513833,Dictionary vs Random Forest
ECB statements,2002-07-04,neutral,0,bert_score,0,Dictionary vs RoBERTa/BERT
ECB statements,2002-08-01,neutral,0,rf_score,0.00201629337099921,Dictionary vs Random Forest
ECB statements,2002-08-01,neutral,0,bert_score,0,Dictionary vs RoBERTa/BERT
ECB statements,2002-09-12,neutral,0,rf_score,0.00493503933187593,Dictionary vs Random Forest
ECB statements,2002-09-12,neutral,0,bert_score,0,Dictionary vs RoBERTa/BERT
ECB statements,2002-10-10,neutral,0,rf_score,0.0025512477071386,Dictionary vs Random Forest
ECB statements,2002-10-10,neutral,0,bert_score,0,Dictionary vs RoBERTa/BERT
ECB statements,2002-11-07,neutral,0,rf_score,0.00295682210923696,Dictionary vs Random Forest
ECB statements,2002-11-07,neutral,0,bert_score,0,Dictionary vs RoBERTa/BERT
ECB statements,2002-12-05,dovish,0,rf_score,-0.13280867875427504,Dictionary vs Random Forest
ECB statements,2002-12-05,dovish,0,bert_score,0,Dictionary vs RoBERTa/BERT
ECB statements,2003-01-23,neutral,0,rf_score,-0.07112341928811672,Dictionary vs Random Forest
ECB statements,2003-01-23,neutral,0,bert_score,0,Dictionary vs RoBERTa/BERT
ECB statements,2003-02-06,neutral,0,rf_score,0.00516030082717447,Dictionary vs Random Forest
ECB statements,2003-02-06,neutral,0,bert_score,0,Dictionary vs RoBERTa/BERT
ECB statements,2003-03-06,dovish,0,rf_score,-0.06286164584036924,Dictionary vs Random Forest
ECB statements,2003-03-06,dovish,0,bert_score,0,Dictionary vs RoBERTa/BERT
ECB statements,2003-04-03,neutral,0,rf_score,0.00486640248030748,Dictionary vs Random Forest
ECB statements,2003-04-03,neutral,0,bert_score,0,Dictionary vs RoBERTa/BERT
ECB statements,2003-05-08,neutral,0,rf_score,0.00458324089338939,Dictionary vs Random Forest
ECB statements,2003-05-08,neutral,0,bert_score,0,Dictionary vs RoBERTa/BERT
ECB statements,2003-06-05,dovish,0,rf_score,-0.08634529325980478,Dictionary vs Random Forest
ECB statements,2003-06-05,dovish,0,bert_score,0,Dictionary vs RoBERTa/BERT
ECB statements,2003-07-10,neutral,0,rf_score,0.00469265039877205,Dictionary vs Random Forest
ECB statements,2003-07-10,neutral,0,bert_score,0,Dictionary vs RoBERTa/BERT
ECB statements,2003-09-04,neutral,0,rf_score,4.237930959265397e-4,Dictionary vs Random Forest
ECB statements,2003-09-04,neutral,0,bert_score,0,Dictionary vs RoBERTa/BERT
ECB statements,2003-10-02,neutral,0,rf_score,0.00480036334914405,Dictionary vs Random Forest
ECB statements,2003-10-02,neutral,0,bert_score,0,Dictionary vs RoBERTa/BERT
ECB statements,2003-11-06,neutral,0,rf_score,0.00539809405211532,Dictionary vs Random Forest
ECB statements,2003-11-06,neutral,0,bert_score,0,Dictionary vs RoBERTa/BERT
ECB statements,2003-12-04,neutral,0,rf_score,0.00277683483622013,Dictionary vs Random Forest
ECB statements,2003-12-04,neutral,0,bert_score,0,Dictionary vs RoBERTa/BERT
ECB statements,2004-01-08,neutral,0,rf_score,0.00177802359675484,Dictionary vs Random Forest
ECB statements,2004-01-08,neutral,0,bert_score,0,Dictionary vs RoBERTa/BERT
ECB statements,2004-02-05,neutral,0,rf_score,0.00274430618976764,Dictionary vs Random Forest
ECB statements,2004-02-05,neutral,0,bert_score,0,Dictionary vs RoBERTa/BERT
ECB statements,2004-03-04,neutral,0,rf_score,0.00535599977883084,Dictionary vs Random Forest
ECB statements,2004-03-04,neutral,0,bert_score,0,Dictionary vs RoBERTa/BERT
ECB statements,2004-04-01,neutral,0,rf_score,0.00172424738087154,Dictionary vs Random Forest
ECB statements,2004-04-01,neutral,0,bert_score,0,Dictionary vs RoBERTa/BERT
ECB statements,2004-05-06,neutral,0,rf_score,0.00361137391322437,Dictionary vs Random Forest
ECB statements,2004-05-06,neutral,0,bert_score,0,Dictionary vs RoBERTa/BERT
ECB statements,2004-06-03,neutral,0,rf_score,0.00272720394941295,Dictionary vs Random Forest
ECB statements,2004-06-03,neutral,0,bert_score,0,Dictionary vs RoBERTa/BERT
ECB statements,2004-07-01,neutral,0,rf_score,0.005940692879774,Dictionary vs Random Forest
ECB statements,2004-07-01,neutral,0,bert_score,0,Dictionary vs RoBERTa/BERT
ECB statements,2004-08-05,neutral,0,rf_score,0.00391729438482249,Dictionary vs Random Forest
ECB statements,2004-08-05,neutral,0,bert_score,0,Dictionary vs RoBERTa/BERT
ECB statements,2004-09-02,neutral,0,rf_score,0.00221265851467504,Dictionary vs Random Forest
ECB statements,2004-09-02,neutral,0,bert_score,0,Dictionary vs RoBERTa/BERT
ECB statements,2004-10-07,neutral,0,rf_score,0.00275829402273581,Dictionary vs Random Forest
ECB statements,2004-10-07,neutral,0,bert_score,0,Dictionary vs RoBERTa/BERT
ECB statements,2004-11-04,neutral,0,rf_score,0.00168086464371161,Dictionary vs Random Forest
ECB statements,2004-11-04,neutral,0,bert_score,0,Dictionary vs RoBERTa/BERT
ECB statements,2004-12-02,neutral,0,rf_score,0.00314039231659369,Dictionary vs Random Forest
ECB statements,2004-12-02,neutral,0,bert_score,0,Dictionary vs RoBERTa/BERT
ECB statements,2005-01-13,neutral,0,rf_score,0.00433653709151751,Dictionary vs Random Forest
ECB statements,2005-01-13,neutral,0,bert_score,0,Dictionary vs RoBERTa/BERT
ECB statements,2005-02-03,neutral,0,rf_score,8.001742411851732e-4,Dictionary vs Random Forest
ECB statements,2005-02-03,neutral,0,bert_score,0,Dictionary vs RoBERTa/BERT
ECB statements,2005-03-03,neutral,0,rf_score,6.331957112757428e-4,Dictionary vs Random Forest
ECB statements,2005-03-03,neutral,0,bert_score,0,Dictionary vs RoBERTa/BERT
ECB statements,2005-04-07,neutral,0,rf_score,0.00217675908170761,Dictionary vs Random Forest
ECB statements,2005-04-07,neutral,0,bert_score,0,Dictionary vs RoBERTa/BERT
ECB statements,2005-05-04,neutral,0,rf_score,0.00434283461205082,Dictionary vs Random Forest
ECB statements,2005-05-04,neutral,0,bert_score,0,Dictionary vs RoBERTa/BERT
ECB statements,2005-06-02,neutral,0,rf_score,0.00196306214518483,Dictionary vs Random Forest
ECB statements,2005-06-02,neutral,0,bert_score,0,Dictionary vs RoBERTa/BERT
ECB statements,2005-07-07,neutral,0,rf_score,0.00471140473059406,Dictionary vs Random Forest
ECB statements,2005-07-07,neutral,0,bert_score,0,Dictionary vs RoBERTa/BERT
ECB statements,2005-08-04,neutral,0,rf_score,0.135673430487396,Dictionary vs Random Forest
ECB statements,2005-08-04,neutral,0,bert_score,0,Dictionary vs RoBERTa/BERT
ECB statements,2005-09-01,neutral,0,rf_score,3.916875583563524e-4,Dictionary vs Random Forest
ECB statements,2005-09-01,neutral,0,bert_score,0,Dictionary vs RoBERTa/BERT
ECB statements,2005-10-06,neutral,0,rf_score,0.00407335741998095,Dictionary vs Random Forest
ECB statements,2005-10-06,neutral,0,bert_score,0,Dictionary vs RoBERTa/BERT
ECB statements,2005-11-03,neutral,0,rf_score,0.00727546166688479,Dictionary vs Random Forest
ECB statements,2005-11-03,neutral,0,bert_score,0,Dictionary vs RoBERTa/BERT
ECB statements,2005-12-01,hawkish,0,rf_score,-0.10593341608490252,Dictionary vs Random Forest
ECB statements,2005-12-01,hawkish,0,bert_score,0,Dictionary vs RoBERTa/BERT
ECB statements,2006-01-12,neutral,0,rf_score,0.00420681344496902,Dictionary vs Random Forest
ECB statements,2006-01-12,neutral,0,bert_score,0,Dictionary vs RoBERTa/BERT
ECB statements,2006-02-02,neutral,0,rf_score,0.00416211299193092,Dictionary vs Random Forest
ECB statements,2006-02-02,neutral,0,bert_score,0,Dictionary vs RoBERTa/BERT
ECB statements,2006-03-02,hawkish,0,rf_score,-0.2222222222222222,Dictionary vs Random Forest
ECB statements,2006-03-02,hawkish,0,bert_score,0,Dictionary vs RoBERTa/BERT
ECB statements,2006-04-06,neutral,0,rf_score,0.00417732311869711,Dictionary vs Random Forest
ECB statements,2006-04-06,neutral,0,bert_score,0,Dictionary vs RoBERTa/BERT
ECB statements,2006-05-04,neutral,0,rf_score,0.00259655526198963,Dictionary vs Random Forest
ECB statements,2006-05-04,neutral,0,bert_score,0,Dictionary vs RoBERTa/BERT
ECB statements,2006-06-08,hawkish,0,rf_score,-0.2458675382588426,Dictionary vs Random Forest
ECB statements,2006-06-08,hawkish,0,bert_score,0,Dictionary vs RoBERTa/BERT
ECB statements,2006-07-06,neutral,0,rf_score,0.00414841067884423,Dictionary vs Random Forest
ECB statements,2006-07-06,neutral,0,bert_score,0,Dictionary vs RoBERTa/BERT
ECB statements,2006-08-03,hawkish,0,rf_score,-0.22471910112359555,Dictionary vs Random Forest
ECB statements,2006-08-03,hawkish,0,bert_score,0,Dictionary vs RoBERTa/BERT
ECB statements,2006-10-05,hawkish,0,rf_score,-0.11452474898202902,Dictionary vs Random Forest
ECB statements,2006-10-05,hawkish,0,bert_score,0,Dictionary vs RoBERTa/BERT
ECB statements,2006-11-02,neutral,0,rf_score,0.00473575047917943,Dictionary vs Random Forest
ECB statements,2006-11-02,neutral,0,bert_score,0,Dictionary vs RoBERTa/BERT
ECB statements,2006-12-07,hawkish,0,rf_score,-0.17166592493695304,Dictionary vs Random Forest
ECB statements,2006-12-07,hawkish,0,bert_score,0,Dictionary vs RoBERTa/BERT
ECB statements,2007-01-11,neutral,0,rf_score,0.00197005668318582,Dictionary vs Random Forest
ECB statements,2007-01-11,neutral,0,bert_score,0,Dictionary vs RoBERTa/BERT
ECB statements,2007-02-08,neutral,0,rf_score,0.00494399979584385,Dictionary vs Random Forest
ECB statements,2007-02-08,neutral,0,bert_score,0,Dictionary vs RoBERTa/BERT
ECB statements,2007-03-08,hawkish,0,rf_score,-0.13038673632845965,Dictionary vs Random Forest
ECB statements,2007-03-08,hawkish,0,bert_score,0,Dictionary vs RoBERTa/BERT
ECB statements,2007-04-12,neutral,0,rf_score,0.00375012353961651,Dictionary vs Random Forest
ECB statements,2007-04-12,neutral,0,bert_score,0,Dictionary vs RoBERTa/BERT
ECB statements,2007-05-10,neutral,0,rf_score,0.00118221191686968,Dictionary vs Random Forest
ECB statements,2007-05-10,neutral,0,bert_score,0,Dictionary vs RoBERTa/BERT
ECB statements,2007-06-06,hawkish,0,rf_score,-0.1667719157444172,Dictionary vs Random Forest
ECB statements,2007-06-06,hawkish,0,bert_score,0,Dictionary vs RoBERTa/BERT
ECB statements,2007-07-05,neutral,0,rf_score,0.00479881355696987,Dictionary vs Random Forest
ECB statements,2007-07-05,neutral,0,bert_score,0,Dictionary vs RoBERTa/BERT
ECB statements,2007-08-02,neutral,0,rf_score,0.00502922915131619,Dictionary vs Random Forest
ECB statements,2007-08-02,neutral,0,bert_score,0,Dictionary vs RoBERTa/BERT
ECB statements,2007-09-06,neutral,0,rf_score,0.00461414580750825,Dictionary vs Random Forest
ECB statements,2007-09-06,neutral,0,bert_score,0,Dictionary vs RoBERTa/BERT
ECB statements,2007-10-04,neutral,0,rf_score,0.00219304787505527,Dictionary vs Random Forest
ECB statements,2007-10-04,neutral,0,bert_score,0,Dictionary vs RoBERTa/BERT
ECB statements,2007-11-08,neutral,0,rf_score,0.00324351819528346,Dictionary vs Random Forest
ECB statements,2007-11-08,neutral,0,bert_score,0,Dictionary vs RoBERTa/BERT
ECB statements,2007-12-06,neutral,0,rf_score,0.00316414672181114,Dictionary vs Random Forest
ECB statements,2007-12-06,neutral,0,bert_score,0,Dictionary vs RoBERTa/BERT
ECB statements,2008-01-10,neutral,0,rf_score,0.00415881615103988,Dictionary vs Random Forest
ECB statements,2008-01-10,neutral,0,bert_score,0,Dictionary vs RoBERTa/BERT
ECB statements,2008-02-07,neutral,0,rf_score,0.00327674354174918,Dictionary vs Random Forest
ECB statements,2008-02-07,neutral,0,bert_score,0,Dictionary vs RoBERTa/BERT
ECB statements,2008-03-06,neutral,0,rf_score,7.013265802375789e-4,Dictionary vs Random Forest
ECB statements,2008-03-06,neutral,0,bert_score,0,Dictionary vs RoBERTa/BERT
ECB statements,2008-04-10,neutral,0,rf_score,0.00375273316843686,Dictionary vs Random Forest
ECB statements,2008-04-10,neutral,0,bert_score,0,Dictionary vs RoBERTa/BERT
ECB statements,2008-05-08,neutral,0,rf_score,0.00123965002985025,Dictionary vs Random Forest
ECB statements,2008-05-08,neutral,0,bert_score,0,Dictionary vs RoBERTa/BERT
ECB statements,2008-06-05,neutral,0,rf_score,0.00214878593630293,Dictionary vs Random Forest
ECB statements,2008-06-05,neutral,0,bert_score,0,Dictionary vs RoBERTa/BERT
ECB statements,2008-07-03,hawkish,0,rf_score,-0.09437022279516127,Dictionary vs Random Forest
ECB statements,2008-07-03,hawkish,0,bert_score,0,Dictionary vs RoBERTa/BERT
ECB statements,2008-08-07,neutral,0,rf_score,0.0033187584533455,Dictionary vs Random Forest
ECB statements,2008-08-07,neutral,0,bert_score,0,Dictionary vs RoBERTa/BERT
ECB statements,2008-09-04,neutral,0,rf_score,0.00346949316185207,Dictionary vs Random Forest
ECB statements,2008-09-04,neutral,0,bert_score,0,Dictionary vs RoBERTa/BERT
ECB statements,2008-10-02,neutral,0,rf_score,0.00362351834096687,Dictionary vs Random Forest
ECB statements,2008-10-02,neutral,0,bert_score,0,Dictionary vs RoBERTa/BERT
ECB statements,2008-10-08,dovish,0.1111111111111111,rf_score,-0.2272727272727273,Dictionary vs Random Forest
ECB statements,2008-10-08,dovish,0.1111111111111111,bert_score,-0.3684210526315789,Dictionary vs RoBERTa/BERT
ECB statements,2008-10-15,neutral,-0.16666666666666666,rf_score,0.20204827712981668,Dictionary vs Random Forest
ECB statements,2008-10-15,neutral,-0.16666666666666666,bert_score,0.09090909090909093,Dictionary vs RoBERTa/BERT
ECB statements,2008-11-06,dovish,0,rf_score,-0.11405334584947008,Dictionary vs Random Forest
ECB statements,2008-11-06,dovish,0,bert_score,0,Dictionary vs RoBERTa/BERT
ECB statements,2008-12-04,dovish,0,rf_score,-0.10374745862478972,Dictionary vs Random Forest
ECB statements,2008-12-04,dovish,0,bert_score,0,Dictionary vs RoBERTa/BERT
ECB statements,2009-01-15,dovish,0,rf_score,-0.7183462532299741,Dictionary vs Random Forest
ECB statements,2009-01-15,dovish,0,bert_score,0,Dictionary vs RoBERTa/BERT
ECB statements,2009-02-05,neutral,0,rf_score,0.00532072037064201,Dictionary vs Random Forest
ECB statements,2009-02-05,neutral,0,bert_score,0,Dictionary vs RoBERTa/BERT
ECB statements,2009-03-05,dovish,0,rf_score,-0.10610196756850288,Dictionary vs Random Forest
ECB statements,2009-03-05,dovish,0,bert_score,0,Dictionary vs RoBERTa/BERT
ECB statements,2009-04-02,dovish,0,bert_score,0,Dictionary vs RoBERTa/BERT
ECB statements,2009-05-07,dovish,0,rf_score,-0.08966509261248518,Dictionary vs Random Forest
ECB statements,2009-05-07,dovish,0,bert_score,0,Dictionary vs RoBERTa/BERT
ECB statements,2009-06-04,neutral,0,rf_score,0.00650536026542641,Dictionary vs Random Forest
ECB statements,2009-06-04,neutral,0,bert_score,0,Dictionary vs RoBERTa/BERT
ECB statements,2009-07-02,neutral,0,rf_score,0.00336753146200756,Dictionary vs Random Forest
ECB statements,2009-07-02,neutral,0,bert_score,0,Dictionary vs RoBERTa/BERT
ECB statements,2009-08-06,neutral,0,rf_score,0.00148631170990871,Dictionary vs Random Forest
ECB statements,2009-08-06,neutral,0,bert_score,0,Dictionary vs RoBERTa/BERT
ECB statements,2009-09-03,neutral,0,rf_score,0.00176217664185554,Dictionary vs Random Forest
ECB statements,2009-09-03,neutral,0,bert_score,0,Dictionary vs RoBERTa/BERT
ECB statements,2009-10-08,neutral,0,rf_score,0.0044234381815945,Dictionary vs Random Forest
ECB statements,2009-10-08,neutral,0,bert_score,0,Dictionary vs RoBERTa/BERT
ECB statements,2009-11-05,neutral,0,rf_score,0.00395733640140809,Dictionary vs Random Forest
ECB statements,2009-11-05,neutral,0,bert_score,0,Dictionary vs RoBERTa/BERT
ECB statements,2009-12-03,neutral,0,rf_score,0.00368776885240759,Dictionary vs Random Forest
ECB statements,2009-12-03,neutral,0,bert_score,0,Dictionary vs RoBERTa/BERT
ECB statements,2010-01-14,neutral,0,rf_score,0.00405651083083329,Dictionary vs Random Forest
ECB statements,2010-01-14,neutral,0,bert_score,0,Dictionary vs RoBERTa/BERT
ECB statements,2010-02-04,neutral,0,rf_score,0.00374835363432067,Dictionary vs Random Forest
ECB statements,2010-02-04,neutral,0,bert_score,0,Dictionary vs RoBERTa/BERT
ECB statements,2010-03-04,neutral,0,rf_score,0.00462389833849263,Dictionary vs Random Forest
ECB statements,2010-03-04,neutral,0,bert_score,0,Dictionary vs RoBERTa/BERT
ECB statements,2010-04-08,neutral,0,rf_score,0.00274472141921813,Dictionary vs Random Forest
ECB statements,2010-04-08,neutral,0,bert_score,0,Dictionary vs RoBERTa/BERT
ECB statements,2010-05-06,neutral,0,rf_score,0.00267904376845177,Dictionary vs Random Forest
ECB statements,2010-05-06,neutral,0,bert_score,0,Dictionary vs RoBERTa/BERT
ECB statements,2010-06-10,neutral,0,rf_score,0.00264396429646477,Dictionary vs Random Forest
ECB statements,2010-06-10,neutral,0,bert_score,0,Dictionary vs RoBERTa/BERT
ECB statements,2010-07-08,neutral,0,rf_score,0.00352127664187972,Dictionary vs Random Forest
ECB statements,2010-07-08,neutral,0,bert_score,0,Dictionary vs RoBERTa/BERT
ECB statements,2010-08-05,neutral,0,rf_score,0.00346596990461822,Dictionary vs Random Forest
ECB statements,2010-08-05,neutral,0,bert_score,0,Dictionary vs RoBERTa/BERT
ECB statements,2010-09-02,neutral,0,rf_score,0.00361597853127535,Dictionary vs Random Forest
ECB statements,2010-09-02,neutral,0,bert_score,0,Dictionary vs RoBERTa/BERT
ECB statements,2010-10-07,neutral,0,rf_score,7.862695914382777e-4,Dictionary vs Random Forest
ECB statements,2010-10-07,neutral,0,bert_score,0,Dictionary vs RoBERTa/BERT
ECB statements,2010-11-04,neutral,0,rf_score,0.00214112449901725,Dictionary vs Random Forest
ECB statements,2010-11-04,neutral,0,bert_score,0,Dictionary vs RoBERTa/BERT
ECB statements,2010-12-02,neutral,0,rf_score,0.00609203522920015,Dictionary vs Random Forest
ECB statements,2010-12-02,neutral,0,bert_score,0,Dictionary vs RoBERTa/BERT
ECB statements,2011-01-13,neutral,0,rf_score,0.00272354473559509,Dictionary vs Random Forest
ECB statements,2011-01-13,neutral,0,bert_score,0,Dictionary vs RoBERTa/BERT
ECB statements,2011-02-03,neutral,0,rf_score,0.001879125840916,Dictionary vs Random Forest
ECB statements,2011-02-03,neutral,0,bert_score,0,Dictionary vs RoBERTa/BERT
ECB statements,2011-03-03,neutral,0,rf_score,0.00356903025369629,Dictionary vs Random Forest
ECB statements,2011-03-03,neutral,0,bert_score,0,Dictionary vs RoBERTa/BERT
ECB statements,2011-04-07,hawkish,0,rf_score,-0.13874463761571454,Dictionary vs Random Forest
ECB statements,2011-04-07,hawkish,0,bert_score,0,Dictionary vs RoBERTa/BERT
ECB statements,2011-05-05,neutral,0,rf_score,0.00290862068842334,Dictionary vs Random Forest
ECB statements,2011-05-05,neutral,0,bert_score,0,Dictionary vs RoBERTa/BERT
ECB statements,2011-06-09,neutral,0,rf_score,0.00543058307057289,Dictionary vs Random Forest
ECB statements,2011-06-09,neutral,0,bert_score,0,Dictionary vs RoBERTa/BERT
ECB statements,2011-07-07,hawkish,0,rf_score,-0.10578034682080928,Dictionary vs Random Forest
ECB statements,2011-07-07,hawkish,0,bert_score,0,Dictionary vs RoBERTa/BERT
ECB statements,2011-08-04,neutral,0,rf_score,0.00318883446246094,Dictionary vs Random Forest
ECB statements,2011-08-04,neutral,0,bert_score,0,Dictionary vs RoBERTa/BERT
ECB statements,2011-09-08,neutral,0,rf_score,0.00257047525573227,Dictionary vs Random Forest
ECB statements,2011-09-08,neutral,0,bert_score,0,Dictionary vs RoBERTa/BERT
ECB statements,2011-10-06,neutral,0,rf_score,0.00419289583854324,Dictionary vs Random Forest
ECB statements,2011-10-06,neutral,0,bert_score,0,Dictionary vs RoBERTa/BERT
ECB statements,2011-11-03,dovish,0,rf_score,-0.02487590814777968,Dictionary vs Random Forest
ECB statements,2011-11-03,dovish,0,bert_score,0,Dictionary vs RoBERTa/BERT
ECB statements,2011-12-08,dovish,0,rf_score,-0.12119925081041732,Dictionary vs Random Forest
ECB statements,2011-12-08,dovish,0,bert_score,0,Dictionary vs RoBERTa/BERT
ECB statements,2012-01-12,neutral,0,rf_score,0.00430961457139599,Dictionary vs Random Forest
ECB statements,2012-01-12,neutral,0,bert_score,0,Dictionary vs RoBERTa/BERT
ECB statements,2012-02-09,neutral,0,rf_score,0.00580468487840604,Dictionary vs Random Forest
ECB statements,2012-02-09,neutral,0,bert_score,0,Dictionary vs RoBERTa/BERT
ECB statements,2012-03-08,neutral,0,rf_score,0.0022966791068125,Dictionary vs Random Forest
ECB statements,2012-03-08,neutral,0,bert_score,0,Dictionary vs RoBERTa/BERT
ECB statements,2012-04-04,neutral,0,rf_score,0.0027352901207996,Dictionary vs Random Forest
ECB statements,2012-04-04,neutral,0,bert_score,0,Dictionary vs RoBERTa/BERT
ECB statements,2012-05-03,neutral,0,rf_score,0.00339406991352405,Dictionary vs Random Forest
ECB statements,2012-05-03,neutral,0,bert_score,0,Dictionary vs RoBERTa/BERT
ECB statements,2012-06-06,neutral,0,rf_score,0.00238048986634226,Dictionary vs Random Forest
ECB statements,2012-06-06,neutral,0,bert_score,0,Dictionary vs RoBERTa/BERT
ECB statements,2012-07-05,dovish,0,rf_score,-0.1650132275132275,Dictionary vs Random Forest
ECB statements,2012-07-05,dovish,0,bert_score,0,Dictionary vs RoBERTa/BERT
ECB statements,2012-08-02,neutral,0,rf_score,0.00432696246032371,Dictionary vs Random Forest
ECB statements,2012-08-02,neutral,0,bert_score,0,Dictionary vs RoBERTa/BERT
ECB statements,2012-09-06,neutral,0,rf_score,0.00241444174226699,Dictionary vs Random Forest
ECB statements,2012-09-06,neutral,0,bert_score,0,Dictionary vs RoBERTa/BERT
ECB statements,2012-10-04,neutral,0,rf_score,0.00428459384235709,Dictionary vs Random Forest
ECB statements,2012-10-04,neutral,0,bert_score,0,Dictionary vs RoBERTa/BERT
ECB statements,2012-11-08,neutral,0,rf_score,0.00399433517664894,Dictionary vs Random Forest
ECB statements,2012-11-08,neutral,0,bert_score,0,Dictionary vs RoBERTa/BERT
ECB statements,2012-12-06,neutral,0,rf_score,0.00548793350305349,Dictionary vs Random Forest
ECB statements,2012-12-06,neutral,0,bert_score,0,Dictionary vs RoBERTa/BERT
ECB statements,2013-01-10,neutral,0,rf_score,0.00603395734764189,Dictionary vs Random Forest
ECB statements,2013-01-10,neutral,0,bert_score,0,Dictionary vs RoBERTa/BERT
ECB statements,2013-02-07,neutral,0,rf_score,0.00420236407113162,Dictionary vs Random Forest
ECB statements,2013-02-07,neutral,0,bert_score,0,Dictionary vs RoBERTa/BERT
ECB statements,2013-03-07,neutral,0,rf_score,0.00403659618952882,Dictionary vs Random Forest
ECB statements,2013-03-07,neutral,0,bert_score,0,Dictionary vs RoBERTa/BERT
ECB statements,2013-04-04,neutral,0,rf_score,0.00402857086618896,Dictionary vs Random Forest
ECB statements,2013-04-04,neutral,0,bert_score,0,Dictionary vs RoBERTa/BERT
ECB statements,2013-05-02,dovish,0,rf_score,-0.1525703076379601,Dictionary vs Random Forest
ECB statements,2013-05-02,dovish,0,bert_score,0,Dictionary vs RoBERTa/BERT
ECB statements,2013-06-06,neutral,0,rf_score,0.00455403542414222,Dictionary vs Random Forest
ECB statements,2013-06-06,neutral,0,bert_score,0,Dictionary vs RoBERTa/BERT
ECB statements,2013-07-04,neutral,0,rf_score,0.00194688636672799,Dictionary vs Random Forest
ECB statements,2013-07-04,neutral,0,bert_score,0,Dictionary vs RoBERTa/BERT
ECB statements,2013-08-01,neutral,0,rf_score,0.00292563527747933,Dictionary vs Random Forest
ECB statements,2013-08-01,neutral,0,bert_score,0,Dictionary vs RoBERTa/BERT
ECB statements,2013-09-05,neutral,0,rf_score,0.00504928679335407,Dictionary vs Random Forest
ECB statements,2013-09-05,neutral,0,bert_score,0,Dictionary vs RoBERTa/BERT
ECB statements,2013-10-02,neutral,0,rf_score,0.00620084474706752,Dictionary vs Random Forest
ECB statements,2013-10-02,neutral,0,bert_score,0,Dictionary vs RoBERTa/BERT
ECB statements,2013-11-07,dovish,0,rf_score,-0.0209803921568627,Dictionary vs Random Forest
ECB statements,2013-11-07,dovish,0,bert_score,0,Dictionary vs RoBERTa/BERT
ECB statements,2013-12-05,neutral,0,rf_score,0.0034478272776452,Dictionary vs Random Forest
ECB statements,2013-12-05,neutral,0,bert_score,0,Dictionary vs RoBERTa/BERT
ECB statements,2014-01-09,neutral,0,rf_score,-0.1998284846190595,Dictionary vs Random Forest
ECB statements,2014-01-09,neutral,0,bert_score,0,Dictionary vs RoBERTa/BERT
ECB statements,2014-02-06,neutral,0,rf_score,0.001576170222697,Dictionary vs Random Forest
ECB statements,2014-02-06,neutral,0,bert_score,0,Dictionary vs RoBERTa/BERT
ECB statements,2014-03-06,neutral,0,rf_score,0.00408757088506081,Dictionary vs Random Forest
ECB statements,2014-03-06,neutral,0,bert_score,0,Dictionary vs RoBERTa/BERT
ECB statements,2014-04-03,neutral,0,rf_score,0.0032818141266339,Dictionary vs Random Forest
ECB statements,2014-04-03,neutral,0,bert_score,0,Dictionary vs RoBERTa/BERT
ECB statements,2014-05-08,neutral,0,rf_score,0.00322290364058396,Dictionary vs Random Forest
ECB statements,2014-05-08,neutral,0,bert_score,0,Dictionary vs RoBERTa/BERT
ECB statements,2014-06-05,dovish,0,rf_score,-0.03004370830457783,Dictionary vs Random Forest
ECB statements,2014-06-05,dovish,0,bert_score,0.09090909090909093,Dictionary vs RoBERTa/BERT
ECB statements,2014-07-03,neutral,0,rf_score,0.00523886099549877,Dictionary vs Random Forest
ECB statements,2014-07-03,neutral,0,bert_score,0,Dictionary vs RoBERTa/BERT
ECB statements,2014-08-07,neutral,0,rf_score,0.00401499909636523,Dictionary vs Random Forest
ECB statements,2014-08-07,neutral,0,bert_score,0,Dictionary vs RoBERTa/BERT
ECB statements,2014-09-04,dovish,0,rf_score,-0.093356700420679,Dictionary vs Random Forest
ECB statements,2014-09-04,dovish,0,bert_score,0,Dictionary vs RoBERTa/BERT
ECB statements,2014-10-02,neutral,0,rf_score,0.00311427861226412,Dictionary vs Random Forest
ECB statements,2014-10-02,neutral,0,bert_score,0,Dictionary vs RoBERTa/BERT
ECB statements,2014-11-06,neutral,0,rf_score,0.00193205896319532,Dictionary vs Random Forest
ECB statements,2014-11-06,neutral,0,bert_score,0,Dictionary vs RoBERTa/BERT
ECB statements,2014-12-04,neutral,0,rf_score,0.00387536585349878,Dictionary vs Random Forest
ECB statements,2014-12-04,neutral,0,bert_score,0,Dictionary vs RoBERTa/BERT
ECB statements,2015-01-22,neutral,0,rf_score,0.00408465050008487,Dictionary vs Random Forest
ECB statements,2015-01-22,neutral,0,bert_score,0,Dictionary vs RoBERTa/BERT
ECB statements,2015-03-05,neutral,0,rf_score,0.00281482575050819,Dictionary vs Random Forest
ECB statements,2015-03-05,neutral,0,bert_score,0,Dictionary vs RoBERTa/BERT
ECB statements,2015-04-15,neutral,0,rf_score,0.00491762362261251,Dictionary vs Random Forest
ECB statements,2015-04-15,neutral,0,bert_score,0,Dictionary vs RoBERTa/BERT
ECB statements,2015-06-03,neutral,0,rf_score,0.00437479748011117,Dictionary vs Random Forest
ECB statements,2015-06-03,neutral,0,bert_score,0,Dictionary vs RoBERTa/BERT
ECB statements,2015-07-16,neutral,0,rf_score,0.00259425899176062,Dictionary vs Random Forest
ECB statements,2015-07-16,neutral,0,bert_score,0,Dictionary vs RoBERTa/BERT
ECB statements,2015-09-03,neutral,0,rf_score,0.00403826390251046,Dictionary vs Random Forest
ECB statements,2015-09-03,neutral,0,bert_score,0,Dictionary vs RoBERTa/BERT
ECB statements,2015-10-22,neutral,0,rf_score,0.0057447500683887,Dictionary vs Random Forest
ECB statements,2015-10-22,neutral,0,bert_score,0,Dictionary vs RoBERTa/BERT
ECB statements,2015-12-03,neutral,0,rf_score,0.00468364042757065,Dictionary vs Random Forest
ECB statements,2015-12-03,neutral,0,bert_score,-0.09090909090909093,Dictionary vs RoBERTa/BERT
ECB statements,2016-01-21,neutral,0,rf_score,0.0040073132901645,Dictionary vs Random Forest
ECB statements,2016-01-21,neutral,0,bert_score,0,Dictionary vs RoBERTa/BERT
ECB statements,2016-03-10,dovish,-0.2307692307692308,rf_score,0.408595428258592,Dictionary vs Random Forest
ECB statements,2016-03-10,dovish,-0.2307692307692308,bert_score,-0.2,Dictionary vs RoBERTa/BERT
ECB statements,2016-04-21,neutral,-0.2307692307692308,rf_score,0.00510144501675666,Dictionary vs Random Forest
ECB statements,2016-04-21,neutral,-0.2307692307692308,bert_score,0.09090909090909093,Dictionary vs RoBERTa/BERT
ECB statements,2016-06-02,neutral,-0.16666666666666666,rf_score,-0.00254664933108452,Dictionary vs Random Forest
ECB statements,2016-06-02,neutral,-0.16666666666666666,bert_score,0,Dictionary vs RoBERTa/BERT
ECB statements,2016-07-21,neutral,-0.3333333333333333,rf_score,0.00389262813267628,Dictionary vs Random Forest
ECB statements,2016-07-21,neutral,-0.3333333333333333,bert_score,-0.09090909090909093,Dictionary vs RoBERTa/BERT
ECB statements,2016-09-08,neutral,-0.3333333333333333,rf_score,0.00366708618774006,Dictionary vs Random Forest
ECB statements,2016-09-08,neutral,-0.3333333333333333,bert_score,-0.09090909090909093,Dictionary vs RoBERTa/BERT
ECB statements,2016-10-20,neutral,-0.3333333333333333,rf_score,0.00477209109269607,Dictionary vs Random Forest
ECB statements,2016-10-20,neutral,-0.3333333333333333,bert_score,-0.09090909090909093,Dictionary vs RoBERTa/BERT
ECB statements,2016-12-08,neutral,-0.5454545454545454,rf_score,0.01084187025066621,Dictionary vs Random Forest
ECB statements,2016-12-08,neutral,-0.5454545454545454,bert_score,0.07692307692307693,Dictionary vs RoBERTa/BERT
ECB statements,2017-01-19,neutral,-0.5238095238095238,rf_score,0.0040089956151939,Dictionary vs Random Forest
ECB statements,2017-01-19,neutral,-0.5238095238095238,bert_score,0,Dictionary vs RoBERTa/BERT
ECB statements,2017-03-09,neutral,-0.5238095238095238,rf_score,0.00314227349194905,Dictionary vs Random Forest
ECB statements,2017-03-09,neutral,-0.5238095238095238,bert_score,0,Dictionary vs RoBERTa/BERT
ECB statements,2017-04-27,neutral,-0.5238095238095238,rf_score,0.00173728517127999,Dictionary vs Random Forest
ECB statements,2017-04-27,neutral,-0.5238095238095238,bert_score,0,Dictionary vs RoBERTa/BERT
ECB statements,2017-06-08,neutral,-0.5238095238095238,rf_score,0.00376223023108725,Dictionary vs Random Forest
ECB statements,2017-06-08,neutral,-0.5238095238095238,bert_score,0.09090909090909093,Dictionary vs RoBERTa/BERT
ECB statements,2017-07-20,neutral,-0.5238095238095238,rf_score,0.00179617619403524,Dictionary vs Random Forest
ECB statements,2017-07-20,neutral,-0.5238095238095238,bert_score,0.09090909090909093,Dictionary vs RoBERTa/BERT
ECB statements,2017-09-07,neutral,-0.5238095238095238,rf_score,0.00485045833440938,Dictionary vs Random Forest
ECB statements,2017-09-07,neutral,-0.5238095238095238,bert_score,0.09090909090909093,Dictionary vs RoBERTa/BERT
ECB statements,2017-10-26,neutral,-0.5833333333333334,rf_score,2.6075977162933785e-4,Dictionary vs Random Forest
ECB statements,2017-10-26,neutral,-0.5833333333333334,bert_score,0.2307692307692308,Dictionary vs RoBERTa/BERT
ECB statements,2017-12-14,neutral,-0.5652173913043478,rf_score,3.5006651263740085e-4,Dictionary vs Random Forest
ECB statements,2017-12-14,neutral,-0.5652173913043478,bert_score,0.16666666666666666,Dictionary vs RoBERTa/BERT
ECB statements,2018-01-25,neutral,-0.5652173913043478,rf_score,3.193867773874162e-4,Dictionary vs Random Forest
ECB statements,2018-01-25,neutral,-0.5652173913043478,bert_score,0.16666666666666666,Dictionary vs RoBERTa/BERT
ECB statements,2018-03-08,neutral,-0.5454545454545454,rf_score,0.01582589899614962,Dictionary vs Random Forest
ECB statements,2018-03-08,neutral,-0.5454545454545454,bert_score,0.09090909090909093,Dictionary vs RoBERTa/BERT
ECB statements,2018-04-26,neutral,-0.5454545454545454,rf_score,0.01739580660964647,Dictionary vs Random Forest
ECB statements,2018-04-26,neutral,-0.5454545454545454,bert_score,0.09090909090909093,Dictionary vs RoBERTa/BERT
ECB statements,2018-06-14,neutral,-0.5384615384615384,rf_score,3.193867773874162e-4,Dictionary vs Random Forest
ECB statements,2018-06-14,neutral,-0.5384615384615384,bert_score,-0.2307692307692308,Dictionary vs RoBERTa/BERT
ECB statements,2018-07-26,neutral,-0.5454545454545454,rf_score,0.00203227289942108,Dictionary vs Random Forest
ECB statements,2018-07-26,neutral,-0.5454545454545454,bert_score,-0.16666666666666666,Dictionary vs RoBERTa/BERT
ECB statements,2018-09-13,neutral,-0.5454545454545454,rf_score,0.0019072099517644,Dictionary vs Random Forest
ECB statements,2018-09-13,neutral,-0.5454545454545454,bert_score,-0.16666666666666666,Dictionary vs RoBERTa/BERT
ECB statements,2018-10-25,neutral,-0.5,rf_score,2.8698522026115655e-4,Dictionary vs Random Forest
ECB statements,2018-10-25,neutral,-0.5,bert_score,-0.09090909090909093,Dictionary vs RoBERTa/BERT
ECB statements,2018-12-13,neutral,-0.4117647058823529,rf_score,-0.00151159346703901,Dictionary vs Random Forest
ECB statements,2018-12-13,neutral,-0.4117647058823529,bert_score,0,Dictionary vs RoBERTa/BERT
ECB statements,2019-01-24,neutral,-0.3333333333333333,rf_score,-0.00706561264448813,Dictionary vs Random Forest
ECB statements,2019-01-24,neutral,-0.3333333333333333,bert_score,-0.09090909090909093,Dictionary vs RoBERTa/BERT
ECB statements,2019-03-07,neutral,-0.47368421052631576,rf_score,-0.00869936150025406,Dictionary vs Random Forest
ECB statements,2019-03-07,neutral,-0.47368421052631576,bert_score,0.07692307692307693,Dictionary vs RoBERTa/BERT
ECB statements,2019-04-10,neutral,-0.3333333333333333,rf_score,-0.0050276686052857,Dictionary vs Random Forest
ECB statements,2019-04-10,neutral,-0.3333333333333333,bert_score,-0.09090909090909093,Dictionary vs RoBERTa/BERT
ECB statements,2019-06-06,neutral,-0.375,rf_score,-0.01336890173013911,Dictionary vs Random Forest
ECB statements,2019-06-06,neutral,-0.375,bert_score,-0.07692307692307693,Dictionary vs RoBERTa/BERT
ECB statements,2019-07-25,neutral,-0.5,rf_score,0.00359277356461581,Dictionary vs Random Forest
ECB statements,2019-07-25,neutral,-0.5,bert_score,0,Dictionary vs RoBERTa/BERT
ECB statements,2019-09-12,neutral,-0.4545454545454546,rf_score,-0.16722733621288394,Dictionary vs Random Forest
ECB statements,2019-09-12,neutral,-0.4545454545454546,bert_score,-0.375,Dictionary vs RoBERTa/BERT
ECB statements,2019-10-24,neutral,-0.29411764705882354,rf_score,0.02193562610229276,Dictionary vs Random Forest
ECB statements,2019-10-24,neutral,-0.29411764705882354,bert_score,-0.2307692307692308,Dictionary vs RoBERTa/BERT
ECB statements,2019-12-12,neutral,-0.29411764705882354,rf_score,-0.00966289859954853,Dictionary vs Random Forest
ECB statements,2019-12-12,neutral,-0.29411764705882354,bert_score,-0.2307692307692308,Dictionary vs RoBERTa/BERT
ECB statements,2020-01-23,neutral,-0.29411764705882354,rf_score,-0.0016653148365684,Dictionary vs Random Forest
ECB statements,2020-01-23,neutral,-0.29411764705882354,bert_score,-0.2307692307692308,Dictionary vs RoBERTa/BERT
ECB statements,2020-03-12,neutral,-0.5,rf_score,-0.01245255348516218,Dictionary vs Random Forest
ECB statements,2020-03-12,neutral,-0.5,bert_score,-0.04761904761904761,Dictionary vs RoBERTa/BERT
ECB statements,2020-04-30,neutral,-0.5714285714285714,rf_score,-0.1504678723147662,Dictionary vs Random Forest
ECB statements,2020-04-30,neutral,-0.5714285714285714,bert_score,-0.3333333333333333,Dictionary vs RoBERTa/BERT
ECB statements,2020-06-04,neutral,-0.5714285714285714,rf_score,0.00179664705600994,Dictionary vs Random Forest
ECB statements,2020-06-04,neutral,-0.5714285714285714,bert_score,-0.125,Dictionary vs RoBERTa/BERT
ECB statements,2020-07-16,neutral,-0.5714285714285714,rf_score,0.00187831283128312,Dictionary vs Random Forest
ECB statements,2020-07-16,neutral,-0.5714285714285714,bert_score,-0.125,Dictionary vs RoBERTa/BERT
ECB statements,2020-09-10,neutral,-0.5714285714285714,rf_score,0.00203227289942108,Dictionary vs Random Forest
ECB statements,2020-09-10,neutral,-0.5714285714285714,bert_score,-0.125,Dictionary vs RoBERTa/BERT
ECB statements,2020-10-29,neutral,-0.5862068965517241,rf_score,3.0003000300030005e-4,Dictionary vs Random Forest
ECB statements,2020-10-29,neutral,-0.5862068965517241,bert_score,-0.2222222222222222,Dictionary vs RoBERTa/BERT
ECB statements,2020-12-10,neutral,-0.4838709677419355,rf_score,0.03012285817622858,Dictionary vs Random Forest
ECB statements,2020-12-10,neutral,-0.4838709677419355,bert_score,-0.09090909090909093,Dictionary vs RoBERTa/BERT
ECB statements,2021-01-21,neutral,-0.6363636363636364,rf_score,0.00162760416666666,Dictionary vs Random Forest
ECB statements,2021-01-21,neutral,-0.6363636363636364,bert_score,-0.15789473684210523,Dictionary vs RoBERTa/BERT
ECB statements,2021-03-11,neutral,-0.6363636363636364,rf_score,0.00210116350618112,Dictionary vs Random Forest
ECB statements,2021-03-11,neutral,-0.6363636363636364,bert_score,-0.1,Dictionary vs RoBERTa/BERT
ECB statements,2021-04-22,neutral,-0.6363636363636364,rf_score,0.00173611111111111,Dictionary vs Random Forest
ECB statements,2021-04-22,neutral,-0.6363636363636364,bert_score,-0.14285714285714285,Dictionary vs RoBERTa/BERT
ECB statements,2021-06-10,neutral,-0.6470588235294118,rf_score,0.00162760416666666,Dictionary vs Random Forest
ECB statements,2021-06-10,neutral,-0.6470588235294118,bert_score,-0.14285714285714285,Dictionary vs RoBERTa/BERT
ECB statements,2021-07-22,neutral,-0.5609756097560976,rf_score,0.00193701010726072,Dictionary vs Random Forest
ECB statements,2021-07-22,neutral,-0.5609756097560976,bert_score,-0.25925925925925924,Dictionary vs RoBERTa/BERT
ECB statements,2021-09-09,neutral,-0.6818181818181818,rf_score,-0.02132991076885466,Dictionary vs Random Forest
ECB statements,2021-09-09,neutral,-0.6818181818181818,bert_score,-0.3,Dictionary vs RoBERTa/BERT
ECB statements,2021-10-28,neutral,-0.6818181818181818,rf_score,-0.02385978181151448,Dictionary vs Random Forest
ECB statements,2021-10-28,neutral,-0.6818181818181818,bert_score,-0.3333333333333333,Dictionary vs RoBERTa/BERT
ECB statements,2021-12-16,neutral,-0.5757575757575758,rf_score,-0.00520833333333333,Dictionary vs Random Forest
ECB statements,2021-12-16,neutral,-0.5757575757575758,bert_score,-0.38461538461538464,Dictionary vs RoBERTa/BERT
ECB statements,2022-02-03,neutral,-0.5483870967741935,rf_score,-0.01235569985569985,Dictionary vs Random Forest
ECB statements,2022-02-03,neutral,-0.5483870967741935,bert_score,-0.2,Dictionary vs RoBERTa/BERT
ECB statements,2022-03-10,neutral,-0.6571428571428571,rf_score,-0.00537187647336162,Dictionary vs Random Forest
ECB statements,2022-03-10,neutral,-0.6571428571428571,bert_score,-0.2727272727272727,Dictionary vs RoBERTa/BERT
ECB statements,2022-04-14,neutral,-0.625,rf_score,0.0019072099517644,Dictionary vs Random Forest
ECB statements,2022-04-14,neutral,-0.625,bert_score,-0.18181818181818185,Dictionary vs RoBERTa/BERT
ECB statements,2022-06-09,neutral,-0.3888888888888889,rf_score,0.40807146949518175,Dictionary vs Random Forest
ECB statements,2022-06-09,neutral,-0.3888888888888889,bert_score,0,Dictionary vs RoBERTa/BERT
ECB statements,2022-07-21,hawkish,-0.3076923076923077,rf_score,0.5926573426573427,Dictionary vs Random Forest
ECB statements,2022-07-21,hawkish,-0.3076923076923077,bert_score,0.04347826086956521,Dictionary vs RoBERTa/BERT
ECB statements,2022-09-08,hawkish,-0.1111111111111111,rf_score,0.8333333333333333,Dictionary vs Random Forest
ECB statements,2022-09-08,hawkish,-0.1111111111111111,bert_score,0.10344827586206896,Dictionary vs RoBERTa/BERT
ECB statements,2022-10-27,hawkish,0,rf_score,0.05092592592592593,Dictionary vs Random Forest
ECB statements,2022-10-27,hawkish,0,bert_score,0.13043478260869565,Dictionary vs RoBERTa/BERT
ECB statements,2022-12-15,hawkish,0.0303030303030303,rf_score,0.3333333333333333,Dictionary vs Random Forest
ECB statements,2022-12-15,hawkish,0.0303030303030303,bert_score,0,Dictionary vs RoBERTa/BERT
ECB statements,2023-02-02,hawkish,-0.03448275862068965,rf_score,1,Dictionary vs Random Forest
ECB statements,2023-02-02,hawkish,-0.03448275862068965,bert_score,0.23809523809523808,Dictionary vs RoBERTa/BERT
ECB statements,2023-03-16,hawkish,0.07142857142857142,rf_score,0.9575757575757576,Dictionary vs Random Forest
ECB statements,2023-03-16,hawkish,0.07142857142857142,bert_score,0.07142857142857142,Dictionary vs RoBERTa/BERT
ECB statements,2023-05-04,hawkish,0,rf_score,0.6666666666666666,Dictionary vs Random Forest
ECB statements,2023-05-04,hawkish,0,bert_score,0.2631578947368421,Dictionary vs RoBERTa/BERT
ECB statements,2023-06-15,hawkish,0.03225806451612903,rf_score,0.893939393939394,Dictionary vs Random Forest
ECB statements,2023-06-15,hawkish,0.03225806451612903,bert_score,0.14285714285714285,Dictionary vs RoBERTa/BERT
ECB statements,2023-07-27,hawkish,0.09090909090909093,rf_score,0.7435897435897436,Dictionary vs Random Forest
ECB statements,2023-07-27,hawkish,0.09090909090909093,bert_score,0.13043478260869565,Dictionary vs RoBERTa/BERT
ECB statements,2023-09-14,hawkish,0.05555555555555555,rf_score,1,Dictionary vs Random Forest
ECB statements,2023-09-14,hawkish,0.05555555555555555,bert_score,0.21428571428571427,Dictionary vs RoBERTa/BERT
ECB statements,2023-10-26,neutral,-0.04,rf_score,0.05137031778183034,Dictionary vs Random Forest
ECB statements,2023-10-26,neutral,-0.04,bert_score,0.0588235294117647,Dictionary vs RoBERTa/BERT
ECB statements,2023-12-14,neutral,-0.09090909090909093,rf_score,-0.01583525860059252,Dictionary vs Random Forest
ECB statements,2023-12-14,neutral,-0.09090909090909093,bert_score,-0.1724137931034483,Dictionary vs RoBERTa/BERT
ECB statements,2024-01-25,neutral,-0.14285714285714285,rf_score,0.04148759149990678,Dictionary vs Random Forest
ECB statements,2024-01-25,neutral,-0.14285714285714285,bert_score,-0.1111111111111111,Dictionary vs RoBERTa/BERT
ECB statements,2024-03-07,neutral,-0.10344827586206896,rf_score,0.03609047124789254,Dictionary vs Random Forest
ECB statements,2024-03-07,neutral,-0.10344827586206896,bert_score,-0.18181818181818185,Dictionary vs RoBERTa/BERT
ECB statements,2024-04-11,neutral,0,rf_score,0.05543546927403742,Dictionary vs Random Forest
ECB statements,2024-04-11,neutral,0,bert_score,-0.23809523809523808,Dictionary vs RoBERTa/BERT
ECB statements,2024-06-06,dovish,0,rf_score,0.4473684210526316,Dictionary vs Random Forest
ECB statements,2024-06-06,dovish,0,bert_score,-0.25925925925925924,Dictionary vs RoBERTa/BERT
ECB statements,2024-07-18,neutral,0.12,rf_score,-0.1651918758930394,Dictionary vs Random Forest
ECB statements,2024-07-18,neutral,0.12,bert_score,0.05263157894736842,Dictionary vs RoBERTa/BERT
ECB statements,2024-09-12,dovish,0.0967741935483871,rf_score,-0.25,Dictionary vs Random Forest
ECB statements,2024-09-12,dovish,0.0967741935483871,bert_score,-0.2413793103448276,Dictionary vs RoBERTa/BERT
ECB statements,2024-10-17,dovish,-0.08333333333333333,rf_score,0.6923076923076923,Dictionary vs Random Forest
ECB statements,2024-10-17,dovish,-0.08333333333333333,bert_score,-0.3333333333333333,Dictionary vs RoBERTa/BERT
ECB statements,2024-12-12,dovish,-0.25925925925925924,rf_score,-0.16666666666666669,Dictionary vs Random Forest
ECB statements,2024-12-12,dovish,-0.25925925925925924,bert_score,-0.52,Dictionary vs RoBERTa/BERT
ECB statements,2025-01-30,dovish,-0.1724137931034483,rf_score,-1,Dictionary vs Random Forest
ECB statements,2025-01-30,dovish,-0.1724137931034483,bert_score,-0.4782608695652174,Dictionary vs RoBERTa/BERT
ECB statements,2025-03-06,dovish,-0.13333333333333333,rf_score,-1,Dictionary vs Random Forest
ECB statements,2025-03-06,dovish,-0.13333333333333333,bert_score,-0.5384615384615384,Dictionary vs RoBERTa/BERT
ECB statements,2025-04-17,dovish,-0.2,rf_score,-1,Dictionary vs Random Forest
ECB statements,2025-04-17,dovish,-0.2,bert_score,-0.4782608695652174,Dictionary vs RoBERTa/BERT
ECB statements,2025-06-05,dovish,-0.3333333333333333,rf_score,-1,Dictionary vs Random Forest
ECB statements,2025-06-05,dovish,-0.3333333333333333,bert_score,-0.4782608695652174,Dictionary vs RoBERTa/BERT
ECB statements,2025-07-24,neutral,-0.15789473684210523,rf_score,0.00107619647517395,Dictionary vs Random Forest
ECB statements,2025-07-24,neutral,-0.15789473684210523,bert_score,-0.375,Dictionary vs RoBERTa/BERT
ECB statements,2025-09-11,neutral,-0.17647058823529413,rf_score,-0.0314205491155619,Dictionary vs Random Forest
ECB statements,2025-09-11,neutral,-0.17647058823529413,bert_score,-0.14285714285714285,Dictionary vs RoBERTa/BERT
ECB statements,2025-10-30,neutral,-0.3333333333333333,rf_score,-0.03017012044505649,Dictionary vs Random Forest
ECB statements,2025-10-30,neutral,-0.3333333333333333,bert_score,-0.375,Dictionary vs RoBERTa/BERT
ECB statements,2025-12-18,neutral,-0.1,rf_score,-0.02901777589636842,Dictionary vs Random Forest
ECB statements,2025-12-18,neutral,-0.1,bert_score,0,Dictionary vs RoBERTa/BERT
ECB statements,2026-02-05,neutral,-0.2631578947368421,rf_score,-0.01732103357394563,Dictionary vs Random Forest
ECB statements,2026-02-05,neutral,-0.2631578947368421,bert_score,-0.2,Dictionary vs RoBERTa/BERT
ECB statements,2026-03-19,neutral,-0.03703703703703703,rf_score,-0.09853894004668856,Dictionary vs Random Forest
ECB statements,2026-03-19,neutral,-0.03703703703703703,bert_score,0.04761904761904761,Dictionary vs RoBERTa/BERT
ECB press conferences,1999-01-07,neutral,0.3333333333333333,rf_score,0.399333136799135,Dictionary vs Random Forest
ECB press conferences,1999-01-07,neutral,0.3333333333333333,bert_score,-0.3953488372093023,Dictionary vs RoBERTa/BERT
ECB press conferences,1999-02-04,neutral,0.08333333333333333,rf_score,-0.11605804014620388,Dictionary vs Random Forest
ECB press conferences,1999-02-04,neutral,0.08333333333333333,bert_score,-0.1914893617021277,Dictionary vs RoBERTa/BERT
ECB press conferences,1999-03-04,neutral,0.1111111111111111,rf_score,-0.03333069894172726,Dictionary vs Random Forest
ECB press conferences,1999-03-04,neutral,0.1111111111111111,bert_score,-0.3103448275862069,Dictionary vs RoBERTa/BERT
ECB press conferences,1999-04-08,dovish,0.04347826086956521,rf_score,-0.25438596491228066,Dictionary vs Random Forest
ECB press conferences,1999-04-08,dovish,0.04347826086956521,bert_score,-0.3333333333333333,Dictionary vs RoBERTa/BERT
ECB press conferences,1999-05-06,neutral,0.3,rf_score,-0.10355823788120438,Dictionary vs Random Forest
ECB press conferences,1999-05-06,neutral,0.3,bert_score,-0.3333333333333333,Dictionary vs RoBERTa/BERT
ECB press conferences,1999-07-15,NA,0.2,bert_score,0.05084745762711865,Dictionary vs RoBERTa/BERT
ECB press conferences,1999-09-09,neutral,0.2,rf_score,0.03836749677415807,Dictionary vs Random Forest
ECB press conferences,1999-09-09,neutral,0.2,bert_score,0.03846153846153846,Dictionary vs RoBERTa/BERT
ECB press conferences,1999-10-07,neutral,0.4545454545454546,rf_score,-0.06108706108706108,Dictionary vs Random Forest
ECB press conferences,1999-10-07,neutral,0.4545454545454546,bert_score,0.2,Dictionary vs RoBERTa/BERT
ECB press conferences,1999-11-04,hawkish,0.15555555555555556,rf_score,0.9885057471264368,Dictionary vs Random Forest
ECB press conferences,1999-11-04,hawkish,0.15555555555555556,bert_score,0.12195121951219512,Dictionary vs RoBERTa/BERT
ECB press conferences,1999-12-02,neutral,0.42857142857142855,rf_score,0.08245031979320322,Dictionary vs Random Forest
ECB press conferences,1999-12-02,neutral,0.42857142857142855,bert_score,0.23404255319148937,Dictionary vs RoBERTa/BERT
ECB press conferences,2000-02-03,hawkish,0.6774193548387096,rf_score,-0.4,Dictionary vs Random Forest
ECB press conferences,2000-02-03,hawkish,0.6774193548387096,bert_score,0.10144927536231883,Dictionary vs RoBERTa/BERT
ECB press conferences,2000-03-02,NA,0.5652173913043478,bert_score,0.04615384615384615,Dictionary vs RoBERTa/BERT
ECB press conferences,2000-03-30,NA,0.6,bert_score,-0.13043478260869565,Dictionary vs RoBERTa/BERT
ECB press conferences,2000-04-13,neutral,0.5862068965517241,rf_score,0.04020386207587012,Dictionary vs Random Forest
ECB press conferences,2000-04-13,neutral,0.5862068965517241,bert_score,0.20689655172413793,Dictionary vs RoBERTa/BERT
ECB press conferences,2000-05-11,neutral,0.09090909090909093,rf_score,-0.10401609538335375,Dictionary vs Random Forest
ECB press conferences,2000-05-11,neutral,0.09090909090909093,bert_score,-0.1914893617021277,Dictionary vs RoBERTa/BERT
ECB press conferences,2000-06-08,hawkish,0.5151515151515151,rf_score,-0.08442265795206971,Dictionary vs Random Forest
ECB press conferences,2000-06-08,hawkish,0.5151515151515151,bert_score,0.2054794520547945,Dictionary vs RoBERTa/BERT
ECB press conferences,2000-07-06,neutral,0.4545454545454546,rf_score,0.5083396879070882,Dictionary vs Random Forest
ECB press conferences,2000-07-06,neutral,0.4545454545454546,bert_score,0.1,Dictionary vs RoBERTa/BERT
ECB press conferences,2000-09-14,NA,0.44,bert_score,-0.1232876712328767,Dictionary vs RoBERTa/BERT
ECB press conferences,2000-10-05,hawkish,0.5,rf_score,0.08333333333333331,Dictionary vs Random Forest
ECB press conferences,2000-10-05,hawkish,0.5,bert_score,-0.12727272727272726,Dictionary vs RoBERTa/BERT
ECB press conferences,2000-10-19,NA,0.2222222222222222,bert_score,-0.2631578947368421,Dictionary vs RoBERTa/BERT
ECB press conferences,2000-11-02,NA,0.5333333333333333,bert_score,-0.2307692307692308,Dictionary vs RoBERTa/BERT
ECB press conferences,2000-12-14,neutral,0.3,rf_score,-0.04521785534757378,Dictionary vs Random Forest
ECB press conferences,2000-12-14,neutral,0.3,bert_score,-0.16,Dictionary vs RoBERTa/BERT
ECB press conferences,2001-02-01,neutral,0.1,rf_score,-0.00426864162042027,Dictionary vs Random Forest
ECB press conferences,2001-02-01,neutral,0.1,bert_score,-0.5384615384615384,Dictionary vs RoBERTa/BERT
ECB press conferences,2001-03-01,NA,0.3333333333333333,bert_score,-0.13513513513513514,Dictionary vs RoBERTa/BERT
ECB press conferences,2001-05-10,dovish,0.3793103448275862,rf_score,-0.13476190476190475,Dictionary vs Random Forest
ECB press conferences,2001-05-10,dovish,0.3793103448275862,bert_score,-0.2608695652173913,Dictionary vs RoBERTa/BERT
ECB press conferences,2001-06-07,neutral,0.36,rf_score,4.025764895330109e-4,Dictionary vs Random Forest
ECB press conferences,2001-06-07,neutral,0.36,bert_score,-0.2682926829268293,Dictionary vs RoBERTa/BERT
ECB press conferences,2001-06-21,NA,0.15789473684210523,bert_score,-0.1891891891891892,Dictionary vs RoBERTa/BERT
ECB press conferences,2001-07-05,neutral,0.2631578947368421,rf_score,-0.04145936981757877,Dictionary vs Random Forest
ECB press conferences,2001-07-05,neutral,0.2631578947368421,bert_score,-0.34615384615384615,Dictionary vs RoBERTa/BERT
ECB press conferences,2001-08-30,dovish,0.08333333333333333,rf_score,-0.32637495274845796,Dictionary vs Random Forest
ECB press conferences,2001-08-30,dovish,0.08333333333333333,bert_score,-0.5510204081632653,Dictionary vs RoBERTa/BERT
ECB press conferences,2001-10-11,NA,-0.2727272727272727,bert_score,-0.4545454545454546,Dictionary vs RoBERTa/BERT
ECB press conferences,2001-11-08,dovish,-0.2258064516129032,rf_score,0.1826923076923077,Dictionary vs Random Forest
ECB press conferences,2001-11-08,dovish,-0.2258064516129032,bert_score,-0.40625,Dictionary vs RoBERTa/BERT
ECB press conferences,2001-12-06,neutral,0.125,rf_score,-0.00446267078498483,Dictionary vs Random Forest
ECB press conferences,2001-12-06,neutral,0.125,bert_score,-0.1914893617021277,Dictionary vs RoBERTa/BERT
ECB press conferences,2001-12-13,NA,0,bert_score,0,Dictionary vs RoBERTa/BERT
ECB press conferences,2002-01-03,NA,0.15789473684210523,bert_score,-0.1111111111111111,Dictionary vs RoBERTa/BERT
ECB press conferences,2002-02-07,neutral,0.14285714285714285,rf_score,-0.09866209259861096,Dictionary vs Random Forest
ECB press conferences,2002-02-07,neutral,0.14285714285714285,bert_score,0.06976744186046512,Dictionary vs RoBERTa/BERT
ECB press conferences,2002-03-07,neutral,0.05263157894736842,rf_score,0,Dictionary vs Random Forest
ECB press conferences,2002-03-07,neutral,0.05263157894736842,bert_score,-0.3023255813953488,Dictionary vs RoBERTa/BERT
ECB press conferences,2002-04-04,neutral,-0.17647058823529413,rf_score,-0.09307461217502032,Dictionary vs Random Forest
ECB press conferences,2002-04-04,neutral,-0.17647058823529413,bert_score,-0.06666666666666667,Dictionary vs RoBERTa/BERT
ECB press conferences,2002-05-02,neutral,0.0588235294117647,rf_score,-0.00426864162042027,Dictionary vs Random Forest
ECB press conferences,2002-05-02,neutral,0.0588235294117647,bert_score,-0.16666666666666666,Dictionary vs RoBERTa/BERT
ECB press conferences,2002-06-06,neutral,0.2631578947368421,rf_score,4.025764895330109e-4,Dictionary vs Random Forest
ECB press conferences,2002-06-06,neutral,0.2631578947368421,bert_score,-0.2307692307692308,Dictionary vs RoBERTa/BERT
ECB press conferences,2002-07-04,neutral,0,rf_score,4.208754208754207e-4,Dictionary vs Random Forest
ECB press conferences,2002-07-04,neutral,0,bert_score,-0.13725490196078433,Dictionary vs RoBERTa/BERT
ECB press conferences,2002-09-12,neutral,0.15789473684210523,rf_score,-0.6794139619803452,Dictionary vs Random Forest
ECB press conferences,2002-09-12,neutral,0.15789473684210523,bert_score,-0.3548387096774194,Dictionary vs RoBERTa/BERT
ECB press conferences,2002-10-10,neutral,-0.1111111111111111,rf_score,-0.09481011412829596,Dictionary vs Random Forest
ECB press conferences,2002-10-10,neutral,-0.1111111111111111,bert_score,-0.06666666666666667,Dictionary vs RoBERTa/BERT
ECB press conferences,2002-11-07,neutral,0.07692307692307693,rf_score,-0.11908110218227522,Dictionary vs Random Forest
ECB press conferences,2002-11-07,neutral,0.07692307692307693,bert_score,-0.23809523809523808,Dictionary vs RoBERTa/BERT
ECB press conferences,2002-12-05,dovish,0.06666666666666667,rf_score,-0.6058201058201058,Dictionary vs Random Forest
ECB press conferences,2002-12-05,dovish,0.06666666666666667,bert_score,-0.375,Dictionary vs RoBERTa/BERT
ECB press conferences,2003-01-09,NA,0.13043478260869565,bert_score,-0.09803921568627452,Dictionary vs RoBERTa/BERT
ECB press conferences,2003-02-06,neutral,-0.0625,rf_score,-0.00528383687847175,Dictionary vs Random Forest
ECB press conferences,2003-02-06,neutral,-0.0625,bert_score,-0.4084507042253521,Dictionary vs RoBERTa/BERT
ECB press conferences,2003-03-06,dovish,-0.25,rf_score,-0.125,Dictionary vs Random Forest
ECB press conferences,2003-03-06,dovish,-0.25,bert_score,-0.3684210526315789,Dictionary vs RoBERTa/BERT
ECB press conferences,2003-04-03,neutral,0.0588235294117647,rf_score,-0.07456054046963137,Dictionary vs Random Forest
ECB press conferences,2003-04-03,neutral,0.0588235294117647,bert_score,-0.3636363636363637,Dictionary vs RoBERTa/BERT
ECB press conferences,2003-05-08,neutral,-0.13043478260869565,rf_score,-0.00446267078498483,Dictionary vs Random Forest
ECB press conferences,2003-05-08,neutral,-0.13043478260869565,bert_score,-0.22448979591836735,Dictionary vs RoBERTa/BERT
ECB press conferences,2003-06-05,dovish,-0.2,rf_score,-0.9416666666666668,Dictionary vs Random Forest
ECB press conferences,2003-06-05,dovish,-0.2,bert_score,-0.23943661971830985,Dictionary vs RoBERTa/BERT
ECB press conferences,2003-07-10,neutral,-0.15384615384615383,rf_score,-0.00460448642266824,Dictionary vs Random Forest
ECB press conferences,2003-07-10,neutral,-0.15384615384615383,bert_score,-0.3,Dictionary vs RoBERTa/BERT
ECB press conferences,2003-09-04,neutral,-0.15384615384615383,rf_score,-0.14362292443054692,Dictionary vs Random Forest
ECB press conferences,2003-09-04,neutral,-0.15384615384615383,bert_score,-0.10714285714285714,Dictionary vs RoBERTa/BERT
ECB press conferences,2003-10-02,neutral,0.06666666666666667,rf_score,-0.0047505850291774,Dictionary vs Random Forest
ECB press conferences,2003-10-02,neutral,0.06666666666666667,bert_score,-0.13725490196078433,Dictionary vs RoBERTa/BERT
ECB press conferences,2003-11-06,neutral,0.2,rf_score,-0.00134408602150538,Dictionary vs Random Forest
ECB press conferences,2003-11-06,neutral,0.2,bert_score,0.08695652173913043,Dictionary vs RoBERTa/BERT
ECB press conferences,2003-12-04,neutral,0.4545454545454546,rf_score,-0.00473991249392318,Dictionary vs Random Forest
ECB press conferences,2003-12-04,neutral,0.4545454545454546,bert_score,0.04225352112676056,Dictionary vs RoBERTa/BERT
ECB press conferences,2004-01-08,neutral,0.2,rf_score,-0.09353191000918272,Dictionary vs Random Forest
ECB press conferences,2004-01-08,neutral,0.2,bert_score,-0.2272727272727273,Dictionary vs RoBERTa/BERT
ECB press conferences,2004-02-05,neutral,0.3684210526315789,rf_score,-0.0047505850291774,Dictionary vs Random Forest
ECB press conferences,2004-02-05,neutral,0.3684210526315789,bert_score,-0.02222222222222222,Dictionary vs RoBERTa/BERT
ECB press conferences,2004-03-04,neutral,0.2631578947368421,rf_score,-0.07549054009017969,Dictionary vs Random Forest
ECB press conferences,2004-03-04,neutral,0.2631578947368421,bert_score,-0.18333333333333332,Dictionary vs RoBERTa/BERT
ECB press conferences,2004-04-01,neutral,0.04761904761904761,rf_score,0.31889563503413837,Dictionary vs Random Forest
ECB press conferences,2004-04-01,neutral,0.04761904761904761,bert_score,-0.2272727272727273,Dictionary vs RoBERTa/BERT
ECB press conferences,2004-05-06,neutral,0.15789473684210523,rf_score,0.2957990515723425,Dictionary vs Random Forest
ECB press conferences,2004-05-06,neutral,0.15789473684210523,bert_score,0.1232876712328767,Dictionary vs RoBERTa/BERT
ECB press conferences,2004-06-03,neutral,0.3684210526315789,rf_score,4.553734061930781e-4,Dictionary vs Random Forest
ECB press conferences,2004-06-03,neutral,0.3684210526315789,bert_score,-0.11904761904761904,Dictionary vs RoBERTa/BERT
ECB press conferences,2004-07-01,neutral,0.6744186046511628,rf_score,-0.00426864162042027,Dictionary vs Random Forest
ECB press conferences,2004-07-01,neutral,0.6744186046511628,bert_score,0.16923076923076924,Dictionary vs RoBERTa/BERT
ECB press conferences,2004-09-02,neutral,0.3333333333333333,rf_score,-0.12172608034209122,Dictionary vs Random Forest
ECB press conferences,2004-09-02,neutral,0.3333333333333333,bert_score,-0.05128205128205128,Dictionary vs RoBERTa/BERT
ECB press conferences,2004-10-07,neutral,0.4375,rf_score,-0.0058602554470323,Dictionary vs Random Forest
ECB press conferences,2004-10-07,neutral,0.4375,bert_score,-0.15492957746478872,Dictionary vs RoBERTa/BERT
ECB press conferences,2004-11-04,neutral,0.7183098591549296,rf_score,-0.02823315118397085,Dictionary vs Random Forest
ECB press conferences,2004-11-04,neutral,0.7183098591549296,bert_score,0.02272727272727272,Dictionary vs RoBERTa/BERT
ECB press conferences,2004-12-02,neutral,0.5428571428571428,rf_score,0,Dictionary vs Random Forest
ECB press conferences,2004-12-02,neutral,0.5428571428571428,bert_score,0.1891891891891892,Dictionary vs RoBERTa/BERT
ECB press conferences,2005-01-13,neutral,0.3939393939393939,rf_score,-7.301028165409701e-4,Dictionary vs Random Forest
ECB press conferences,2005-01-13,neutral,0.3939393939393939,bert_score,0.01408450704225352,Dictionary vs RoBERTa/BERT
ECB press conferences,2005-01-20,NA,0,bert_score,-0.16666666666666666,Dictionary vs RoBERTa/BERT
ECB press conferences,2005-02-03,neutral,0.4857142857142857,rf_score,0,Dictionary vs Random Forest
ECB press conferences,2005-02-03,neutral,0.4857142857142857,bert_score,0.025,Dictionary vs RoBERTa/BERT
ECB press conferences,2005-03-03,neutral,0.3333333333333333,rf_score,-0.00528383687847175,Dictionary vs Random Forest
ECB press conferences,2005-03-03,neutral,0.3333333333333333,bert_score,-0.1919191919191919,Dictionary vs RoBERTa/BERT
ECB press conferences,2005-04-07,neutral,0.45,rf_score,-0.01029294434659561,Dictionary vs Random Forest
ECB press conferences,2005-04-07,neutral,0.45,bert_score,-0.13513513513513514,Dictionary vs RoBERTa/BERT
ECB press conferences,2005-06-02,neutral,0.34782608695652173,rf_score,-0.08064840441889623,Dictionary vs Random Forest
ECB press conferences,2005-06-02,neutral,0.34782608695652173,bert_score,0.18095238095238095,Dictionary vs RoBERTa/BERT
ECB press conferences,2005-07-07,neutral,0.28205128205128205,rf_score,0.01683805199430199,Dictionary vs Random Forest
ECB press conferences,2005-07-07,neutral,0.28205128205128205,bert_score,0.0379746835443038,Dictionary vs RoBERTa/BERT
ECB press conferences,2005-09-01,neutral,0.2653061224489796,rf_score,0.3382053295951415,Dictionary vs Random Forest
ECB press conferences,2005-09-01,neutral,0.2653061224489796,bert_score,-0.11428571428571428,Dictionary vs RoBERTa/BERT
ECB press conferences,2005-10-06,neutral,0.5443037974683544,rf_score,0.10482262659682016,Dictionary vs Random Forest
ECB press conferences,2005-10-06,neutral,0.5443037974683544,bert_score,0.225,Dictionary vs RoBERTa/BERT
ECB press conferences,2005-11-03,neutral,0.48,rf_score,-0.00488354620586025,Dictionary vs Random Forest
ECB press conferences,2005-11-03,neutral,0.48,bert_score,0.14942528735632185,Dictionary vs RoBERTa/BERT
ECB press conferences,2005-12-01,hawkish,0.4693877551020408,rf_score,0.8285714285714285,Dictionary vs Random Forest
ECB press conferences,2005-12-01,hawkish,0.4693877551020408,bert_score,-0.13333333333333333,Dictionary vs RoBERTa/BERT
ECB press conferences,2006-01-12,neutral,0.12,rf_score,-0.03790470689297669,Dictionary vs Random Forest
ECB press conferences,2006-01-12,neutral,0.12,bert_score,0.01639344262295082,Dictionary vs RoBERTa/BERT
ECB press conferences,2006-02-02,neutral,0.07692307692307693,rf_score,0.17596469312887225,Dictionary vs Random Forest
ECB press conferences,2006-02-02,neutral,0.07692307692307693,bert_score,-0.05128205128205128,Dictionary vs RoBERTa/BERT
ECB press conferences,2006-03-02,hawkish,0.4,rf_score,-0.5774380165289256,Dictionary vs Random Forest
ECB press conferences,2006-03-02,hawkish,0.4,bert_score,0.02439024390243902,Dictionary vs RoBERTa/BERT
ECB press conferences,2006-04-06,neutral,0.12,rf_score,0.05228139101378538,Dictionary vs Random Forest
ECB press conferences,2006-04-06,neutral,0.12,bert_score,-0.2345679012345679,Dictionary vs RoBERTa/BERT
ECB press conferences,2006-05-04,neutral,0.35714285714285715,rf_score,0.0566148290785972,Dictionary vs Random Forest
ECB press conferences,2006-05-04,neutral,0.35714285714285715,bert_score,0.1111111111111111,Dictionary vs RoBERTa/BERT
ECB press conferences,2006-06-08,hawkish,0.2786885245901639,rf_score,0.9051724137931036,Dictionary vs Random Forest
ECB press conferences,2006-06-08,hawkish,0.2786885245901639,bert_score,0.24390243902439024,Dictionary vs RoBERTa/BERT
ECB press conferences,2006-07-06,neutral,0.4,rf_score,0,Dictionary vs Random Forest
ECB press conferences,2006-07-06,neutral,0.4,bert_score,0.05747126436781609,Dictionary vs RoBERTa/BERT
ECB press conferences,2006-08-03,hawkish,0.12727272727272726,rf_score,0.3388429752066116,Dictionary vs Random Forest
ECB press conferences,2006-08-03,hawkish,0.12727272727272726,bert_score,0.25301204819277107,Dictionary vs RoBERTa/BERT
ECB press conferences,2006-08-31,NA,0.3333333333333333,bert_score,0.14583333333333334,Dictionary vs RoBERTa/BERT
ECB press conferences,2006-10-05,hawkish,0.21568627450980393,rf_score,1,Dictionary vs Random Forest
ECB press conferences,2006-10-05,hawkish,0.21568627450980393,bert_score,-0.03571428571428571,Dictionary vs RoBERTa/BERT
ECB press conferences,2006-11-02,neutral,0.4230769230769231,rf_score,0.28851698806244264,Dictionary vs Random Forest
ECB press conferences,2006-11-02,neutral,0.4230769230769231,bert_score,0.11475409836065574,Dictionary vs RoBERTa/BERT
ECB press conferences,2006-12-07,hawkish,0.32075471698113206,rf_score,0.9722222222222222,Dictionary vs Random Forest
ECB press conferences,2006-12-07,hawkish,0.32075471698113206,bert_score,0.03333333333333333,Dictionary vs RoBERTa/BERT
ECB press conferences,2007-01-11,neutral,0.4444444444444444,rf_score,0.4105810712152386,Dictionary vs Random Forest
ECB press conferences,2007-01-11,neutral,0.4444444444444444,bert_score,0.06666666666666667,Dictionary vs RoBERTa/BERT
ECB press conferences,2007-02-08,neutral,0.38461538461538464,rf_score,0.3523355444997236,Dictionary vs Random Forest
ECB press conferences,2007-02-08,neutral,0.38461538461538464,bert_score,0.2087912087912088,Dictionary vs RoBERTa/BERT
ECB press conferences,2007-03-08,hawkish,0.43478260869565216,rf_score,1,Dictionary vs Random Forest
ECB press conferences,2007-03-08,hawkish,0.43478260869565216,bert_score,-0.0091743119266055,Dictionary vs RoBERTa/BERT
ECB press conferences,2007-04-12,neutral,0.2631578947368421,rf_score,4.553734061930781e-4,Dictionary vs Random Forest
ECB press conferences,2007-04-12,neutral,0.2631578947368421,bert_score,0.01149425287356321,Dictionary vs RoBERTa/BERT
ECB press conferences,2007-05-10,neutral,0.4358974358974359,rf_score,0.18712999179100873,Dictionary vs Random Forest
ECB press conferences,2007-05-10,neutral,0.4358974358974359,bert_score,0.01176470588235294,Dictionary vs RoBERTa/BERT
ECB press conferences,2007-07-05,neutral,0.3181818181818182,rf_score,-0.01909722222222222,Dictionary vs Random Forest
ECB press conferences,2007-07-05,neutral,0.3181818181818182,bert_score,0.02083333333333333,Dictionary vs RoBERTa/BERT
ECB press conferences,2007-08-02,neutral,0.47368421052631576,rf_score,-0.07647191913425952,Dictionary vs Random Forest
ECB press conferences,2007-08-02,neutral,0.47368421052631576,bert_score,0,Dictionary vs RoBERTa/BERT
ECB press conferences,2007-09-06,neutral,0.3333333333333333,rf_score,0.05039768843596594,Dictionary vs Random Forest
ECB press conferences,2007-09-06,neutral,0.3333333333333333,bert_score,0.07865168539325842,Dictionary vs RoBERTa/BERT
ECB press conferences,2007-10-04,neutral,0.3584905660377358,rf_score,0.07548343394497241,Dictionary vs Random Forest
ECB press conferences,2007-10-04,neutral,0.3584905660377358,bert_score,0.2,Dictionary vs RoBERTa/BERT
ECB press conferences,2007-11-08,neutral,0.5714285714285714,rf_score,0.08297501643655492,Dictionary vs Random Forest
ECB press conferences,2007-11-08,neutral,0.5714285714285714,bert_score,0.0297029702970297,Dictionary vs RoBERTa/BERT
ECB press conferences,2007-12-06,neutral,0.6363636363636364,rf_score,0.14325536386939897,Dictionary vs Random Forest
ECB press conferences,2007-12-06,neutral,0.6363636363636364,bert_score,0.04166666666666666,Dictionary vs RoBERTa/BERT
ECB press conferences,2008-01-10,neutral,0.6666666666666666,rf_score,4.789272030651338e-4,Dictionary vs Random Forest
ECB press conferences,2008-01-10,neutral,0.6666666666666666,bert_score,0,Dictionary vs RoBERTa/BERT
ECB press conferences,2008-02-07,neutral,0.5272727272727272,rf_score,0,Dictionary vs Random Forest
ECB press conferences,2008-02-07,neutral,0.5272727272727272,bert_score,-0.2608695652173913,Dictionary vs RoBERTa/BERT
ECB press conferences,2008-03-06,neutral,0.4375,rf_score,0,Dictionary vs Random Forest
ECB press conferences,2008-03-06,neutral,0.4375,bert_score,-0.09090909090909093,Dictionary vs RoBERTa/BERT
ECB press conferences,2008-04-10,neutral,0.5942028985507246,rf_score,-0.08823784722222222,Dictionary vs Random Forest
ECB press conferences,2008-04-10,neutral,0.5942028985507246,bert_score,-0.26126126126126126,Dictionary vs RoBERTa/BERT
ECB press conferences,2008-05-08,neutral,0.4925373134328358,rf_score,0.01836219336219335,Dictionary vs Random Forest
ECB press conferences,2008-05-08,neutral,0.4925373134328358,bert_score,-0.08256880733944955,Dictionary vs RoBERTa/BERT
ECB press conferences,2008-06-05,neutral,0.5277777777777778,rf_score,-0.015625,Dictionary vs Random Forest
ECB press conferences,2008-06-05,neutral,0.5277777777777778,bert_score,0.03389830508474576,Dictionary vs RoBERTa/BERT
ECB press conferences,2008-07-03,hawkish,0.5692307692307692,rf_score,-0.2647058823529411,Dictionary vs Random Forest
ECB press conferences,2008-07-03,hawkish,0.5692307692307692,bert_score,0,Dictionary vs RoBERTa/BERT
ECB press conferences,2008-08-07,neutral,0.3968253968253968,rf_score,3.805175038051748e-4,Dictionary vs Random Forest
ECB press conferences,2008-08-07,neutral,0.3968253968253968,bert_score,-0.22916666666666663,Dictionary vs RoBERTa/BERT
ECB press conferences,2008-09-04,neutral,0.6578947368421053,rf_score,-0.02339553202479338,Dictionary vs Random Forest
ECB press conferences,2008-09-04,neutral,0.6578947368421053,bert_score,-0.28695652173913044,Dictionary vs RoBERTa/BERT
ECB press conferences,2008-10-02,neutral,0.3783783783783784,rf_score,-0.00481065745651905,Dictionary vs Random Forest
ECB press conferences,2008-10-02,neutral,0.3783783783783784,bert_score,-0.3636363636363637,Dictionary vs RoBERTa/BERT
ECB press conferences,2008-11-06,dovish,0.01639344262295082,rf_score,-0.75,Dictionary vs Random Forest
ECB press conferences,2008-11-06,dovish,0.01639344262295082,bert_score,-0.3684210526315789,Dictionary vs RoBERTa/BERT
ECB press conferences,2008-12-04,dovish,-0.14285714285714285,rf_score,-0.3333333333333333,Dictionary vs Random Forest
ECB press conferences,2008-12-04,dovish,-0.14285714285714285,bert_score,-0.5572519083969466,Dictionary vs RoBERTa/BERT
ECB press conferences,2009-01-15,dovish,0.04,rf_score,-0.47619047619047616,Dictionary vs Random Forest
ECB press conferences,2009-01-15,dovish,0.04,bert_score,-0.5230769230769231,Dictionary vs RoBERTa/BERT
ECB press conferences,2009-02-05,neutral,0.05,rf_score,-0.01940051667526642,Dictionary vs Random Forest
ECB press conferences,2009-02-05,neutral,0.05,bert_score,-0.6666666666666666,Dictionary vs RoBERTa/BERT
ECB press conferences,2009-03-05,dovish,-0.10526315789473684,rf_score,-0.7777777777777778,Dictionary vs Random Forest
ECB press conferences,2009-03-05,dovish,-0.10526315789473684,bert_score,-0.4945054945054945,Dictionary vs RoBERTa/BERT
ECB press conferences,2009-04-02,dovish,-0.29411764705882354,rf_score,-1,Dictionary vs Random Forest
ECB press conferences,2009-04-02,dovish,-0.29411764705882354,bert_score,-0.3763440860215054,Dictionary vs RoBERTa/BERT
ECB press conferences,2009-05-07,dovish,-0.4545454545454546,rf_score,-0.977777777777778,Dictionary vs Random Forest
ECB press conferences,2009-05-07,dovish,-0.4545454545454546,bert_score,-0.3592233009708738,Dictionary vs RoBERTa/BERT
ECB press conferences,2009-06-04,neutral,-0.2352941176470588,rf_score,4.208754208754207e-4,Dictionary vs Random Forest
ECB press conferences,2009-06-04,neutral,-0.2352941176470588,bert_score,0.01886792452830188,Dictionary vs RoBERTa/BERT
ECB press conferences,2009-07-02,neutral,-0.21428571428571427,rf_score,3.805175038051748e-4,Dictionary vs Random Forest
ECB press conferences,2009-07-02,neutral,-0.21428571428571427,bert_score,-0.0891089108910891,Dictionary vs RoBERTa/BERT
ECB press conferences,2009-08-06,neutral,0,rf_score,0.0042087542087542,Dictionary vs Random Forest
ECB press conferences,2009-08-06,neutral,0,bert_score,-0.3076923076923077,Dictionary vs RoBERTa/BERT
ECB press conferences,2009-09-03,neutral,0.07142857142857142,rf_score,-0.10097070039653772,Dictionary vs Random Forest
ECB press conferences,2009-09-03,neutral,0.07142857142857142,bert_score,-0.2743362831858407,Dictionary vs RoBERTa/BERT
ECB press conferences,2009-10-08,neutral,-0.1111111111111111,rf_score,4.3402777777777754e-4,Dictionary vs Random Forest
ECB press conferences,2009-10-08,neutral,-0.1111111111111111,bert_score,-0.2307692307692308,Dictionary vs RoBERTa/BERT
ECB press conferences,2009-10-29,NA,0,bert_score,0,Dictionary vs RoBERTa/BERT
ECB press conferences,2009-11-05,neutral,-0.03703703703703703,rf_score,-0.00537190082644628,Dictionary vs Random Forest
ECB press conferences,2009-11-05,neutral,-0.03703703703703703,bert_score,-0.1568627450980392,Dictionary vs RoBERTa/BERT
ECB press conferences,2009-12-03,neutral,-0.3548387096774194,rf_score,-0.01149101537032572,Dictionary vs Random Forest
ECB press conferences,2009-12-03,neutral,-0.3548387096774194,bert_score,-0.20833333333333337,Dictionary vs RoBERTa/BERT
ECB press conferences,2010-01-14,neutral,0.12,rf_score,-0.1306384742951907,Dictionary vs Random Forest
ECB press conferences,2010-01-14,neutral,0.12,bert_score,-0.23893805309734512,Dictionary vs RoBERTa/BERT
ECB press conferences,2010-02-04,neutral,0.2413793103448276,rf_score,-0.00460212924701561,Dictionary vs Random Forest
ECB press conferences,2010-02-04,neutral,0.2413793103448276,bert_score,-0.25,Dictionary vs RoBERTa/BERT
ECB press conferences,2010-03-04,neutral,-0.25925925925925924,rf_score,-0.01507436511162293,Dictionary vs Random Forest
ECB press conferences,2010-03-04,neutral,-0.25925925925925924,bert_score,-0.21904761904761905,Dictionary vs RoBERTa/BERT
ECB press conferences,2010-04-08,neutral,-0.15384615384615383,rf_score,-0.00426864162042027,Dictionary vs Random Forest
ECB press conferences,2010-04-08,neutral,-0.15384615384615383,bert_score,0.02631578947368421,Dictionary vs RoBERTa/BERT
ECB press conferences,2010-05-06,neutral,0.2608695652173913,rf_score,-0.00414839819449294,Dictionary vs Random Forest
ECB press conferences,2010-05-06,neutral,0.2608695652173913,bert_score,-0.0217391304347826,Dictionary vs RoBERTa/BERT
ECB press conferences,2010-06-10,neutral,0.14893617021276595,rf_score,-0.11343502084932786,Dictionary vs Random Forest
ECB press conferences,2010-06-10,neutral,0.14893617021276595,bert_score,0.04878048780487805,Dictionary vs RoBERTa/BERT
ECB press conferences,2010-07-08,neutral,0,rf_score,0.2011718661726313,Dictionary vs Random Forest
ECB press conferences,2010-07-08,neutral,0,bert_score,-0.16666666666666666,Dictionary vs RoBERTa/BERT
ECB press conferences,2010-08-05,neutral,0.15,rf_score,-0.08725032840117844,Dictionary vs Random Forest
ECB press conferences,2010-08-05,neutral,0.15,bert_score,-0.09278350515463918,Dictionary vs RoBERTa/BERT
ECB press conferences,2010-09-02,neutral,0.14285714285714285,rf_score,-0.21378746419792388,Dictionary vs Random Forest
ECB press conferences,2010-09-02,neutral,0.14285714285714285,bert_score,-0.03225806451612903,Dictionary vs RoBERTa/BERT
ECB press conferences,2010-10-07,neutral,-0.1875,rf_score,-0.09972405182891468,Dictionary vs Random Forest
ECB press conferences,2010-10-07,neutral,-0.1875,bert_score,0.07142857142857142,Dictionary vs RoBERTa/BERT
ECB press conferences,2010-11-04,neutral,-0.10344827586206896,rf_score,-0.056007962007244,Dictionary vs Random Forest
ECB press conferences,2010-11-04,neutral,-0.10344827586206896,bert_score,0.03896103896103896,Dictionary vs RoBERTa/BERT
ECB press conferences,2010-12-02,neutral,-0.2,rf_score,-0.07090553897129631,Dictionary vs Random Forest
ECB press conferences,2010-12-02,neutral,-0.2,bert_score,0.12,Dictionary vs RoBERTa/BERT
ECB press conferences,2011-01-13,neutral,0.1020408163265306,rf_score,-0.07709997588568873,Dictionary vs Random Forest
ECB press conferences,2011-01-13,neutral,0.1020408163265306,bert_score,0.08256880733944955,Dictionary vs RoBERTa/BERT
ECB press conferences,2011-02-03,neutral,0.0175438596491228,rf_score,0.22013428262167067,Dictionary vs Random Forest
ECB press conferences,2011-02-03,neutral,0.0175438596491228,bert_score,0.11711711711711711,Dictionary vs RoBERTa/BERT
ECB press conferences,2011-03-03,neutral,0.30434782608695654,rf_score,0.20901651714459596,Dictionary vs Random Forest
ECB press conferences,2011-03-03,neutral,0.30434782608695654,bert_score,0.1,Dictionary vs RoBERTa/BERT
ECB press conferences,2011-04-07,hawkish,0.37142857142857144,rf_score,0.8121647509578545,Dictionary vs Random Forest
ECB press conferences,2011-04-07,hawkish,0.37142857142857144,bert_score,-0.13846153846153847,Dictionary vs RoBERTa/BERT
ECB press conferences,2011-05-05,neutral,0.3220338983050847,rf_score,-0.00433141576189704,Dictionary vs Random Forest
ECB press conferences,2011-05-05,neutral,0.3220338983050847,bert_score,-0.02564102564102564,Dictionary vs RoBERTa/BERT
ECB press conferences,2011-06-09,neutral,0.2982456140350877,rf_score,-0.16790123456790126,Dictionary vs Random Forest
ECB press conferences,2011-06-09,neutral,0.2982456140350877,bert_score,0.14035087719298245,Dictionary vs RoBERTa/BERT
ECB press conferences,2011-07-07,hawkish,0.36507936507936506,rf_score,0.8757407407407409,Dictionary vs Random Forest
ECB press conferences,2011-07-07,hawkish,0.36507936507936506,bert_score,-0.00787401574803149,Dictionary vs RoBERTa/BERT
ECB press conferences,2011-08-04,neutral,0.1836734693877551,rf_score,0,Dictionary vs Random Forest
ECB press conferences,2011-08-04,neutral,0.1836734693877551,bert_score,-0.08771929824561403,Dictionary vs RoBERTa/BERT
ECB press conferences,2011-09-08,neutral,-0.20833333333333337,rf_score,-1.228018469398573e-6,Dictionary vs Random Forest
ECB press conferences,2011-09-08,neutral,-0.20833333333333337,bert_score,0.02898550724637681,Dictionary vs RoBERTa/BERT
ECB press conferences,2011-10-06,neutral,-0.4444444444444444,rf_score,-0.00453132725859998,Dictionary vs Random Forest
ECB press conferences,2011-10-06,neutral,-0.4444444444444444,bert_score,-0.12605042016806722,Dictionary vs RoBERTa/BERT
ECB press conferences,2011-11-03,dovish,-0.2916666666666667,rf_score,-0.2598540706605223,Dictionary vs Random Forest
ECB press conferences,2011-11-03,dovish,-0.2916666666666667,bert_score,-0.3246753246753247,Dictionary vs RoBERTa/BERT
ECB press conferences,2011-12-08,dovish,-0.5357142857142857,rf_score,-0.39682539682539686,Dictionary vs Random Forest
ECB press conferences,2011-12-08,dovish,-0.5357142857142857,bert_score,-0.2619047619047619,Dictionary vs RoBERTa/BERT
ECB press conferences,2012-01-12,neutral,-0.5384615384615384,rf_score,-0.08290275844844083,Dictionary vs Random Forest
ECB press conferences,2012-01-12,neutral,-0.5384615384615384,bert_score,-0.28421052631578947,Dictionary vs RoBERTa/BERT
ECB press conferences,2012-02-09,neutral,-0.4117647058823529,rf_score,-0.0047505850291774,Dictionary vs Random Forest
ECB press conferences,2012-02-09,neutral,-0.4117647058823529,bert_score,-0.21518987341772153,Dictionary vs RoBERTa/BERT
ECB press conferences,2012-03-08,neutral,0.06666666666666667,rf_score,-0.04668606890014515,Dictionary vs Random Forest
ECB press conferences,2012-03-08,neutral,0.06666666666666667,bert_score,-0.27450980392156865,Dictionary vs RoBERTa/BERT
ECB press conferences,2012-05-03,neutral,-0.2558139534883721,rf_score,-0.02878927011158415,Dictionary vs Random Forest
ECB press conferences,2012-05-03,neutral,-0.2558139534883721,bert_score,-0.2307692307692308,Dictionary vs RoBERTa/BERT
ECB press conferences,2012-07-05,dovish,-0.24444444444444444,rf_score,0.75,Dictionary vs Random Forest
ECB press conferences,2012-07-05,dovish,-0.24444444444444444,bert_score,-0.47368421052631576,Dictionary vs RoBERTa/BERT
ECB press conferences,2012-08-02,neutral,-0.2195121951219512,rf_score,-0.00446267078498483,Dictionary vs Random Forest
ECB press conferences,2012-08-02,neutral,-0.2195121951219512,bert_score,-0.3670886075949367,Dictionary vs RoBERTa/BERT
ECB press conferences,2012-09-06,neutral,-0.08108108108108109,rf_score,-0.00414839819449294,Dictionary vs Random Forest
ECB press conferences,2012-09-06,neutral,-0.08108108108108109,bert_score,-0.14285714285714285,Dictionary vs RoBERTa/BERT
ECB press conferences,2012-10-04,neutral,-0.06976744186046512,rf_score,-0.0045396345012222,Dictionary vs Random Forest
ECB press conferences,2012-10-04,neutral,-0.06976744186046512,bert_score,-0.3793103448275862,Dictionary vs RoBERTa/BERT
ECB press conferences,2012-11-08,neutral,0.14285714285714285,rf_score,-0.00519861370301253,Dictionary vs Random Forest
ECB press conferences,2012-11-08,neutral,0.14285714285714285,bert_score,-0.2727272727272727,Dictionary vs RoBERTa/BERT
ECB press conferences,2012-12-06,neutral,-0.5151515151515151,rf_score,-0.1508036935006632,Dictionary vs Random Forest
ECB press conferences,2012-12-06,neutral,-0.5151515151515151,bert_score,-0.42528735632183906,Dictionary vs RoBERTa/BERT
ECB press conferences,2013-01-10,neutral,-0.2307692307692308,rf_score,-0.07588154269972451,Dictionary vs Random Forest
ECB press conferences,2013-01-10,neutral,-0.2307692307692308,bert_score,-0.49473684210526314,Dictionary vs RoBERTa/BERT
ECB press conferences,2013-02-07,neutral,-0.0588235294117647,rf_score,4.145936981757876e-4,Dictionary vs Random Forest
ECB press conferences,2013-02-07,neutral,-0.0588235294117647,bert_score,-0.32608695652173914,Dictionary vs RoBERTa/BERT
ECB press conferences,2013-03-07,neutral,-0.3962264150943397,rf_score,-0.0831712850429428,Dictionary vs Random Forest
ECB press conferences,2013-03-07,neutral,-0.3962264150943397,bert_score,-0.4727272727272727,Dictionary vs RoBERTa/BERT
ECB press conferences,2013-04-04,neutral,-0.5294117647058824,rf_score,3.8580246913580223e-4,Dictionary vs Random Forest
ECB press conferences,2013-04-04,neutral,-0.5294117647058824,bert_score,-0.4130434782608696,Dictionary vs RoBERTa/BERT
ECB press conferences,2013-05-02,dovish,-0.4230769230769231,rf_score,-0.47461629279811096,Dictionary vs Random Forest
ECB press conferences,2013-05-02,dovish,-0.4230769230769231,bert_score,-0.5714285714285714,Dictionary vs RoBERTa/BERT
ECB press conferences,2013-06-06,neutral,-0.5217391304347826,rf_score,-0.01402116402116402,Dictionary vs Random Forest
ECB press conferences,2013-06-06,neutral,-0.5217391304347826,bert_score,-0.415929203539823,Dictionary vs RoBERTa/BERT
ECB press conferences,2013-07-04,neutral,-0.4909090909090909,rf_score,-0.27013075955882976,Dictionary vs Random Forest
ECB press conferences,2013-07-04,neutral,-0.4909090909090909,bert_score,-0.3176470588235294,Dictionary vs RoBERTa/BERT
ECB press conferences,2013-08-01,neutral,-0.59375,rf_score,-0.01894633144633144,Dictionary vs Random Forest
ECB press conferences,2013-08-01,neutral,-0.59375,bert_score,-0.5172413793103449,Dictionary vs RoBERTa/BERT
ECB press conferences,2013-09-05,neutral,-0.5510204081632653,rf_score,-0.1161064425770308,Dictionary vs Random Forest
ECB press conferences,2013-09-05,neutral,-0.5510204081632653,bert_score,-0.3541666666666667,Dictionary vs RoBERTa/BERT
ECB press conferences,2013-11-07,dovish,-0.6,rf_score,-0.22222222222222224,Dictionary vs Random Forest
ECB press conferences,2013-11-07,dovish,-0.6,bert_score,-0.4444444444444444,Dictionary vs RoBERTa/BERT
ECB press conferences,2013-12-05,neutral,-0.5833333333333334,rf_score,-0.12232131504858776,Dictionary vs Random Forest
ECB press conferences,2013-12-05,neutral,-0.5833333333333334,bert_score,-0.20408163265306123,Dictionary vs RoBERTa/BERT
ECB press conferences,2014-01-09,neutral,-0.4509803921568627,rf_score,-0.08372586298322533,Dictionary vs Random Forest
ECB press conferences,2014-01-09,neutral,-0.4509803921568627,bert_score,-0.32727272727272727,Dictionary vs RoBERTa/BERT
ECB press conferences,2014-02-06,neutral,-0.3770491803278688,rf_score,0,Dictionary vs Random Forest
ECB press conferences,2014-02-06,neutral,-0.3770491803278688,bert_score,-0.5,Dictionary vs RoBERTa/BERT
ECB press conferences,2014-03-06,neutral,-0.5263157894736842,rf_score,-0.01003316749585406,Dictionary vs Random Forest
ECB press conferences,2014-03-06,neutral,-0.5263157894736842,bert_score,-0.43859649122807015,Dictionary vs RoBERTa/BERT
ECB press conferences,2014-04-03,neutral,-0.5211267605633803,rf_score,-0.0554674309073136,Dictionary vs Random Forest
ECB press conferences,2014-04-03,neutral,-0.5211267605633803,bert_score,-0.4382022471910113,Dictionary vs RoBERTa/BERT
ECB press conferences,2014-05-08,neutral,-0.6585365853658537,rf_score,-6.647204747611823e-4,Dictionary vs Random Forest
ECB press conferences,2014-05-08,neutral,-0.6585365853658537,bert_score,-0.4,Dictionary vs RoBERTa/BERT
ECB press conferences,2014-06-05,dovish,-0.7142857142857143,rf_score,0.05714285714285713,Dictionary vs Random Forest
ECB press conferences,2014-06-05,dovish,-0.7142857142857143,bert_score,-0.2892561983471074,Dictionary vs RoBERTa/BERT
ECB press conferences,2014-07-03,neutral,-0.5,rf_score,4.145936981757876e-4,Dictionary vs Random Forest
ECB press conferences,2014-07-03,neutral,-0.5,bert_score,-0.3333333333333333,Dictionary vs RoBERTa/BERT
ECB press conferences,2014-08-07,neutral,-0.6666666666666666,rf_score,-0.04785714285714286,Dictionary vs Random Forest
ECB press conferences,2014-08-07,neutral,-0.6666666666666666,bert_score,-0.27586206896551724,Dictionary vs RoBERTa/BERT
ECB press conferences,2014-09-04,dovish,-0.5272727272727272,rf_score,-0.4792592592592593,Dictionary vs Random Forest
ECB press conferences,2014-09-04,dovish,-0.5272727272727272,bert_score,-0.18867924528301888,Dictionary vs RoBERTa/BERT
ECB press conferences,2014-10-02,neutral,-0.2903225806451613,rf_score,-0.08313986067609258,Dictionary vs Random Forest
ECB press conferences,2014-10-02,neutral,-0.2903225806451613,bert_score,-0.13725490196078433,Dictionary vs RoBERTa/BERT
ECB press conferences,2014-11-06,neutral,-0.18181818181818185,rf_score,-0.07025951479076478,Dictionary vs Random Forest
ECB press conferences,2014-11-06,neutral,-0.18181818181818185,bert_score,-0.0379746835443038,Dictionary vs RoBERTa/BERT
ECB press conferences,2014-12-04,neutral,-0.31343283582089554,rf_score,-0.13189470462197733,Dictionary vs Random Forest
ECB press conferences,2014-12-04,neutral,-0.31343283582089554,bert_score,-0.2421052631578947,Dictionary vs RoBERTa/BERT
ECB press conferences,2015-01-22,neutral,-0.5882352941176471,rf_score,-0.02361111111111111,Dictionary vs Random Forest
ECB press conferences,2015-01-22,neutral,-0.5882352941176471,bert_score,0.01075268817204301,Dictionary vs RoBERTa/BERT
ECB press conferences,2015-03-05,neutral,-0.14285714285714285,rf_score,-0.01870915032679739,Dictionary vs Random Forest
ECB press conferences,2015-03-05,neutral,-0.14285714285714285,bert_score,-0.01098901098901099,Dictionary vs RoBERTa/BERT
ECB press conferences,2015-07-16,neutral,-0.05,rf_score,-0.00433141576189704,Dictionary vs Random Forest
ECB press conferences,2015-07-16,neutral,-0.05,bert_score,0.02222222222222222,Dictionary vs RoBERTa/BERT
ECB press conferences,2015-09-03,neutral,-0.2413793103448276,rf_score,-0.00511609602518693,Dictionary vs Random Forest
ECB press conferences,2015-09-03,neutral,-0.2413793103448276,bert_score,-0.29411764705882354,Dictionary vs RoBERTa/BERT
ECB press conferences,2015-10-22,neutral,-0.4603174603174603,rf_score,-0.12300931241229748,Dictionary vs Random Forest
ECB press conferences,2015-10-22,neutral,-0.4603174603174603,bert_score,-0.22,Dictionary vs RoBERTa/BERT
ECB press conferences,2015-12-03,neutral,-0.46875,rf_score,-0.2354198666830246,Dictionary vs Random Forest
ECB press conferences,2015-12-03,neutral,-0.46875,bert_score,-0.29292929292929293,Dictionary vs RoBERTa/BERT
ECB press conferences,2016-01-21,neutral,-0.16,rf_score,-0.00453132725859998,Dictionary vs Random Forest
ECB press conferences,2016-01-21,neutral,-0.16,bert_score,-0.24705882352941175,Dictionary vs RoBERTa/BERT
ECB press conferences,2016-03-10,dovish,-0.30158730158730157,rf_score,-0.4583333333333333,Dictionary vs Random Forest
ECB press conferences,2016-03-10,dovish,-0.30158730158730157,bert_score,-0.1794871794871795,Dictionary vs RoBERTa/BERT
ECB press conferences,2016-04-21,neutral,-0.15625,rf_score,-0.00414839819449294,Dictionary vs Random Forest
ECB press conferences,2016-04-21,neutral,-0.15625,bert_score,-0.22105263157894736,Dictionary vs RoBERTa/BERT
ECB press conferences,2016-06-02,neutral,-0.1,rf_score,-0.01188034188034188,Dictionary vs Random Forest
ECB press conferences,2016-06-02,neutral,-0.1,bert_score,-0.18518518518518515,Dictionary vs RoBERTa/BERT
ECB press conferences,2016-07-21,neutral,-0.28205128205128205,rf_score,-0.00453132725859998,Dictionary vs Random Forest
ECB press conferences,2016-07-21,neutral,-0.28205128205128205,bert_score,-0.18604651162790695,Dictionary vs RoBERTa/BERT
ECB press conferences,2016-09-08,neutral,-0.2272727272727273,rf_score,-0.04236275088547815,Dictionary vs Random Forest
ECB press conferences,2016-09-08,neutral,-0.2272727272727273,bert_score,0.01298701298701298,Dictionary vs RoBERTa/BERT
ECB press conferences,2016-10-20,neutral,-0.3636363636363637,rf_score,-0.04100122436486073,Dictionary vs Random Forest
ECB press conferences,2016-10-20,neutral,-0.3636363636363637,bert_score,-0.21621621621621623,Dictionary vs RoBERTa/BERT
ECB press conferences,2016-12-08,neutral,-0.3090909090909091,rf_score,-0.2507545470325558,Dictionary vs Random Forest
ECB press conferences,2016-12-08,neutral,-0.3090909090909091,bert_score,0.0136986301369863,Dictionary vs RoBERTa/BERT
ECB press conferences,2017-01-19,neutral,0,rf_score,-0.03603076216712581,Dictionary vs Random Forest
ECB press conferences,2017-01-19,neutral,0,bert_score,-0.0238095238095238,Dictionary vs RoBERTa/BERT
ECB press conferences,2017-03-09,neutral,-0.3225806451612903,rf_score,0.02280171327790376,Dictionary vs Random Forest
ECB press conferences,2017-03-09,neutral,-0.3225806451612903,bert_score,-0.15463917525773196,Dictionary vs RoBERTa/BERT
ECB press conferences,2017-04-27,neutral,-0.21739130434782608,rf_score,-0.13064112196343602,Dictionary vs Random Forest
ECB press conferences,2017-04-27,neutral,-0.21739130434782608,bert_score,-0.3125,Dictionary vs RoBERTa/BERT
ECB press conferences,2017-06-08,neutral,-0.2258064516129032,rf_score,-0.2087372406542367,Dictionary vs Random Forest
ECB press conferences,2017-06-08,neutral,-0.2258064516129032,bert_score,-0.09090909090909093,Dictionary vs RoBERTa/BERT
ECB press conferences,2017-07-20,neutral,-0.24242424242424243,rf_score,-0.00446267078498483,Dictionary vs Random Forest
ECB press conferences,2017-07-20,neutral,-0.24242424242424243,bert_score,-0.1780821917808219,Dictionary vs RoBERTa/BERT
ECB press conferences,2017-09-07,neutral,-0.18309859154929575,rf_score,-0.1338888888888889,Dictionary vs Random Forest
ECB press conferences,2017-09-07,neutral,-0.18309859154929575,bert_score,-0.17391304347826086,Dictionary vs RoBERTa/BERT
ECB press conferences,2017-10-26,neutral,-0.21568627450980393,rf_score,-0.09551798374618103,Dictionary vs Random Forest
ECB press conferences,2017-10-26,neutral,-0.21568627450980393,bert_score,0.0425531914893617,Dictionary vs RoBERTa/BERT
ECB press conferences,2017-12-14,neutral,-0.2037037037037037,rf_score,0.06059845664022448,Dictionary vs Random Forest
ECB press conferences,2017-12-14,neutral,-0.2037037037037037,bert_score,0.10091743119266056,Dictionary vs RoBERTa/BERT
ECB press conferences,2018-01-25,neutral,-0.20408163265306123,rf_score,0.06593180482069372,Dictionary vs Random Forest
ECB press conferences,2018-01-25,neutral,-0.20408163265306123,bert_score,-0.07017543859649122,Dictionary vs RoBERTa/BERT
ECB press conferences,2018-03-08,neutral,-0.3473684210526316,rf_score,-0.0047505850291774,Dictionary vs Random Forest
ECB press conferences,2018-03-08,neutral,-0.3473684210526316,bert_score,-0.2,Dictionary vs RoBERTa/BERT
ECB press conferences,2018-04-26,neutral,-0.14666666666666667,rf_score,4.2735042735042713e-4,Dictionary vs Random Forest
ECB press conferences,2018-04-26,neutral,-0.14666666666666667,bert_score,-0.1568627450980392,Dictionary vs RoBERTa/BERT
ECB press conferences,2018-06-14,neutral,-0.28735632183908044,rf_score,-0.00439606375834327,Dictionary vs Random Forest
ECB press conferences,2018-06-14,neutral,-0.28735632183908044,bert_score,-0.08737864077669903,Dictionary vs RoBERTa/BERT
ECB press conferences,2018-07-26,neutral,-0.2345679012345679,rf_score,0.00373134328358208,Dictionary vs Random Forest
ECB press conferences,2018-07-26,neutral,-0.2345679012345679,bert_score,-0.04545454545454545,Dictionary vs RoBERTa/BERT
ECB press conferences,2018-09-13,neutral,-0.12,rf_score,-0.00507821158291377,Dictionary vs Random Forest
ECB press conferences,2018-09-13,neutral,-0.12,bert_score,-0.14545454545454545,Dictionary vs RoBERTa/BERT
ECB press conferences,2018-10-25,neutral,-0.2222222222222222,rf_score,-0.00537190082644628,Dictionary vs Random Forest
ECB press conferences,2018-10-25,neutral,-0.2222222222222222,bert_score,0.02564102564102564,Dictionary vs RoBERTa/BERT
ECB press conferences,2018-12-13,neutral,-0.12359550561797752,rf_score,0.158764245014245,Dictionary vs Random Forest
ECB press conferences,2018-12-13,neutral,-0.12359550561797752,bert_score,-0.4,Dictionary vs RoBERTa/BERT
ECB press conferences,2019-04-10,neutral,-0.25806451612903225,rf_score,-0.0039802198893108,Dictionary vs Random Forest
ECB press conferences,2019-04-10,neutral,-0.25806451612903225,bert_score,-0.3,Dictionary vs RoBERTa/BERT
ECB press conferences,2019-06-06,neutral,-0.35384615384615387,rf_score,-0.1963731165562916,Dictionary vs Random Forest
ECB press conferences,2019-06-06,neutral,-0.35384615384615387,bert_score,-0.14583333333333334,Dictionary vs RoBERTa/BERT
ECB press conferences,2019-07-25,neutral,-0.3333333333333333,rf_score,-0.00446267078498483,Dictionary vs Random Forest
ECB press conferences,2019-07-25,neutral,-0.3333333333333333,bert_score,-0.27102803738317754,Dictionary vs RoBERTa/BERT
ECB press conferences,2019-09-12,neutral,-0.352112676056338,rf_score,-0.8376131408358614,Dictionary vs Random Forest
ECB press conferences,2019-09-12,neutral,-0.352112676056338,bert_score,-0.2916666666666667,Dictionary vs RoBERTa/BERT
ECB press conferences,2019-10-24,neutral,-0.2857142857142857,rf_score,-0.03956211643377419,Dictionary vs Random Forest
ECB press conferences,2019-10-24,neutral,-0.2857142857142857,bert_score,-0.375,Dictionary vs RoBERTa/BERT
ECB press conferences,2019-12-12,neutral,-0.2307692307692308,rf_score,-0.00453132725859998,Dictionary vs Random Forest
ECB press conferences,2019-12-12,neutral,-0.2307692307692308,bert_score,-0.08045977011494253,Dictionary vs RoBERTa/BERT
ECB press conferences,2020-01-23,neutral,-0.1836734693877551,rf_score,4.789272030651338e-4,Dictionary vs Random Forest
ECB press conferences,2020-01-23,neutral,-0.1836734693877551,bert_score,-0.25842696629213485,Dictionary vs RoBERTa/BERT
ECB press conferences,2020-03-12,neutral,-0.5714285714285714,rf_score,0.01035296273391511,Dictionary vs Random Forest
ECB press conferences,2020-03-12,neutral,-0.5714285714285714,bert_score,-0.1153846153846154,Dictionary vs RoBERTa/BERT
ECB press conferences,2020-04-30,neutral,-0.7142857142857143,rf_score,-0.06416797848616031,Dictionary vs Random Forest
ECB press conferences,2020-04-30,neutral,-0.7142857142857143,bert_score,-0.488,Dictionary vs RoBERTa/BERT
ECB press conferences,2020-06-04,neutral,-0.5172413793103449,rf_score,-0.05416805799037204,Dictionary vs Random Forest
ECB press conferences,2020-06-04,neutral,-0.5172413793103449,bert_score,-0.12727272727272726,Dictionary vs RoBERTa/BERT
ECB press conferences,2020-07-16,neutral,-0.6666666666666666,rf_score,-0.00439606375834327,Dictionary vs Random Forest
ECB press conferences,2020-07-16,neutral,-0.6666666666666666,bert_score,-0.23728813559322037,Dictionary vs RoBERTa/BERT
ECB press conferences,2020-10-29,neutral,-0.6417910447761194,rf_score,0.08668582375478927,Dictionary vs Random Forest
ECB press conferences,2020-10-29,neutral,-0.6417910447761194,bert_score,-0.3392857142857143,Dictionary vs RoBERTa/BERT
ECB press conferences,2020-12-10,neutral,-0.6923076923076923,rf_score,0.05016952744225473,Dictionary vs Random Forest
ECB press conferences,2020-12-10,neutral,-0.6923076923076923,bert_score,-0.23636363636363636,Dictionary vs RoBERTa/BERT
ECB press conferences,2021-01-21,neutral,-0.7391304347826086,rf_score,-0.01893174165901438,Dictionary vs Random Forest
ECB press conferences,2021-01-21,neutral,-0.7391304347826086,bert_score,-0.2549019607843137,Dictionary vs RoBERTa/BERT
ECB press conferences,2021-03-11,neutral,-0.632183908045977,rf_score,-0.02296150424701561,Dictionary vs Random Forest
ECB press conferences,2021-03-11,neutral,-0.632183908045977,bert_score,0.01030927835051546,Dictionary vs RoBERTa/BERT
ECB press conferences,2021-04-22,neutral,-0.6842105263157895,rf_score,-0.14354418384269133,Dictionary vs Random Forest
ECB press conferences,2021-04-22,neutral,-0.6842105263157895,bert_score,-0.0588235294117647,Dictionary vs RoBERTa/BERT
ECB press conferences,2021-06-10,neutral,-0.20987654320987653,rf_score,-0.01906779661016949,Dictionary vs Random Forest
ECB press conferences,2021-06-10,neutral,-0.20987654320987653,bert_score,-0.10569105691056913,Dictionary vs RoBERTa/BERT
ECB press conferences,2021-07-08,NA,-0.5,bert_score,0.2,Dictionary vs RoBERTa/BERT
ECB press conferences,2021-07-22,neutral,-0.4074074074074074,rf_score,-0.07738599666797197,Dictionary vs Random Forest
ECB press conferences,2021-07-22,neutral,-0.4074074074074074,bert_score,0.10891089108910892,Dictionary vs RoBERTa/BERT
ECB press conferences,2021-09-09,neutral,-0.21212121212121213,rf_score,-0.06637682795319111,Dictionary vs Random Forest
ECB press conferences,2021-09-09,neutral,-0.21212121212121213,bert_score,-0.13513513513513514,Dictionary vs RoBERTa/BERT
ECB press conferences,2021-10-28,neutral,-0.26153846153846155,rf_score,-0.08539730001109191,Dictionary vs Random Forest
ECB press conferences,2021-10-28,neutral,-0.26153846153846155,bert_score,-0.2307692307692308,Dictionary vs RoBERTa/BERT
ECB press conferences,2021-12-16,neutral,-0.32608695652173914,rf_score,-0.07873135499496031,Dictionary vs Random Forest
ECB press conferences,2021-12-16,neutral,-0.32608695652173914,bert_score,-0.17543859649122806,Dictionary vs RoBERTa/BERT
ECB press conferences,2022-02-03,neutral,-0.14285714285714285,rf_score,-0.09736011885900914,Dictionary vs Random Forest
ECB press conferences,2022-02-03,neutral,-0.14285714285714285,bert_score,-0.02083333333333333,Dictionary vs RoBERTa/BERT
ECB press conferences,2022-03-10,neutral,-0.2571428571428571,rf_score,-0.07354639837417457,Dictionary vs Random Forest
ECB press conferences,2022-03-10,neutral,-0.2571428571428571,bert_score,-0.26,Dictionary vs RoBERTa/BERT
ECB press conferences,2022-04-14,neutral,-0.18421052631578944,rf_score,-0.05263031332546059,Dictionary vs Random Forest
ECB press conferences,2022-04-14,neutral,-0.18421052631578944,bert_score,-0.05376344086021505,Dictionary vs RoBERTa/BERT
ECB press conferences,2022-06-09,neutral,0,rf_score,0.6757016532371829,Dictionary vs Random Forest
ECB press conferences,2022-06-09,neutral,0,bert_score,0.00854700854700854,Dictionary vs RoBERTa/BERT
ECB press conferences,2022-07-21,hawkish,0.2258064516129032,rf_score,0.5869565217391306,Dictionary vs Random Forest
ECB press conferences,2022-07-21,hawkish,0.2258064516129032,bert_score,-0.04761904761904761,Dictionary vs RoBERTa/BERT
ECB press conferences,2022-09-08,hawkish,0.2857142857142857,rf_score,1,Dictionary vs Random Forest
ECB press conferences,2022-09-08,hawkish,0.2857142857142857,bert_score,0.08333333333333333,Dictionary vs RoBERTa/BERT
ECB press conferences,2022-10-27,hawkish,0.2987012987012987,rf_score,1,Dictionary vs Random Forest
ECB press conferences,2022-10-27,hawkish,0.2987012987012987,bert_score,0.05691056910569105,Dictionary vs RoBERTa/BERT
ECB press conferences,2022-12-15,hawkish,0.4,rf_score,0.8500000000000001,Dictionary vs Random Forest
ECB press conferences,2022-12-15,hawkish,0.4,bert_score,0.04950495049504951,Dictionary vs RoBERTa/BERT
ECB press conferences,2023-02-02,hawkish,0.6041666666666666,rf_score,0.3333333333333333,Dictionary vs Random Forest
ECB press conferences,2023-02-02,hawkish,0.6041666666666666,bert_score,0.10526315789473684,Dictionary vs RoBERTa/BERT
ECB press conferences,2023-03-16,hawkish,0.5211267605633803,rf_score,0.6,Dictionary vs Random Forest
ECB press conferences,2023-03-16,hawkish,0.5211267605633803,bert_score,0.16666666666666666,Dictionary vs RoBERTa/BERT
ECB press conferences,2023-05-04,hawkish,0.3695652173913043,rf_score,1,Dictionary vs Random Forest
ECB press conferences,2023-05-04,hawkish,0.3695652173913043,bert_score,0.15789473684210523,Dictionary vs RoBERTa/BERT
ECB press conferences,2023-06-15,hawkish,0.38461538461538464,rf_score,1,Dictionary vs Random Forest
ECB press conferences,2023-06-15,hawkish,0.38461538461538464,bert_score,-0.01724137931034482,Dictionary vs RoBERTa/BERT
ECB press conferences,2023-07-27,hawkish,0.3263157894736842,rf_score,0.6458675424192665,Dictionary vs Random Forest
ECB press conferences,2023-07-27,hawkish,0.3263157894736842,bert_score,0,Dictionary vs RoBERTa/BERT
ECB press conferences,2023-09-14,hawkish,0.4352941176470588,rf_score,0.08045977011494254,Dictionary vs Random Forest
ECB press conferences,2023-09-14,hawkish,0.4352941176470588,bert_score,-0.12781954887218044,Dictionary vs RoBERTa/BERT
ECB press conferences,2023-10-26,neutral,0.4153846153846154,rf_score,0.01756177156177153,Dictionary vs Random Forest
ECB press conferences,2023-10-26,neutral,0.4153846153846154,bert_score,-0.13513513513513514,Dictionary vs RoBERTa/BERT
ECB press conferences,2023-12-14,neutral,0.1232876712328767,rf_score,-0.00353788612409301,Dictionary vs Random Forest
ECB press conferences,2023-12-14,neutral,0.1232876712328767,bert_score,-0.3018867924528302,Dictionary vs RoBERTa/BERT
ECB press conferences,2024-01-25,neutral,0.20754716981132076,rf_score,0.09382597340930672,Dictionary vs Random Forest
ECB press conferences,2024-01-25,neutral,0.20754716981132076,bert_score,-0.3103448275862069,Dictionary vs RoBERTa/BERT
ECB press conferences,2024-03-07,neutral,0.4666666666666667,rf_score,0.1955226446605757,Dictionary vs Random Forest
ECB press conferences,2024-03-07,neutral,0.4666666666666667,bert_score,-0.17525773195876287,Dictionary vs RoBERTa/BERT
ECB press conferences,2024-04-11,neutral,0.22388059701492535,rf_score,0.04578686832207959,Dictionary vs Random Forest
ECB press conferences,2024-04-11,neutral,0.22388059701492535,bert_score,-0.21052631578947367,Dictionary vs RoBERTa/BERT
ECB press conferences,2024-06-06,dovish,0.28,rf_score,1,Dictionary vs Random Forest
ECB press conferences,2024-06-06,dovish,0.28,bert_score,-0.24528301886792453,Dictionary vs RoBERTa/BERT
ECB press conferences,2024-07-18,neutral,0.4925373134328358,rf_score,0.07089251744424159,Dictionary vs Random Forest
ECB press conferences,2024-07-18,neutral,0.4925373134328358,bert_score,-0.20388349514563103,Dictionary vs RoBERTa/BERT
ECB press conferences,2024-09-12,dovish,0.35714285714285715,rf_score,-0.19754273504273517,Dictionary vs Random Forest
ECB press conferences,2024-09-12,dovish,0.35714285714285715,bert_score,-0.3508771929824561,Dictionary vs RoBERTa/BERT
ECB press conferences,2024-10-17,dovish,0.1111111111111111,rf_score,-0.5301724137931034,Dictionary vs Random Forest
ECB press conferences,2024-10-17,dovish,0.1111111111111111,bert_score,-0.3703703703703703,Dictionary vs RoBERTa/BERT
ECB press conferences,2024-12-12,dovish,0.0588235294117647,rf_score,-0.9888888888888888,Dictionary vs Random Forest
ECB press conferences,2024-12-12,dovish,0.0588235294117647,bert_score,-0.2037037037037037,Dictionary vs RoBERTa/BERT
ECB press conferences,2025-01-30,dovish,-0.01818181818181818,rf_score,-1,Dictionary vs Random Forest
ECB press conferences,2025-01-30,dovish,-0.01818181818181818,bert_score,-0.03846153846153846,Dictionary vs RoBERTa/BERT
ECB press conferences,2025-03-06,dovish,0.07462686567164178,rf_score,-1,Dictionary vs Random Forest
ECB press conferences,2025-03-06,dovish,0.07462686567164178,bert_score,-0.3090909090909091,Dictionary vs RoBERTa/BERT
ECB press conferences,2025-04-17,dovish,-0.1746031746031746,rf_score,-0.814484126984127,Dictionary vs Random Forest
ECB press conferences,2025-04-17,dovish,-0.1746031746031746,bert_score,-0.2916666666666667,Dictionary vs RoBERTa/BERT
ECB press conferences,2025-06-05,dovish,-0.2,rf_score,-0.2793103448275862,Dictionary vs Random Forest
ECB press conferences,2025-06-05,dovish,-0.2,bert_score,-0.14285714285714285,Dictionary vs RoBERTa/BERT
ECB press conferences,2025-07-24,neutral,-0.14285714285714285,rf_score,-0.03092286501377409,Dictionary vs Random Forest
ECB press conferences,2025-07-24,neutral,-0.14285714285714285,bert_score,-0.2307692307692308,Dictionary vs RoBERTa/BERT
ECB press conferences,2025-09-11,neutral,0.08,rf_score,-0.02089485480712661,Dictionary vs Random Forest
ECB press conferences,2025-09-11,neutral,0.08,bert_score,-0.25,Dictionary vs RoBERTa/BERT
ECB press conferences,2025-10-30,neutral,-0.12727272727272726,rf_score,-0.04362672559823984,Dictionary vs Random Forest
ECB press conferences,2025-10-30,neutral,-0.12727272727272726,bert_score,-0.3142857142857143,Dictionary vs RoBERTa/BERT
ECB press conferences,2025-12-18,neutral,0.11627906976744186,rf_score,-0.0088577488731889,Dictionary vs Random Forest
ECB press conferences,2025-12-18,neutral,0.11627906976744186,bert_score,-0.08433734939759036,Dictionary vs RoBERTa/BERT
