corpus_key,corpus_long,bank,document_type,meeting_date,score_name,score,method,score_z
fomc_stmt,FOMC statements,FOMC,statement,1994-02-04,net_score,0.07692307692307693,Dictionary,0.5359088786001156
fomc_stmt,FOMC statements,FOMC,statement,1994-02-04,rf_score,0.7730158730158732,Random Forest,1.6019119036971972
fomc_stmt,FOMC statements,FOMC,statement,1994-02-04,bert_score,0.14285714285714285,RoBERTa/BERT,1.190937086348145
fomc_stmt,FOMC statements,FOMC,statement,1994-03-22,net_score,0.09090909090909093,Dictionary,0.5960091686001892
fomc_stmt,FOMC statements,FOMC,statement,1994-03-22,rf_score,0.518921130952381,Random Forest,1.0683138781980916
fomc_stmt,FOMC statements,FOMC,statement,1994-03-22,bert_score,0.16666666666666666,RoBERTa/BERT,1.3019113498460038
fomc_stmt,FOMC statements,FOMC,statement,1994-04-18,net_score,0,Dictionary,0.2053572835997109
fomc_stmt,FOMC statements,FOMC,statement,1994-04-18,rf_score,0.26216976986873186,Random Forest,0.5291369625096533
fomc_stmt,FOMC statements,FOMC,statement,1994-04-18,bert_score,0.16666666666666666,RoBERTa/BERT,1.3019113498460038
fomc_stmt,FOMC statements,FOMC,statement,1994-05-17,net_score,0,Dictionary,0.2053572835997109
fomc_stmt,FOMC statements,FOMC,statement,1994-05-17,rf_score,0.7154901960784313,Random Forest,1.4811081933171992
fomc_stmt,FOMC statements,FOMC,statement,1994-05-17,bert_score,0.2307692307692308,RoBERTa/BERT,1.6006882131094695
fomc_stmt,FOMC statements,FOMC,statement,1994-08-16,net_score,0.16666666666666666,Dictionary,0.9215524061005878
fomc_stmt,FOMC statements,FOMC,statement,1994-08-16,rf_score,-0.02738496071829399,Random Forest,-0.07892690870793832
fomc_stmt,FOMC statements,FOMC,statement,1994-08-16,bert_score,-0.09090909090909093,RoBERTa/BERT,0.10137159018735103
fomc_stmt,FOMC statements,FOMC,statement,1994-11-15,net_score,0.09090909090909093,Dictionary,0.5960091686001892
fomc_stmt,FOMC statements,FOMC,statement,1994-11-15,rf_score,-0.01161616161616152,Random Forest,-0.04581248848397538
fomc_stmt,FOMC statements,FOMC,statement,1994-11-15,bert_score,0.16666666666666666,RoBERTa/BERT,1.3019113498460038
fomc_stmt,FOMC statements,FOMC,statement,1995-02-01,net_score,0,Dictionary,0.2053572835997109
fomc_stmt,FOMC statements,FOMC,statement,1995-02-01,rf_score,0.4647005015748064,Random Forest,0.9544507555603035
fomc_stmt,FOMC statements,FOMC,statement,1995-02-01,bert_score,0.2307692307692308,RoBERTa/BERT,1.6006882131094695
fomc_stmt,FOMC statements,FOMC,statement,1995-03-28,net_score,0,Dictionary,0.2053572835997109
fomc_stmt,FOMC statements,FOMC,statement,1995-07-06,net_score,0.16666666666666666,Dictionary,0.9215524061005878
fomc_stmt,FOMC statements,FOMC,statement,1995-07-06,rf_score,-0.6610286538857968,Random Forest,-1.4095763381229507
fomc_stmt,FOMC statements,FOMC,statement,1995-07-06,bert_score,-0.2307692307692308,RoBERTa/BERT,-0.550505202387483
fomc_stmt,FOMC statements,FOMC,statement,1995-12-19,net_score,-0.09090909090909093,Dictionary,-0.18529460140076748
fomc_stmt,FOMC statements,FOMC,statement,1995-12-19,rf_score,-0.6570350836270648,Random Forest,-1.4011898552408337
fomc_stmt,FOMC statements,FOMC,statement,1995-12-19,bert_score,-0.2307692307692308,RoBERTa/BERT,-0.550505202387483
fomc_stmt,FOMC statements,FOMC,statement,1996-01-31,net_score,0,Dictionary,0.2053572835997109
fomc_stmt,FOMC statements,FOMC,statement,1996-01-31,rf_score,0.1578104997557885,Random Forest,0.30998287839688626
fomc_stmt,FOMC statements,FOMC,statement,1996-01-31,bert_score,0,RoBERTa/BERT,0.5250915053609932
fomc_stmt,FOMC statements,FOMC,statement,1997-03-25,net_score,-0.07692307692307693,Dictionary,-0.12519431140069384
fomc_stmt,FOMC statements,FOMC,statement,1997-03-25,rf_score,0.5488214442562269,Random Forest,1.1311044263659482
fomc_stmt,FOMC statements,FOMC,statement,1997-03-25,bert_score,0.07692307692307693,RoBERTa/BERT,0.8836237412771518
fomc_stmt,FOMC statements,FOMC,statement,1998-09-29,net_score,0,Dictionary,0.2053572835997109
fomc_stmt,FOMC statements,FOMC,statement,1998-09-29,rf_score,-0.5112621210918424,Random Forest,-1.095067169079491
fomc_stmt,FOMC statements,FOMC,statement,1998-09-29,bert_score,-0.16666666666666666,RoBERTa/BERT,-0.25172833912401726
fomc_stmt,FOMC statements,FOMC,statement,1998-10-15,net_score,-0.09090909090909093,Dictionary,-0.18529460140076748
fomc_stmt,FOMC statements,FOMC,statement,1998-10-15,rf_score,-0.02003676470588233,Random Forest,-0.06349572405861763
fomc_stmt,FOMC statements,FOMC,statement,1998-10-15,bert_score,-0.16666666666666666,RoBERTa/BERT,-0.25172833912401726
fomc_stmt,FOMC statements,FOMC,statement,1998-11-17,net_score,0.16666666666666666,Dictionary,0.9215524061005878
fomc_stmt,FOMC statements,FOMC,statement,1998-11-17,rf_score,0.2538040707683566,Random Forest,0.5115690251110727
fomc_stmt,FOMC statements,FOMC,statement,1998-11-17,bert_score,-0.09090909090909093,RoBERTa/BERT,0.10137159018735103
fomc_stmt,FOMC statements,FOMC,statement,1999-02-03,net_score,0,Dictionary,0.2053572835997109
fomc_stmt,FOMC statements,FOMC,statement,1999-03-30,net_score,0,Dictionary,0.2053572835997109
fomc_stmt,FOMC statements,FOMC,statement,1999-05-18,net_score,-0.09090909090909093,Dictionary,-0.18529460140076748
fomc_stmt,FOMC statements,FOMC,statement,1999-05-18,rf_score,0.02512784100389392,Random Forest,0.03134978212332567
fomc_stmt,FOMC statements,FOMC,statement,1999-05-18,bert_score,-0.14285714285714285,RoBERTa/BERT,-0.1407540756261586
fomc_stmt,FOMC statements,FOMC,statement,1999-06-30,net_score,0.09090909090909093,Dictionary,0.5960091686001892
fomc_stmt,FOMC statements,FOMC,statement,1999-06-30,rf_score,-0.0503494955404179,Random Forest,-0.1271523475268527
fomc_stmt,FOMC statements,FOMC,statement,1999-06-30,bert_score,0.09090909090909093,RoBERTa/BERT,0.9488114205346354
fomc_stmt,FOMC statements,FOMC,statement,1999-08-24,net_score,0.06666666666666667,Dictionary,0.4918353326000616
fomc_stmt,FOMC statements,FOMC,statement,1999-08-24,rf_score,-0.5028273809523811,Random Forest,-1.0773542457522938
fomc_stmt,FOMC statements,FOMC,statement,1999-08-24,bert_score,0.09090909090909093,RoBERTa/BERT,0.9488114205346354
fomc_stmt,FOMC statements,FOMC,statement,1999-10-05,net_score,0,Dictionary,0.2053572835997109
fomc_stmt,FOMC statements,FOMC,statement,1999-10-05,rf_score,-0.3991756814658068,Random Forest,-0.859686057357264
fomc_stmt,FOMC statements,FOMC,statement,1999-10-05,bert_score,0.2307692307692308,RoBERTa/BERT,1.6006882131094695
fomc_stmt,FOMC statements,FOMC,statement,1999-11-16,net_score,0.2857142857142857,Dictionary,1.433120350744071
fomc_stmt,FOMC statements,FOMC,statement,1999-11-16,rf_score,0.3242533124360856,Random Forest,0.6595121739796009
fomc_stmt,FOMC statements,FOMC,statement,1999-11-16,bert_score,0.14285714285714285,RoBERTa/BERT,1.190937086348145
fomc_stmt,FOMC statements,FOMC,statement,1999-12-21,net_score,0.09090909090909093,Dictionary,0.5960091686001892
fomc_stmt,FOMC statements,FOMC,statement,1999-12-21,rf_score,-0.6345330111557129,Random Forest,-1.353935585660746
fomc_stmt,FOMC statements,FOMC,statement,1999-12-21,bert_score,-0.2307692307692308,RoBERTa/BERT,-0.550505202387483
fomc_stmt,FOMC statements,FOMC,statement,2000-02-02,net_score,0.2307692307692308,Dictionary,1.1970120686009251
fomc_stmt,FOMC statements,FOMC,statement,2000-02-02,rf_score,0.6388888888888888,Random Forest,1.3202457294383645
fomc_stmt,FOMC statements,FOMC,statement,2000-02-02,bert_score,0.14285714285714285,RoBERTa/BERT,1.190937086348145
fomc_stmt,FOMC statements,FOMC,statement,2000-03-21,net_score,0.2307692307692308,Dictionary,1.1970120686009251
fomc_stmt,FOMC statements,FOMC,statement,2000-03-21,rf_score,0.44666666666666666,Random Forest,0.916579768459139
fomc_stmt,FOMC statements,FOMC,statement,2000-03-21,bert_score,0.2857142857142857,RoBERTa/BERT,1.8567826673352967
fomc_stmt,FOMC statements,FOMC,statement,2000-05-16,net_score,0.16666666666666666,Dictionary,0.9215524061005878
fomc_stmt,FOMC statements,FOMC,statement,2000-05-16,rf_score,0.419607843137255,Random Forest,0.8597563383858992
fomc_stmt,FOMC statements,FOMC,statement,2000-05-16,bert_score,0.3333333333333333,RoBERTa/BERT,2.078731194331014
fomc_stmt,FOMC statements,FOMC,statement,2000-06-28,net_score,0.09090909090909093,Dictionary,0.5960091686001892
fomc_stmt,FOMC statements,FOMC,statement,2000-06-28,rf_score,-0.2809400261994082,Random Forest,-0.6113916153653143
fomc_stmt,FOMC statements,FOMC,statement,2000-06-28,bert_score,-0.07692307692307693,RoBERTa/BERT,0.16655926944483448
fomc_stmt,FOMC statements,FOMC,statement,2000-08-22,net_score,0.09090909090909093,Dictionary,0.5960091686001892
fomc_stmt,FOMC statements,FOMC,statement,2000-08-22,rf_score,-0.2489289747007087,Random Forest,-0.5441685247372205
fomc_stmt,FOMC statements,FOMC,statement,2000-08-22,bert_score,0,RoBERTa/BERT,0.5250915053609932
fomc_stmt,FOMC statements,FOMC,statement,2000-10-03,net_score,0.09090909090909093,Dictionary,0.5960091686001892
fomc_stmt,FOMC statements,FOMC,statement,2000-10-03,rf_score,-0.2804859048488275,Random Forest,-0.6104379621962679
fomc_stmt,FOMC statements,FOMC,statement,2000-10-03,bert_score,-0.14285714285714285,RoBERTa/BERT,-0.1407540756261586
fomc_stmt,FOMC statements,FOMC,statement,2000-11-15,net_score,0,Dictionary,0.2053572835997109
fomc_stmt,FOMC statements,FOMC,statement,2000-11-15,rf_score,-0.49584192987781983,Random Forest,-1.0626848241407474
fomc_stmt,FOMC statements,FOMC,statement,2000-11-15,bert_score,0,RoBERTa/BERT,0.5250915053609932
fomc_stmt,FOMC statements,FOMC,statement,2000-12-19,net_score,-0.16666666666666666,Dictionary,-0.510837838901166
fomc_stmt,FOMC statements,FOMC,statement,2000-12-19,rf_score,-0.6545239712053446,Random Forest,-1.3959165283740331
fomc_stmt,FOMC statements,FOMC,statement,2000-12-19,bert_score,-0.2307692307692308,RoBERTa/BERT,-0.550505202387483
fomc_stmt,FOMC statements,FOMC,statement,2001-01-03,net_score,-0.2857142857142857,Dictionary,-1.0224057835446494
fomc_stmt,FOMC statements,FOMC,statement,2001-01-03,rf_score,-0.9283757716049384,Random Forest,-1.9710043038467144
fomc_stmt,FOMC statements,FOMC,statement,2001-01-03,bert_score,-0.375,RoBERTa/BERT,-1.2227531447302804
fomc_stmt,FOMC statements,FOMC,statement,2001-01-31,net_score,-0.375,Dictionary,-1.4060817420272622
fomc_stmt,FOMC statements,FOMC,statement,2001-01-31,rf_score,-0.8019982210771687,Random Forest,-1.7056119116964628
fomc_stmt,FOMC statements,FOMC,statement,2001-01-31,bert_score,-0.3333333333333333,RoBERTa/BERT,-1.0285481836090278
fomc_stmt,FOMC statements,FOMC,statement,2001-03-20,net_score,-0.3333333333333333,Dictionary,-1.2270329614020425
fomc_stmt,FOMC statements,FOMC,statement,2001-03-20,rf_score,-0.5375939849624062,Random Forest,-1.1503639865379693
fomc_stmt,FOMC statements,FOMC,statement,2001-03-20,bert_score,-0.375,RoBERTa/BERT,-1.2227531447302804
fomc_stmt,FOMC statements,FOMC,statement,2001-04-18,net_score,-0.25,Dictionary,-0.8689354001516044
fomc_stmt,FOMC statements,FOMC,statement,2001-04-18,rf_score,-0.921925925925926,Random Forest,-1.9574596515995029
fomc_stmt,FOMC statements,FOMC,statement,2001-04-18,bert_score,-0.29411764705882354,RoBERTa/BERT,-0.845767043730202
fomc_stmt,FOMC statements,FOMC,statement,2001-05-15,net_score,-0.3333333333333333,Dictionary,-1.2270329614020425
fomc_stmt,FOMC statements,FOMC,statement,2001-05-15,rf_score,-0.8678571428571429,Random Forest,-1.8439154056527174
fomc_stmt,FOMC statements,FOMC,statement,2001-05-15,bert_score,-0.3333333333333333,RoBERTa/BERT,-1.0285481836090278
fomc_stmt,FOMC statements,FOMC,statement,2001-06-27,net_score,-0.3333333333333333,Dictionary,-1.2270329614020425
fomc_stmt,FOMC statements,FOMC,statement,2001-06-27,rf_score,-0.9614583333333332,Random Forest,-2.0404775620234332
fomc_stmt,FOMC statements,FOMC,statement,2001-06-27,bert_score,-0.375,RoBERTa/BERT,-1.2227531447302804
fomc_stmt,FOMC statements,FOMC,statement,2001-08-21,net_score,-0.3333333333333333,Dictionary,-1.2270329614020425
fomc_stmt,FOMC statements,FOMC,statement,2001-08-21,rf_score,-0.9748960695389268,Random Forest,-2.0686967587224774
fomc_stmt,FOMC statements,FOMC,statement,2001-08-21,bert_score,-0.375,RoBERTa/BERT,-1.2227531447302804
fomc_stmt,FOMC statements,FOMC,statement,2001-09-17,net_score,-0.3333333333333333,Dictionary,-1.2270329614020425
fomc_stmt,FOMC statements,FOMC,statement,2001-09-17,rf_score,-0.6049023998242749,Random Forest,-1.2917114106448142
fomc_stmt,FOMC statements,FOMC,statement,2001-09-17,bert_score,-0.375,RoBERTa/BERT,-1.2227531447302804
fomc_stmt,FOMC statements,FOMC,statement,2001-10-02,net_score,-0.3333333333333333,Dictionary,-1.2270329614020425
fomc_stmt,FOMC statements,FOMC,statement,2001-10-02,rf_score,-0.978095238095238,Random Forest,-2.075415000945923
fomc_stmt,FOMC statements,FOMC,statement,2001-10-02,bert_score,-0.375,RoBERTa/BERT,-1.2227531447302804
fomc_stmt,FOMC statements,FOMC,statement,2001-11-06,net_score,-0.3333333333333333,Dictionary,-1.2270329614020425
fomc_stmt,FOMC statements,FOMC,statement,2001-11-06,rf_score,-0.9689198467595208,Random Forest,-2.056146712825672
fomc_stmt,FOMC statements,FOMC,statement,2001-11-06,bert_score,-0.3333333333333333,RoBERTa/BERT,-1.0285481836090278
fomc_stmt,FOMC statements,FOMC,statement,2001-12-11,net_score,-0.25,Dictionary,-0.8689354001516044
fomc_stmt,FOMC statements,FOMC,statement,2001-12-11,rf_score,-0.9867472680771912,Random Forest,-2.093584232144637
fomc_stmt,FOMC statements,FOMC,statement,2001-12-11,bert_score,-0.375,RoBERTa/BERT,-1.2227531447302804
fomc_stmt,FOMC statements,FOMC,statement,2002-01-30,net_score,-0.2857142857142857,Dictionary,-1.0224057835446494
fomc_stmt,FOMC statements,FOMC,statement,2002-01-30,rf_score,-0.5476376737133416,Random Forest,-1.17145569604248
fomc_stmt,FOMC statements,FOMC,statement,2002-01-30,bert_score,-0.07692307692307693,RoBERTa/BERT,0.16655926944483448
fomc_stmt,FOMC statements,FOMC,statement,2002-03-19,net_score,0.09090909090909093,Dictionary,0.5960091686001892
fomc_stmt,FOMC statements,FOMC,statement,2002-03-19,rf_score,-0.08727935717621624,Random Forest,-0.20470492138488702
fomc_stmt,FOMC statements,FOMC,statement,2002-03-19,bert_score,0.09090909090909093,RoBERTa/BERT,0.9488114205346354
fomc_stmt,FOMC statements,FOMC,statement,2002-05-07,net_score,0.09090909090909093,Dictionary,0.5960091686001892
fomc_stmt,FOMC statements,FOMC,statement,2002-05-07,rf_score,0.04744370992966335,Random Forest,0.07821302494128199
fomc_stmt,FOMC statements,FOMC,statement,2002-05-07,bert_score,0.09090909090909093,RoBERTa/BERT,0.9488114205346354
fomc_stmt,FOMC statements,FOMC,statement,2002-06-26,net_score,0.09090909090909093,Dictionary,0.5960091686001892
fomc_stmt,FOMC statements,FOMC,statement,2002-06-26,rf_score,-0.10906875956054853,Random Forest,-0.25046258639859265
fomc_stmt,FOMC statements,FOMC,statement,2002-06-26,bert_score,0,RoBERTa/BERT,0.5250915053609932
fomc_stmt,FOMC statements,FOMC,statement,2002-08-13,net_score,-0.2857142857142857,Dictionary,-1.0224057835446494
fomc_stmt,FOMC statements,FOMC,statement,2002-08-13,rf_score,-0.2767449880807517,Random Forest,-0.6025820507169861
fomc_stmt,FOMC statements,FOMC,statement,2002-08-13,bert_score,-0.2307692307692308,RoBERTa/BERT,-0.550505202387483
fomc_stmt,FOMC statements,FOMC,statement,2002-09-24,net_score,-0.2857142857142857,Dictionary,-1.0224057835446494
fomc_stmt,FOMC statements,FOMC,statement,2002-09-24,rf_score,-0.463044082710986,Random Forest,-0.9938094654980608
fomc_stmt,FOMC statements,FOMC,statement,2002-09-24,bert_score,-0.2857142857142857,RoBERTa/BERT,-0.8065996566133105
fomc_stmt,FOMC statements,FOMC,statement,2002-11-06,net_score,-0.375,Dictionary,-1.4060817420272622
fomc_stmt,FOMC statements,FOMC,statement,2002-11-06,rf_score,-0.20447196422428615,Random Forest,-0.45080896594759184
fomc_stmt,FOMC statements,FOMC,statement,2002-11-06,bert_score,-0.375,RoBERTa/BERT,-1.2227531447302804
fomc_stmt,FOMC statements,FOMC,statement,2002-12-10,net_score,-0.16666666666666666,Dictionary,-0.510837838901166
fomc_stmt,FOMC statements,FOMC,statement,2002-12-10,rf_score,-0.11111973354079788,Random Forest,-0.2547696242275676
fomc_stmt,FOMC statements,FOMC,statement,2002-12-10,bert_score,-0.09090909090909093,RoBERTa/BERT,0.10137159018735103
fomc_stmt,FOMC statements,FOMC,statement,2003-01-29,net_score,-0.16666666666666666,Dictionary,-0.510837838901166
fomc_stmt,FOMC statements,FOMC,statement,2003-01-29,rf_score,-0.10709886460679267,Random Forest,-0.2463258142275962
fomc_stmt,FOMC statements,FOMC,statement,2003-01-29,bert_score,-0.16666666666666666,RoBERTa/BERT,-0.25172833912401726
fomc_stmt,FOMC statements,FOMC,statement,2003-03-18,net_score,-0.07692307692307693,Dictionary,-0.12519431140069384
fomc_stmt,FOMC statements,FOMC,statement,2003-03-18,rf_score,-0.0722555791260269,Random Forest,-0.17315504263487863
fomc_stmt,FOMC statements,FOMC,statement,2003-03-18,bert_score,-0.2,RoBERTa/BERT,-0.4070923080210194
fomc_stmt,FOMC statements,FOMC,statement,2003-05-06,net_score,-0.2857142857142857,Dictionary,-1.0224057835446494
fomc_stmt,FOMC statements,FOMC,statement,2003-05-06,rf_score,-0.12812955307058807,Random Forest,-0.2904901827935697
fomc_stmt,FOMC statements,FOMC,statement,2003-05-06,bert_score,-0.3333333333333333,RoBERTa/BERT,-1.0285481836090278
fomc_stmt,FOMC statements,FOMC,statement,2003-06-25,net_score,-0.3684210526315789,Dictionary,-1.377810881928543
fomc_stmt,FOMC statements,FOMC,statement,2003-06-25,rf_score,-0.5496945530761956,Random Forest,-1.1757751351532448
fomc_stmt,FOMC statements,FOMC,statement,2003-06-25,bert_score,-0.17647058823529413,RoBERTa/BERT,-0.29742362409372386
fomc_stmt,FOMC statements,FOMC,statement,2003-08-12,net_score,-0.17647058823529413,Dictionary,-0.5529669637541588
fomc_stmt,FOMC statements,FOMC,statement,2003-08-12,rf_score,0.0018680947252555,Random Forest,-0.017495599670487007
fomc_stmt,FOMC statements,FOMC,statement,2003-08-12,bert_score,-0.2857142857142857,RoBERTa/BERT,-0.8065996566133105
fomc_stmt,FOMC statements,FOMC,statement,2003-09-16,net_score,-0.17647058823529413,Dictionary,-0.5529669637541588
fomc_stmt,FOMC statements,FOMC,statement,2003-09-16,rf_score,-0.04290532320780979,Random Forest,-0.11151961295746833
fomc_stmt,FOMC statements,FOMC,statement,2003-09-16,bert_score,-0.2,RoBERTa/BERT,-0.4070923080210194
fomc_stmt,FOMC statements,FOMC,statement,2003-10-28,net_score,-0.17647058823529413,Dictionary,-0.5529669637541588
fomc_stmt,FOMC statements,FOMC,statement,2003-10-28,rf_score,-0.03154242068228435,Random Forest,-0.08765755936942471
fomc_stmt,FOMC statements,FOMC,statement,2003-10-28,bert_score,-0.2,RoBERTa/BERT,-0.4070923080210194
fomc_stmt,FOMC statements,FOMC,statement,2003-12-09,net_score,-0.25,Dictionary,-0.8689354001516044
fomc_stmt,FOMC statements,FOMC,statement,2003-12-09,rf_score,-0.02901033736803962,Random Forest,-0.08234019370531108
fomc_stmt,FOMC statements,FOMC,statement,2003-12-09,bert_score,-0.14285714285714285,RoBERTa/BERT,-0.1407540756261586
fomc_stmt,FOMC statements,FOMC,statement,2004-01-28,net_score,-0.25,Dictionary,-0.8689354001516044
fomc_stmt,FOMC statements,FOMC,statement,2004-01-28,rf_score,-0.08149272652607252,Random Forest,-0.19255301826350035
fomc_stmt,FOMC statements,FOMC,statement,2004-01-28,bert_score,-0.14285714285714285,RoBERTa/BERT,-0.1407540756261586
fomc_stmt,FOMC statements,FOMC,statement,2004-03-16,net_score,-0.15789473684210523,Dictionary,-0.4731433587695407
fomc_stmt,FOMC statements,FOMC,statement,2004-03-16,rf_score,-0.07057694092275539,Random Forest,-0.1696299085706357
fomc_stmt,FOMC statements,FOMC,statement,2004-03-16,bert_score,-0.14285714285714285,RoBERTa/BERT,-0.1407540756261586
fomc_stmt,FOMC statements,FOMC,statement,2004-05-04,net_score,-0.2,Dictionary,-0.6540768634013414
fomc_stmt,FOMC statements,FOMC,statement,2004-05-04,rf_score,-0.16777139403323052,Random Forest,-0.373737903281741
fomc_stmt,FOMC statements,FOMC,statement,2004-05-04,bert_score,0,RoBERTa/BERT,0.5250915053609932
fomc_stmt,FOMC statements,FOMC,statement,2004-06-30,net_score,0.04761904761904761,Dictionary,0.40998446145710427
fomc_stmt,FOMC statements,FOMC,statement,2004-06-30,rf_score,0.8086333177497272,Random Forest,1.676708406879302
fomc_stmt,FOMC statements,FOMC,statement,2004-06-30,bert_score,0.14285714285714285,RoBERTa/BERT,1.190937086348145
fomc_stmt,FOMC statements,FOMC,statement,2004-08-10,net_score,0,Dictionary,0.2053572835997109
fomc_stmt,FOMC statements,FOMC,statement,2004-08-10,rf_score,0.9982608695652172,Random Forest,2.0749255695299604
fomc_stmt,FOMC statements,FOMC,statement,2004-08-10,bert_score,0,RoBERTa/BERT,0.5250915053609932
fomc_stmt,FOMC statements,FOMC,statement,2004-09-21,net_score,0,Dictionary,0.2053572835997109
fomc_stmt,FOMC statements,FOMC,statement,2004-09-21,rf_score,0.9979296066252588,Random Forest,2.074229918572182
fomc_stmt,FOMC statements,FOMC,statement,2004-09-21,bert_score,0,RoBERTa/BERT,0.5250915053609932
fomc_stmt,FOMC statements,FOMC,statement,2004-11-10,net_score,0,Dictionary,0.2053572835997109
fomc_stmt,FOMC statements,FOMC,statement,2004-11-10,rf_score,0.9981060606060606,Random Forest,2.0746004712840667
fomc_stmt,FOMC statements,FOMC,statement,2004-11-10,bert_score,0,RoBERTa/BERT,0.5250915053609932
fomc_stmt,FOMC statements,FOMC,statement,2004-12-14,net_score,0,Dictionary,0.2053572835997109
fomc_stmt,FOMC statements,FOMC,statement,2004-12-14,rf_score,0.997835497835498,Random Forest,2.074032290459177
fomc_stmt,FOMC statements,FOMC,statement,2004-12-14,bert_score,0,RoBERTa/BERT,0.5250915053609932
fomc_stmt,FOMC statements,FOMC,statement,2005-02-02,net_score,0,Dictionary,0.2053572835997109
fomc_stmt,FOMC statements,FOMC,statement,2005-02-02,rf_score,0.9980237154150196,Random Forest,2.074427546685187
fomc_stmt,FOMC statements,FOMC,statement,2005-02-02,bert_score,0,RoBERTa/BERT,0.5250915053609932
fomc_stmt,FOMC statements,FOMC,statement,2005-03-22,net_score,0.1,Dictionary,0.6350743571002371
fomc_stmt,FOMC statements,FOMC,statement,2005-03-22,rf_score,0.9944416996047432,Random Forest,2.066905326633926
fomc_stmt,FOMC statements,FOMC,statement,2005-03-22,bert_score,0.07692307692307693,RoBERTa/BERT,0.8836237412771518
fomc_stmt,FOMC statements,FOMC,statement,2005-05-03,net_score,0.04761904761904761,Dictionary,0.40998446145710427
fomc_stmt,FOMC statements,FOMC,statement,2005-05-03,rf_score,1,Random Forest,2.0785777370582976
fomc_stmt,FOMC statements,FOMC,statement,2005-05-03,bert_score,-0.0588235294117647,RoBERTa/BERT,0.25091979554275423
fomc_stmt,FOMC statements,FOMC,statement,2005-06-30,net_score,0,Dictionary,0.2053572835997109
fomc_stmt,FOMC statements,FOMC,statement,2005-06-30,rf_score,0.9953463203463204,Random Forest,2.0688050268701885
fomc_stmt,FOMC statements,FOMC,statement,2005-06-30,bert_score,0.07692307692307693,RoBERTa/BERT,0.8836237412771518
fomc_stmt,FOMC statements,FOMC,statement,2005-08-09,net_score,0.05263157894736842,Dictionary,0.43152416438946145
fomc_stmt,FOMC statements,FOMC,statement,2005-08-09,rf_score,1,Random Forest,2.0785777370582976
fomc_stmt,FOMC statements,FOMC,statement,2005-08-09,bert_score,0,RoBERTa/BERT,0.5250915053609932
fomc_stmt,FOMC statements,FOMC,statement,2005-09-20,net_score,0.05263157894736842,Dictionary,0.43152416438946145
fomc_stmt,FOMC statements,FOMC,statement,2005-09-20,rf_score,0.17647016525322995,Random Forest,0.349168107438031
fomc_stmt,FOMC statements,FOMC,statement,2005-09-20,bert_score,0,RoBERTa/BERT,0.5250915053609932
fomc_stmt,FOMC statements,FOMC,statement,2005-11-01,net_score,0.05263157894736842,Dictionary,0.43152416438946145
fomc_stmt,FOMC statements,FOMC,statement,2005-11-01,rf_score,0.7939508506616257,Random Forest,1.645875279896655
fomc_stmt,FOMC statements,FOMC,statement,2005-11-01,bert_score,0,RoBERTa/BERT,0.5250915053609932
fomc_stmt,FOMC statements,FOMC,statement,2005-12-13,net_score,0.2307692307692308,Dictionary,1.1970120686009251
fomc_stmt,FOMC statements,FOMC,statement,2005-12-13,rf_score,0.7682912739434477,Random Forest,1.5919902629900817
fomc_stmt,FOMC statements,FOMC,statement,2005-12-13,bert_score,0.06666666666666667,RoBERTa/BERT,0.8358194431549973
fomc_stmt,FOMC statements,FOMC,statement,2006-01-31,net_score,0.2857142857142857,Dictionary,1.433120350744071
fomc_stmt,FOMC statements,FOMC,statement,2006-01-31,rf_score,0.7236555714816583,Random Forest,1.4982554516871978
fomc_stmt,FOMC statements,FOMC,statement,2006-01-31,bert_score,0.14285714285714285,RoBERTa/BERT,1.190937086348145
fomc_stmt,FOMC statements,FOMC,statement,2006-03-28,net_score,0.3333333333333333,Dictionary,1.6377475286014647
fomc_stmt,FOMC statements,FOMC,statement,2006-03-28,rf_score,0.7032987437399202,Random Forest,1.4555061881636628
fomc_stmt,FOMC statements,FOMC,statement,2006-03-28,bert_score,0.06666666666666667,RoBERTa/BERT,0.8358194431549973
fomc_stmt,FOMC statements,FOMC,statement,2006-05-10,net_score,0.3333333333333333,Dictionary,1.6377475286014647
fomc_stmt,FOMC statements,FOMC,statement,2006-05-10,rf_score,0.4438036083998817,Random Forest,0.9105673566097683
fomc_stmt,FOMC statements,FOMC,statement,2006-05-10,bert_score,0.2,RoBERTa/BERT,1.4572753187430059
fomc_stmt,FOMC statements,FOMC,statement,2006-06-29,net_score,0.375,Dictionary,1.8167963092266837
fomc_stmt,FOMC statements,FOMC,statement,2006-06-29,rf_score,0.28364052130976697,Random Forest,0.5742254617122682
fomc_stmt,FOMC statements,FOMC,statement,2006-06-29,bert_score,0.06666666666666667,RoBERTa/BERT,0.8358194431549973
fomc_stmt,FOMC statements,FOMC,statement,2006-08-08,net_score,0.2307692307692308,Dictionary,1.1970120686009251
fomc_stmt,FOMC statements,FOMC,statement,2006-08-08,rf_score,-0.245505235359104,Random Forest,-0.5369786846891041
fomc_stmt,FOMC statements,FOMC,statement,2006-08-08,bert_score,0,RoBERTa/BERT,0.5250915053609932
fomc_stmt,FOMC statements,FOMC,statement,2006-09-20,net_score,0.16666666666666666,Dictionary,0.9215524061005878
fomc_stmt,FOMC statements,FOMC,statement,2006-09-20,rf_score,-0.23944436613140865,Random Forest,-0.5242508815616455
fomc_stmt,FOMC statements,FOMC,statement,2006-09-20,bert_score,0,RoBERTa/BERT,0.5250915053609932
fomc_stmt,FOMC statements,FOMC,statement,2006-10-25,net_score,0.07692307692307693,Dictionary,0.5359088786001156
fomc_stmt,FOMC statements,FOMC,statement,2006-10-25,rf_score,-0.280920498936563,Random Forest,-0.611350608185028
fomc_stmt,FOMC statements,FOMC,statement,2006-10-25,bert_score,-0.06666666666666667,RoBERTa/BERT,0.21436356756698902
fomc_stmt,FOMC statements,FOMC,statement,2006-12-12,net_score,0.07692307692307693,Dictionary,0.5359088786001156
fomc_stmt,FOMC statements,FOMC,statement,2006-12-12,rf_score,-0.33456710127343187,Random Forest,-0.7240082761447059
fomc_stmt,FOMC statements,FOMC,statement,2006-12-12,bert_score,0,RoBERTa/BERT,0.5250915053609932
fomc_stmt,FOMC statements,FOMC,statement,2007-01-31,net_score,0.09090909090909093,Dictionary,0.5960091686001892
fomc_stmt,FOMC statements,FOMC,statement,2007-01-31,rf_score,-0.1816608490247392,Random Forest,-0.40290570777285395
fomc_stmt,FOMC statements,FOMC,statement,2007-01-31,bert_score,0,RoBERTa/BERT,0.5250915053609932
fomc_stmt,FOMC statements,FOMC,statement,2007-03-21,net_score,0.16666666666666666,Dictionary,0.9215524061005878
fomc_stmt,FOMC statements,FOMC,statement,2007-03-21,rf_score,-0.1438814269391639,Random Forest,-0.3235690600891997
fomc_stmt,FOMC statements,FOMC,statement,2007-03-21,bert_score,0,RoBERTa/BERT,0.5250915053609932
fomc_stmt,FOMC statements,FOMC,statement,2007-05-09,net_score,0,Dictionary,0.2053572835997109
fomc_stmt,FOMC statements,FOMC,statement,2007-05-09,rf_score,-0.1347509538978235,Random Forest,-0.30439510022223537
fomc_stmt,FOMC statements,FOMC,statement,2007-05-09,bert_score,-0.06666666666666667,RoBERTa/BERT,0.21436356756698902
fomc_stmt,FOMC statements,FOMC,statement,2007-06-28,net_score,0,Dictionary,0.2053572835997109
fomc_stmt,FOMC statements,FOMC,statement,2007-08-07,net_score,0.06666666666666667,Dictionary,0.4918353326000616
fomc_stmt,FOMC statements,FOMC,statement,2007-08-07,rf_score,-0.07687694943013579,Random Forest,-0.18285990330750335
fomc_stmt,FOMC statements,FOMC,statement,2007-08-07,bert_score,-0.2,RoBERTa/BERT,-0.4070923080210194
fomc_stmt,FOMC statements,FOMC,statement,2007-08-17,net_score,-0.09090909090909093,Dictionary,-0.18529460140076748
fomc_stmt,FOMC statements,FOMC,statement,2007-08-17,bert_score,-0.07692307692307693,RoBERTa/BERT,0.16655926944483448
fomc_stmt,FOMC statements,FOMC,statement,2007-09-18,net_score,-0.07692307692307693,Dictionary,-0.12519431140069384
fomc_stmt,FOMC statements,FOMC,statement,2007-09-18,rf_score,-0.8715007215007214,Random Forest,-1.8515669074279033
fomc_stmt,FOMC statements,FOMC,statement,2007-09-18,bert_score,-0.29411764705882354,RoBERTa/BERT,-0.845767043730202
fomc_stmt,FOMC statements,FOMC,statement,2007-10-31,net_score,0,Dictionary,0.2053572835997109
fomc_stmt,FOMC statements,FOMC,statement,2007-10-31,rf_score,-0.8451515151515152,Random Forest,-1.7962336708279436
fomc_stmt,FOMC statements,FOMC,statement,2007-10-31,bert_score,-0.25,RoBERTa/BERT,-0.6401382613665226
fomc_stmt,FOMC statements,FOMC,statement,2007-12-11,net_score,-0.125,Dictionary,-0.33178905827594674
fomc_stmt,FOMC statements,FOMC,statement,2007-12-11,rf_score,-0.9539485766758496,Random Forest,-2.024707100612584
fomc_stmt,FOMC statements,FOMC,statement,2007-12-11,bert_score,-0.2222222222222222,RoBERTa/BERT,-0.5106682872856874
fomc_stmt,FOMC statements,FOMC,statement,2008-01-22,net_score,-0.4444444444444444,Dictionary,-1.7044963764026275
fomc_stmt,FOMC statements,FOMC,statement,2008-01-22,rf_score,-0.08602945838397075,Random Forest,-0.20208013850980786
fomc_stmt,FOMC statements,FOMC,statement,2008-01-30,net_score,-0.3333333333333333,Dictionary,-1.2270329614020425
fomc_stmt,FOMC statements,FOMC,statement,2008-01-30,rf_score,-0.8582472928733318,Random Forest,-1.8237347559664563
fomc_stmt,FOMC statements,FOMC,statement,2008-01-30,bert_score,-0.2222222222222222,RoBERTa/BERT,-0.5106682872856874
fomc_stmt,FOMC statements,FOMC,statement,2008-03-11,net_score,0,Dictionary,0.2053572835997109
fomc_stmt,FOMC statements,FOMC,statement,2008-03-11,bert_score,0.3333333333333333,RoBERTa/BERT,2.078731194331014
fomc_stmt,FOMC statements,FOMC,statement,2008-03-18,net_score,-0.2,Dictionary,-0.6540768634013414
fomc_stmt,FOMC statements,FOMC,statement,2008-03-18,rf_score,-0.8345404354100006,Random Forest,-1.773950442326226
fomc_stmt,FOMC statements,FOMC,statement,2008-03-18,bert_score,-0.30434782608695654,RoBERTa/BERT,-0.8934490802203304
fomc_stmt,FOMC statements,FOMC,statement,2008-04-30,net_score,-0.14285714285714285,Dictionary,-0.4085242499724692
fomc_stmt,FOMC statements,FOMC,statement,2008-04-30,rf_score,-0.864230540701129,Random Forest,-1.836299554439093
fomc_stmt,FOMC statements,FOMC,statement,2008-04-30,bert_score,-0.3684210526315789,RoBERTa/BERT,-1.192089203500609
fomc_stmt,FOMC statements,FOMC,statement,2008-06-25,net_score,-0.06666666666666667,Dictionary,-0.08112076540063985
fomc_stmt,FOMC statements,FOMC,statement,2008-06-25,rf_score,-0.22996136164885153,Random Forest,-0.5043366069623417
fomc_stmt,FOMC statements,FOMC,statement,2008-06-25,bert_score,-0.1111111111111111,RoBERTa/BERT,0.0072116090376529
fomc_stmt,FOMC statements,FOMC,statement,2008-08-05,net_score,-0.06666666666666667,Dictionary,-0.08112076540063985
fomc_stmt,FOMC statements,FOMC,statement,2008-08-05,rf_score,-0.1305718206667031,Random Forest,-0.29561893577934295
fomc_stmt,FOMC statements,FOMC,statement,2008-08-05,bert_score,-0.15789473684210523,RoBERTa/BERT,-0.21084308415112182
fomc_stmt,FOMC statements,FOMC,statement,2008-09-16,net_score,-0.06666666666666667,Dictionary,-0.08112076540063985
fomc_stmt,FOMC statements,FOMC,statement,2008-09-16,rf_score,-0.6933145927673706,Random Forest,-1.477376691245912
fomc_stmt,FOMC statements,FOMC,statement,2008-09-16,bert_score,-0.2222222222222222,RoBERTa/BERT,-0.5106682872856874
fomc_stmt,FOMC statements,FOMC,statement,2008-10-08,net_score,-0.04761904761904761,Dictionary,7.30105742317545e-4
fomc_stmt,FOMC statements,FOMC,statement,2008-10-08,rf_score,-0.8386437965092834,Random Forest,-1.7825674855704348
fomc_stmt,FOMC statements,FOMC,statement,2008-10-08,bert_score,-0.391304347826087,RoBERTa/BERT,-1.298746390386423
fomc_stmt,FOMC statements,FOMC,statement,2008-10-29,net_score,-0.4117647058823529,Dictionary,-1.564065960225985
fomc_stmt,FOMC statements,FOMC,statement,2008-10-29,rf_score,-0.8717891278375149,Random Forest,-1.8521725596763705
fomc_stmt,FOMC statements,FOMC,statement,2008-10-29,bert_score,-0.3684210526315789,RoBERTa/BERT,-1.192089203500609
fomc_stmt,FOMC statements,FOMC,statement,2008-12-16,net_score,0,Dictionary,0.2053572835997109
fomc_stmt,FOMC statements,FOMC,statement,2008-12-16,rf_score,0.34867062623229617,Random Forest,0.710788443310646
fomc_stmt,FOMC statements,FOMC,statement,2008-12-16,bert_score,0,RoBERTa/BERT,0.5250915053609932
fomc_stmt,FOMC statements,FOMC,statement,2009-01-28,net_score,-0.2307692307692308,Dictionary,-0.7862975014015033
fomc_stmt,FOMC statements,FOMC,statement,2009-01-28,rf_score,-0.03168127373012017,Random Forest,-0.08794915026012172
fomc_stmt,FOMC statements,FOMC,statement,2009-01-28,bert_score,-0.23809523809523808,RoBERTa/BERT,-0.5846511296175932
fomc_stmt,FOMC statements,FOMC,statement,2009-03-18,net_score,-0.2307692307692308,Dictionary,-0.7862975014015033
fomc_stmt,FOMC statements,FOMC,statement,2009-03-18,rf_score,0.00601174457929411,Random Forest,-0.00879395018919954
fomc_stmt,FOMC statements,FOMC,statement,2009-03-18,bert_score,-0.23809523809523808,RoBERTa/BERT,-0.5846511296175932
fomc_stmt,FOMC statements,FOMC,statement,2009-04-29,net_score,-0.2307692307692308,Dictionary,-0.7862975014015033
fomc_stmt,FOMC statements,FOMC,statement,2009-04-29,rf_score,0.02621956168627334,Random Forest,0.033642391548390556
fomc_stmt,FOMC statements,FOMC,statement,2009-04-29,bert_score,-0.2631578947368421,RoBERTa/BERT,-0.7014661438258655
fomc_stmt,FOMC statements,FOMC,statement,2009-06-24,net_score,-0.14285714285714285,Dictionary,-0.4085242499724692
fomc_stmt,FOMC statements,FOMC,statement,2009-06-24,rf_score,-0.08723320943449024,Random Forest,-0.20460801129668033
fomc_stmt,FOMC statements,FOMC,statement,2009-06-24,bert_score,-0.15789473684210523,RoBERTa/BERT,-0.21084308415112182
fomc_stmt,FOMC statements,FOMC,statement,2009-08-12,net_score,-0.14285714285714285,Dictionary,-0.4085242499724692
fomc_stmt,FOMC statements,FOMC,statement,2009-08-12,rf_score,0.01283856890325893,Random Forest,0.0055423558284458385
fomc_stmt,FOMC statements,FOMC,statement,2009-08-12,bert_score,-0.1111111111111111,RoBERTa/BERT,0.0072116090376529
fomc_stmt,FOMC statements,FOMC,statement,2009-09-23,net_score,-0.2,Dictionary,-0.6540768634013414
fomc_stmt,FOMC statements,FOMC,statement,2009-09-23,rf_score,0.02239632673361121,Random Forest,0.025613612183684485
fomc_stmt,FOMC statements,FOMC,statement,2009-09-23,bert_score,-0.3333333333333333,RoBERTa/BERT,-1.0285481836090278
fomc_stmt,FOMC statements,FOMC,statement,2009-11-04,net_score,-0.25,Dictionary,-0.8689354001516044
fomc_stmt,FOMC statements,FOMC,statement,2009-11-04,rf_score,0.03305464176958477,Random Forest,0.04799603463035522
fomc_stmt,FOMC statements,FOMC,statement,2009-11-04,bert_score,-0.1111111111111111,RoBERTa/BERT,0.0072116090376529
fomc_stmt,FOMC statements,FOMC,statement,2009-12-16,net_score,-0.25,Dictionary,-0.8689354001516044
fomc_stmt,FOMC statements,FOMC,statement,2009-12-16,rf_score,0.02818430575327127,Random Forest,0.03776834687610534
fomc_stmt,FOMC statements,FOMC,statement,2009-12-16,bert_score,-0.3684210526315789,RoBERTa/BERT,-1.192089203500609
fomc_stmt,FOMC statements,FOMC,statement,2010-01-27,net_score,-0.2,Dictionary,-0.6540768634013414
fomc_stmt,FOMC statements,FOMC,statement,2010-01-27,rf_score,0.00261554975276779,Random Forest,-0.015925946856772833
fomc_stmt,FOMC statements,FOMC,statement,2010-01-27,bert_score,-0.2222222222222222,RoBERTa/BERT,-0.5106682872856874
fomc_stmt,FOMC statements,FOMC,statement,2010-03-16,net_score,-0.25,Dictionary,-0.8689354001516044
fomc_stmt,FOMC statements,FOMC,statement,2010-03-16,rf_score,0.01231693682257591,Random Forest,0.004446930374030501
fomc_stmt,FOMC statements,FOMC,statement,2010-03-16,bert_score,-0.15789473684210523,RoBERTa/BERT,-0.21084308415112182
fomc_stmt,FOMC statements,FOMC,statement,2010-04-28,net_score,-0.17647058823529413,Dictionary,-0.5529669637541588
fomc_stmt,FOMC statements,FOMC,statement,2010-04-28,rf_score,0.00283039819883005,Random Forest,-0.015474765908795065
fomc_stmt,FOMC statements,FOMC,statement,2010-04-28,bert_score,-0.125,RoBERTa/BERT,-0.05752337800276467
fomc_stmt,FOMC statements,FOMC,statement,2010-06-23,net_score,-0.1111111111111111,Dictionary,-0.27210613140087364
fomc_stmt,FOMC statements,FOMC,statement,2010-06-23,rf_score,0.00474736652432019,Random Forest,-0.011449139462852042
fomc_stmt,FOMC statements,FOMC,statement,2010-06-23,bert_score,-0.3333333333333333,RoBERTa/BERT,-1.0285481836090278
fomc_stmt,FOMC statements,FOMC,statement,2010-08-10,net_score,-0.2222222222222222,Dictionary,-0.7495695464014582
fomc_stmt,FOMC statements,FOMC,statement,2010-08-10,rf_score,0.03382676606854704,Random Forest,0.04961749282354836
fomc_stmt,FOMC statements,FOMC,statement,2010-08-10,bert_score,-0.2631578947368421,RoBERTa/BERT,-0.7014661438258655
fomc_stmt,FOMC statements,FOMC,statement,2010-09-21,net_score,-0.2,Dictionary,-0.6540768634013414
fomc_stmt,FOMC statements,FOMC,statement,2010-09-21,rf_score,0.01465709919369108,Random Forest,0.009361262762153424
fomc_stmt,FOMC statements,FOMC,statement,2010-09-21,bert_score,-0.3,RoBERTa/BERT,-0.8731842147120257
fomc_stmt,FOMC statements,FOMC,statement,2010-11-03,net_score,-0.3,Dictionary,-1.0837939369018672
fomc_stmt,FOMC statements,FOMC,statement,2010-11-03,rf_score,0.04372375312769555,Random Forest,0.07040112931387861
fomc_stmt,FOMC statements,FOMC,statement,2010-11-03,bert_score,-0.4,RoBERTa/BERT,-1.3392761214030322
fomc_stmt,FOMC statements,FOMC,statement,2010-12-14,net_score,-0.23809523809523808,Dictionary,-0.817778605687256
fomc_stmt,FOMC statements,FOMC,statement,2010-12-14,rf_score,0.01308608856995953,Random Forest,0.0060621462198213304
fomc_stmt,FOMC statements,FOMC,statement,2010-12-14,bert_score,-0.4,RoBERTa/BERT,-1.3392761214030322
fomc_stmt,FOMC statements,FOMC,statement,2011-01-26,net_score,-0.2,Dictionary,-0.6540768634013414
fomc_stmt,FOMC statements,FOMC,statement,2011-01-26,rf_score,0.02507148765213281,Random Forest,0.03123144029151212
fomc_stmt,FOMC statements,FOMC,statement,2011-01-26,bert_score,-0.29411764705882354,RoBERTa/BERT,-0.845767043730202
fomc_stmt,FOMC statements,FOMC,statement,2011-03-15,net_score,-0.04761904761904761,Dictionary,7.30105742317545e-4
fomc_stmt,FOMC statements,FOMC,statement,2011-03-15,rf_score,0.02130831368977921,Random Forest,0.023328788785957663
fomc_stmt,FOMC statements,FOMC,statement,2011-03-15,bert_score,-0.15789473684210523,RoBERTa/BERT,-0.21084308415112182
fomc_stmt,FOMC statements,FOMC,statement,2011-04-27,net_score,0.05263157894736842,Dictionary,0.43152416438946145
fomc_stmt,FOMC statements,FOMC,statement,2011-04-27,rf_score,0.02700233937936777,Random Forest,0.035286221830150434
fomc_stmt,FOMC statements,FOMC,statement,2011-04-27,bert_score,-0.1111111111111111,RoBERTa/BERT,0.0072116090376529
fomc_stmt,FOMC statements,FOMC,statement,2011-06-22,net_score,-0.06666666666666667,Dictionary,-0.08112076540063985
fomc_stmt,FOMC statements,FOMC,statement,2011-06-22,rf_score,0.01967241331465469,Random Forest,0.019893404003924007
fomc_stmt,FOMC statements,FOMC,statement,2011-06-22,bert_score,-0.2222222222222222,RoBERTa/BERT,-0.5106682872856874
fomc_stmt,FOMC statements,FOMC,statement,2011-08-09,net_score,-0.2222222222222222,Dictionary,-0.7495695464014582
fomc_stmt,FOMC statements,FOMC,statement,2011-08-09,rf_score,0.01428937283408353,Random Forest,0.00858903875697691
fomc_stmt,FOMC statements,FOMC,statement,2011-08-09,bert_score,-0.3333333333333333,RoBERTa/BERT,-1.0285481836090278
fomc_stmt,FOMC statements,FOMC,statement,2011-09-21,net_score,-0.25,Dictionary,-0.8689354001516044
fomc_stmt,FOMC statements,FOMC,statement,2011-09-21,rf_score,0.01260769093334491,Random Forest,0.005057512939227063
fomc_stmt,FOMC statements,FOMC,statement,2011-09-21,bert_score,-0.2727272727272727,RoBERTa/BERT,-0.746068240159933
fomc_stmt,FOMC statements,FOMC,statement,2011-11-02,net_score,-0.125,Dictionary,-0.33178905827594674
fomc_stmt,FOMC statements,FOMC,statement,2011-11-02,rf_score,0.0139896293467722,Random Forest,0.007959578534043308
fomc_stmt,FOMC statements,FOMC,statement,2011-11-02,bert_score,-0.15789473684210523,RoBERTa/BERT,-0.21084308415112182
fomc_stmt,FOMC statements,FOMC,statement,2011-12-13,net_score,-0.2307692307692308,Dictionary,-0.7862975014015033
fomc_stmt,FOMC statements,FOMC,statement,2011-12-13,rf_score,0.01121317756079419,Random Forest,0.0021290399764168876
fomc_stmt,FOMC statements,FOMC,statement,2011-12-13,bert_score,-0.17647058823529413,RoBERTa/BERT,-0.29742362409372386
fomc_stmt,FOMC statements,FOMC,statement,2012-01-25,net_score,-0.2857142857142857,Dictionary,-1.0224057835446494
fomc_stmt,FOMC statements,FOMC,statement,2012-01-25,rf_score,0.01045683285721236,Random Forest,5.407188755925141e-4
fomc_stmt,FOMC statements,FOMC,statement,2012-01-25,bert_score,-0.29411764705882354,RoBERTa/BERT,-0.845767043730202
fomc_stmt,FOMC statements,FOMC,statement,2012-03-13,net_score,-0.2857142857142857,Dictionary,-1.0224057835446494
fomc_stmt,FOMC statements,FOMC,statement,2012-03-13,rf_score,0.00763656283774477,Random Forest,-0.005381837811496247
fomc_stmt,FOMC statements,FOMC,statement,2012-03-13,bert_score,-0.17647058823529413,RoBERTa/BERT,-0.29742362409372386
fomc_stmt,FOMC statements,FOMC,statement,2012-04-25,net_score,-0.2,Dictionary,-0.6540768634013414
fomc_stmt,FOMC statements,FOMC,statement,2012-04-25,rf_score,0.00791888403519791,Random Forest,-0.004788964333304024
fomc_stmt,FOMC statements,FOMC,statement,2012-04-25,bert_score,-0.15789473684210523,RoBERTa/BERT,-0.21084308415112182
fomc_stmt,FOMC statements,FOMC,statement,2012-06-20,net_score,-0.4117647058823529,Dictionary,-1.564065960225985
fomc_stmt,FOMC statements,FOMC,statement,2012-06-20,rf_score,0.0163625437377706,Random Forest,0.012942690043681588
fomc_stmt,FOMC statements,FOMC,statement,2012-06-20,bert_score,-0.391304347826087,RoBERTa/BERT,-1.298746390386423
fomc_stmt,FOMC statements,FOMC,statement,2012-08-01,net_score,-0.3333333333333333,Dictionary,-1.2270329614020425
fomc_stmt,FOMC statements,FOMC,statement,2012-08-01,rf_score,0.01093331719088211,Random Forest,0.001541334227026684
fomc_stmt,FOMC statements,FOMC,statement,2012-08-01,bert_score,-0.4545454545454546,RoBERTa/BERT,-1.5935080705072175
fomc_stmt,FOMC statements,FOMC,statement,2012-09-13,net_score,-0.3333333333333333,Dictionary,-1.2270329614020425
fomc_stmt,FOMC statements,FOMC,statement,2012-09-13,rf_score,0.01090257954482092,Random Forest,0.001476785283142426
fomc_stmt,FOMC statements,FOMC,statement,2012-09-13,bert_score,-0.5238095238095238,RoBERTa/BERT,-1.916342291591897
fomc_stmt,FOMC statements,FOMC,statement,2012-10-24,net_score,-0.3636363636363637,Dictionary,-1.3572502564022024
fomc_stmt,FOMC statements,FOMC,statement,2012-10-24,rf_score,0.01392536972164921,Random Forest,0.007824633557195374
fomc_stmt,FOMC statements,FOMC,statement,2012-10-24,bert_score,-0.391304347826087,RoBERTa/BERT,-1.298746390386423
fomc_stmt,FOMC statements,FOMC,statement,2012-12-12,net_score,-0.4074074074074074,Dictionary,-1.5453419047357657
fomc_stmt,FOMC statements,FOMC,statement,2012-12-12,rf_score,0.01052524854029821,Random Forest,6.843915589047107e-4
fomc_stmt,FOMC statements,FOMC,statement,2012-12-12,bert_score,-0.42857142857142855,RoBERTa/BERT,-1.4724452376004624
fomc_stmt,FOMC statements,FOMC,statement,2013-01-30,net_score,-0.4074074074074074,Dictionary,-1.5453419047357657
fomc_stmt,FOMC statements,FOMC,statement,2013-01-30,rf_score,0.00759016884016884,Random Forest,-0.0054792650360837615
fomc_stmt,FOMC statements,FOMC,statement,2013-01-30,bert_score,-0.4782608695652174,RoBERTa/BERT,-1.7040437005525153
fomc_stmt,FOMC statements,FOMC,statement,2013-03-20,net_score,-0.38461538461538464,Dictionary,-1.4474006914023125
fomc_stmt,FOMC statements,FOMC,statement,2013-03-20,rf_score,0.00689659439659439,Random Forest,-0.006935768821335213
fomc_stmt,FOMC statements,FOMC,statement,2013-03-20,bert_score,-0.4782608695652174,RoBERTa/BERT,-1.7040437005525153
fomc_stmt,FOMC statements,FOMC,statement,2013-05-01,net_score,-0.4615384615384616,Dictionary,-1.7779522864027175
fomc_stmt,FOMC statements,FOMC,statement,2013-05-01,rf_score,0.00502923976608187,Random Forest,-0.010857206689967345
fomc_stmt,FOMC statements,FOMC,statement,2013-05-01,bert_score,-0.4782608695652174,RoBERTa/BERT,-1.7040437005525153
fomc_stmt,FOMC statements,FOMC,statement,2013-06-19,net_score,-0.48148148148148145,Dictionary,-1.8636508480694887
fomc_stmt,FOMC statements,FOMC,statement,2013-06-19,rf_score,0.01163705101205101,Random Forest,0.003019172667929308
fomc_stmt,FOMC statements,FOMC,statement,2013-06-19,bert_score,-0.4782608695652174,RoBERTa/BERT,-1.7040437005525153
fomc_stmt,FOMC statements,FOMC,statement,2013-07-31,net_score,-0.4615384615384616,Dictionary,-1.7779522864027175
fomc_stmt,FOMC statements,FOMC,statement,2013-07-31,rf_score,0.01224833764295714,Random Forest,0.004302872348672827
fomc_stmt,FOMC statements,FOMC,statement,2013-07-31,bert_score,-0.4545454545454546,RoBERTa/BERT,-1.5935080705072175
fomc_stmt,FOMC statements,FOMC,statement,2013-09-18,net_score,-0.5172413793103449,Dictionary,-2.017317234506459
fomc_stmt,FOMC statements,FOMC,statement,2013-09-18,rf_score,0.00642693897850917,Random Forest,-0.007922043475112227
fomc_stmt,FOMC statements,FOMC,statement,2013-09-18,bert_score,-0.5,RoBERTa/BERT,-1.8053680280940383
fomc_stmt,FOMC statements,FOMC,statement,2013-10-30,net_score,-0.4482758620689655,Dictionary,-1.720960632092303
fomc_stmt,FOMC statements,FOMC,statement,2013-10-30,rf_score,0.01521749968178539,Random Forest,0.010538101729805648
fomc_stmt,FOMC statements,FOMC,statement,2013-10-30,bert_score,-0.5,RoBERTa/BERT,-1.8053680280940383
fomc_stmt,FOMC statements,FOMC,statement,2013-12-18,net_score,-0.41935483870967744,Dictionary,-1.5966820568863662
fomc_stmt,FOMC statements,FOMC,statement,2013-12-18,rf_score,0.01135278514588859,Random Forest,0.002422215392586876
fomc_stmt,FOMC statements,FOMC,statement,2013-12-18,bert_score,-0.5454545454545454,RoBERTa/BERT,-2.0172279856808593
fomc_stmt,FOMC statements,FOMC,statement,2014-01-29,net_score,-0.48148148148148145,Dictionary,-1.8636508480694887
fomc_stmt,FOMC statements,FOMC,statement,2014-01-29,rf_score,0.00530234186950604,Random Forest,-0.010283693275390762
fomc_stmt,FOMC statements,FOMC,statement,2014-01-29,bert_score,-0.4545454545454546,RoBERTa/BERT,-1.5935080705072175
fomc_stmt,FOMC statements,FOMC,statement,2014-03-19,net_score,-0.35714285714285715,Dictionary,-1.3293465503307393
fomc_stmt,FOMC statements,FOMC,statement,2014-03-19,rf_score,0.00802031589100554,Random Forest,-0.004575957808485272
fomc_stmt,FOMC statements,FOMC,statement,2014-03-19,bert_score,-0.4782608695652174,RoBERTa/BERT,-1.7040437005525153
fomc_stmt,FOMC statements,FOMC,statement,2014-04-30,net_score,-0.44,Dictionary,-1.685397839802604
fomc_stmt,FOMC statements,FOMC,statement,2014-04-30,rf_score,0.00640354888868563,Random Forest,-0.007971162577871815
fomc_stmt,FOMC statements,FOMC,statement,2014-04-30,bert_score,-0.30434782608695654,RoBERTa/BERT,-0.8934490802203304
fomc_stmt,FOMC statements,FOMC,statement,2014-06-18,net_score,-0.44,Dictionary,-1.685397839802604
fomc_stmt,FOMC statements,FOMC,statement,2014-06-18,rf_score,0.00847764304660856,Random Forest,-0.003615572460661282
fomc_stmt,FOMC statements,FOMC,statement,2014-06-18,bert_score,-0.3333333333333333,RoBERTa/BERT,-1.0285481836090278
fomc_stmt,FOMC statements,FOMC,statement,2014-07-30,net_score,-0.48148148148148145,Dictionary,-1.8636508480694887
fomc_stmt,FOMC statements,FOMC,statement,2014-07-30,rf_score,0.01647502809809587,Random Forest,0.013178906787411364
fomc_stmt,FOMC statements,FOMC,statement,2014-07-30,bert_score,-0.30434782608695654,RoBERTa/BERT,-0.8934490802203304
fomc_stmt,FOMC statements,FOMC,statement,2014-09-17,net_score,-0.4666666666666667,Dictionary,-1.7999890594027446
fomc_stmt,FOMC statements,FOMC,statement,2014-09-17,rf_score,0.01804105423207056,Random Forest,0.016467555919553144
fomc_stmt,FOMC statements,FOMC,statement,2014-09-17,bert_score,-0.23809523809523808,RoBERTa/BERT,-0.5846511296175932
fomc_stmt,FOMC statements,FOMC,statement,2014-10-29,net_score,-0.44,Dictionary,-1.685397839802604
fomc_stmt,FOMC statements,FOMC,statement,2014-10-29,rf_score,0.01158088279103243,Random Forest,0.0029012196099954175
fomc_stmt,FOMC statements,FOMC,statement,2014-10-29,bert_score,-0.391304347826087,RoBERTa/BERT,-1.298746390386423
fomc_stmt,FOMC statements,FOMC,statement,2014-12-17,net_score,-0.42857142857142855,Dictionary,-1.6362873171168293
fomc_stmt,FOMC statements,FOMC,statement,2014-12-17,rf_score,0.00998572820941242,Random Forest,-4.485991552649872e-4
fomc_stmt,FOMC statements,FOMC,statement,2014-12-17,bert_score,-0.391304347826087,RoBERTa/BERT,-1.298746390386423
fomc_stmt,FOMC statements,FOMC,statement,2015-01-28,net_score,-0.125,Dictionary,-0.33178905827594674
fomc_stmt,FOMC statements,FOMC,statement,2015-01-28,rf_score,0.02141928457606423,Random Forest,0.023561827239759192
fomc_stmt,FOMC statements,FOMC,statement,2015-01-28,bert_score,-0.3,RoBERTa/BERT,-0.8731842147120257
fomc_stmt,FOMC statements,FOMC,statement,2015-03-18,net_score,-0.1111111111111111,Dictionary,-0.27210613140087364
fomc_stmt,FOMC statements,FOMC,statement,2015-03-18,rf_score,0.02350304362629254,Random Forest,0.027937713595329202
fomc_stmt,FOMC statements,FOMC,statement,2015-03-18,bert_score,-0.3684210526315789,RoBERTa/BERT,-1.192089203500609
fomc_stmt,FOMC statements,FOMC,statement,2015-04-29,net_score,-0.1111111111111111,Dictionary,-0.27210613140087364
fomc_stmt,FOMC statements,FOMC,statement,2015-04-29,rf_score,0.02051335000688449,Random Forest,0.021659367970354466
fomc_stmt,FOMC statements,FOMC,statement,2015-04-29,bert_score,-0.3333333333333333,RoBERTa/BERT,-1.0285481836090278
fomc_stmt,FOMC statements,FOMC,statement,2015-06-17,net_score,0,Dictionary,0.2053572835997109
fomc_stmt,FOMC statements,FOMC,statement,2015-06-17,rf_score,0.00782569335280702,Random Forest,-0.004984664424202669
fomc_stmt,FOMC statements,FOMC,statement,2015-06-17,bert_score,-0.25,RoBERTa/BERT,-0.6401382613665226
fomc_stmt,FOMC statements,FOMC,statement,2015-07-29,net_score,0,Dictionary,0.2053572835997109
fomc_stmt,FOMC statements,FOMC,statement,2015-07-29,rf_score,0.01070087678105477,Random Forest,0.0010532102197259743
fomc_stmt,FOMC statements,FOMC,statement,2015-07-29,bert_score,-0.29411764705882354,RoBERTa/BERT,-0.845767043730202
fomc_stmt,FOMC statements,FOMC,statement,2015-09-17,net_score,0.0588235294117647,Dictionary,0.4581320327176674
fomc_stmt,FOMC statements,FOMC,statement,2015-09-17,rf_score,0.01818482323501747,Random Forest,0.016769470297935976
fomc_stmt,FOMC statements,FOMC,statement,2015-09-17,bert_score,-0.2631578947368421,RoBERTa/BERT,-0.7014661438258655
fomc_stmt,FOMC statements,FOMC,statement,2015-10-28,net_score,0.15789473684210523,Dictionary,0.8838579259689625
fomc_stmt,FOMC statements,FOMC,statement,2015-10-28,rf_score,0.04588309031052522,Random Forest,0.07493572947044856
fomc_stmt,FOMC statements,FOMC,statement,2015-10-28,bert_score,-0.17647058823529413,RoBERTa/BERT,-0.29742362409372386
fomc_stmt,FOMC statements,FOMC,statement,2015-12-16,net_score,0.125,Dictionary,0.7425036254753685
fomc_stmt,FOMC statements,FOMC,statement,2015-12-16,rf_score,0.2037259615384615,Random Forest,0.40640517957536515
fomc_stmt,FOMC statements,FOMC,statement,2015-12-16,bert_score,-0.2,RoBERTa/BERT,-0.4070923080210194
fomc_stmt,FOMC statements,FOMC,statement,2016-01-27,net_score,-0.06666666666666667,Dictionary,-0.08112076540063985
fomc_stmt,FOMC statements,FOMC,statement,2016-01-27,rf_score,0.11948196230248397,Random Forest,0.22949309045691643
fomc_stmt,FOMC statements,FOMC,statement,2016-01-27,bert_score,-0.4117647058823529,RoBERTa/BERT,-1.3941104633666799
fomc_stmt,FOMC statements,FOMC,statement,2016-03-16,net_score,0,Dictionary,0.2053572835997109
fomc_stmt,FOMC statements,FOMC,statement,2016-03-16,rf_score,0.0611152033027033,Random Forest,0.10692311083379273
fomc_stmt,FOMC statements,FOMC,statement,2016-03-16,bert_score,-0.125,RoBERTa/BERT,-0.05752337800276467
fomc_stmt,FOMC statements,FOMC,statement,2016-04-27,net_score,0.06666666666666667,Dictionary,0.4918353326000616
fomc_stmt,FOMC statements,FOMC,statement,2016-04-27,rf_score,0.11843751979994488,Random Forest,0.2272997650359483
fomc_stmt,FOMC statements,FOMC,statement,2016-04-27,bert_score,-0.2631578947368421,RoBERTa/BERT,-0.7014661438258655
fomc_stmt,FOMC statements,FOMC,statement,2016-06-15,net_score,0,Dictionary,0.2053572835997109
fomc_stmt,FOMC statements,FOMC,statement,2016-06-15,rf_score,0.4356413220069347,Random Forest,0.893426585150017
fomc_stmt,FOMC statements,FOMC,statement,2016-06-15,bert_score,-0.29411764705882354,RoBERTa/BERT,-0.845767043730202
fomc_stmt,FOMC statements,FOMC,statement,2016-07-27,net_score,0,Dictionary,0.2053572835997109
fomc_stmt,FOMC statements,FOMC,statement,2016-07-27,rf_score,0.13007360457879863,Random Forest,0.25173550035307296
fomc_stmt,FOMC statements,FOMC,statement,2016-07-27,bert_score,-0.3684210526315789,RoBERTa/BERT,-1.192089203500609
fomc_stmt,FOMC statements,FOMC,statement,2016-09-21,net_score,0.06666666666666667,Dictionary,0.4918353326000616
fomc_stmt,FOMC statements,FOMC,statement,2016-09-21,rf_score,0.03779809081662255,Random Forest,0.05795726021495434
fomc_stmt,FOMC statements,FOMC,statement,2016-09-21,bert_score,-0.15789473684210523,RoBERTa/BERT,-0.21084308415112182
fomc_stmt,FOMC statements,FOMC,statement,2016-11-02,net_score,0.06666666666666667,Dictionary,0.4918353326000616
fomc_stmt,FOMC statements,FOMC,statement,2016-11-02,rf_score,0.4094989421875184,Random Forest,0.8385276835033135
fomc_stmt,FOMC statements,FOMC,statement,2016-11-02,bert_score,0,RoBERTa/BERT,0.5250915053609932
fomc_stmt,FOMC statements,FOMC,statement,2016-12-14,net_score,0.125,Dictionary,0.7425036254753685
fomc_stmt,FOMC statements,FOMC,statement,2016-12-14,rf_score,0.41914936914936907,Random Forest,0.8587935446944912
fomc_stmt,FOMC statements,FOMC,statement,2016-12-14,bert_score,-0.0588235294117647,RoBERTa/BERT,0.25091979554275423
fomc_stmt,FOMC statements,FOMC,statement,2017-02-01,net_score,0.06666666666666667,Dictionary,0.4918353326000616
fomc_stmt,FOMC statements,FOMC,statement,2017-02-01,rf_score,0.6031244932635202,Random Forest,1.2451406299235666
fomc_stmt,FOMC statements,FOMC,statement,2017-02-01,bert_score,-0.3333333333333333,RoBERTa/BERT,-1.0285481836090278
fomc_stmt,FOMC statements,FOMC,statement,2017-03-15,net_score,0.17647058823529413,Dictionary,0.9636815309535806
fomc_stmt,FOMC statements,FOMC,statement,2017-03-15,rf_score,0.37843377382851073,Random Forest,0.7732909439960404
fomc_stmt,FOMC statements,FOMC,statement,2017-03-15,bert_score,-0.06666666666666667,RoBERTa/BERT,0.21436356756698902
fomc_stmt,FOMC statements,FOMC,statement,2017-05-03,net_score,0,Dictionary,0.2053572835997109
fomc_stmt,FOMC statements,FOMC,statement,2017-05-03,rf_score,0.7140236520589578,Random Forest,1.4780284562602906
fomc_stmt,FOMC statements,FOMC,statement,2017-05-03,bert_score,-0.0588235294117647,RoBERTa/BERT,0.25091979554275423
fomc_stmt,FOMC statements,FOMC,statement,2017-06-14,net_score,0.05263157894736842,Dictionary,0.43152416438946145
fomc_stmt,FOMC statements,FOMC,statement,2017-06-14,rf_score,0.531984126984127,Random Forest,1.0957461219078044
fomc_stmt,FOMC statements,FOMC,statement,2017-06-14,bert_score,0,RoBERTa/BERT,0.5250915053609932
fomc_stmt,FOMC statements,FOMC,statement,2017-07-26,net_score,0.06666666666666667,Dictionary,0.4918353326000616
fomc_stmt,FOMC statements,FOMC,statement,2017-07-26,rf_score,0.48386379346268993,Random Forest,0.9946935981724602
fomc_stmt,FOMC statements,FOMC,statement,2017-07-26,bert_score,-0.06666666666666667,RoBERTa/BERT,0.21436356756698902
fomc_stmt,FOMC statements,FOMC,statement,2017-09-20,net_score,0.14285714285714285,Dictionary,0.8192388171718911
fomc_stmt,FOMC statements,FOMC,statement,2017-09-20,rf_score,0.5947029123416425,Random Forest,1.2274553409049846
fomc_stmt,FOMC statements,FOMC,statement,2017-09-20,bert_score,-0.125,RoBERTa/BERT,-0.05752337800276467
fomc_stmt,FOMC statements,FOMC,statement,2017-11-01,net_score,0,Dictionary,0.2053572835997109
fomc_stmt,FOMC statements,FOMC,statement,2017-11-01,rf_score,0.5538045653177233,Random Forest,1.141568962301025
fomc_stmt,FOMC statements,FOMC,statement,2017-11-01,bert_score,-0.06666666666666667,RoBERTa/BERT,0.21436356756698902
fomc_stmt,FOMC statements,FOMC,statement,2017-12-13,net_score,0.2,Dictionary,1.064791430600763
fomc_stmt,FOMC statements,FOMC,statement,2017-12-13,rf_score,0.3891295306001189,Random Forest,0.7957519939500874
fomc_stmt,FOMC statements,FOMC,statement,2017-12-13,bert_score,0.06666666666666667,RoBERTa/BERT,0.8358194431549973
fomc_stmt,FOMC statements,FOMC,statement,2018-01-31,net_score,0,Dictionary,0.2053572835997109
fomc_stmt,FOMC statements,FOMC,statement,2018-01-31,rf_score,0.6520859441912075,Random Forest,1.3479594971241207
fomc_stmt,FOMC statements,FOMC,statement,2018-01-31,bert_score,0,RoBERTa/BERT,0.5250915053609932
fomc_stmt,FOMC statements,FOMC,statement,2018-03-21,net_score,0.2,Dictionary,1.064791430600763
fomc_stmt,FOMC statements,FOMC,statement,2018-03-21,rf_score,0.4912440389463831,Random Forest,1.0101920865938119
fomc_stmt,FOMC statements,FOMC,statement,2018-03-21,bert_score,0.1111111111111111,RoBERTa/BERT,1.0429714016843334
fomc_stmt,FOMC statements,FOMC,statement,2018-05-02,net_score,0.07692307692307693,Dictionary,0.5359088786001156
fomc_stmt,FOMC statements,FOMC,statement,2018-05-02,rf_score,0.6883520507270506,Random Forest,1.424118187709031
fomc_stmt,FOMC statements,FOMC,statement,2018-05-02,bert_score,-0.14285714285714285,RoBERTa/BERT,-0.1407540756261586
fomc_stmt,FOMC statements,FOMC,statement,2018-06-13,net_score,0.25,Dictionary,1.279649967351026
fomc_stmt,FOMC statements,FOMC,statement,2018-06-13,rf_score,0.39367559523809526,Random Forest,0.8052987130002965
fomc_stmt,FOMC statements,FOMC,statement,2018-06-13,bert_score,0.2,RoBERTa/BERT,1.4572753187430059
fomc_stmt,FOMC statements,FOMC,statement,2018-08-01,net_score,0.14285714285714285,Dictionary,0.8192388171718911
fomc_stmt,FOMC statements,FOMC,statement,2018-08-01,rf_score,0.6437986518771139,Random Forest,1.3305562136888842
fomc_stmt,FOMC statements,FOMC,statement,2018-08-01,bert_score,0.14285714285714285,RoBERTa/BERT,1.190937086348145
fomc_stmt,FOMC statements,FOMC,statement,2018-09-26,net_score,0.2857142857142857,Dictionary,1.433120350744071
fomc_stmt,FOMC statements,FOMC,statement,2018-09-26,rf_score,0.40617518939393943,Random Forest,0.83154781483898
fomc_stmt,FOMC statements,FOMC,statement,2018-09-26,bert_score,0.2857142857142857,RoBERTa/BERT,1.8567826673352967
fomc_stmt,FOMC statements,FOMC,statement,2018-11-08,net_score,0.16666666666666666,Dictionary,0.9215524061005878
fomc_stmt,FOMC statements,FOMC,statement,2018-11-08,rf_score,0.5329493514407091,Random Forest,1.0977730897230886
fomc_stmt,FOMC statements,FOMC,statement,2018-11-08,bert_score,0.14285714285714285,RoBERTa/BERT,1.190937086348145
fomc_stmt,FOMC statements,FOMC,statement,2018-12-19,net_score,0.2857142857142857,Dictionary,1.433120350744071
fomc_stmt,FOMC statements,FOMC,statement,2018-12-19,rf_score,0.38088030765896386,Random Forest,0.7784286560582614
fomc_stmt,FOMC statements,FOMC,statement,2018-12-19,bert_score,0.14285714285714285,RoBERTa/BERT,1.190937086348145
fomc_stmt,FOMC statements,FOMC,statement,2019-01-30,net_score,0.07692307692307693,Dictionary,0.5359088786001156
fomc_stmt,FOMC statements,FOMC,statement,2019-01-30,rf_score,-0.14723321520396607,Random Forest,-0.33060780314017796
fomc_stmt,FOMC statements,FOMC,statement,2019-01-30,bert_score,-0.06666666666666667,RoBERTa/BERT,0.21436356756698902
fomc_stmt,FOMC statements,FOMC,statement,2019-03-20,net_score,0,Dictionary,0.2053572835997109
fomc_stmt,FOMC statements,FOMC,statement,2019-03-20,rf_score,-0.18188684452916593,Random Forest,-0.40338029750247395
fomc_stmt,FOMC statements,FOMC,statement,2019-03-20,bert_score,-0.2,RoBERTa/BERT,-0.4070923080210194
fomc_stmt,FOMC statements,FOMC,statement,2019-05-01,net_score,0.06666666666666667,Dictionary,0.4918353326000616
fomc_stmt,FOMC statements,FOMC,statement,2019-05-01,rf_score,-0.1215340805922766,Random Forest,-0.276639714802456
fomc_stmt,FOMC statements,FOMC,statement,2019-05-01,bert_score,-0.125,RoBERTa/BERT,-0.05752337800276467
fomc_stmt,FOMC statements,FOMC,statement,2019-06-19,net_score,0.17647058823529413,Dictionary,0.9636815309535806
fomc_stmt,FOMC statements,FOMC,statement,2019-06-19,rf_score,-0.17218385914984102,Random Forest,-0.38300406382755314
fomc_stmt,FOMC statements,FOMC,statement,2019-06-19,bert_score,-0.25,RoBERTa/BERT,-0.6401382613665226
fomc_stmt,FOMC statements,FOMC,statement,2019-07-31,net_score,0.0588235294117647,Dictionary,0.4581320327176674
fomc_stmt,FOMC statements,FOMC,statement,2019-07-31,rf_score,-0.9184313725490196,Random Forest,-1.9501211023372258
fomc_stmt,FOMC statements,FOMC,statement,2019-07-31,bert_score,-0.14285714285714285,RoBERTa/BERT,-0.1407540756261586
fomc_stmt,FOMC statements,FOMC,statement,2019-09-18,net_score,0.05263157894736842,Dictionary,0.43152416438946145
fomc_stmt,FOMC statements,FOMC,statement,2019-09-18,rf_score,-0.5929129516117968,Random Forest,-1.2665336134143486
fomc_stmt,FOMC statements,FOMC,statement,2019-09-18,bert_score,-0.2,RoBERTa/BERT,-0.4070923080210194
fomc_stmt,FOMC statements,FOMC,statement,2019-10-30,net_score,0.0588235294117647,Dictionary,0.4581320327176674
fomc_stmt,FOMC statements,FOMC,statement,2019-10-30,rf_score,-0.6813016693451476,Random Forest,-1.4521495961611643
fomc_stmt,FOMC statements,FOMC,statement,2019-10-30,bert_score,-0.14285714285714285,RoBERTa/BERT,-0.1407540756261586
fomc_stmt,FOMC statements,FOMC,statement,2019-12-11,net_score,0.2,Dictionary,1.064791430600763
fomc_stmt,FOMC statements,FOMC,statement,2019-12-11,rf_score,-0.18623317664294772,Random Forest,-0.41250757898513374
fomc_stmt,FOMC statements,FOMC,statement,2019-12-11,bert_score,0,RoBERTa/BERT,0.5250915053609932
fomc_stmt,FOMC statements,FOMC,statement,2020-01-29,net_score,0.14285714285714285,Dictionary,0.8192388171718911
fomc_stmt,FOMC statements,FOMC,statement,2020-01-29,rf_score,-0.16850567698442157,Random Forest,-0.37527989478353796
fomc_stmt,FOMC statements,FOMC,statement,2020-01-29,bert_score,0,RoBERTa/BERT,0.5250915053609932
fomc_stmt,FOMC statements,FOMC,statement,2020-03-03,net_score,-0.07692307692307693,Dictionary,-0.12519431140069384
fomc_stmt,FOMC statements,FOMC,statement,2020-03-03,rf_score,-0.20514229757117505,Random Forest,-0.4522166635151265
fomc_stmt,FOMC statements,FOMC,statement,2020-03-03,bert_score,-0.16666666666666666,RoBERTa/BERT,-0.25172833912401726
fomc_stmt,FOMC statements,FOMC,statement,2020-03-15,net_score,-0.1111111111111111,Dictionary,-0.27210613140087364
fomc_stmt,FOMC statements,FOMC,statement,2020-03-15,rf_score,-0.02539572412375379,Random Forest,-0.0747495191623019
fomc_stmt,FOMC statements,FOMC,statement,2020-03-15,bert_score,-0.21739130434782608,RoBERTa/BERT,-0.4881517700542379
fomc_stmt,FOMC statements,FOMC,statement,2020-03-23,net_score,0,Dictionary,0.2053572835997109
fomc_stmt,FOMC statements,FOMC,statement,2020-03-23,bert_score,-0.2,RoBERTa/BERT,-0.4070923080210194
fomc_stmt,FOMC statements,FOMC,statement,2020-04-29,net_score,-0.25,Dictionary,-0.8689354001516044
fomc_stmt,FOMC statements,FOMC,statement,2020-04-29,rf_score,0.02426451691683426,Random Forest,0.029536804709941245
fomc_stmt,FOMC statements,FOMC,statement,2020-04-29,bert_score,-0.4117647058823529,RoBERTa/BERT,-1.3941104633666799
fomc_stmt,FOMC statements,FOMC,statement,2020-06-10,net_score,-0.29411764705882354,Dictionary,-1.0585164619900718
fomc_stmt,FOMC statements,FOMC,statement,2020-06-10,rf_score,0.0436382574461725,Random Forest,0.0702215886965525
fomc_stmt,FOMC statements,FOMC,statement,2020-06-10,bert_score,-0.29411764705882354,RoBERTa/BERT,-0.845767043730202
fomc_stmt,FOMC statements,FOMC,statement,2020-07-29,net_score,-0.25,Dictionary,-0.8689354001516044
fomc_stmt,FOMC statements,FOMC,statement,2020-07-29,rf_score,0.04080543932195399,Random Forest,0.064272681035553475
fomc_stmt,FOMC statements,FOMC,statement,2020-07-29,bert_score,-0.25,RoBERTa/BERT,-0.6401382613665226
fomc_stmt,FOMC statements,FOMC,statement,2020-09-16,net_score,-0.125,Dictionary,-0.33178905827594674
fomc_stmt,FOMC statements,FOMC,statement,2020-09-16,rf_score,-0.4301132870717478,Random Forest,-0.9246549155514062
fomc_stmt,FOMC statements,FOMC,statement,2020-09-16,bert_score,-0.3,RoBERTa/BERT,-0.8731842147120257
fomc_stmt,FOMC statements,FOMC,statement,2020-11-05,net_score,-0.25,Dictionary,-0.8689354001516044
fomc_stmt,FOMC statements,FOMC,statement,2020-11-05,rf_score,0.04467038964246429,Random Forest,0.07238906251959497
fomc_stmt,FOMC statements,FOMC,statement,2020-11-05,bert_score,-0.2631578947368421,RoBERTa/BERT,-0.7014661438258655
fomc_stmt,FOMC statements,FOMC,statement,2020-12-16,net_score,-0.3333333333333333,Dictionary,-1.2270329614020425
fomc_stmt,FOMC statements,FOMC,statement,2020-12-16,rf_score,-0.0032891422349098,Random Forest,-0.02832577835355311
fomc_stmt,FOMC statements,FOMC,statement,2020-12-16,bert_score,-0.2,RoBERTa/BERT,-0.4070923080210194
fomc_stmt,FOMC statements,FOMC,statement,2021-01-27,net_score,-0.3333333333333333,Dictionary,-1.2270329614020425
fomc_stmt,FOMC statements,FOMC,statement,2021-01-27,rf_score,0.01662708987876999,Random Forest,0.013498235968576838
fomc_stmt,FOMC statements,FOMC,statement,2021-01-27,bert_score,-0.23809523809523808,RoBERTa/BERT,-0.5846511296175932
fomc_stmt,FOMC statements,FOMC,statement,2021-03-17,net_score,-0.29411764705882354,Dictionary,-1.0585164619900718
fomc_stmt,FOMC statements,FOMC,statement,2021-03-17,rf_score,0.00374657916252255,Random Forest,-0.013550789248530178
fomc_stmt,FOMC statements,FOMC,statement,2021-03-17,bert_score,-0.2,RoBERTa/BERT,-0.4070923080210194
fomc_stmt,FOMC statements,FOMC,statement,2021-04-28,net_score,-0.3333333333333333,Dictionary,-1.2270329614020425
fomc_stmt,FOMC statements,FOMC,statement,2021-04-28,rf_score,0.00920542587808663,Random Forest,-0.0020872311863982837
fomc_stmt,FOMC statements,FOMC,statement,2021-04-28,bert_score,-0.09090909090909093,RoBERTa/BERT,0.10137159018735103
fomc_stmt,FOMC statements,FOMC,statement,2021-06-16,net_score,-0.3333333333333333,Dictionary,-1.2270329614020425
fomc_stmt,FOMC statements,FOMC,statement,2021-06-16,rf_score,0.00246251322472145,Random Forest,-0.016247323003841477
fomc_stmt,FOMC statements,FOMC,statement,2021-06-16,bert_score,-0.04761904761904761,RoBERTa/BERT,0.303142978365276
fomc_stmt,FOMC statements,FOMC,statement,2021-07-28,net_score,-0.3333333333333333,Dictionary,-1.2270329614020425
fomc_stmt,FOMC statements,FOMC,statement,2021-07-28,rf_score,0.00454018434050298,Random Forest,-0.011884221288259635
fomc_stmt,FOMC statements,FOMC,statement,2021-07-28,bert_score,0,RoBERTa/BERT,0.5250915053609932
fomc_stmt,FOMC statements,FOMC,statement,2021-09-22,net_score,-0.3,Dictionary,-1.0837939369018672
fomc_stmt,FOMC statements,FOMC,statement,2021-09-22,rf_score,-0.00488494934933659,Random Forest,-0.031676967435312176
fomc_stmt,FOMC statements,FOMC,statement,2021-09-22,bert_score,-0.04761904761904761,RoBERTa/BERT,0.303142978365276
fomc_stmt,FOMC statements,FOMC,statement,2021-11-03,net_score,-0.23809523809523808,Dictionary,-0.817778605687256
fomc_stmt,FOMC statements,FOMC,statement,2021-11-03,rf_score,0.00873516264345987,Random Forest,-0.0030747822526811094
fomc_stmt,FOMC statements,FOMC,statement,2021-11-03,bert_score,0,RoBERTa/BERT,0.5250915053609932
fomc_stmt,FOMC statements,FOMC,statement,2021-12-15,net_score,-0.2631578947368421,Dictionary,-0.925477120349042
fomc_stmt,FOMC statements,FOMC,statement,2021-12-15,rf_score,-0.00865727931896923,Random Forest,-0.03959884652253902
fomc_stmt,FOMC statements,FOMC,statement,2021-12-15,bert_score,-0.14285714285714285,RoBERTa/BERT,-0.1407540756261586
fomc_stmt,FOMC statements,FOMC,statement,2022-01-26,net_score,0.05263157894736842,Dictionary,0.43152416438946145
fomc_stmt,FOMC statements,FOMC,statement,2022-01-26,rf_score,-0.00995500471806956,Random Forest,-0.042324065096432
fomc_stmt,FOMC statements,FOMC,statement,2022-01-26,bert_score,0,RoBERTa/BERT,0.5250915053609932
fomc_stmt,FOMC statements,FOMC,statement,2022-03-16,net_score,0.4444444444444444,Dictionary,2.1152109436020488
fomc_stmt,FOMC statements,FOMC,statement,2022-03-16,rf_score,0.3670821874488488,Random Forest,0.7494526542727662
fomc_stmt,FOMC statements,FOMC,statement,2022-03-16,bert_score,0.3684210526315789,RoBERTa/BERT,2.242272214222595
fomc_stmt,FOMC statements,FOMC,statement,2022-05-04,net_score,0.4117647058823529,Dictionary,1.9747805274254064
fomc_stmt,FOMC statements,FOMC,statement,2022-05-04,rf_score,0.7139385682122776,Random Forest,1.4778497804946225
fomc_stmt,FOMC statements,FOMC,statement,2022-05-04,bert_score,0.2631578947368421,RoBERTa/BERT,1.7516491545478516
fomc_stmt,FOMC statements,FOMC,statement,2022-06-15,net_score,0.4545454545454546,Dictionary,2.158616708602102
fomc_stmt,FOMC statements,FOMC,statement,2022-06-15,rf_score,0.6911764705882353,Random Forest,1.4300494590484907
fomc_stmt,FOMC statements,FOMC,statement,2022-06-15,bert_score,0.47368421052631576,RoBERTa/BERT,2.7328952738973387
fomc_stmt,FOMC statements,FOMC,statement,2022-07-27,net_score,0.42857142857142855,Dictionary,2.047001884316251
fomc_stmt,FOMC statements,FOMC,statement,2022-07-27,rf_score,0.8215015393509182,Random Forest,1.703731624999906
fomc_stmt,FOMC statements,FOMC,statement,2022-07-27,bert_score,0.3333333333333333,RoBERTa/BERT,2.078731194331014
fomc_stmt,FOMC statements,FOMC,statement,2022-09-21,net_score,0.3636363636363637,Dictionary,1.7679648236016245
fomc_stmt,FOMC statements,FOMC,statement,2022-09-21,rf_score,0.9822485207100592,Random Forest,2.0412996957187652
fomc_stmt,FOMC statements,FOMC,statement,2022-09-21,bert_score,0.3333333333333333,RoBERTa/BERT,2.078731194331014
fomc_stmt,FOMC statements,FOMC,statement,2022-11-02,net_score,0.4615384615384616,Dictionary,2.1886668536021396
fomc_stmt,FOMC statements,FOMC,statement,2022-11-02,rf_score,0.9502341137123748,Random Forest,1.9740695585551216
fomc_stmt,FOMC statements,FOMC,statement,2022-11-02,bert_score,0.4,RoBERTa/BERT,2.3894591321250185
fomc_stmt,FOMC statements,FOMC,statement,2022-12-14,net_score,0.4615384615384616,Dictionary,2.1886668536021396
fomc_stmt,FOMC statements,FOMC,statement,2022-12-14,rf_score,0.9626006904487916,Random Forest,2.000039324301342
fomc_stmt,FOMC statements,FOMC,statement,2022-12-14,bert_score,0.4,RoBERTa/BERT,2.3894591321250185
fomc_stmt,FOMC statements,FOMC,statement,2023-02-01,net_score,0.3333333333333333,Dictionary,1.6377475286014647
fomc_stmt,FOMC statements,FOMC,statement,2023-02-01,rf_score,0.9807692307692308,Random Forest,2.038193192273804
fomc_stmt,FOMC statements,FOMC,statement,2023-02-01,bert_score,0.3333333333333333,RoBERTa/BERT,2.078731194331014
fomc_stmt,FOMC statements,FOMC,statement,2023-03-22,net_score,0.38461538461538464,Dictionary,1.8581152586017347
fomc_stmt,FOMC statements,FOMC,statement,2023-03-22,rf_score,0.6853535353535354,Random Forest,1.4178213164328177
fomc_stmt,FOMC statements,FOMC,statement,2023-03-22,bert_score,0.3684210526315789,RoBERTa/BERT,2.242272214222595
fomc_stmt,FOMC statements,FOMC,statement,2023-05-03,net_score,0.4166666666666667,Dictionary,1.9958450898519033
fomc_stmt,FOMC statements,FOMC,statement,2023-05-03,rf_score,0.6587301587301587,Random Forest,1.3619123232636356
fomc_stmt,FOMC statements,FOMC,statement,2023-05-03,bert_score,0.17647058823529413,RoBERTa/BERT,1.3476066348157103
fomc_stmt,FOMC statements,FOMC,statement,2023-06-14,net_score,0.3636363636363637,Dictionary,1.7679648236016245
fomc_stmt,FOMC statements,FOMC,statement,2023-06-14,rf_score,0.3847191333262907,Random Forest,0.7864901758665267
fomc_stmt,FOMC statements,FOMC,statement,2023-06-14,bert_score,0.125,RoBERTa/BERT,1.107706388724751
fomc_stmt,FOMC statements,FOMC,statement,2023-07-26,net_score,0.391304347826087,Dictionary,1.8868588755582916
fomc_stmt,FOMC statements,FOMC,statement,2023-07-26,rf_score,0.37045934590952606,Random Forest,0.756544674641943
fomc_stmt,FOMC statements,FOMC,statement,2023-07-26,bert_score,0.25,RoBERTa/BERT,1.6903212720885088
fomc_stmt,FOMC statements,FOMC,statement,2023-09-20,net_score,0.3636363636363637,Dictionary,1.7679648236016245
fomc_stmt,FOMC statements,FOMC,statement,2023-09-20,rf_score,0.32620403600605424,Random Forest,0.6636086863150265
fomc_stmt,FOMC statements,FOMC,statement,2023-09-20,bert_score,0.17647058823529413,RoBERTa/BERT,1.3476066348157103
fomc_stmt,FOMC statements,FOMC,statement,2023-11-01,net_score,0.42857142857142855,Dictionary,2.047001884316251
fomc_stmt,FOMC statements,FOMC,statement,2023-11-01,rf_score,0.14590604775838625,Random Forest,0.2849835729060412
fomc_stmt,FOMC statements,FOMC,statement,2023-11-01,bert_score,0.17647058823529413,RoBERTa/BERT,1.3476066348157103
fomc_stmt,FOMC statements,FOMC,statement,2023-12-13,net_score,0.3333333333333333,Dictionary,1.6377475286014647
fomc_stmt,FOMC statements,FOMC,statement,2023-12-13,rf_score,0.5424330517994217,Random Forest,1.1176888256597641
fomc_stmt,FOMC statements,FOMC,statement,2023-12-13,bert_score,0,RoBERTa/BERT,0.5250915053609932
fomc_stmt,FOMC statements,FOMC,statement,2024-01-31,net_score,0.05263157894736842,Dictionary,0.43152416438946145
fomc_stmt,FOMC statements,FOMC,statement,2024-01-31,rf_score,-0.1505041704942781,Random Forest,-0.33747679724148144
fomc_stmt,FOMC statements,FOMC,statement,2024-01-31,bert_score,0.06666666666666667,RoBERTa/BERT,0.8358194431549973
fomc_stmt,FOMC statements,FOMC,statement,2024-03-20,net_score,0.05263157894736842,Dictionary,0.43152416438946145
fomc_stmt,FOMC statements,FOMC,statement,2024-03-20,rf_score,-0.1433634194667659,Random Forest,-0.32248124629887626
fomc_stmt,FOMC statements,FOMC,statement,2024-03-20,bert_score,0.06666666666666667,RoBERTa/BERT,0.8358194431549973
fomc_stmt,FOMC statements,FOMC,statement,2024-05-01,net_score,0.1,Dictionary,0.6350743571002371
fomc_stmt,FOMC statements,FOMC,statement,2024-05-01,rf_score,-0.06970671576359191,Random Forest,-0.1678024389311685
fomc_stmt,FOMC statements,FOMC,statement,2024-05-01,bert_score,-0.0588235294117647,RoBERTa/BERT,0.25091979554275423
fomc_stmt,FOMC statements,FOMC,statement,2024-06-12,net_score,0.1,Dictionary,0.6350743571002371
fomc_stmt,FOMC statements,FOMC,statement,2024-06-12,rf_score,-0.12176583287019836,Random Forest,-0.2771263937352813
fomc_stmt,FOMC statements,FOMC,statement,2024-06-12,bert_score,0.06666666666666667,RoBERTa/BERT,0.8358194431549973
fomc_stmt,FOMC statements,FOMC,statement,2024-07-31,net_score,0.1,Dictionary,0.6350743571002371
fomc_stmt,FOMC statements,FOMC,statement,2024-07-31,rf_score,-0.19774215862351113,Random Forest,-0.4366763988924693
fomc_stmt,FOMC statements,FOMC,statement,2024-07-31,bert_score,0.125,RoBERTa/BERT,1.107706388724751
fomc_stmt,FOMC statements,FOMC,statement,2024-09-18,net_score,0,Dictionary,0.2053572835997109
fomc_stmt,FOMC statements,FOMC,statement,2024-09-18,rf_score,-0.7548809523809523,Random Forest,-1.606665820411624
fomc_stmt,FOMC statements,FOMC,statement,2024-09-18,bert_score,0,RoBERTa/BERT,0.5250915053609932
fomc_stmt,FOMC statements,FOMC,statement,2024-11-07,net_score,0.0588235294117647,Dictionary,0.4581320327176674
fomc_stmt,FOMC statements,FOMC,statement,2024-11-07,rf_score,-0.04334830350873132,Random Forest,-0.11244986996313146
fomc_stmt,FOMC statements,FOMC,statement,2024-11-07,bert_score,0,RoBERTa/BERT,0.5250915053609932
fomc_stmt,FOMC statements,FOMC,statement,2024-12-18,net_score,0.0588235294117647,Dictionary,0.4581320327176674
fomc_stmt,FOMC statements,FOMC,statement,2024-12-18,rf_score,-0.6039891926255562,Random Forest,-1.289793678880077
fomc_stmt,FOMC statements,FOMC,statement,2024-12-18,bert_score,-0.0588235294117647,RoBERTa/BERT,0.25091979554275423
fomc_stmt,FOMC statements,FOMC,statement,2025-01-29,net_score,0.2857142857142857,Dictionary,1.433120350744071
fomc_stmt,FOMC statements,FOMC,statement,2025-01-29,rf_score,-0.07193040837929243,Random Forest,-0.17247218526050517
fomc_stmt,FOMC statements,FOMC,statement,2025-01-29,bert_score,0.125,RoBERTa/BERT,1.107706388724751
fomc_stmt,FOMC statements,FOMC,statement,2025-03-19,net_score,0.2857142857142857,Dictionary,1.433120350744071
fomc_stmt,FOMC statements,FOMC,statement,2025-03-19,rf_score,-0.03609949828816448,Random Forest,-0.09722740561180078
fomc_stmt,FOMC statements,FOMC,statement,2025-03-19,bert_score,0.0588235294117647,RoBERTa/BERT,0.7992632151792322
fomc_stmt,FOMC statements,FOMC,statement,2025-05-07,net_score,0.25,Dictionary,1.279649967351026
fomc_stmt,FOMC statements,FOMC,statement,2025-05-07,rf_score,-0.08694394657539888,Random Forest,-0.2040005603545321
fomc_stmt,FOMC statements,FOMC,statement,2025-05-07,bert_score,0.125,RoBERTa/BERT,1.107706388724751
fomc_stmt,FOMC statements,FOMC,statement,2025-06-18,net_score,0.2857142857142857,Dictionary,1.433120350744071
fomc_stmt,FOMC statements,FOMC,statement,2025-06-18,rf_score,-0.05262013896999666,Random Forest,-0.13192069039296753
fomc_stmt,FOMC statements,FOMC,statement,2025-06-18,bert_score,0.14285714285714285,RoBERTa/BERT,1.190937086348145
fomc_stmt,FOMC statements,FOMC,statement,2025-07-30,net_score,0.07692307692307693,Dictionary,0.5359088786001156
fomc_stmt,FOMC statements,FOMC,statement,2025-07-30,rf_score,-0.5715142842069301,Random Forest,-1.2215964904230519
fomc_stmt,FOMC statements,FOMC,statement,2025-07-30,bert_score,-0.0588235294117647,RoBERTa/BERT,0.25091979554275423
fomc_stmt,FOMC statements,FOMC,statement,2025-09-17,net_score,-0.1111111111111111,Dictionary,-0.27210613140087364
fomc_stmt,FOMC statements,FOMC,statement,2025-09-17,rf_score,-0.732975387856871,Random Forest,-1.5606642153309005
fomc_stmt,FOMC statements,FOMC,statement,2025-09-17,bert_score,-0.1111111111111111,RoBERTa/BERT,0.0072116090376529
fomc_stmt,FOMC statements,FOMC,statement,2025-10-29,net_score,-0.0588235294117647,Dictionary,-0.04741746551824561
fomc_stmt,FOMC statements,FOMC,statement,2025-10-29,rf_score,-0.7486883776917372,Random Forest,-1.5936614362984918
fomc_stmt,FOMC statements,FOMC,statement,2025-10-29,bert_score,-0.0588235294117647,RoBERTa/BERT,0.25091979554275423
fomc_stmt,FOMC statements,FOMC,statement,2025-12-10,net_score,-0.0588235294117647,Dictionary,-0.04741746551824561
fomc_stmt,FOMC statements,FOMC,statement,2025-12-10,rf_score,-0.742523906809621,Random Forest,-1.5807160700770921
fomc_stmt,FOMC statements,FOMC,statement,2025-12-10,bert_score,-0.15789473684210523,RoBERTa/BERT,-0.21084308415112182
fomc_stmt,FOMC statements,FOMC,statement,2026-01-28,net_score,0.25,Dictionary,1.279649967351026
fomc_stmt,FOMC statements,FOMC,statement,2026-01-28,rf_score,-0.46568938999061854,Random Forest,-0.9993646010738202
fomc_stmt,FOMC statements,FOMC,statement,2026-01-28,bert_score,0.17647058823529413,RoBERTa/BERT,1.3476066348157103
fomc_stmt,FOMC statements,FOMC,statement,2026-03-18,net_score,0.25,Dictionary,1.279649967351026
fomc_stmt,FOMC statements,FOMC,statement,2026-03-18,rf_score,-0.8513617309715482,Random Forest,-1.8092751012510293
fomc_stmt,FOMC statements,FOMC,statement,2026-03-18,bert_score,0.17647058823529413,RoBERTa/BERT,1.3476066348157103
fomc_pc,FOMC press conferences,FOMC,press_conference,2011-04-27,net_score,-0.24444444444444444,Dictionary,-0.8515295661834751
fomc_pc,FOMC press conferences,FOMC,press_conference,2011-04-27,rf_score,0.03491222593285968,Random Forest,-0.08030369866961155
fomc_pc,FOMC press conferences,FOMC,press_conference,2011-04-27,bert_score,-0.3103448275862069,RoBERTa/BERT,-0.5598019357753202
fomc_pc,FOMC press conferences,FOMC,press_conference,2011-06-22,net_score,-0.5,Dictionary,-1.5726167366041643
fomc_pc,FOMC press conferences,FOMC,press_conference,2011-06-22,rf_score,0.0258622859925415,Random Forest,-0.10039376141891385
fomc_pc,FOMC press conferences,FOMC,press_conference,2011-06-22,bert_score,-0.3409090909090909,RoBERTa/BERT,-0.7696414421859219
fomc_pc,FOMC press conferences,FOMC,press_conference,2011-09-21,net_score,0,Dictionary,-0.16179401186803335
fomc_pc,FOMC press conferences,FOMC,press_conference,2011-11-02,net_score,-0.3181818181818182,Dictionary,-1.0595902912455712
fomc_pc,FOMC press conferences,FOMC,press_conference,2011-11-02,rf_score,-0.06593702905592878,Random Forest,-0.30418008617124115
fomc_pc,FOMC press conferences,FOMC,press_conference,2011-11-02,bert_score,-0.5913978494623656,RoBERTa/BERT,-2.489376575369033
fomc_pc,FOMC press conferences,FOMC,press_conference,2012-01-25,net_score,-0.4090909090909091,Dictionary,-1.3161035139248678
fomc_pc,FOMC press conferences,FOMC,press_conference,2012-01-25,rf_score,0.0475904720813414,Random Forest,-0.05215911844545343
fomc_pc,FOMC press conferences,FOMC,press_conference,2012-01-25,bert_score,-0.4358974358974359,RoBERTa/BERT,-1.4217856544166356
fomc_pc,FOMC press conferences,FOMC,press_conference,2012-04-25,net_score,-0.16279069767441862,Dictionary,-0.6211316431774714
fomc_pc,FOMC press conferences,FOMC,press_conference,2012-04-25,rf_score,0.05460472939324844,Random Forest,-0.03658809029882791
fomc_pc,FOMC press conferences,FOMC,press_conference,2012-04-25,bert_score,-0.3617021276595745,RoBERTa/BERT,-0.9123964146321965
fomc_pc,FOMC press conferences,FOMC,press_conference,2012-06-20,net_score,-0.5238095238095238,Dictionary,-1.6397987711154087
fomc_pc,FOMC press conferences,FOMC,press_conference,2012-06-20,rf_score,0.0111047450738578,Random Forest,-0.13315419132639983
fomc_pc,FOMC press conferences,FOMC,press_conference,2012-06-20,bert_score,-0.5,RoBERTa/BERT,-1.861882975553927
fomc_pc,FOMC press conferences,FOMC,press_conference,2012-09-13,net_score,-0.6,Dictionary,-1.8547812815513904
fomc_pc,FOMC press conferences,FOMC,press_conference,2012-09-13,rf_score,-0.20419193217918852,Random Forest,-0.6110936897379122
fomc_pc,FOMC press conferences,FOMC,press_conference,2012-09-13,bert_score,-0.4015748031496063,RoBERTa/BERT,-1.1861429942801331
fomc_pc,FOMC press conferences,FOMC,press_conference,2012-12-12,net_score,-0.3103448275862069,Dictionary,-1.037477082393908
fomc_pc,FOMC press conferences,FOMC,press_conference,2012-12-12,rf_score,0.01963247762258047,Random Forest,-0.11422338259806229
fomc_pc,FOMC press conferences,FOMC,press_conference,2012-12-12,bert_score,-0.3982300884955752,RoBERTa/BERT,-1.1631797949164924
fomc_pc,FOMC press conferences,FOMC,press_conference,2013-03-20,net_score,-0.3559322033898305,Dictionary,-1.1661084938835842
fomc_pc,FOMC press conferences,FOMC,press_conference,2013-03-20,rf_score,0.02025874068615409,Random Forest,-0.11283313422870991
fomc_pc,FOMC press conferences,FOMC,press_conference,2013-03-20,bert_score,-0.31958762886597936,RoBERTa/BERT,-0.6232585562706223
fomc_pc,FOMC press conferences,FOMC,press_conference,2013-06-19,net_score,-0.375,Dictionary,-1.2199110554201316
fomc_pc,FOMC press conferences,FOMC,press_conference,2013-06-19,rf_score,0.05106382872954505,Random Forest,-0.04444857522933301
fomc_pc,FOMC press conferences,FOMC,press_conference,2013-06-19,bert_score,-0.2631578947368421,RoBERTa/BERT,-0.2358391890361452
fomc_pc,FOMC press conferences,FOMC,press_conference,2013-09-18,net_score,-0.5428571428571428,Dictionary,-1.693544398724404
fomc_pc,FOMC press conferences,FOMC,press_conference,2013-09-18,rf_score,-0.15893809434182105,Random Forest,-0.5106341896975729
fomc_pc,FOMC press conferences,FOMC,press_conference,2013-09-18,bert_score,-0.3620689655172414,RoBERTa/BERT,-0.9149149466240312
fomc_pc,FOMC press conferences,FOMC,press_conference,2013-12-18,net_score,-0.5,Dictionary,-1.5726167366041643
fomc_pc,FOMC press conferences,FOMC,press_conference,2013-12-18,rf_score,0.04703735507111165,Random Forest,-0.05338698907404365
fomc_pc,FOMC press conferences,FOMC,press_conference,2013-12-18,bert_score,-0.4125874125874126,RoBERTa/BERT,-1.2617502649121661
fomc_pc,FOMC press conferences,FOMC,press_conference,2014-03-19,net_score,-0.3090909090909091,Dictionary,-1.0339389689776417
fomc_pc,FOMC press conferences,FOMC,press_conference,2014-03-19,rf_score,0.029462956084599298,Random Forest,-0.09240059366685979
fomc_pc,FOMC press conferences,FOMC,press_conference,2014-03-19,bert_score,-0.44086021505376344,RoBERTa/BERT,-1.4558577050853292
fomc_pc,FOMC press conferences,FOMC,press_conference,2014-06-18,net_score,-0.09803921568627452,Dictionary,-0.4384259186790394
fomc_pc,FOMC press conferences,FOMC,press_conference,2014-06-18,rf_score,0.05323720497826284,Random Forest,-0.03962387302108293
fomc_pc,FOMC press conferences,FOMC,press_conference,2014-06-18,bert_score,-0.42168674698795183,RoBERTa/BERT,-1.3242219109355977
fomc_pc,FOMC press conferences,FOMC,press_conference,2014-09-17,net_score,-0.13793103448275862,Dictionary,-0.5509864876573108
fomc_pc,FOMC press conferences,FOMC,press_conference,2014-09-17,rf_score,0.02026770707977724,Random Forest,-0.1128132296313632
fomc_pc,FOMC press conferences,FOMC,press_conference,2014-09-17,bert_score,-0.4545454545454546,RoBERTa/BERT,-1.5498139660202115
fomc_pc,FOMC press conferences,FOMC,press_conference,2014-12-17,net_score,0.1111111111111111,Dictionary,0.15172214918444016
fomc_pc,FOMC press conferences,FOMC,press_conference,2014-12-17,rf_score,0.03802471233961372,Random Forest,-0.07339425533292565
fomc_pc,FOMC press conferences,FOMC,press_conference,2014-12-17,bert_score,-0.2,RoBERTa/BERT,0.19777248736859637
fomc_pc,FOMC press conferences,FOMC,press_conference,2015-03-18,net_score,-0.01886792452830188,Dictionary,-0.2150326052543024
fomc_pc,FOMC press conferences,FOMC,press_conference,2015-03-18,rf_score,0.0169342770308954,Random Forest,-0.12021314822685518
fomc_pc,FOMC press conferences,FOMC,press_conference,2015-03-18,bert_score,-0.35555555555555557,RoBERTa/BERT,-0.8701970119245639
fomc_pc,FOMC press conferences,FOMC,press_conference,2015-06-17,net_score,0.4230769230769231,Dictionary,1.0319790629086927
fomc_pc,FOMC press conferences,FOMC,press_conference,2015-06-17,rf_score,0.01265348197782896,Random Forest,-0.12971613297594334
fomc_pc,FOMC press conferences,FOMC,press_conference,2015-06-17,bert_score,-0.2043010752688172,RoBERTa/BERT,0.16824337678906218
fomc_pc,FOMC press conferences,FOMC,press_conference,2015-09-17,net_score,-0.06122448979591836,Dictionary,-0.3345478148969473
fomc_pc,FOMC press conferences,FOMC,press_conference,2015-09-17,rf_score,-0.27247029682247736,Random Forest,-0.7626655939880513
fomc_pc,FOMC press conferences,FOMC,press_conference,2015-09-17,bert_score,-0.29508196721311475,RoBERTa/BERT,-0.4550144899511104
fomc_pc,FOMC press conferences,FOMC,press_conference,2015-12-16,net_score,0.02941176470588235,Dictionary,-0.07880443982473154
fomc_pc,FOMC press conferences,FOMC,press_conference,2015-12-16,rf_score,0.4090544543176123,Random Forest,0.7502588127926689
fomc_pc,FOMC press conferences,FOMC,press_conference,2015-12-16,bert_score,-0.21428571428571427,RoBERTa/BERT,0.09969365580085732
fomc_pc,FOMC press conferences,FOMC,press_conference,2016-03-16,net_score,0.09090909090909093,Dictionary,0.09471921081126322
fomc_pc,FOMC press conferences,FOMC,press_conference,2016-03-16,rf_score,-0.6075130523438529,Random Forest,-1.5064307489518232
fomc_pc,FOMC press conferences,FOMC,press_conference,2016-03-16,bert_score,-0.2916666666666667,RoBERTa/BERT,-0.4315666818577303
fomc_pc,FOMC press conferences,FOMC,press_conference,2016-06-15,net_score,-0.19298245614035087,Dictionary,-0.7063220810644348
fomc_pc,FOMC press conferences,FOMC,press_conference,2016-06-15,rf_score,0.10922253182154232,Random Forest,0.08465857931993652
fomc_pc,FOMC press conferences,FOMC,press_conference,2016-06-15,bert_score,-0.3707865168539326,RoBERTa/BERT,-0.9747654540704432
fomc_pc,FOMC press conferences,FOMC,press_conference,2016-09-21,net_score,-0.06896551724137931,Dictionary,-0.3563902497626721
fomc_pc,FOMC press conferences,FOMC,press_conference,2016-09-21,rf_score,0.03458513124554394,Random Forest,-0.0810298198191963
fomc_pc,FOMC press conferences,FOMC,press_conference,2016-09-21,bert_score,-0.3162393162393162,RoBERTa/BERT,-0.6002706549603584
fomc_pc,FOMC press conferences,FOMC,press_conference,2016-12-14,net_score,0.07692307692307693,Dictionary,0.05525563809137142
fomc_pc,FOMC press conferences,FOMC,press_conference,2016-12-14,rf_score,0.17278669043374922,Random Forest,0.2257653649502667
fomc_pc,FOMC press conferences,FOMC,press_conference,2016-12-14,bert_score,-0.05263157894736842,RoBERTa/BERT,1.2095330656463272
fomc_pc,FOMC press conferences,FOMC,press_conference,2017-03-15,net_score,0.0588235294117647,Dictionary,0.004185132218570265
fomc_pc,FOMC press conferences,FOMC,press_conference,2017-03-15,rf_score,0.736111111111111,Random Forest,1.4762955379963287
fomc_pc,FOMC press conferences,FOMC,press_conference,2017-03-15,bert_score,-0.14606741573033707,RoBERTa/BERT,0.5680476267703984
fomc_pc,FOMC press conferences,FOMC,press_conference,2017-06-14,net_score,0.25806451612903225,Dictionary,0.5663725557377116
fomc_pc,FOMC press conferences,FOMC,press_conference,2017-06-14,rf_score,0.4776042670779512,Random Forest,0.9024333077495618
fomc_pc,FOMC press conferences,FOMC,press_conference,2017-06-14,bert_score,-0.3263157894736842,RoBERTa/BERT,-0.6694508654408872
fomc_pc,FOMC press conferences,FOMC,press_conference,2017-09-20,net_score,0.02127659574468085,Dictionary,-0.10175900230479375
fomc_pc,FOMC press conferences,FOMC,press_conference,2017-09-20,rf_score,0.8477382856674108,Random Forest,1.7240979495209003
fomc_pc,FOMC press conferences,FOMC,press_conference,2017-09-20,bert_score,-0.3473684210526316,RoBERTa/BERT,-0.8139880909091345
fomc_pc,FOMC press conferences,FOMC,press_conference,2017-12-13,net_score,0.3928571428571429,Dictionary,0.9467095575674982
fomc_pc,FOMC press conferences,FOMC,press_conference,2017-12-13,rf_score,0.7676453980801807,Random Forest,1.5462988538350015
fomc_pc,FOMC press conferences,FOMC,press_conference,2017-12-13,bert_score,-0.02857142857142857,RoBERTa/BERT,1.3747184661814669
fomc_pc,FOMC press conferences,FOMC,press_conference,2018-03-21,net_score,0.21052631578947367,Dictionary,0.4322366090734954
fomc_pc,FOMC press conferences,FOMC,press_conference,2018-03-21,rf_score,0.5674219485364996,Random Forest,1.1018205819634106
fomc_pc,FOMC press conferences,FOMC,press_conference,2018-03-21,bert_score,0.14606741573033707,RoBERTa/BERT,2.573704631863492
fomc_pc,FOMC press conferences,FOMC,press_conference,2018-06-13,net_score,0.08641975308641975,Dictionary,0.08205189117277939
fomc_pc,FOMC press conferences,FOMC,press_conference,2018-06-13,rf_score,0.32565476190476184,Random Forest,0.5651189041417649
fomc_pc,FOMC press conferences,FOMC,press_conference,2018-06-13,bert_score,0.03703703703703703,RoBERTa/BERT,1.8251545815296026
fomc_pc,FOMC press conferences,FOMC,press_conference,2018-09-26,net_score,0.2682926829268293,Dictionary,0.5952328160391589
fomc_pc,FOMC press conferences,FOMC,press_conference,2018-09-26,rf_score,0.5201085293986407,Random Forest,0.996788994391327
fomc_pc,FOMC press conferences,FOMC,press_conference,2018-09-26,bert_score,0,RoBERTa/BERT,1.5708761293169453
fomc_pc,FOMC press conferences,FOMC,press_conference,2018-12-19,net_score,0.2982456140350877,Dictionary,0.6797493677991324
fomc_pc,FOMC press conferences,FOMC,press_conference,2018-12-19,rf_score,-0.03356633474645898,Random Forest,-0.23232002033605656
fomc_pc,FOMC press conferences,FOMC,press_conference,2018-12-19,bert_score,-0.06666666666666667,RoBERTa/BERT,1.1131749153341626
fomc_pc,FOMC press conferences,FOMC,press_conference,2019-01-30,net_score,-0.08571428571428572,Dictionary,-0.40364933610851295
fomc_pc,FOMC press conferences,FOMC,press_conference,2019-01-30,rf_score,0.1742407007532656,Random Forest,0.22899313869792207
fomc_pc,FOMC press conferences,FOMC,press_conference,2019-01-30,bert_score,-0.18604651162790695,RoBERTa/BERT,0.29357041587662097
fomc_pc,FOMC press conferences,FOMC,press_conference,2019-03-20,net_score,-0.02857142857142857,Dictionary,-0.24241245328152655
fomc_pc,FOMC press conferences,FOMC,press_conference,2019-03-20,rf_score,0.17803457702392186,Random Forest,0.23741520700370286
fomc_pc,FOMC press conferences,FOMC,press_conference,2019-03-20,bert_score,-0.26436781609195403,RoBERTa/BERT,-0.24414592613202166
fomc_pc,FOMC press conferences,FOMC,press_conference,2019-05-01,net_score,0.12195121951219512,Dictionary,0.18230909172614493
fomc_pc,FOMC press conferences,FOMC,press_conference,2019-05-01,rf_score,0.02598020907128852,Random Forest,-0.10013198265935942
fomc_pc,FOMC press conferences,FOMC,press_conference,2019-05-01,bert_score,-0.2087912087912088,RoBERTa/BERT,0.13741628332691072
fomc_pc,FOMC press conferences,FOMC,press_conference,2019-06-19,net_score,-0.16,Dictionary,-0.6132572837835952
fomc_pc,FOMC press conferences,FOMC,press_conference,2019-06-19,rf_score,0.17257028177054343,Random Forest,0.22528495694181927
fomc_pc,FOMC press conferences,FOMC,press_conference,2019-06-19,bert_score,-0.3577981651376147,RoBERTa/BERT,-0.8855936888475322
fomc_pc,FOMC press conferences,FOMC,press_conference,2019-07-31,net_score,-0.3333333333333333,Dictionary,-1.102342495025454
fomc_pc,FOMC press conferences,FOMC,press_conference,2019-07-31,rf_score,-0.984375,Random Forest,-2.3430307956003187
fomc_pc,FOMC press conferences,FOMC,press_conference,2019-07-31,bert_score,-0.344,RoBERTa/BERT,-0.7908621348342145
fomc_pc,FOMC press conferences,FOMC,press_conference,2019-09-18,net_score,-0.2,Dictionary,-0.7261231017624858
fomc_pc,FOMC press conferences,FOMC,press_conference,2019-09-18,rf_score,-0.9285714285714284,Random Forest,-2.2191518241343755
fomc_pc,FOMC press conferences,FOMC,press_conference,2019-09-18,bert_score,-0.3064516129032258,RoBERTa/BERT,-0.5330729994748796
fomc_pc,FOMC press conferences,FOMC,press_conference,2019-10-30,net_score,-0.03225806451612903,Dictionary,-0.25281483281875144
fomc_pc,FOMC press conferences,FOMC,press_conference,2019-10-30,rf_score,-0.3444444444444444,Random Forest,-0.9224418081495374
fomc_pc,FOMC press conferences,FOMC,press_conference,2019-10-30,bert_score,-0.16129032258064516,RoBERTa/BERT,0.46353448258440594
fomc_pc,FOMC press conferences,FOMC,press_conference,2019-12-11,net_score,0.05660377358490566,Dictionary,-0.002078231709226074
fomc_pc,FOMC press conferences,FOMC,press_conference,2019-12-11,rf_score,-0.03818916013691273,Random Forest,-0.24258228205113466
fomc_pc,FOMC press conferences,FOMC,press_conference,2019-12-11,bert_score,-0.22627737226277372,RoBERTa/BERT,0.017364709594360817
fomc_pc,FOMC press conferences,FOMC,press_conference,2020-01-29,net_score,-0.10526315789473684,Dictionary,-0.45880932233879773
fomc_pc,FOMC press conferences,FOMC,press_conference,2020-01-29,rf_score,-0.316443942530899,Random Forest,-0.8602831812233008
fomc_pc,FOMC press conferences,FOMC,press_conference,2020-01-29,bert_score,-0.05454545454545454,RoBERTa/BERT,1.1963933178764867
fomc_pc,FOMC press conferences,FOMC,press_conference,2020-03-03,net_score,-0.23809523809523808,Dictionary,-0.8336143569804767
fomc_pc,FOMC press conferences,FOMC,press_conference,2020-03-03,rf_score,-0.46197872138311,Random Forest,-1.183357462227198
fomc_pc,FOMC press conferences,FOMC,press_conference,2020-03-03,bert_score,-0.02702702702702703,RoBERTa/BERT,1.385321583107709
fomc_pc,FOMC press conferences,FOMC,press_conference,2020-03-15,net_score,-0.4594594594594595,Dictionary,-1.4582257048688023
fomc_pc,FOMC press conferences,FOMC,press_conference,2020-03-15,rf_score,-5.551115123125783e-17,Random Forest,-0.15780573894108668
fomc_pc,FOMC press conferences,FOMC,press_conference,2020-03-15,bert_score,-0.1914893617021277,RoBERTa/BERT,0.2562024295791643
fomc_pc,FOMC press conferences,FOMC,press_conference,2020-04-29,net_score,-0.6842105263157895,Dictionary,-2.092393529928002
fomc_pc,FOMC press conferences,FOMC,press_conference,2020-04-29,rf_score,0.23882970735220116,Random Forest,0.37237499582017985
fomc_pc,FOMC press conferences,FOMC,press_conference,2020-04-29,bert_score,-0.38461538461538464,RoBERTa/BERT,-1.0697077975068028
fomc_pc,FOMC press conferences,FOMC,press_conference,2020-06-10,net_score,-0.3877551020408163,Dictionary,-1.2559014310511554
fomc_pc,FOMC press conferences,FOMC,press_conference,2020-06-10,rf_score,0.02126365149776521,Random Forest,-0.11060232149449746
fomc_pc,FOMC press conferences,FOMC,press_conference,2020-06-10,bert_score,-0.4177215189873418,RoBERTa/BERT,-1.2969985658916314
fomc_pc,FOMC press conferences,FOMC,press_conference,2020-07-29,net_score,-0.14814814814814814,Dictionary,-0.579815559937998
fomc_pc,FOMC press conferences,FOMC,press_conference,2020-07-29,rf_score,0.03530120163285884,Random Forest,-0.07944020716884231
fomc_pc,FOMC press conferences,FOMC,press_conference,2020-07-29,bert_score,-0.375796178343949,RoBERTa/BERT,-1.0091593762547928
fomc_pc,FOMC press conferences,FOMC,press_conference,2020-09-16,net_score,-0.4857142857142857,Dictionary,-1.5323075158974175
fomc_pc,FOMC press conferences,FOMC,press_conference,2020-09-16,rf_score,-0.15252866523378444,Random Forest,-0.49640582643584585
fomc_pc,FOMC press conferences,FOMC,press_conference,2020-09-16,bert_score,-0.21019108280254775,RoBERTa/BERT,0.12780542281071894
fomc_pc,FOMC press conferences,FOMC,press_conference,2020-11-05,net_score,-0.5185185185185185,Dictionary,-1.6248694301129099
fomc_pc,FOMC press conferences,FOMC,press_conference,2020-11-05,rf_score,-0.8898549473859243,Random Forest,-2.1332046751390847
fomc_pc,FOMC press conferences,FOMC,press_conference,2020-11-05,bert_score,-0.4666666666666667,RoBERTa/BERT,-1.6330323685625354
fomc_pc,FOMC press conferences,FOMC,press_conference,2020-12-16,net_score,-0.6,Dictionary,-1.8547812815513904
fomc_pc,FOMC press conferences,FOMC,press_conference,2020-12-16,rf_score,0.04757815754962403,Random Forest,-0.052186455611949754
fomc_pc,FOMC press conferences,FOMC,press_conference,2020-12-16,bert_score,-0.25301204819277107,RoBERTa/BERT,-0.16618269483458026
fomc_pc,FOMC press conferences,FOMC,press_conference,2021-01-27,net_score,-0.28,Dictionary,-0.9518547377202669
fomc_pc,FOMC press conferences,FOMC,press_conference,2021-01-27,rf_score,0.03891801039333717,Random Forest,-0.07141121300651405
fomc_pc,FOMC press conferences,FOMC,press_conference,2021-01-27,bert_score,-0.28169014084507044,RoBERTa/BERT,-0.3630726621596025
fomc_pc,FOMC press conferences,FOMC,press_conference,2021-03-17,net_score,-0.2,Dictionary,-0.7261231017624858
fomc_pc,FOMC press conferences,FOMC,press_conference,2021-03-17,rf_score,0.2952807820904281,Random Forest,0.4976913671149775
fomc_pc,FOMC press conferences,FOMC,press_conference,2021-03-17,bert_score,-0.10810810810810811,RoBERTa/BERT,0.82865794448
fomc_pc,FOMC press conferences,FOMC,press_conference,2021-04-28,net_score,-0.0588235294117647,Dictionary,-0.32777315595463696
fomc_pc,FOMC press conferences,FOMC,press_conference,2021-04-28,rf_score,0.02466353387069499,Random Forest,-0.10305488464266742
fomc_pc,FOMC press conferences,FOMC,press_conference,2021-04-28,bert_score,-0.2867132867132867,RoBERTa/BERT,-0.3975591615880304
fomc_pc,FOMC press conferences,FOMC,press_conference,2021-06-16,net_score,0.10256410256410256,Dictionary,0.12760552141117298
fomc_pc,FOMC press conferences,FOMC,press_conference,2021-06-16,rf_score,0.39352721651108746,Random Forest,0.7157897241673742
fomc_pc,FOMC press conferences,FOMC,press_conference,2021-06-16,bert_score,-0.07894736842105263,RoBERTa/BERT,1.028861533811018
fomc_pc,FOMC press conferences,FOMC,press_conference,2021-07-28,net_score,0.22033898305084745,Dictionary,0.45992447699873623
fomc_pc,FOMC press conferences,FOMC,press_conference,2021-07-28,rf_score,0.23633895417584624,Random Forest,0.36684574502559003
fomc_pc,FOMC press conferences,FOMC,press_conference,2021-07-28,bert_score,-0.1869918699186992,RoBERTa/BERT,0.2870800413164564
fomc_pc,FOMC press conferences,FOMC,press_conference,2021-09-22,net_score,0.25806451612903225,Dictionary,0.5663725557377116
fomc_pc,FOMC press conferences,FOMC,press_conference,2021-09-22,rf_score,0.23980573406269523,Random Forest,0.37454168841572555
fomc_pc,FOMC press conferences,FOMC,press_conference,2021-09-22,bert_score,-0.08396946564885496,RoBERTa/BERT,0.9943822338424477
fomc_pc,FOMC press conferences,FOMC,press_conference,2021-11-03,net_score,-0.0303030303030303,Dictionary,-0.24729841942779884
fomc_pc,FOMC press conferences,FOMC,press_conference,2021-11-03,rf_score,0.23372515751566503,Random Forest,0.3610433486270222
fomc_pc,FOMC press conferences,FOMC,press_conference,2021-11-03,bert_score,-0.2727272727272727,RoBERTa/BERT,-0.30153792788534844
fomc_pc,FOMC press conferences,FOMC,press_conference,2021-12-15,net_score,0.3953488372093023,Dictionary,0.9537402355977445
fomc_pc,FOMC press conferences,FOMC,press_conference,2021-12-15,rf_score,0.01596360645149063,Random Forest,-0.1223679506871749
fomc_pc,FOMC press conferences,FOMC,press_conference,2021-12-15,bert_score,-0.01612903225806451,RoBERTa/BERT,1.4601419646436915
fomc_pc,FOMC press conferences,FOMC,press_conference,2022-01-26,net_score,0.47368421052631576,Dictionary,1.1747748852504063
fomc_pc,FOMC press conferences,FOMC,press_conference,2022-01-26,rf_score,0.055048049745619,Random Forest,-0.03560395849730192
fomc_pc,FOMC press conferences,FOMC,press_conference,2022-01-26,bert_score,-0.1124260355029586,RoBERTa/BERT,0.7990131353223112
fomc_pc,FOMC press conferences,FOMC,press_conference,2022-03-16,net_score,0.7857142857142857,Dictionary,2.0552131270030296
fomc_pc,FOMC press conferences,FOMC,press_conference,2022-03-16,rf_score,0.5196078431372549,Random Forest,0.9956775153676772
fomc_pc,FOMC press conferences,FOMC,press_conference,2022-03-16,bert_score,-0.02824858757062147,RoBERTa/BERT,1.3769349369513595
fomc_pc,FOMC press conferences,FOMC,press_conference,2022-05-04,net_score,0.6,Dictionary,1.5311932578153236
fomc_pc,FOMC press conferences,FOMC,press_conference,2022-05-04,rf_score,0.7628472222222222,Random Forest,1.5356473296586781
fomc_pc,FOMC press conferences,FOMC,press_conference,2022-05-04,bert_score,0.0196078431372549,RoBERTa/BERT,1.7054941334295284
fomc_pc,FOMC press conferences,FOMC,press_conference,2022-06-15,net_score,0.6705882352941176,Dictionary,1.7303682307192478
fomc_pc,FOMC press conferences,FOMC,press_conference,2022-06-15,rf_score,0.9238277919863598,Random Forest,1.8930098944168983
fomc_pc,FOMC press conferences,FOMC,press_conference,2022-06-15,bert_score,-0.06285714285714286,RoBERTa/BERT,1.1393292704188929
fomc_pc,FOMC press conferences,FOMC,press_conference,2022-07-27,net_score,0.675,Dictionary,1.7428166665257434
fomc_pc,FOMC press conferences,FOMC,press_conference,2022-07-27,rf_score,0.9734114399812076,Random Forest,2.003081188384048
fomc_pc,FOMC press conferences,FOMC,press_conference,2022-07-27,bert_score,-0.18292682926829268,RoBERTa/BERT,0.31498865192516284
fomc_pc,FOMC press conferences,FOMC,press_conference,2022-09-21,net_score,0.6144578313253012,Dictionary,1.5719881317835973
fomc_pc,FOMC press conferences,FOMC,press_conference,2022-09-21,rf_score,0.9956521739130434,Random Forest,2.052453642038741
fomc_pc,FOMC press conferences,FOMC,press_conference,2022-09-21,bert_score,-0.13432835820895522,RoBERTa/BERT,0.6486423399486513
fomc_pc,FOMC press conferences,FOMC,press_conference,2022-11-02,net_score,0.7373737373737373,Dictionary,1.9188132387529273
fomc_pc,FOMC press conferences,FOMC,press_conference,2022-11-02,rf_score,0.8132103452232494,Random Forest,1.6474489888977442
fomc_pc,FOMC press conferences,FOMC,press_conference,2022-11-02,bert_score,-0.00699300699300699,RoBERTa/BERT,1.5228655124656045
fomc_pc,FOMC press conferences,FOMC,press_conference,2022-12-14,net_score,0.5304347826086957,Dictionary,1.3349048787216014
fomc_pc,FOMC press conferences,FOMC,press_conference,2022-12-14,rf_score,0.9863945578231292,Random Forest,2.0319025566854845
fomc_pc,FOMC press conferences,FOMC,press_conference,2022-12-14,bert_score,-0.1124260355029586,RoBERTa/BERT,0.7990131353223112
fomc_pc,FOMC press conferences,FOMC,press_conference,2023-02-01,net_score,0.4666666666666667,Dictionary,1.1549738645523555
fomc_pc,FOMC press conferences,FOMC,press_conference,2023-02-01,rf_score,0.8005769230769231,Random Forest,1.619403913976595
fomc_pc,FOMC press conferences,FOMC,press_conference,2023-02-01,bert_score,-0.1506849315068493,RoBERTa/BERT,0.536345988122984
fomc_pc,FOMC press conferences,FOMC,press_conference,2023-03-22,net_score,0.358974358974359,Dictionary,0.8511043546091888
fomc_pc,FOMC press conferences,FOMC,press_conference,2023-03-22,rf_score,0.9348214285714288,Random Forest,1.917414791056389
fomc_pc,FOMC press conferences,FOMC,press_conference,2023-03-22,bert_score,-0.10891089108910892,RoBERTa/BERT,0.8231464233054682
fomc_pc,FOMC press conferences,FOMC,press_conference,2023-05-03,net_score,0.38823529411764707,Dictionary,0.9336683391035506
fomc_pc,FOMC press conferences,FOMC,press_conference,2023-05-03,rf_score,0.871247947454844,Random Forest,1.77628731029447
fomc_pc,FOMC press conferences,FOMC,press_conference,2023-05-03,bert_score,-0.15555555555555556,RoBERTa/BERT,0.5029066300237851
fomc_pc,FOMC press conferences,FOMC,press_conference,2023-06-14,net_score,0.5064935064935064,Dictionary,1.2673510859166186
fomc_pc,FOMC press conferences,FOMC,press_conference,2023-06-14,rf_score,-0.02167233560090703,Random Forest,-0.20591639879269796
fomc_pc,FOMC press conferences,FOMC,press_conference,2023-06-14,bert_score,-0.22033898305084745,RoBERTa/BERT,0.058134828865374556
fomc_pc,FOMC press conferences,FOMC,press_conference,2023-07-26,net_score,0.42857142857142855,Dictionary,1.0474826093343645
fomc_pc,FOMC press conferences,FOMC,press_conference,2023-07-26,rf_score,0.8754761904761904,Random Forest,1.785673634201407
fomc_pc,FOMC press conferences,FOMC,press_conference,2023-07-26,bert_score,-0.11724137931034484,RoBERTa/BERT,0.7659533047265339
fomc_pc,FOMC press conferences,FOMC,press_conference,2023-09-20,net_score,0.5172413793103449,Dictionary,1.2976777723417574
fomc_pc,FOMC press conferences,FOMC,press_conference,2023-09-20,rf_score,0.02382403368956277,Random Forest,-0.10491850047086305
fomc_pc,FOMC press conferences,FOMC,press_conference,2023-09-20,bert_score,-0.07586206896551724,RoBERTa/BERT,1.0500437134055027
fomc_pc,FOMC press conferences,FOMC,press_conference,2023-11-01,net_score,0.6144578313253012,Dictionary,1.5719881317835973
fomc_pc,FOMC press conferences,FOMC,press_conference,2023-11-01,rf_score,0.02042642730980013,Random Forest,-0.11246088482004156
fomc_pc,FOMC press conferences,FOMC,press_conference,2023-11-01,bert_score,-0.05185185185185185,RoBERTa/BERT,1.2148862962192253
fomc_pc,FOMC press conferences,FOMC,press_conference,2023-12-13,net_score,0.49333333333333335,Dictionary,1.230217743204949
fomc_pc,FOMC press conferences,FOMC,press_conference,2023-12-13,rf_score,-0.00563564751379512,Random Forest,-0.17031637579964595
fomc_pc,FOMC press conferences,FOMC,press_conference,2023-12-13,bert_score,-0.1509433962264151,RoBERTa/BERT,0.5345714938842292
fomc_pc,FOMC press conferences,FOMC,press_conference,2024-01-31,net_score,0.3424657534246575,Dictionary,0.8045229228827412
fomc_pc,FOMC press conferences,FOMC,press_conference,2024-01-31,rf_score,0.03886507878262001,Random Forest,-0.07152871648032078
fomc_pc,FOMC press conferences,FOMC,press_conference,2024-01-31,bert_score,-0.27941176470588236,RoBERTa/BERT,-0.34743042928736567
fomc_pc,FOMC press conferences,FOMC,press_conference,2024-03-20,net_score,0.4426229508196721,Dictionary,1.0871310231442792
fomc_pc,FOMC press conferences,FOMC,press_conference,2024-03-20,rf_score,0.01610644027487329,Random Forest,-0.12205087228738393
fomc_pc,FOMC press conferences,FOMC,press_conference,2024-03-20,bert_score,-0.3387096774193548,RoBERTa/BERT,-0.7545413288213874
fomc_pc,FOMC press conferences,FOMC,press_conference,2024-05-01,net_score,0.425,Dictionary,1.0374053041576778
fomc_pc,FOMC press conferences,FOMC,press_conference,2024-05-01,rf_score,0.01954013551516524,Random Forest,-0.11442837387365185
fomc_pc,FOMC press conferences,FOMC,press_conference,2024-05-01,bert_score,-0.20930232558139536,RoBERTa/BERT,0.13390720169658013
fomc_pc,FOMC press conferences,FOMC,press_conference,2024-06-12,net_score,0.3411764705882353,Dictionary,0.8008850238342677
fomc_pc,FOMC press conferences,FOMC,press_conference,2024-06-12,rf_score,0.0027213035292924,Random Forest,-0.15176468684307012
fomc_pc,FOMC press conferences,FOMC,press_conference,2024-06-12,bert_score,-0.10666666666666667,RoBERTa/BERT,0.8385541869444926
fomc_pc,FOMC press conferences,FOMC,press_conference,2024-07-31,net_score,0.22033898305084745,Dictionary,0.45992447699873623
fomc_pc,FOMC press conferences,FOMC,press_conference,2024-07-31,rf_score,0.01484127971471886,Random Forest,-0.12485941634503116
fomc_pc,FOMC press conferences,FOMC,press_conference,2024-07-31,bert_score,-0.2195121951219512,RoBERTa/BERT,0.06381115644680649
fomc_pc,FOMC press conferences,FOMC,press_conference,2024-09-18,net_score,0.08108108108108109,Dictionary,0.0669880516026906
fomc_pc,FOMC press conferences,FOMC,press_conference,2024-09-18,rf_score,-0.4211760461760462,Random Forest,-1.0927791478234352
fomc_pc,FOMC press conferences,FOMC,press_conference,2024-09-18,bert_score,-0.34265734265734266,RoBERTa/BERT,-0.7816440963987573
fomc_pc,FOMC press conferences,FOMC,press_conference,2024-11-07,net_score,0.2,Dictionary,0.4025350780264191
fomc_pc,FOMC press conferences,FOMC,press_conference,2024-11-07,rf_score,-0.2530257936507936,Random Forest,-0.7195005242279972
fomc_pc,FOMC press conferences,FOMC,press_conference,2024-11-07,bert_score,-0.25862068965517243,RoBERTa/BERT,-0.2046889249266094
fomc_pc,FOMC press conferences,FOMC,press_conference,2024-12-18,net_score,0.13043478260869565,Dictionary,0.20624669893269645
fomc_pc,FOMC press conferences,FOMC,press_conference,2024-12-18,rf_score,-0.6800000000000002,Random Forest,-1.6673453336364805
fomc_pc,FOMC press conferences,FOMC,press_conference,2024-12-18,bert_score,-0.369047619047619,RoBERTa/BERT,-0.9628270195163172
fomc_pc,FOMC press conferences,FOMC,press_conference,2025-01-29,net_score,0.29411764705882354,Dictionary,0.6681017085649849
fomc_pc,FOMC press conferences,FOMC,press_conference,2025-01-29,rf_score,0.0298068874277419,Random Forest,-0.09163709663696197
fomc_pc,FOMC press conferences,FOMC,press_conference,2025-01-29,bert_score,0.03225806451612903,RoBERTa/BERT,1.7923444586634534
fomc_pc,FOMC press conferences,FOMC,press_conference,2025-03-19,net_score,0.03846153846153846,Dictionary,-0.05326918688833099
fomc_pc,FOMC press conferences,FOMC,press_conference,2025-03-19,rf_score,-0.38715374664823193,Random Forest,-1.0172526651178146
fomc_pc,FOMC press conferences,FOMC,press_conference,2025-03-19,bert_score,-0.21568627450980393,RoBERTa/BERT,0.0900780840785298
fomc_pc,FOMC press conferences,FOMC,press_conference,2025-05-07,net_score,0.16981132075471697,Dictionary,0.31735332860838844
fomc_pc,FOMC press conferences,FOMC,press_conference,2025-05-07,rf_score,-0.3792619426599067,Random Forest,-0.9997335613031794
fomc_pc,FOMC press conferences,FOMC,press_conference,2025-05-07,bert_score,-0.35714285714285715,RoBERTa/BERT,-0.8810946598765349
fomc_pc,FOMC press conferences,FOMC,press_conference,2025-06-18,net_score,0.07317073170731707,Dictionary,0.0446678502884736
fomc_pc,FOMC press conferences,FOMC,press_conference,2025-06-18,rf_score,0.01393968001287292,Random Forest,-0.12686088759282824
fomc_pc,FOMC press conferences,FOMC,press_conference,2025-06-18,bert_score,-0.23214285714285715,RoBERTa/BERT,-0.022904883658816825
fomc_pc,FOMC press conferences,FOMC,press_conference,2025-07-30,net_score,0.2,Dictionary,0.4025350780264191
fomc_pc,FOMC press conferences,FOMC,press_conference,2025-07-30,rf_score,-0.3851235409470703,Random Forest,-1.012745788807109
fomc_pc,FOMC press conferences,FOMC,press_conference,2025-07-30,bert_score,-0.23255813953488372,RoBERTa/BERT,-0.02575601248346033
fomc_pc,FOMC press conferences,FOMC,press_conference,2025-09-17,net_score,-0.16981132075471697,Dictionary,-0.6409413523444552
fomc_pc,FOMC press conferences,FOMC,press_conference,2025-09-17,rf_score,-0.6138888888888888,Random Forest,-1.5205845397077609
fomc_pc,FOMC press conferences,FOMC,press_conference,2025-09-17,bert_score,-0.4705882352941176,RoBERTa/BERT,-1.6599559693850516
fomc_pc,FOMC press conferences,FOMC,press_conference,2025-10-29,net_score,-0.06382978723404255,Dictionary,-0.3418990405577522
fomc_pc,FOMC press conferences,FOMC,press_conference,2025-10-29,rf_score,-0.9030303030303032,Random Forest,-2.1624527942852367
fomc_pc,FOMC press conferences,FOMC,press_conference,2025-10-29,bert_score,-0.3064516129032258,RoBERTa/BERT,-0.5330729994748796
fomc_pc,FOMC press conferences,FOMC,press_conference,2025-12-10,net_score,0.2653061224489796,Dictionary,0.5868058012572607
fomc_pc,FOMC press conferences,FOMC,press_conference,2025-12-10,rf_score,-0.7741666666666666,Random Forest,-1.8763869686862094
fomc_pc,FOMC press conferences,FOMC,press_conference,2025-12-10,bert_score,-0.09923664122137404,RoBERTa/BERT,0.8895651619379936
fomc_pc,FOMC press conferences,FOMC,press_conference,2026-01-28,net_score,0.3157894736842105,Dictionary,0.7292519195442597
fomc_pc,FOMC press conferences,FOMC,press_conference,2026-01-28,rf_score,-0.3708451681067685,Random Forest,-0.9810490694684929
fomc_pc,FOMC press conferences,FOMC,press_conference,2026-01-28,bert_score,-0.24731182795698925,RoBERTa/BERT,-0.1270477290062818
fomc_pc,FOMC press conferences,FOMC,press_conference,2026-03-18,net_score,0.3928571428571429,Dictionary,0.9467095575674982
fomc_pc,FOMC press conferences,FOMC,press_conference,2026-03-18,rf_score,-0.39193937274133506,Random Forest,-1.0278763299309712
fomc_pc,FOMC press conferences,FOMC,press_conference,2026-03-18,bert_score,-0.11827956989247312,RoBERTa/BERT,0.7588255883797497
ecb_stmt,ECB statements,ECB,statement,1999-01-07,net_score,0,Dictionary,0.4724904375147375
ecb_stmt,ECB statements,ECB,statement,1999-01-07,rf_score,0.03437918688024283,Random Forest,0.11357147850852042
ecb_stmt,ECB statements,ECB,statement,1999-01-07,bert_score,0,RoBERTa/BERT,0.23221858205388834
ecb_stmt,ECB statements,ECB,statement,1999-02-04,net_score,0,Dictionary,0.4724904375147375
ecb_stmt,ECB statements,ECB,statement,1999-03-04,net_score,0,Dictionary,0.4724904375147375
ecb_stmt,ECB statements,ECB,statement,1999-03-04,rf_score,0.4710399418466333,Random Forest,2.0504420382894124
ecb_stmt,ECB statements,ECB,statement,1999-03-04,bert_score,0,RoBERTa/BERT,0.23221858205388834
ecb_stmt,ECB statements,ECB,statement,1999-04-08,net_score,0,Dictionary,0.4724904375147375
ecb_stmt,ECB statements,ECB,statement,1999-04-08,rf_score,1,Random Forest,4.396719216361213
ecb_stmt,ECB statements,ECB,statement,1999-04-08,bert_score,0,RoBERTa/BERT,0.23221858205388834
ecb_stmt,ECB statements,ECB,statement,1999-05-06,net_score,0,Dictionary,0.4724904375147375
ecb_stmt,ECB statements,ECB,statement,1999-05-06,rf_score,0.00180572140193529,Random Forest,-0.030912736290744355
ecb_stmt,ECB statements,ECB,statement,1999-05-06,bert_score,0,RoBERTa/BERT,0.23221858205388834
ecb_stmt,ECB statements,ECB,statement,1999-06-17,net_score,0,Dictionary,0.4724904375147375
ecb_stmt,ECB statements,ECB,statement,1999-06-17,rf_score,0.00356218214964994,Random Forest,-0.02312170613068087
ecb_stmt,ECB statements,ECB,statement,1999-06-17,bert_score,0,RoBERTa/BERT,0.23221858205388834
ecb_stmt,ECB statements,ECB,statement,1999-07-08,net_score,0,Dictionary,0.4724904375147375
ecb_stmt,ECB statements,ECB,statement,1999-08-05,net_score,0,Dictionary,0.4724904375147375
ecb_stmt,ECB statements,ECB,statement,1999-09-09,net_score,0,Dictionary,0.4724904375147375
ecb_stmt,ECB statements,ECB,statement,1999-09-09,rf_score,0.00345482015755254,Random Forest,-0.023597925436784736
ecb_stmt,ECB statements,ECB,statement,1999-09-09,bert_score,0,RoBERTa/BERT,0.23221858205388834
ecb_stmt,ECB statements,ECB,statement,1999-10-07,net_score,0,Dictionary,0.4724904375147375
ecb_stmt,ECB statements,ECB,statement,1999-10-07,rf_score,0.00494373148178075,Random Forest,-0.016993648598936165
ecb_stmt,ECB statements,ECB,statement,1999-10-07,bert_score,0,RoBERTa/BERT,0.23221858205388834
ecb_stmt,ECB statements,ECB,statement,1999-11-04,net_score,0,Dictionary,0.4724904375147375
ecb_stmt,ECB statements,ECB,statement,1999-11-04,rf_score,-0.11385426653883036,Random Forest,-0.5439389770032274
ecb_stmt,ECB statements,ECB,statement,1999-11-04,bert_score,0,RoBERTa/BERT,0.23221858205388834
ecb_stmt,ECB statements,ECB,statement,1999-12-02,net_score,0,Dictionary,0.4724904375147375
ecb_stmt,ECB statements,ECB,statement,1999-12-02,rf_score,-0.12388917817241756,Random Forest,-0.5884502473476251
ecb_stmt,ECB statements,ECB,statement,1999-12-02,bert_score,0,RoBERTa/BERT,0.23221858205388834
ecb_stmt,ECB statements,ECB,statement,2000-01-20,net_score,0,Dictionary,0.4724904375147375
ecb_stmt,ECB statements,ECB,statement,2000-01-20,rf_score,-0.00663944364906,Random Forest,-0.06837246074210311
ecb_stmt,ECB statements,ECB,statement,2000-01-20,bert_score,0,RoBERTa/BERT,0.23221858205388834
ecb_stmt,ECB statements,ECB,statement,2000-02-03,net_score,0,Dictionary,0.4724904375147375
ecb_stmt,ECB statements,ECB,statement,2000-02-03,rf_score,0.04276315789473683,Random Forest,0.15075976815291414
ecb_stmt,ECB statements,ECB,statement,2000-02-03,bert_score,0.2307692307692308,RoBERTa/BERT,2.1195402312569858
ecb_stmt,ECB statements,ECB,statement,2000-03-16,net_score,0.42857142857142855,Dictionary,2.590201325536216
ecb_stmt,ECB statements,ECB,statement,2000-03-16,rf_score,0.5749670619235837,Random Forest,2.5114254835622822
ecb_stmt,ECB statements,ECB,statement,2000-03-16,bert_score,0.23809523809523808,RoBERTa/BERT,2.17945520424756
ecb_stmt,ECB statements,ECB,statement,2000-04-13,net_score,0,Dictionary,0.4724904375147375
ecb_stmt,ECB statements,ECB,statement,2000-04-13,rf_score,0.00526095993544841,Random Forest,-0.015586536909494325
ecb_stmt,ECB statements,ECB,statement,2000-04-13,bert_score,0,RoBERTa/BERT,0.23221858205388834
ecb_stmt,ECB statements,ECB,statement,2000-05-11,net_score,0,Dictionary,0.4724904375147375
ecb_stmt,ECB statements,ECB,statement,2000-05-11,rf_score,0.00379562505306902,Random Forest,-0.022086237103799828
ecb_stmt,ECB statements,ECB,statement,2000-05-11,bert_score,0,RoBERTa/BERT,0.23221858205388834
ecb_stmt,ECB statements,ECB,statement,2000-06-08,net_score,0,Dictionary,0.4724904375147375
ecb_stmt,ECB statements,ECB,statement,2000-06-08,rf_score,0.09876238556304869,Random Forest,0.39915226554959266
ecb_stmt,ECB statements,ECB,statement,2000-06-08,bert_score,0.2307692307692308,RoBERTa/BERT,2.1195402312569858
ecb_stmt,ECB statements,ECB,statement,2000-07-06,net_score,0,Dictionary,0.4724904375147375
ecb_stmt,ECB statements,ECB,statement,2000-07-06,rf_score,0.00433220507584759,Random Forest,-0.019706160494519093
ecb_stmt,ECB statements,ECB,statement,2000-07-06,bert_score,0,RoBERTa/BERT,0.23221858205388834
ecb_stmt,ECB statements,ECB,statement,2000-08-31,net_score,0.2,Dictionary,1.4607555185914276
ecb_stmt,ECB statements,ECB,statement,2000-08-31,rf_score,0.2421989934185055,Random Forest,1.035385633880242
ecb_stmt,ECB statements,ECB,statement,2000-08-31,bert_score,0.3636363636363637,RoBERTa/BERT,3.206179968676951
ecb_stmt,ECB statements,ECB,statement,2000-09-05,net_score,0,Dictionary,0.4724904375147375
ecb_stmt,ECB statements,ECB,statement,2000-09-05,rf_score,-0.0889833522597947,Random Forest,-0.4336205178469743
ecb_stmt,ECB statements,ECB,statement,2000-09-05,bert_score,0,RoBERTa/BERT,0.23221858205388834
ecb_stmt,ECB statements,ECB,statement,2000-10-05,net_score,0,Dictionary,0.4724904375147375
ecb_stmt,ECB statements,ECB,statement,2000-10-05,rf_score,0.16910631741140214,Random Forest,0.7111727279032478
ecb_stmt,ECB statements,ECB,statement,2000-10-05,bert_score,0.2307692307692308,RoBERTa/BERT,2.1195402312569858
ecb_stmt,ECB statements,ECB,statement,2000-11-09,net_score,0,Dictionary,0.4724904375147375
ecb_stmt,ECB statements,ECB,statement,2000-12-14,net_score,0,Dictionary,0.4724904375147375
ecb_stmt,ECB statements,ECB,statement,2000-12-14,rf_score,0.01355837404627814,Random Forest,0.021217817342157236
ecb_stmt,ECB statements,ECB,statement,2000-12-14,bert_score,0,RoBERTa/BERT,0.23221858205388834
ecb_stmt,ECB statements,ECB,statement,2001-01-11,net_score,0,Dictionary,0.4724904375147375
ecb_stmt,ECB statements,ECB,statement,2001-02-01,net_score,0,Dictionary,0.4724904375147375
ecb_stmt,ECB statements,ECB,statement,2001-02-01,rf_score,0.00326145823561033,Random Forest,-0.024455609599450884
ecb_stmt,ECB statements,ECB,statement,2001-02-01,bert_score,0,RoBERTa/BERT,0.23221858205388834
ecb_stmt,ECB statements,ECB,statement,2001-03-15,net_score,0,Dictionary,0.4724904375147375
ecb_stmt,ECB statements,ECB,statement,2001-03-15,rf_score,0.00173203769610532,Random Forest,-0.031239570793122774
ecb_stmt,ECB statements,ECB,statement,2001-03-15,bert_score,0,RoBERTa/BERT,0.23221858205388834
ecb_stmt,ECB statements,ECB,statement,2001-04-12,net_score,0,Dictionary,0.4724904375147375
ecb_stmt,ECB statements,ECB,statement,2001-05-10,net_score,0,Dictionary,0.4724904375147375
ecb_stmt,ECB statements,ECB,statement,2001-05-10,rf_score,-0.0293754722442498,Random Forest,-0.1692213323924742
ecb_stmt,ECB statements,ECB,statement,2001-05-10,bert_score,0,RoBERTa/BERT,0.23221858205388834
ecb_stmt,ECB statements,ECB,statement,2001-06-07,net_score,0,Dictionary,0.4724904375147375
ecb_stmt,ECB statements,ECB,statement,2001-06-07,rf_score,0.0041925170610595,Random Forest,-0.020325766447928197
ecb_stmt,ECB statements,ECB,statement,2001-06-07,bert_score,0,RoBERTa/BERT,0.23221858205388834
ecb_stmt,ECB statements,ECB,statement,2001-07-05,net_score,0,Dictionary,0.4724904375147375
ecb_stmt,ECB statements,ECB,statement,2001-07-05,rf_score,0.003789596197436,Random Forest,-0.022112978945955222
ecb_stmt,ECB statements,ECB,statement,2001-07-05,bert_score,0,RoBERTa/BERT,0.23221858205388834
ecb_stmt,ECB statements,ECB,statement,2001-08-30,net_score,0,Dictionary,0.4724904375147375
ecb_stmt,ECB statements,ECB,statement,2001-08-30,rf_score,-0.11803104765111616,Random Forest,-0.5624656805803737
ecb_stmt,ECB statements,ECB,statement,2001-08-30,bert_score,0,RoBERTa/BERT,0.23221858205388834
ecb_stmt,ECB statements,ECB,statement,2001-09-13,net_score,0,Dictionary,0.4724904375147375
ecb_stmt,ECB statements,ECB,statement,2001-09-13,rf_score,-0.03245497389610674,Random Forest,-0.18288089767385018
ecb_stmt,ECB statements,ECB,statement,2001-09-13,bert_score,-0.16666666666666666,RoBERTa/BERT,-1.130847053481682
ecb_stmt,ECB statements,ECB,statement,2001-09-17,net_score,0,Dictionary,0.4724904375147375
ecb_stmt,ECB statements,ECB,statement,2001-09-17,rf_score,-0.06083445391583458,Random Forest,-0.3087620965838179
ecb_stmt,ECB statements,ECB,statement,2001-09-17,bert_score,-0.125,RoBERTa/BERT,-0.7900806445977894
ecb_stmt,ECB statements,ECB,statement,2001-10-08,net_score,0,Dictionary,0.4724904375147375
ecb_stmt,ECB statements,ECB,statement,2001-11-08,net_score,0,Dictionary,0.4724904375147375
ecb_stmt,ECB statements,ECB,statement,2001-11-08,rf_score,-0.0891842229044556,Random Forest,-0.4345115080116339
ecb_stmt,ECB statements,ECB,statement,2001-11-08,bert_score,0,RoBERTa/BERT,0.23221858205388834
ecb_stmt,ECB statements,ECB,statement,2001-12-06,net_score,0,Dictionary,0.4724904375147375
ecb_stmt,ECB statements,ECB,statement,2001-12-06,rf_score,-0.12859925293141555,Random Forest,-0.6093424503480355
ecb_stmt,ECB statements,ECB,statement,2001-12-06,bert_score,0,RoBERTa/BERT,0.23221858205388834
ecb_stmt,ECB statements,ECB,statement,2002-01-10,net_score,0,Dictionary,0.4724904375147375
ecb_stmt,ECB statements,ECB,statement,2002-01-10,rf_score,-0.06055414632250799,Random Forest,-0.3075187525941821
ecb_stmt,ECB statements,ECB,statement,2002-01-10,bert_score,-0.2,RoBERTa/BERT,-1.403460180588796
ecb_stmt,ECB statements,ECB,statement,2002-02-07,net_score,0,Dictionary,0.4724904375147375
ecb_stmt,ECB statements,ECB,statement,2002-02-07,rf_score,-0.10446712964710436,Random Forest,-0.5023010031770322
ecb_stmt,ECB statements,ECB,statement,2002-02-07,bert_score,0,RoBERTa/BERT,0.23221858205388834
ecb_stmt,ECB statements,ECB,statement,2002-03-07,net_score,0,Dictionary,0.4724904375147375
ecb_stmt,ECB statements,ECB,statement,2002-03-07,rf_score,0.00410962276489833,Random Forest,-0.020693455826884834
ecb_stmt,ECB statements,ECB,statement,2002-03-07,bert_score,0,RoBERTa/BERT,0.23221858205388834
ecb_stmt,ECB statements,ECB,statement,2002-04-04,net_score,0,Dictionary,0.4724904375147375
ecb_stmt,ECB statements,ECB,statement,2002-04-04,rf_score,0.00462051929001319,Random Forest,-0.018427302005331773
ecb_stmt,ECB statements,ECB,statement,2002-04-04,bert_score,0,RoBERTa/BERT,0.23221858205388834
ecb_stmt,ECB statements,ECB,statement,2002-05-02,net_score,0,Dictionary,0.4724904375147375
ecb_stmt,ECB statements,ECB,statement,2002-05-02,rf_score,0.00266623563105472,Random Forest,-0.02709580367727361
ecb_stmt,ECB statements,ECB,statement,2002-05-02,bert_score,0,RoBERTa/BERT,0.23221858205388834
ecb_stmt,ECB statements,ECB,statement,2002-06-06,net_score,0,Dictionary,0.4724904375147375
ecb_stmt,ECB statements,ECB,statement,2002-06-06,rf_score,0.00445322200105307,Random Forest,-0.01916937280064049
ecb_stmt,ECB statements,ECB,statement,2002-06-06,bert_score,0,RoBERTa/BERT,0.23221858205388834
ecb_stmt,ECB statements,ECB,statement,2002-07-04,net_score,0,Dictionary,0.4724904375147375
ecb_stmt,ECB statements,ECB,statement,2002-07-04,rf_score,0.00334331875513833,Random Forest,-0.02409250568301499
ecb_stmt,ECB statements,ECB,statement,2002-07-04,bert_score,0,RoBERTa/BERT,0.23221858205388834
ecb_stmt,ECB statements,ECB,statement,2002-08-01,net_score,0,Dictionary,0.4724904375147375
ecb_stmt,ECB statements,ECB,statement,2002-08-01,rf_score,0.00201629337099921,Random Forest,-0.02997871452909923
ecb_stmt,ECB statements,ECB,statement,2002-08-01,bert_score,0,RoBERTa/BERT,0.23221858205388834
ecb_stmt,ECB statements,ECB,statement,2002-09-12,net_score,0,Dictionary,0.4724904375147375
ecb_stmt,ECB statements,ECB,statement,2002-09-12,rf_score,0.00493503933187593,Random Forest,-0.017032203859651415
ecb_stmt,ECB statements,ECB,statement,2002-09-12,bert_score,0,RoBERTa/BERT,0.23221858205388834
ecb_stmt,ECB statements,ECB,statement,2002-10-10,net_score,0,Dictionary,0.4724904375147375
ecb_stmt,ECB statements,ECB,statement,2002-10-10,rf_score,0.0025512477071386,Random Forest,-0.027605848882917523
ecb_stmt,ECB statements,ECB,statement,2002-10-10,bert_score,0,RoBERTa/BERT,0.23221858205388834
ecb_stmt,ECB statements,ECB,statement,2002-11-07,net_score,0,Dictionary,0.4724904375147375
ecb_stmt,ECB statements,ECB,statement,2002-11-07,rf_score,0.00295682210923696,Random Forest,-0.025806866239548268
ecb_stmt,ECB statements,ECB,statement,2002-11-07,bert_score,0,RoBERTa/BERT,0.23221858205388834
ecb_stmt,ECB statements,ECB,statement,2002-12-05,net_score,0,Dictionary,0.4724904375147375
ecb_stmt,ECB statements,ECB,statement,2002-12-05,rf_score,-0.13280867875427504,Random Forest,-0.6280139541576818
ecb_stmt,ECB statements,ECB,statement,2002-12-05,bert_score,0,RoBERTa/BERT,0.23221858205388834
ecb_stmt,ECB statements,ECB,statement,2003-01-23,net_score,0,Dictionary,0.4724904375147375
ecb_stmt,ECB statements,ECB,statement,2003-01-23,rf_score,-0.07112341928811672,Random Forest,-0.3544002582310954
ecb_stmt,ECB statements,ECB,statement,2003-01-23,bert_score,0,RoBERTa/BERT,0.23221858205388834
ecb_stmt,ECB statements,ECB,statement,2003-02-06,net_score,0,Dictionary,0.4724904375147375
ecb_stmt,ECB statements,ECB,statement,2003-02-06,rf_score,0.00516030082717447,Random Forest,-0.01603302462603894
ecb_stmt,ECB statements,ECB,statement,2003-02-06,bert_score,0,RoBERTa/BERT,0.23221858205388834
ecb_stmt,ECB statements,ECB,statement,2003-03-06,net_score,0,Dictionary,0.4724904375147375
ecb_stmt,ECB statements,ECB,statement,2003-03-06,rf_score,-0.06286164584036924,Random Forest,-0.3177539931831791
ecb_stmt,ECB statements,ECB,statement,2003-03-06,bert_score,0,RoBERTa/BERT,0.23221858205388834
ecb_stmt,ECB statements,ECB,statement,2003-04-03,net_score,0,Dictionary,0.4724904375147375
ecb_stmt,ECB statements,ECB,statement,2003-04-03,rf_score,0.00486640248030748,Random Forest,-0.0173366523258966
ecb_stmt,ECB statements,ECB,statement,2003-04-03,bert_score,0,RoBERTa/BERT,0.23221858205388834
ecb_stmt,ECB statements,ECB,statement,2003-05-08,net_score,0,Dictionary,0.4724904375147375
ecb_stmt,ECB statements,ECB,statement,2003-05-08,rf_score,0.00458324089338939,Random Forest,-0.018592655607905996
ecb_stmt,ECB statements,ECB,statement,2003-05-08,bert_score,0,RoBERTa/BERT,0.23221858205388834
ecb_stmt,ECB statements,ECB,statement,2003-06-05,net_score,0,Dictionary,0.4724904375147375
ecb_stmt,ECB statements,ECB,statement,2003-06-05,rf_score,-0.08634529325980478,Random Forest,-0.4219190339056506
ecb_stmt,ECB statements,ECB,statement,2003-06-05,bert_score,0,RoBERTa/BERT,0.23221858205388834
ecb_stmt,ECB statements,ECB,statement,2003-07-10,net_score,0,Dictionary,0.4724904375147375
ecb_stmt,ECB statements,ECB,statement,2003-07-10,rf_score,0.00469265039877205,Random Forest,-0.0181073542669321
ecb_stmt,ECB statements,ECB,statement,2003-07-10,bert_score,0,RoBERTa/BERT,0.23221858205388834
ecb_stmt,ECB statements,ECB,statement,2003-09-04,net_score,0,Dictionary,0.4724904375147375
ecb_stmt,ECB statements,ECB,statement,2003-09-04,rf_score,4.237930959265397e-4,Random Forest,-0.037042474814743945
ecb_stmt,ECB statements,ECB,statement,2003-09-04,bert_score,0,RoBERTa/BERT,0.23221858205388834
ecb_stmt,ECB statements,ECB,statement,2003-10-02,net_score,0,Dictionary,0.4724904375147375
ecb_stmt,ECB statements,ECB,statement,2003-10-02,rf_score,0.00480036334914405,Random Forest,-0.017629578235745774
ecb_stmt,ECB statements,ECB,statement,2003-10-02,bert_score,0,RoBERTa/BERT,0.23221858205388834
ecb_stmt,ECB statements,ECB,statement,2003-11-06,net_score,0,Dictionary,0.4724904375147375
ecb_stmt,ECB statements,ECB,statement,2003-11-06,rf_score,0.00539809405211532,Random Forest,-0.014978259132541047
ecb_stmt,ECB statements,ECB,statement,2003-11-06,bert_score,0,RoBERTa/BERT,0.23221858205388834
ecb_stmt,ECB statements,ECB,statement,2003-12-04,net_score,0,Dictionary,0.4724904375147375
ecb_stmt,ECB statements,ECB,statement,2003-12-04,rf_score,0.00277683483622013,Random Forest,-0.02660522525458816
ecb_stmt,ECB statements,ECB,statement,2003-12-04,bert_score,0,RoBERTa/BERT,0.23221858205388834
ecb_stmt,ECB statements,ECB,statement,2004-01-08,net_score,0,Dictionary,0.4724904375147375
ecb_stmt,ECB statements,ECB,statement,2004-01-08,rf_score,0.00177802359675484,Random Forest,-0.03103559382445766
ecb_stmt,ECB statements,ECB,statement,2004-01-08,bert_score,0,RoBERTa/BERT,0.23221858205388834
ecb_stmt,ECB statements,ECB,statement,2004-02-05,net_score,0,Dictionary,0.4724904375147375
ecb_stmt,ECB statements,ECB,statement,2004-02-05,rf_score,0.00274430618976764,Random Forest,-0.026749510668257172
ecb_stmt,ECB statements,ECB,statement,2004-02-05,bert_score,0,RoBERTa/BERT,0.23221858205388834
ecb_stmt,ECB statements,ECB,statement,2004-03-04,net_score,0,Dictionary,0.4724904375147375
ecb_stmt,ECB statements,ECB,statement,2004-03-04,rf_score,0.00535599977883084,Random Forest,-0.015164974237420015
ecb_stmt,ECB statements,ECB,statement,2004-03-04,bert_score,0,RoBERTa/BERT,0.23221858205388834
ecb_stmt,ECB statements,ECB,statement,2004-04-01,net_score,0,Dictionary,0.4724904375147375
ecb_stmt,ECB statements,ECB,statement,2004-04-01,rf_score,0.00172424738087154,Random Forest,-0.031274125838558174
ecb_stmt,ECB statements,ECB,statement,2004-04-01,bert_score,0,RoBERTa/BERT,0.23221858205388834
ecb_stmt,ECB statements,ECB,statement,2004-05-06,net_score,0,Dictionary,0.4724904375147375
ecb_stmt,ECB statements,ECB,statement,2004-05-06,rf_score,0.00361137391322437,Random Forest,-0.022903509103429476
ecb_stmt,ECB statements,ECB,statement,2004-05-06,bert_score,0,RoBERTa/BERT,0.23221858205388834
ecb_stmt,ECB statements,ECB,statement,2004-06-03,net_score,0,Dictionary,0.4724904375147375
ecb_stmt,ECB statements,ECB,statement,2004-06-03,rf_score,0.00272720394941295,Random Forest,-0.02682537007506795
ecb_stmt,ECB statements,ECB,statement,2004-06-03,bert_score,0,RoBERTa/BERT,0.23221858205388834
ecb_stmt,ECB statements,ECB,statement,2004-07-01,net_score,0,Dictionary,0.4724904375147375
ecb_stmt,ECB statements,ECB,statement,2004-07-01,rf_score,0.005940692879774,Random Forest,-0.012571485262641484
ecb_stmt,ECB statements,ECB,statement,2004-07-01,bert_score,0,RoBERTa/BERT,0.23221858205388834
ecb_stmt,ECB statements,ECB,statement,2004-08-05,net_score,0,Dictionary,0.4724904375147375
ecb_stmt,ECB statements,ECB,statement,2004-08-05,rf_score,0.00391729438482249,Random Forest,-0.021546555568371602
ecb_stmt,ECB statements,ECB,statement,2004-08-05,bert_score,0,RoBERTa/BERT,0.23221858205388834
ecb_stmt,ECB statements,ECB,statement,2004-09-02,net_score,0,Dictionary,0.4724904375147375
ecb_stmt,ECB statements,ECB,statement,2004-09-02,rf_score,0.00221265851467504,Random Forest,-0.029107709151521537
ecb_stmt,ECB statements,ECB,statement,2004-09-02,bert_score,0,RoBERTa/BERT,0.23221858205388834
ecb_stmt,ECB statements,ECB,statement,2004-10-07,net_score,0,Dictionary,0.4724904375147375
ecb_stmt,ECB statements,ECB,statement,2004-10-07,rf_score,0.00275829402273581,Random Forest,-0.026687465656052525
ecb_stmt,ECB statements,ECB,statement,2004-10-07,bert_score,0,RoBERTa/BERT,0.23221858205388834
ecb_stmt,ECB statements,ECB,statement,2004-11-04,net_score,0,Dictionary,0.4724904375147375
ecb_stmt,ECB statements,ECB,statement,2004-11-04,rf_score,0.00168086464371161,Random Forest,-0.03146655610725555
ecb_stmt,ECB statements,ECB,statement,2004-11-04,bert_score,0,RoBERTa/BERT,0.23221858205388834
ecb_stmt,ECB statements,ECB,statement,2004-12-02,net_score,0,Dictionary,0.4724904375147375
ecb_stmt,ECB statements,ECB,statement,2004-12-02,rf_score,0.00314039231659369,Random Forest,-0.0249926146123108
ecb_stmt,ECB statements,ECB,statement,2004-12-02,bert_score,0,RoBERTa/BERT,0.23221858205388834
ecb_stmt,ECB statements,ECB,statement,2005-01-13,net_score,0,Dictionary,0.4724904375147375
ecb_stmt,ECB statements,ECB,statement,2005-01-13,rf_score,0.00433653709151751,Random Forest,-0.019686945226098134
ecb_stmt,ECB statements,ECB,statement,2005-01-13,bert_score,0,RoBERTa/BERT,0.23221858205388834
ecb_stmt,ECB statements,ECB,statement,2005-02-03,net_score,0,Dictionary,0.4724904375147375
ecb_stmt,ECB statements,ECB,statement,2005-02-03,rf_score,8.001742411851732e-4,Random Forest,-0.03537298299250731
ecb_stmt,ECB statements,ECB,statement,2005-02-03,bert_score,0,RoBERTa/BERT,0.23221858205388834
ecb_stmt,ECB statements,ECB,statement,2005-03-03,net_score,0,Dictionary,0.4724904375147375
ecb_stmt,ECB statements,ECB,statement,2005-03-03,rf_score,6.331957112757428e-4,Random Forest,-0.036113639886946935
ecb_stmt,ECB statements,ECB,statement,2005-03-03,bert_score,0,RoBERTa/BERT,0.23221858205388834
ecb_stmt,ECB statements,ECB,statement,2005-04-07,net_score,0,Dictionary,0.4724904375147375
ecb_stmt,ECB statements,ECB,statement,2005-04-07,rf_score,0.00217675908170761,Random Forest,-0.029266946165694693
ecb_stmt,ECB statements,ECB,statement,2005-04-07,bert_score,0,RoBERTa/BERT,0.23221858205388834
ecb_stmt,ECB statements,ECB,statement,2005-05-04,net_score,0,Dictionary,0.4724904375147375
ecb_stmt,ECB statements,ECB,statement,2005-05-04,rf_score,0.00434283461205082,Random Forest,-0.01965901168276534
ecb_stmt,ECB statements,ECB,statement,2005-05-04,bert_score,0,RoBERTa/BERT,0.23221858205388834
ecb_stmt,ECB statements,ECB,statement,2005-06-02,net_score,0,Dictionary,0.4724904375147375
ecb_stmt,ECB statements,ECB,statement,2005-06-02,rf_score,0.00196306214518483,Random Forest,-0.030214829162640903
ecb_stmt,ECB statements,ECB,statement,2005-06-02,bert_score,0,RoBERTa/BERT,0.23221858205388834
ecb_stmt,ECB statements,ECB,statement,2005-07-07,net_score,0,Dictionary,0.4724904375147375
ecb_stmt,ECB statements,ECB,statement,2005-07-07,rf_score,0.00471140473059406,Random Forest,-0.018024166774671183
ecb_stmt,ECB statements,ECB,statement,2005-07-07,bert_score,0,RoBERTa/BERT,0.23221858205388834
ecb_stmt,ECB statements,ECB,statement,2005-08-04,net_score,0,Dictionary,0.4724904375147375
ecb_stmt,ECB statements,ECB,statement,2005-08-04,rf_score,0.135673430487396,Random Forest,0.5628764276859882
ecb_stmt,ECB statements,ECB,statement,2005-08-04,bert_score,0,RoBERTa/BERT,0.23221858205388834
ecb_stmt,ECB statements,ECB,statement,2005-09-01,net_score,0,Dictionary,0.4724904375147375
ecb_stmt,ECB statements,ECB,statement,2005-09-01,rf_score,3.916875583563524e-4,Random Forest,-0.037184883469101766
ecb_stmt,ECB statements,ECB,statement,2005-09-01,bert_score,0,RoBERTa/BERT,0.23221858205388834
ecb_stmt,ECB statements,ECB,statement,2005-10-06,net_score,0,Dictionary,0.4724904375147375
ecb_stmt,ECB statements,ECB,statement,2005-10-06,rf_score,0.00407335741998095,Random Forest,-0.020854315895283193
ecb_stmt,ECB statements,ECB,statement,2005-10-06,bert_score,0,RoBERTa/BERT,0.23221858205388834
ecb_stmt,ECB statements,ECB,statement,2005-11-03,net_score,0,Dictionary,0.4724904375147375
ecb_stmt,ECB statements,ECB,statement,2005-11-03,rf_score,0.00727546166688479,Random Forest,-0.00665092945709783
ecb_stmt,ECB statements,ECB,statement,2005-11-03,bert_score,0,RoBERTa/BERT,0.23221858205388834
ecb_stmt,ECB statements,ECB,statement,2005-12-01,net_score,0,Dictionary,0.4724904375147375
ecb_stmt,ECB statements,ECB,statement,2005-12-01,rf_score,-0.10593341608490252,Random Forest,-0.5088049241300289
ecb_stmt,ECB statements,ECB,statement,2005-12-01,bert_score,0,RoBERTa/BERT,0.23221858205388834
ecb_stmt,ECB statements,ECB,statement,2006-01-12,net_score,0,Dictionary,0.4724904375147375
ecb_stmt,ECB statements,ECB,statement,2006-01-12,rf_score,0.00420681344496902,Random Forest,-0.02026235281436773
ecb_stmt,ECB statements,ECB,statement,2006-01-12,bert_score,0,RoBERTa/BERT,0.23221858205388834
ecb_stmt,ECB statements,ECB,statement,2006-02-02,net_score,0,Dictionary,0.4724904375147375
ecb_stmt,ECB statements,ECB,statement,2006-02-02,rf_score,0.00416211299193092,Random Forest,-0.020460627998280304
ecb_stmt,ECB statements,ECB,statement,2006-02-02,bert_score,0,RoBERTa/BERT,0.23221858205388834
ecb_stmt,ECB statements,ECB,statement,2006-03-02,net_score,0,Dictionary,0.4724904375147375
ecb_stmt,ECB statements,ECB,statement,2006-03-02,rf_score,-0.2222222222222222,Random Forest,-1.0246203769219298
ecb_stmt,ECB statements,ECB,statement,2006-03-02,bert_score,0,RoBERTa/BERT,0.23221858205388834
ecb_stmt,ECB statements,ECB,statement,2006-04-06,net_score,0,Dictionary,0.4724904375147375
ecb_stmt,ECB statements,ECB,statement,2006-04-06,rf_score,0.00417732311869711,Random Forest,-0.020393161328997798
ecb_stmt,ECB statements,ECB,statement,2006-04-06,bert_score,0,RoBERTa/BERT,0.23221858205388834
ecb_stmt,ECB statements,ECB,statement,2006-05-04,net_score,0,Dictionary,0.4724904375147375
ecb_stmt,ECB statements,ECB,statement,2006-05-04,rf_score,0.00259655526198963,Random Forest,-0.027404880813017646
ecb_stmt,ECB statements,ECB,statement,2006-05-04,bert_score,0,RoBERTa/BERT,0.23221858205388834
ecb_stmt,ECB statements,ECB,statement,2006-06-08,net_score,0,Dictionary,0.4724904375147375
ecb_stmt,ECB statements,ECB,statement,2006-06-08,rf_score,-0.2458675382588426,Random Forest,-1.129502521669676
ecb_stmt,ECB statements,ECB,statement,2006-06-08,bert_score,0,RoBERTa/BERT,0.23221858205388834
ecb_stmt,ECB statements,ECB,statement,2006-07-06,net_score,0,Dictionary,0.4724904375147375
ecb_stmt,ECB statements,ECB,statement,2006-07-06,rf_score,0.00414841067884423,Random Forest,-0.020521406546653752
ecb_stmt,ECB statements,ECB,statement,2006-07-06,bert_score,0,RoBERTa/BERT,0.23221858205388834
ecb_stmt,ECB statements,ECB,statement,2006-08-03,net_score,0,Dictionary,0.4724904375147375
ecb_stmt,ECB statements,ECB,statement,2006-08-03,rf_score,-0.22471910112359555,Random Forest,-1.0356956365609151
ecb_stmt,ECB statements,ECB,statement,2006-08-03,bert_score,0,RoBERTa/BERT,0.23221858205388834
ecb_stmt,ECB statements,ECB,statement,2006-09-07,net_score,0,Dictionary,0.4724904375147375
ecb_stmt,ECB statements,ECB,statement,2006-10-05,net_score,0,Dictionary,0.4724904375147375
ecb_stmt,ECB statements,ECB,statement,2006-10-05,rf_score,-0.11452474898202902,Random Forest,-0.5469129967435208
ecb_stmt,ECB statements,ECB,statement,2006-10-05,bert_score,0,RoBERTa/BERT,0.23221858205388834
ecb_stmt,ECB statements,ECB,statement,2006-11-02,net_score,0,Dictionary,0.4724904375147375
ecb_stmt,ECB statements,ECB,statement,2006-11-02,rf_score,0.00473575047917943,Random Forest,-0.017916177762252468
ecb_stmt,ECB statements,ECB,statement,2006-11-02,bert_score,0,RoBERTa/BERT,0.23221858205388834
ecb_stmt,ECB statements,ECB,statement,2006-12-07,net_score,0,Dictionary,0.4724904375147375
ecb_stmt,ECB statements,ECB,statement,2006-12-07,rf_score,-0.17166592493695304,Random Forest,-0.800370767334493
ecb_stmt,ECB statements,ECB,statement,2006-12-07,bert_score,0,RoBERTa/BERT,0.23221858205388834
ecb_stmt,ECB statements,ECB,statement,2007-01-11,net_score,0,Dictionary,0.4724904375147375
ecb_stmt,ECB statements,ECB,statement,2007-01-11,rf_score,0.00197005668318582,Random Forest,-0.03018380389971241
ecb_stmt,ECB statements,ECB,statement,2007-01-11,bert_score,0,RoBERTa/BERT,0.23221858205388834
ecb_stmt,ECB statements,ECB,statement,2007-02-08,net_score,0,Dictionary,0.4724904375147375
ecb_stmt,ECB statements,ECB,statement,2007-02-08,rf_score,0.00494399979584385,Random Forest,-0.016992458453946757
ecb_stmt,ECB statements,ECB,statement,2007-02-08,bert_score,0,RoBERTa/BERT,0.23221858205388834
ecb_stmt,ECB statements,ECB,statement,2007-03-08,net_score,0,Dictionary,0.4724904375147375
ecb_stmt,ECB statements,ECB,statement,2007-03-08,rf_score,-0.13038673632845965,Random Forest,-0.6172710858584521
ecb_stmt,ECB statements,ECB,statement,2007-03-08,bert_score,0,RoBERTa/BERT,0.23221858205388834
ecb_stmt,ECB statements,ECB,statement,2007-04-12,net_score,0,Dictionary,0.4724904375147375
ecb_stmt,ECB statements,ECB,statement,2007-04-12,rf_score,0.00375012353961651,Random Forest,-0.02228806550451888
ecb_stmt,ECB statements,ECB,statement,2007-04-12,bert_score,0,RoBERTa/BERT,0.23221858205388834
ecb_stmt,ECB statements,ECB,statement,2007-05-10,net_score,0,Dictionary,0.4724904375147375
ecb_stmt,ECB statements,ECB,statement,2007-05-10,rf_score,0.00118221191686968,Random Forest,-0.03367840082925017
ecb_stmt,ECB statements,ECB,statement,2007-05-10,bert_score,0,RoBERTa/BERT,0.23221858205388834
ecb_stmt,ECB statements,ECB,statement,2007-06-06,net_score,0,Dictionary,0.4724904375147375
ecb_stmt,ECB statements,ECB,statement,2007-06-06,rf_score,-0.1667719157444172,Random Forest,-0.778662697130086
ecb_stmt,ECB statements,ECB,statement,2007-06-06,bert_score,0,RoBERTa/BERT,0.23221858205388834
ecb_stmt,ECB statements,ECB,statement,2007-07-05,net_score,0,Dictionary,0.4724904375147375
ecb_stmt,ECB statements,ECB,statement,2007-07-05,rf_score,0.00479881355696987,Random Forest,-0.017636452558207335
ecb_stmt,ECB statements,ECB,statement,2007-07-05,bert_score,0,RoBERTa/BERT,0.23221858205388834
ecb_stmt,ECB statements,ECB,statement,2007-08-02,net_score,0,Dictionary,0.4724904375147375
ecb_stmt,ECB statements,ECB,statement,2007-08-02,rf_score,0.00502922915131619,Random Forest,-0.016614411589038595
ecb_stmt,ECB statements,ECB,statement,2007-08-02,bert_score,0,RoBERTa/BERT,0.23221858205388834
ecb_stmt,ECB statements,ECB,statement,2007-09-06,net_score,0,Dictionary,0.4724904375147375
ecb_stmt,ECB statements,ECB,statement,2007-09-06,rf_score,0.00461414580750825,Random Forest,-0.018455572488737238
ecb_stmt,ECB statements,ECB,statement,2007-09-06,bert_score,0,RoBERTa/BERT,0.23221858205388834
ecb_stmt,ECB statements,ECB,statement,2007-10-04,net_score,0,Dictionary,0.4724904375147375
ecb_stmt,ECB statements,ECB,statement,2007-10-04,rf_score,0.00219304787505527,Random Forest,-0.029194694918174485
ecb_stmt,ECB statements,ECB,statement,2007-10-04,bert_score,0,RoBERTa/BERT,0.23221858205388834
ecb_stmt,ECB statements,ECB,statement,2007-11-08,net_score,0,Dictionary,0.4724904375147375
ecb_stmt,ECB statements,ECB,statement,2007-11-08,rf_score,0.00324351819528346,Random Forest,-0.02453518518657474
ecb_stmt,ECB statements,ECB,statement,2007-11-08,bert_score,0,RoBERTa/BERT,0.23221858205388834
ecb_stmt,ECB statements,ECB,statement,2007-12-06,net_score,0,Dictionary,0.4724904375147375
ecb_stmt,ECB statements,ECB,statement,2007-12-06,rf_score,0.00316414672181114,Random Forest,-0.024887248587066958
ecb_stmt,ECB statements,ECB,statement,2007-12-06,bert_score,0,RoBERTa/BERT,0.23221858205388834
ecb_stmt,ECB statements,ECB,statement,2008-01-10,net_score,0,Dictionary,0.4724904375147375
ecb_stmt,ECB statements,ECB,statement,2008-01-10,rf_score,0.00415881615103988,Random Forest,-0.02047525160250741
ecb_stmt,ECB statements,ECB,statement,2008-01-10,bert_score,0,RoBERTa/BERT,0.23221858205388834
ecb_stmt,ECB statements,ECB,statement,2008-02-07,net_score,0,Dictionary,0.4724904375147375
ecb_stmt,ECB statements,ECB,statement,2008-02-07,rf_score,0.00327674354174918,Random Forest,-0.024387809461424152
ecb_stmt,ECB statements,ECB,statement,2008-02-07,bert_score,0,RoBERTa/BERT,0.23221858205388834
ecb_stmt,ECB statements,ECB,statement,2008-03-06,net_score,0,Dictionary,0.4724904375147375
ecb_stmt,ECB statements,ECB,statement,2008-03-06,rf_score,7.013265802375789e-4,Random Forest,-0.035811435778142546
ecb_stmt,ECB statements,ECB,statement,2008-03-06,bert_score,0,RoBERTa/BERT,0.23221858205388834
ecb_stmt,ECB statements,ECB,statement,2008-04-10,net_score,0,Dictionary,0.4724904375147375
ecb_stmt,ECB statements,ECB,statement,2008-04-10,rf_score,0.00375273316843686,Random Forest,-0.02227649012666181
ecb_stmt,ECB statements,ECB,statement,2008-04-10,bert_score,0,RoBERTa/BERT,0.23221858205388834
ecb_stmt,ECB statements,ECB,statement,2008-05-08,net_score,0,Dictionary,0.4724904375147375
ecb_stmt,ECB statements,ECB,statement,2008-05-08,rf_score,0.00123965002985025,Random Forest,-0.03342362595246969
ecb_stmt,ECB statements,ECB,statement,2008-05-08,bert_score,0,RoBERTa/BERT,0.23221858205388834
ecb_stmt,ECB statements,ECB,statement,2008-06-05,net_score,0,Dictionary,0.4724904375147375
ecb_stmt,ECB statements,ECB,statement,2008-06-05,rf_score,0.00214878593630293,Random Forest,-0.029391025009929194
ecb_stmt,ECB statements,ECB,statement,2008-06-05,bert_score,0,RoBERTa/BERT,0.23221858205388834
ecb_stmt,ECB statements,ECB,statement,2008-07-03,net_score,0,Dictionary,0.4724904375147375
ecb_stmt,ECB statements,ECB,statement,2008-07-03,rf_score,-0.09437022279516127,Random Forest,-0.4575147442701978
ecb_stmt,ECB statements,ECB,statement,2008-07-03,bert_score,0,RoBERTa/BERT,0.23221858205388834
ecb_stmt,ECB statements,ECB,statement,2008-08-07,net_score,0,Dictionary,0.4724904375147375
ecb_stmt,ECB statements,ECB,statement,2008-08-07,rf_score,0.0033187584533455,Random Forest,-0.02420144637654154
ecb_stmt,ECB statements,ECB,statement,2008-08-07,bert_score,0,RoBERTa/BERT,0.23221858205388834
ecb_stmt,ECB statements,ECB,statement,2008-09-04,net_score,0,Dictionary,0.4724904375147375
ecb_stmt,ECB statements,ECB,statement,2008-09-04,rf_score,0.00346949316185207,Random Forest,-0.023532841250198087
ecb_stmt,ECB statements,ECB,statement,2008-09-04,bert_score,0,RoBERTa/BERT,0.23221858205388834
ecb_stmt,ECB statements,ECB,statement,2008-10-02,net_score,0,Dictionary,0.4724904375147375
ecb_stmt,ECB statements,ECB,statement,2008-10-02,rf_score,0.00362351834096687,Random Forest,-0.022849640775918237
ecb_stmt,ECB statements,ECB,statement,2008-10-02,bert_score,0,RoBERTa/BERT,0.23221858205388834
ecb_stmt,ECB statements,ECB,statement,2008-10-08,net_score,0.1111111111111111,Dictionary,1.021526593668454
ecb_stmt,ECB statements,ECB,statement,2008-10-08,rf_score,-0.2272727272727273,Random Forest,-1.0470226066462405
ecb_stmt,ECB statements,ECB,statement,2008-10-08,bert_score,-0.3684210526315789,RoBERTa/BERT,-2.7808738754457933
ecb_stmt,ECB statements,ECB,statement,2008-10-15,net_score,-0.16666666666666666,Dictionary,-0.3510637967158376
ecb_stmt,ECB statements,ECB,statement,2008-10-15,rf_score,0.20204827712981668,Random Forest,0.8572914510410671
ecb_stmt,ECB statements,ECB,statement,2008-10-15,bert_score,0.09090909090909093,RoBERTa/BERT,0.9757089287096541
ecb_stmt,ECB statements,ECB,statement,2008-11-06,net_score,0,Dictionary,0.4724904375147375
ecb_stmt,ECB statements,ECB,statement,2008-11-06,rf_score,-0.11405334584947008,Random Forest,-0.5448220214523884
ecb_stmt,ECB statements,ECB,statement,2008-11-06,bert_score,0,RoBERTa/BERT,0.23221858205388834
ecb_stmt,ECB statements,ECB,statement,2008-12-04,net_score,0,Dictionary,0.4724904375147375
ecb_stmt,ECB statements,ECB,statement,2008-12-04,rf_score,-0.10374745862478972,Random Forest,-0.49910880053460344
ecb_stmt,ECB statements,ECB,statement,2008-12-04,bert_score,0,RoBERTa/BERT,0.23221858205388834
ecb_stmt,ECB statements,ECB,statement,2009-01-15,net_score,0,Dictionary,0.4724904375147375
ecb_stmt,ECB statements,ECB,statement,2009-01-15,rf_score,-0.7183462532299741,Random Forest,-3.225248710770478
ecb_stmt,ECB statements,ECB,statement,2009-01-15,bert_score,0,RoBERTa/BERT,0.23221858205388834
ecb_stmt,ECB statements,ECB,statement,2009-02-05,net_score,0,Dictionary,0.4724904375147375
ecb_stmt,ECB statements,ECB,statement,2009-02-05,rf_score,0.00532072037064201,Random Forest,-0.015321461043963227
ecb_stmt,ECB statements,ECB,statement,2009-02-05,bert_score,0,RoBERTa/BERT,0.23221858205388834
ecb_stmt,ECB statements,ECB,statement,2009-03-05,net_score,0,Dictionary,0.4724904375147375
ecb_stmt,ECB statements,ECB,statement,2009-03-05,rf_score,-0.10610196756850288,Random Forest,-0.5095525580831146
ecb_stmt,ECB statements,ECB,statement,2009-03-05,bert_score,0,RoBERTa/BERT,0.23221858205388834
ecb_stmt,ECB statements,ECB,statement,2009-04-02,net_score,0,Dictionary,0.4724904375147375
ecb_stmt,ECB statements,ECB,statement,2009-04-02,bert_score,0,RoBERTa/BERT,0.23221858205388834
ecb_stmt,ECB statements,ECB,statement,2009-05-07,net_score,0,Dictionary,0.4724904375147375
ecb_stmt,ECB statements,ECB,statement,2009-05-07,rf_score,-0.08966509261248518,Random Forest,-0.4366444736376486
ecb_stmt,ECB statements,ECB,statement,2009-05-07,bert_score,0,RoBERTa/BERT,0.23221858205388834
ecb_stmt,ECB statements,ECB,statement,2009-06-04,net_score,0,Dictionary,0.4724904375147375
ecb_stmt,ECB statements,ECB,statement,2009-06-04,rf_score,0.00650536026542641,Random Forest,-0.010066823181381681
ecb_stmt,ECB statements,ECB,statement,2009-06-04,bert_score,0,RoBERTa/BERT,0.23221858205388834
ecb_stmt,ECB statements,ECB,statement,2009-07-02,net_score,0,Dictionary,0.4724904375147375
ecb_stmt,ECB statements,ECB,statement,2009-07-02,rf_score,0.00336753146200756,Random Forest,-0.023985106795951675
ecb_stmt,ECB statements,ECB,statement,2009-07-02,bert_score,0,RoBERTa/BERT,0.23221858205388834
ecb_stmt,ECB statements,ECB,statement,2009-08-06,net_score,0,Dictionary,0.4724904375147375
ecb_stmt,ECB statements,ECB,statement,2009-08-06,rf_score,0.00148631170990871,Random Forest,-0.03232952317154059
ecb_stmt,ECB statements,ECB,statement,2009-08-06,bert_score,0,RoBERTa/BERT,0.23221858205388834
ecb_stmt,ECB statements,ECB,statement,2009-09-03,net_score,0,Dictionary,0.4724904375147375
ecb_stmt,ECB statements,ECB,statement,2009-09-03,rf_score,0.00176217664185554,Random Forest,-0.03110588523502647
ecb_stmt,ECB statements,ECB,statement,2009-09-03,bert_score,0,RoBERTa/BERT,0.23221858205388834
ecb_stmt,ECB statements,ECB,statement,2009-10-08,net_score,0,Dictionary,0.4724904375147375
ecb_stmt,ECB statements,ECB,statement,2009-10-08,rf_score,0.0044234381815945,Random Forest,-0.019301483145824985
ecb_stmt,ECB statements,ECB,statement,2009-10-08,bert_score,0,RoBERTa/BERT,0.23221858205388834
ecb_stmt,ECB statements,ECB,statement,2009-11-05,net_score,0,Dictionary,0.4724904375147375
ecb_stmt,ECB statements,ECB,statement,2009-11-05,rf_score,0.00395733640140809,Random Forest,-0.0213689435384449
ecb_stmt,ECB statements,ECB,statement,2009-11-05,bert_score,0,RoBERTa/BERT,0.23221858205388834
ecb_stmt,ECB statements,ECB,statement,2009-12-03,net_score,0,Dictionary,0.4724904375147375
ecb_stmt,ECB statements,ECB,statement,2009-12-03,rf_score,0.00368776885240759,Random Forest,-0.022564648541912747
ecb_stmt,ECB statements,ECB,statement,2009-12-03,bert_score,0,RoBERTa/BERT,0.23221858205388834
ecb_stmt,ECB statements,ECB,statement,2010-01-14,net_score,0,Dictionary,0.4724904375147375
ecb_stmt,ECB statements,ECB,statement,2010-01-14,rf_score,0.00405651083083329,Random Forest,-0.02092904132499427
ecb_stmt,ECB statements,ECB,statement,2010-01-14,bert_score,0,RoBERTa/BERT,0.23221858205388834
ecb_stmt,ECB statements,ECB,statement,2010-02-04,net_score,0,Dictionary,0.4724904375147375
ecb_stmt,ECB statements,ECB,statement,2010-02-04,rf_score,0.00374835363432067,Random Forest,-0.022295916169874364
ecb_stmt,ECB statements,ECB,statement,2010-02-04,bert_score,0,RoBERTa/BERT,0.23221858205388834
ecb_stmt,ECB statements,ECB,statement,2010-03-04,net_score,0,Dictionary,0.4724904375147375
ecb_stmt,ECB statements,ECB,statement,2010-03-04,rf_score,0.00462389833849263,Random Forest,-0.018412313757715144
ecb_stmt,ECB statements,ECB,statement,2010-03-04,bert_score,0,RoBERTa/BERT,0.23221858205388834
ecb_stmt,ECB statements,ECB,statement,2010-04-08,net_score,0,Dictionary,0.4724904375147375
ecb_stmt,ECB statements,ECB,statement,2010-04-08,rf_score,0.00274472141921813,Random Forest,-0.026747668859280614
ecb_stmt,ECB statements,ECB,statement,2010-04-08,bert_score,0,RoBERTa/BERT,0.23221858205388834
ecb_stmt,ECB statements,ECB,statement,2010-05-06,net_score,0,Dictionary,0.4724904375147375
ecb_stmt,ECB statements,ECB,statement,2010-05-06,rf_score,0.00267904376845177,Random Forest,-0.02703899137168438
ecb_stmt,ECB statements,ECB,statement,2010-05-06,bert_score,0,RoBERTa/BERT,0.23221858205388834
ecb_stmt,ECB statements,ECB,statement,2010-06-10,net_score,0,Dictionary,0.4724904375147375
ecb_stmt,ECB statements,ECB,statement,2010-06-10,rf_score,0.00264396429646477,Random Forest,-0.027194591332916317
ecb_stmt,ECB statements,ECB,statement,2010-06-10,bert_score,0,RoBERTa/BERT,0.23221858205388834
ecb_stmt,ECB statements,ECB,statement,2010-07-08,net_score,0,Dictionary,0.4724904375147375
ecb_stmt,ECB statements,ECB,statement,2010-07-08,rf_score,0.00352127664187972,Random Forest,-0.023303148297928365
ecb_stmt,ECB statements,ECB,statement,2010-07-08,bert_score,0,RoBERTa/BERT,0.23221858205388834
ecb_stmt,ECB statements,ECB,statement,2010-08-05,net_score,0,Dictionary,0.4724904375147375
ecb_stmt,ECB statements,ECB,statement,2010-08-05,rf_score,0.00346596990461822,Random Forest,-0.023548469156148336
ecb_stmt,ECB statements,ECB,statement,2010-08-05,bert_score,0,RoBERTa/BERT,0.23221858205388834
ecb_stmt,ECB statements,ECB,statement,2010-09-02,net_score,0,Dictionary,0.4724904375147375
ecb_stmt,ECB statements,ECB,statement,2010-09-02,rf_score,0.00361597853127535,Random Forest,-0.02288308466857807
ecb_stmt,ECB statements,ECB,statement,2010-09-02,bert_score,0,RoBERTa/BERT,0.23221858205388834
ecb_stmt,ECB statements,ECB,statement,2010-10-07,net_score,0,Dictionary,0.4724904375147375
ecb_stmt,ECB statements,ECB,statement,2010-10-07,rf_score,7.862695914382777e-4,Random Forest,-0.03543465903376478
ecb_stmt,ECB statements,ECB,statement,2010-10-07,bert_score,0,RoBERTa/BERT,0.23221858205388834
ecb_stmt,ECB statements,ECB,statement,2010-11-04,net_score,0,Dictionary,0.4724904375147375
ecb_stmt,ECB statements,ECB,statement,2010-11-04,rf_score,0.00214112449901725,Random Forest,-0.029425008398991447
ecb_stmt,ECB statements,ECB,statement,2010-11-04,bert_score,0,RoBERTa/BERT,0.23221858205388834
ecb_stmt,ECB statements,ECB,statement,2010-12-02,net_score,0,Dictionary,0.4724904375147375
ecb_stmt,ECB statements,ECB,statement,2010-12-02,rf_score,0.00609203522920015,Random Forest,-0.01190018485902691
ecb_stmt,ECB statements,ECB,statement,2010-12-02,bert_score,0,RoBERTa/BERT,0.23221858205388834
ecb_stmt,ECB statements,ECB,statement,2011-01-13,net_score,0,Dictionary,0.4724904375147375
ecb_stmt,ECB statements,ECB,statement,2011-01-13,rf_score,0.00272354473559509,Random Forest,-0.02684160103568245
ecb_stmt,ECB statements,ECB,statement,2011-01-13,bert_score,0,RoBERTa/BERT,0.23221858205388834
ecb_stmt,ECB statements,ECB,statement,2011-02-03,net_score,0,Dictionary,0.4724904375147375
ecb_stmt,ECB statements,ECB,statement,2011-02-03,rf_score,0.001879125840916,Random Forest,-0.030587140515988015
ecb_stmt,ECB statements,ECB,statement,2011-02-03,bert_score,0,RoBERTa/BERT,0.23221858205388834
ecb_stmt,ECB statements,ECB,statement,2011-03-03,net_score,0,Dictionary,0.4724904375147375
ecb_stmt,ECB statements,ECB,statement,2011-03-03,rf_score,0.00356903025369629,Random Forest,-0.023091330396276453
ecb_stmt,ECB statements,ECB,statement,2011-03-03,bert_score,0,RoBERTa/BERT,0.23221858205388834
ecb_stmt,ECB statements,ECB,statement,2011-04-07,net_score,0,Dictionary,0.4724904375147375
ecb_stmt,ECB statements,ECB,statement,2011-04-07,rf_score,-0.13874463761571454,Random Forest,-0.6543437395391907
ecb_stmt,ECB statements,ECB,statement,2011-04-07,bert_score,0,RoBERTa/BERT,0.23221858205388834
ecb_stmt,ECB statements,ECB,statement,2011-05-05,net_score,0,Dictionary,0.4724904375147375
ecb_stmt,ECB statements,ECB,statement,2011-05-05,rf_score,0.00290862068842334,Random Forest,-0.026020670461365036
ecb_stmt,ECB statements,ECB,statement,2011-05-05,bert_score,0,RoBERTa/BERT,0.23221858205388834
ecb_stmt,ECB statements,ECB,statement,2011-06-09,net_score,0,Dictionary,0.4724904375147375
ecb_stmt,ECB statements,ECB,statement,2011-06-09,rf_score,0.00543058307057289,Random Forest,-0.014834149494450284
ecb_stmt,ECB statements,ECB,statement,2011-06-09,bert_score,0,RoBERTa/BERT,0.23221858205388834
ecb_stmt,ECB statements,ECB,statement,2011-07-07,net_score,0,Dictionary,0.4724904375147375
ecb_stmt,ECB statements,ECB,statement,2011-07-07,rf_score,-0.10578034682080928,Random Forest,-0.5081259637520752
ecb_stmt,ECB statements,ECB,statement,2011-07-07,bert_score,0,RoBERTa/BERT,0.23221858205388834
ecb_stmt,ECB statements,ECB,statement,2011-08-04,net_score,0,Dictionary,0.4724904375147375
ecb_stmt,ECB statements,ECB,statement,2011-08-04,rf_score,0.00318883446246094,Random Forest,-0.024777742620459575
ecb_stmt,ECB statements,ECB,statement,2011-08-04,bert_score,0,RoBERTa/BERT,0.23221858205388834
ecb_stmt,ECB statements,ECB,statement,2011-09-08,net_score,0,Dictionary,0.4724904375147375
ecb_stmt,ECB statements,ECB,statement,2011-09-08,rf_score,0.00257047525573227,Random Forest,-0.027520562370712636
ecb_stmt,ECB statements,ECB,statement,2011-09-08,bert_score,0,RoBERTa/BERT,0.23221858205388834
ecb_stmt,ECB statements,ECB,statement,2011-10-06,net_score,0,Dictionary,0.4724904375147375
ecb_stmt,ECB statements,ECB,statement,2011-10-06,rf_score,0.00419289583854324,Random Forest,-0.02032408632680758
ecb_stmt,ECB statements,ECB,statement,2011-10-06,bert_score,0,RoBERTa/BERT,0.23221858205388834
ecb_stmt,ECB statements,ECB,statement,2011-11-03,net_score,0,Dictionary,0.4724904375147375
ecb_stmt,ECB statements,ECB,statement,2011-11-03,rf_score,-0.02487590814777968,Random Forest,-0.14926287921989428
ecb_stmt,ECB statements,ECB,statement,2011-11-03,bert_score,0,RoBERTa/BERT,0.23221858205388834
ecb_stmt,ECB statements,ECB,statement,2011-12-08,net_score,0,Dictionary,0.4724904375147375
ecb_stmt,ECB statements,ECB,statement,2011-12-08,rf_score,-0.12119925081041732,Random Forest,-0.576518693947988
ecb_stmt,ECB statements,ECB,statement,2011-12-08,bert_score,0,RoBERTa/BERT,0.23221858205388834
ecb_stmt,ECB statements,ECB,statement,2012-01-12,net_score,0,Dictionary,0.4724904375147375
ecb_stmt,ECB statements,ECB,statement,2012-01-12,rf_score,0.00430961457139599,Random Forest,-0.01980636387324103
ecb_stmt,ECB statements,ECB,statement,2012-01-12,bert_score,0,RoBERTa/BERT,0.23221858205388834
ecb_stmt,ECB statements,ECB,statement,2012-02-09,net_score,0,Dictionary,0.4724904375147375
ecb_stmt,ECB statements,ECB,statement,2012-02-09,rf_score,0.00580468487840604,Random Forest,-0.013174767995857381
ecb_stmt,ECB statements,ECB,statement,2012-02-09,bert_score,0,RoBERTa/BERT,0.23221858205388834
ecb_stmt,ECB statements,ECB,statement,2012-03-08,net_score,0,Dictionary,0.4724904375147375
ecb_stmt,ECB statements,ECB,statement,2012-03-08,rf_score,0.0022966791068125,Random Forest,-0.028735023927407614
ecb_stmt,ECB statements,ECB,statement,2012-03-08,bert_score,0,RoBERTa/BERT,0.23221858205388834
ecb_stmt,ECB statements,ECB,statement,2012-04-04,net_score,0,Dictionary,0.4724904375147375
ecb_stmt,ECB statements,ECB,statement,2012-04-04,rf_score,0.0027352901207996,Random Forest,-0.02678950271780716
ecb_stmt,ECB statements,ECB,statement,2012-04-04,bert_score,0,RoBERTa/BERT,0.23221858205388834
ecb_stmt,ECB statements,ECB,statement,2012-05-03,net_score,0,Dictionary,0.4724904375147375
ecb_stmt,ECB statements,ECB,statement,2012-05-03,rf_score,0.00339406991352405,Random Forest,-0.0238673917394465
ecb_stmt,ECB statements,ECB,statement,2012-05-03,bert_score,0,RoBERTa/BERT,0.23221858205388834
ecb_stmt,ECB statements,ECB,statement,2012-06-06,net_score,0,Dictionary,0.4724904375147375
ecb_stmt,ECB statements,ECB,statement,2012-06-06,rf_score,0.00238048986634226,Random Forest,-0.0283632694455134
ecb_stmt,ECB statements,ECB,statement,2012-06-06,bert_score,0,RoBERTa/BERT,0.23221858205388834
ecb_stmt,ECB statements,ECB,statement,2012-07-05,net_score,0,Dictionary,0.4724904375147375
ecb_stmt,ECB statements,ECB,statement,2012-07-05,rf_score,-0.1650132275132275,Random Forest,-0.7708617866519126
ecb_stmt,ECB statements,ECB,statement,2012-07-05,bert_score,0,RoBERTa/BERT,0.23221858205388834
ecb_stmt,ECB statements,ECB,statement,2012-08-02,net_score,0,Dictionary,0.4724904375147375
ecb_stmt,ECB statements,ECB,statement,2012-08-02,rf_score,0.00432696246032371,Random Forest,-0.01972941485742889
ecb_stmt,ECB statements,ECB,statement,2012-08-02,bert_score,0,RoBERTa/BERT,0.23221858205388834
ecb_stmt,ECB statements,ECB,statement,2012-09-06,net_score,0,Dictionary,0.4724904375147375
ecb_stmt,ECB statements,ECB,statement,2012-09-06,rf_score,0.00241444174226699,Random Forest,-0.028212671096154055
ecb_stmt,ECB statements,ECB,statement,2012-09-06,bert_score,0,RoBERTa/BERT,0.23221858205388834
ecb_stmt,ECB statements,ECB,statement,2012-10-04,net_score,0,Dictionary,0.4724904375147375
ecb_stmt,ECB statements,ECB,statement,2012-10-04,rf_score,0.00428459384235709,Random Forest,-0.01991734685696126
ecb_stmt,ECB statements,ECB,statement,2012-10-04,bert_score,0,RoBERTa/BERT,0.23221858205388834
ecb_stmt,ECB statements,ECB,statement,2012-11-08,net_score,0,Dictionary,0.4724904375147375
ecb_stmt,ECB statements,ECB,statement,2012-11-08,rf_score,0.00399433517664894,Random Forest,-0.021204830236077096
ecb_stmt,ECB statements,ECB,statement,2012-11-08,bert_score,0,RoBERTa/BERT,0.23221858205388834
ecb_stmt,ECB statements,ECB,statement,2012-12-06,net_score,0,Dictionary,0.4724904375147375
ecb_stmt,ECB statements,ECB,statement,2012-12-06,rf_score,0.00548793350305349,Random Forest,-0.01457976353693293
ecb_stmt,ECB statements,ECB,statement,2012-12-06,bert_score,0,RoBERTa/BERT,0.23221858205388834
ecb_stmt,ECB statements,ECB,statement,2013-01-10,net_score,0,Dictionary,0.4724904375147375
ecb_stmt,ECB statements,ECB,statement,2013-01-10,rf_score,0.00603395734764189,Random Forest,-0.012157797519851661
ecb_stmt,ECB statements,ECB,statement,2013-01-10,bert_score,0,RoBERTa/BERT,0.23221858205388834
ecb_stmt,ECB statements,ECB,statement,2013-02-07,net_score,0,Dictionary,0.4724904375147375
ecb_stmt,ECB statements,ECB,statement,2013-02-07,rf_score,0.00420236407113162,Random Forest,-0.02028208864154502
ecb_stmt,ECB statements,ECB,statement,2013-02-07,bert_score,0,RoBERTa/BERT,0.23221858205388834
ecb_stmt,ECB statements,ECB,statement,2013-03-07,net_score,0,Dictionary,0.4724904375147375
ecb_stmt,ECB statements,ECB,statement,2013-03-07,rf_score,0.00403659618952882,Random Forest,-0.021017375534131508
ecb_stmt,ECB statements,ECB,statement,2013-03-07,bert_score,0,RoBERTa/BERT,0.23221858205388834
ecb_stmt,ECB statements,ECB,statement,2013-04-04,net_score,0,Dictionary,0.4724904375147375
ecb_stmt,ECB statements,ECB,statement,2013-04-04,rf_score,0.00402857086618896,Random Forest,-0.021052972991271644
ecb_stmt,ECB statements,ECB,statement,2013-04-04,bert_score,0,RoBERTa/BERT,0.23221858205388834
ecb_stmt,ECB statements,ECB,statement,2013-05-02,net_score,0,Dictionary,0.4724904375147375
ecb_stmt,ECB statements,ECB,statement,2013-05-02,rf_score,-0.1525703076379601,Random Forest,-0.7156694550535005
ecb_stmt,ECB statements,ECB,statement,2013-05-02,bert_score,0,RoBERTa/BERT,0.23221858205388834
ecb_stmt,ECB statements,ECB,statement,2013-06-06,net_score,0,Dictionary,0.4724904375147375
ecb_stmt,ECB statements,ECB,statement,2013-06-06,rf_score,0.00455403542414222,Random Forest,-0.01872220059889971
ecb_stmt,ECB statements,ECB,statement,2013-06-06,bert_score,0,RoBERTa/BERT,0.23221858205388834
ecb_stmt,ECB statements,ECB,statement,2013-07-04,net_score,0,Dictionary,0.4724904375147375
ecb_stmt,ECB statements,ECB,statement,2013-07-04,rf_score,0.00194688636672799,Random Forest,-0.03028657911662292
ecb_stmt,ECB statements,ECB,statement,2013-07-04,bert_score,0,RoBERTa/BERT,0.23221858205388834
ecb_stmt,ECB statements,ECB,statement,2013-08-01,net_score,0,Dictionary,0.4724904375147375
ecb_stmt,ECB statements,ECB,statement,2013-08-01,rf_score,0.00292563527747933,Random Forest,-0.02594519984429102
ecb_stmt,ECB statements,ECB,statement,2013-08-01,bert_score,0,RoBERTa/BERT,0.23221858205388834
ecb_stmt,ECB statements,ECB,statement,2013-09-05,net_score,0,Dictionary,0.4724904375147375
ecb_stmt,ECB statements,ECB,statement,2013-09-05,rf_score,0.00504928679335407,Random Forest,-0.0165254430799158
ecb_stmt,ECB statements,ECB,statement,2013-09-05,bert_score,0,RoBERTa/BERT,0.23221858205388834
ecb_stmt,ECB statements,ECB,statement,2013-10-02,net_score,0,Dictionary,0.4724904375147375
ecb_stmt,ECB statements,ECB,statement,2013-10-02,rf_score,0.00620084474706752,Random Forest,-0.011417544847566564
ecb_stmt,ECB statements,ECB,statement,2013-10-02,bert_score,0,RoBERTa/BERT,0.23221858205388834
ecb_stmt,ECB statements,ECB,statement,2013-11-07,net_score,0,Dictionary,0.4724904375147375
ecb_stmt,ECB statements,ECB,statement,2013-11-07,rf_score,-0.0209803921568627,Random Forest,-0.1319837668834913
ecb_stmt,ECB statements,ECB,statement,2013-11-07,bert_score,0,RoBERTa/BERT,0.23221858205388834
ecb_stmt,ECB statements,ECB,statement,2013-12-05,net_score,0,Dictionary,0.4724904375147375
ecb_stmt,ECB statements,ECB,statement,2013-12-05,rf_score,0.0034478272776452,Random Forest,-0.023628943345004247
ecb_stmt,ECB statements,ECB,statement,2013-12-05,bert_score,0,RoBERTa/BERT,0.23221858205388834
ecb_stmt,ECB statements,ECB,statement,2014-01-09,net_score,0,Dictionary,0.4724904375147375
ecb_stmt,ECB statements,ECB,statement,2014-01-09,rf_score,-0.1998284846190595,Random Forest,-0.9252897853958775
ecb_stmt,ECB statements,ECB,statement,2014-01-09,bert_score,0,RoBERTa/BERT,0.23221858205388834
ecb_stmt,ECB statements,ECB,statement,2014-02-06,net_score,0,Dictionary,0.4724904375147375
ecb_stmt,ECB statements,ECB,statement,2014-02-06,rf_score,0.001576170222697,Random Forest,-0.0319309430243993
ecb_stmt,ECB statements,ECB,statement,2014-02-06,bert_score,0,RoBERTa/BERT,0.23221858205388834
ecb_stmt,ECB statements,ECB,statement,2014-03-06,net_score,0,Dictionary,0.4724904375147375
ecb_stmt,ECB statements,ECB,statement,2014-03-06,rf_score,0.00408757088506081,Random Forest,-0.02079127005992349
ecb_stmt,ECB statements,ECB,statement,2014-03-06,bert_score,0,RoBERTa/BERT,0.23221858205388834
ecb_stmt,ECB statements,ECB,statement,2014-04-03,net_score,0,Dictionary,0.4724904375147375
ecb_stmt,ECB statements,ECB,statement,2014-04-03,rf_score,0.0032818141266339,Random Forest,-0.02436531816475418
ecb_stmt,ECB statements,ECB,statement,2014-04-03,bert_score,0,RoBERTa/BERT,0.23221858205388834
ecb_stmt,ECB statements,ECB,statement,2014-05-08,net_score,0,Dictionary,0.4724904375147375
ecb_stmt,ECB statements,ECB,statement,2014-05-08,rf_score,0.00322290364058396,Random Forest,-0.024626623960603167
ecb_stmt,ECB statements,ECB,statement,2014-05-08,bert_score,0,RoBERTa/BERT,0.23221858205388834
ecb_stmt,ECB statements,ECB,statement,2014-06-05,net_score,0,Dictionary,0.4724904375147375
ecb_stmt,ECB statements,ECB,statement,2014-06-05,rf_score,-0.03004370830457783,Random Forest,-0.17218538798371447
ecb_stmt,ECB statements,ECB,statement,2014-06-05,bert_score,0.09090909090909093,RoBERTa/BERT,0.9757089287096541
ecb_stmt,ECB statements,ECB,statement,2014-07-03,net_score,0,Dictionary,0.4724904375147375
ecb_stmt,ECB statements,ECB,statement,2014-07-03,rf_score,0.00523886099549877,Random Forest,-0.01568455988431861
ecb_stmt,ECB statements,ECB,statement,2014-07-03,bert_score,0,RoBERTa/BERT,0.23221858205388834
ecb_stmt,ECB statements,ECB,statement,2014-08-07,net_score,0,Dictionary,0.4724904375147375
ecb_stmt,ECB statements,ECB,statement,2014-08-07,rf_score,0.00401499909636523,Random Forest,-0.021113172496532266
ecb_stmt,ECB statements,ECB,statement,2014-08-07,bert_score,0,RoBERTa/BERT,0.23221858205388834
ecb_stmt,ECB statements,ECB,statement,2014-09-04,net_score,0,Dictionary,0.4724904375147375
ecb_stmt,ECB statements,ECB,statement,2014-09-04,rf_score,-0.093356700420679,Random Forest,-0.45301912237954944
ecb_stmt,ECB statements,ECB,statement,2014-09-04,bert_score,0,RoBERTa/BERT,0.23221858205388834
ecb_stmt,ECB statements,ECB,statement,2014-10-02,net_score,0,Dictionary,0.4724904375147375
ecb_stmt,ECB statements,ECB,statement,2014-10-02,rf_score,0.00311427861226412,Random Forest,-0.025108445642572867
ecb_stmt,ECB statements,ECB,statement,2014-10-02,bert_score,0,RoBERTa/BERT,0.23221858205388834
ecb_stmt,ECB statements,ECB,statement,2014-11-06,net_score,0,Dictionary,0.4724904375147375
ecb_stmt,ECB statements,ECB,statement,2014-11-06,rf_score,0.00193205896319532,Random Forest,-0.0303523481628534
ecb_stmt,ECB statements,ECB,statement,2014-11-06,bert_score,0,RoBERTa/BERT,0.23221858205388834
ecb_stmt,ECB statements,ECB,statement,2014-12-04,net_score,0,Dictionary,0.4724904375147375
ecb_stmt,ECB statements,ECB,statement,2014-12-04,rf_score,0.00387536585349878,Random Forest,-0.02173253550133351
ecb_stmt,ECB statements,ECB,statement,2014-12-04,bert_score,0,RoBERTa/BERT,0.23221858205388834
ecb_stmt,ECB statements,ECB,statement,2015-01-22,net_score,0,Dictionary,0.4724904375147375
ecb_stmt,ECB statements,ECB,statement,2015-01-22,rf_score,0.00408465050008487,Random Forest,-0.02080422384067615
ecb_stmt,ECB statements,ECB,statement,2015-01-22,bert_score,0,RoBERTa/BERT,0.23221858205388834
ecb_stmt,ECB statements,ECB,statement,2015-03-05,net_score,0,Dictionary,0.4724904375147375
ecb_stmt,ECB statements,ECB,statement,2015-03-05,rf_score,0.00281482575050819,Random Forest,-0.026436711179103255
ecb_stmt,ECB statements,ECB,statement,2015-03-05,bert_score,0,RoBERTa/BERT,0.23221858205388834
ecb_stmt,ECB statements,ECB,statement,2015-04-15,net_score,0,Dictionary,0.4724904375147375
ecb_stmt,ECB statements,ECB,statement,2015-04-15,rf_score,0.00491762362261251,Random Forest,-0.017109453702158144
ecb_stmt,ECB statements,ECB,statement,2015-04-15,bert_score,0,RoBERTa/BERT,0.23221858205388834
ecb_stmt,ECB statements,ECB,statement,2015-06-03,net_score,0,Dictionary,0.4724904375147375
ecb_stmt,ECB statements,ECB,statement,2015-06-03,rf_score,0.00437479748011117,Random Forest,-0.019517235859204056
ecb_stmt,ECB statements,ECB,statement,2015-06-03,bert_score,0,RoBERTa/BERT,0.23221858205388834
ecb_stmt,ECB statements,ECB,statement,2015-07-16,net_score,0,Dictionary,0.4724904375147375
ecb_stmt,ECB statements,ECB,statement,2015-07-16,rf_score,0.00259425899176062,Random Forest,-0.027415066244507163
ecb_stmt,ECB statements,ECB,statement,2015-07-16,bert_score,0,RoBERTa/BERT,0.23221858205388834
ecb_stmt,ECB statements,ECB,statement,2015-09-03,net_score,0,Dictionary,0.4724904375147375
ecb_stmt,ECB statements,ECB,statement,2015-09-03,rf_score,0.00403826390251046,Random Forest,-0.021009978157244383
ecb_stmt,ECB statements,ECB,statement,2015-09-03,bert_score,0,RoBERTa/BERT,0.23221858205388834
ecb_stmt,ECB statements,ECB,statement,2015-10-22,net_score,0,Dictionary,0.4724904375147375
ecb_stmt,ECB statements,ECB,statement,2015-10-22,rf_score,0.0057447500683887,Random Forest,-0.013440617325590671
ecb_stmt,ECB statements,ECB,statement,2015-10-22,bert_score,0,RoBERTa/BERT,0.23221858205388834
ecb_stmt,ECB statements,ECB,statement,2015-12-03,net_score,0,Dictionary,0.4724904375147375
ecb_stmt,ECB statements,ECB,statement,2015-12-03,rf_score,0.00468364042757065,Random Forest,-0.01814731926897541
ecb_stmt,ECB statements,ECB,statement,2015-12-03,bert_score,-0.09090909090909093,RoBERTa/BERT,-0.5112717646018774
ecb_stmt,ECB statements,ECB,statement,2016-01-21,net_score,0,Dictionary,0.4724904375147375
ecb_stmt,ECB statements,ECB,statement,2016-01-21,rf_score,0.0040073132901645,Random Forest,-0.02114726397736507
ecb_stmt,ECB statements,ECB,statement,2016-01-21,bert_score,0,RoBERTa/BERT,0.23221858205388834
ecb_stmt,ECB statements,ECB,statement,2016-03-10,net_score,-0.2307692307692308,Dictionary,-0.667815425266059
ecb_stmt,ECB statements,ECB,statement,2016-03-10,rf_score,0.408595428258592,Random Forest,1.773460563281831
ecb_stmt,ECB statements,ECB,statement,2016-03-10,bert_score,-0.2,RoBERTa/BERT,-1.403460180588796
ecb_stmt,ECB statements,ECB,statement,2016-04-21,net_score,-0.2307692307692308,Dictionary,-0.667815425266059
ecb_stmt,ECB statements,ECB,statement,2016-04-21,rf_score,0.00510144501675666,Random Forest,-0.01629408790038581
ecb_stmt,ECB statements,ECB,statement,2016-04-21,bert_score,0.09090909090909093,RoBERTa/BERT,0.9757089287096541
ecb_stmt,ECB statements,ECB,statement,2016-06-02,net_score,-0.16666666666666666,Dictionary,-0.3510637967158376
ecb_stmt,ECB statements,ECB,statement,2016-06-02,rf_score,-0.00254664933108452,Random Forest,-0.05021829247402651
ecb_stmt,ECB statements,ECB,statement,2016-06-02,bert_score,0,RoBERTa/BERT,0.23221858205388834
ecb_stmt,ECB statements,ECB,statement,2016-07-21,net_score,-0.3333333333333333,Dictionary,-1.1746180309464127
ecb_stmt,ECB statements,ECB,statement,2016-07-21,rf_score,0.00389262813267628,Random Forest,-0.021655966219680998
ecb_stmt,ECB statements,ECB,statement,2016-07-21,bert_score,-0.09090909090909093,RoBERTa/BERT,-0.5112717646018774
ecb_stmt,ECB statements,ECB,statement,2016-09-08,net_score,-0.3333333333333333,Dictionary,-1.1746180309464127
ecb_stmt,ECB statements,ECB,statement,2016-09-08,rf_score,0.00366708618774006,Random Forest,-0.022656389427340943
ecb_stmt,ECB statements,ECB,statement,2016-09-08,bert_score,-0.09090909090909093,RoBERTa/BERT,-0.5112717646018774
ecb_stmt,ECB statements,ECB,statement,2016-10-20,net_score,-0.3333333333333333,Dictionary,-1.1746180309464127
ecb_stmt,ECB statements,ECB,statement,2016-10-20,rf_score,0.00477209109269607,Random Forest,-0.017754983829332684
ecb_stmt,ECB statements,ECB,statement,2016-10-20,bert_score,-0.09090909090909093,RoBERTa/BERT,-0.5112717646018774
ecb_stmt,ECB statements,ECB,statement,2016-12-08,net_score,-0.5454545454545454,Dictionary,-2.22277796542169
ecb_stmt,ECB statements,ECB,statement,2016-12-08,rf_score,0.01084187025066621,Random Forest,0.009168380411057775
ecb_stmt,ECB statements,ECB,statement,2016-12-08,bert_score,0.07692307692307693,RoBERTa/BERT,0.8613257984549209
ecb_stmt,ECB statements,ECB,statement,2017-01-19,net_score,-0.5238095238095238,Dictionary,-2.11582287006707
ecb_stmt,ECB statements,ECB,statement,2017-01-19,rf_score,0.0040089956151939,Random Forest,-0.021139801786672716
ecb_stmt,ECB statements,ECB,statement,2017-01-19,bert_score,0,RoBERTa/BERT,0.23221858205388834
ecb_stmt,ECB statements,ECB,statement,2017-03-09,net_score,-0.5238095238095238,Dictionary,-2.11582287006707
ecb_stmt,ECB statements,ECB,statement,2017-03-09,rf_score,0.00314227349194905,Random Forest,-0.024984270392863227
ecb_stmt,ECB statements,ECB,statement,2017-03-09,bert_score,0,RoBERTa/BERT,0.23221858205388834
ecb_stmt,ECB statements,ECB,statement,2017-04-27,net_score,-0.5238095238095238,Dictionary,-2.11582287006707
ecb_stmt,ECB statements,ECB,statement,2017-04-27,rf_score,0.00173728517127999,Random Forest,-0.031216294874544328
ecb_stmt,ECB statements,ECB,statement,2017-04-27,bert_score,0,RoBERTa/BERT,0.23221858205388834
ecb_stmt,ECB statements,ECB,statement,2017-06-08,net_score,-0.5238095238095238,Dictionary,-2.11582287006707
ecb_stmt,ECB statements,ECB,statement,2017-06-08,rf_score,0.00376223023108725,Random Forest,-0.022234364561580164
ecb_stmt,ECB statements,ECB,statement,2017-06-08,bert_score,0.09090909090909093,RoBERTa/BERT,0.9757089287096541
ecb_stmt,ECB statements,ECB,statement,2017-07-20,net_score,-0.5238095238095238,Dictionary,-2.11582287006707
ecb_stmt,ECB statements,ECB,statement,2017-07-20,rf_score,0.00179617619403524,Random Forest,-0.030955075410892714
ecb_stmt,ECB statements,ECB,statement,2017-07-20,bert_score,0.09090909090909093,RoBERTa/BERT,0.9757089287096541
ecb_stmt,ECB statements,ECB,statement,2017-09-07,net_score,-0.5238095238095238,Dictionary,-2.11582287006707
ecb_stmt,ECB statements,ECB,statement,2017-09-07,rf_score,0.00485045833440938,Random Forest,-0.0174073748408917
ecb_stmt,ECB statements,ECB,statement,2017-09-07,bert_score,0.09090909090909093,RoBERTa/BERT,0.9757089287096541
ecb_stmt,ECB statements,ECB,statement,2017-10-26,net_score,-0.5833333333333334,Dictionary,-2.4099493822922757
ecb_stmt,ECB statements,ECB,statement,2017-10-26,rf_score,2.6075977162933785e-4,Random Forest,-0.03776563219150148
ecb_stmt,ECB statements,ECB,statement,2017-10-26,bert_score,0.2307692307692308,RoBERTa/BERT,2.1195402312569858
ecb_stmt,ECB statements,ECB,statement,2017-12-14,net_score,-0.5652173913043478,Dictionary,-2.320432617701995
ecb_stmt,ECB statements,ECB,statement,2017-12-14,rf_score,3.5006651263740085e-4,Random Forest,-0.03736949950615904
ecb_stmt,ECB statements,ECB,statement,2017-12-14,bert_score,0.16666666666666666,RoBERTa/BERT,1.5952842175894586
ecb_stmt,ECB statements,ECB,statement,2018-01-25,net_score,-0.5652173913043478,Dictionary,-2.320432617701995
ecb_stmt,ECB statements,ECB,statement,2018-01-25,rf_score,3.193867773874162e-4,Random Forest,-0.037505583812595375
ecb_stmt,ECB statements,ECB,statement,2018-01-25,bert_score,0.16666666666666666,RoBERTa/BERT,1.5952842175894586
ecb_stmt,ECB statements,ECB,statement,2018-03-08,net_score,-0.5454545454545454,Dictionary,-2.22277796542169
ecb_stmt,ECB statements,ECB,statement,2018-03-08,rf_score,0.01582589899614962,Random Forest,0.03127574507901729
ecb_stmt,ECB statements,ECB,statement,2018-03-08,bert_score,0.09090909090909093,RoBERTa/BERT,0.9757089287096541
ecb_stmt,ECB statements,ECB,statement,2018-04-26,net_score,-0.5454545454545454,Dictionary,-2.22277796542169
ecb_stmt,ECB statements,ECB,statement,2018-04-26,rf_score,0.01739580660964647,Random Forest,0.03823929241771039
ecb_stmt,ECB statements,ECB,statement,2018-04-26,bert_score,0.09090909090909093,RoBERTa/BERT,0.9757089287096541
ecb_stmt,ECB statements,ECB,statement,2018-06-14,net_score,-0.5384615384615384,Dictionary,-2.1882232423071204
ecb_stmt,ECB statements,ECB,statement,2018-06-14,rf_score,3.193867773874162e-4,Random Forest,-0.037505583812595375
ecb_stmt,ECB statements,ECB,statement,2018-06-14,bert_score,-0.2307692307692308,RoBERTa/BERT,-1.6551030671492093
ecb_stmt,ECB statements,ECB,statement,2018-07-26,net_score,-0.5454545454545454,Dictionary,-2.22277796542169
ecb_stmt,ECB statements,ECB,statement,2018-07-26,rf_score,0.00203227289942108,Random Forest,-0.029907835069913836
ecb_stmt,ECB statements,ECB,statement,2018-07-26,bert_score,-0.16666666666666666,RoBERTa/BERT,-1.130847053481682
ecb_stmt,ECB statements,ECB,statement,2018-09-13,net_score,-0.5454545454545454,Dictionary,-2.22277796542169
ecb_stmt,ECB statements,ECB,statement,2018-09-13,rf_score,0.0019072099517644,Random Forest,-0.030462569468827902
ecb_stmt,ECB statements,ECB,statement,2018-09-13,bert_score,-0.16666666666666666,RoBERTa/BERT,-1.130847053481682
ecb_stmt,ECB statements,ECB,statement,2018-10-25,net_score,-0.5,Dictionary,-1.9981722651769878
ecb_stmt,ECB statements,ECB,statement,2018-10-25,rf_score,2.8698522026115655e-4,Random Forest,-0.037649305503576605
ecb_stmt,ECB statements,ECB,statement,2018-10-25,bert_score,-0.09090909090909093,RoBERTa/BERT,-0.5112717646018774
ecb_stmt,ECB statements,ECB,statement,2018-12-13,net_score,-0.4117647058823529,Dictionary,-1.5621729647019773
ecb_stmt,ECB statements,ECB,statement,2018-12-13,rf_score,-0.00151159346703901,Random Forest,-0.04562715574374575
ecb_stmt,ECB statements,ECB,statement,2018-12-13,bert_score,0,RoBERTa/BERT,0.23221858205388834
ecb_stmt,ECB statements,ECB,statement,2019-01-24,net_score,-0.3333333333333333,Dictionary,-1.1746180309464127
ecb_stmt,ECB statements,ECB,statement,2019-01-24,rf_score,-0.00706561264448813,Random Forest,-0.07026279361802112
ecb_stmt,ECB statements,ECB,statement,2019-01-24,bert_score,-0.09090909090909093,RoBERTa/BERT,-0.5112717646018774
ecb_stmt,ECB statements,ECB,statement,2019-03-07,net_score,-0.47368421052631576,Dictionary,-1.8681373860879495
ecb_stmt,ECB statements,ECB,statement,2019-03-07,rf_score,-0.00869936150025406,Random Forest,-0.07750951781940327
ecb_stmt,ECB statements,ECB,statement,2019-03-07,bert_score,0.07692307692307693,RoBERTa/BERT,0.8613257984549209
ecb_stmt,ECB statements,ECB,statement,2019-04-10,net_score,-0.3333333333333333,Dictionary,-1.1746180309464127
ecb_stmt,ECB statements,ECB,statement,2019-04-10,rf_score,-0.0050276686052857,Random Forest,-0.061223204492783706
ecb_stmt,ECB statements,ECB,statement,2019-04-10,bert_score,-0.09090909090909093,RoBERTa/BERT,-0.5112717646018774
ecb_stmt,ECB statements,ECB,statement,2019-06-06,net_score,-0.375,Dictionary,-1.3805065895040565
ecb_stmt,ECB statements,ECB,statement,2019-06-06,rf_score,-0.01336890173013911,Random Forest,-0.09822192418088861
ecb_stmt,ECB statements,ECB,statement,2019-06-06,bert_score,-0.07692307692307693,RoBERTa/BERT,-0.3968886343471441
ecb_stmt,ECB statements,ECB,statement,2019-07-25,net_score,-0.5,Dictionary,-1.9981722651769878
ecb_stmt,ECB statements,ECB,statement,2019-07-25,rf_score,0.00359277356461581,Random Forest,-0.02298601358136076
ecb_stmt,ECB statements,ECB,statement,2019-07-25,bert_score,0,RoBERTa/BERT,0.23221858205388834
ecb_stmt,ECB statements,ECB,statement,2019-09-12,net_score,-0.4545454545454546,Dictionary,-1.7735665649322858
ecb_stmt,ECB statements,ECB,statement,2019-09-12,rf_score,-0.16722733621288394,Random Forest,-0.7806827790533236
ecb_stmt,ECB statements,ECB,statement,2019-09-12,bert_score,-0.375,RoBERTa/BERT,-2.834679097901145
ecb_stmt,ECB statements,ECB,statement,2019-10-24,net_score,-0.29411764705882354,Dictionary,-0.9808405640686304
ecb_stmt,ECB statements,ECB,statement,2019-10-24,rf_score,0.02193562610229276,Random Forest,0.05837630409558106
ecb_stmt,ECB statements,ECB,statement,2019-10-24,bert_score,-0.2307692307692308,RoBERTa/BERT,-1.6551030671492093
ecb_stmt,ECB statements,ECB,statement,2019-12-12,net_score,-0.29411764705882354,Dictionary,-0.9808405640686304
ecb_stmt,ECB statements,ECB,statement,2019-12-12,rf_score,-0.00966289859954853,Random Forest,-0.0817834229497688
ecb_stmt,ECB statements,ECB,statement,2019-12-12,bert_score,-0.2307692307692308,RoBERTa/BERT,-1.6551030671492093
ecb_stmt,ECB statements,ECB,statement,2020-01-23,net_score,-0.29411764705882354,Dictionary,-0.9808405640686304
ecb_stmt,ECB statements,ECB,statement,2020-01-23,rf_score,-0.0016653148365684,Random Forest,-0.04630900862762489
ecb_stmt,ECB statements,ECB,statement,2020-01-23,bert_score,-0.2307692307692308,RoBERTa/BERT,-1.6551030671492093
ecb_stmt,ECB statements,ECB,statement,2020-03-12,net_score,-0.5,Dictionary,-1.9981722651769878
ecb_stmt,ECB statements,ECB,statement,2020-03-12,rf_score,-0.01245255348516218,Random Forest,-0.09415733189038311
ecb_stmt,ECB statements,ECB,statement,2020-03-12,bert_score,-0.04761904761904761,RoBERTa/BERT,-0.15722874238484597
ecb_stmt,ECB statements,ECB,statement,2020-04-30,net_score,-0.5714285714285714,Dictionary,-2.351124079847234
ecb_stmt,ECB statements,ECB,statement,2020-04-30,rf_score,-0.1504678723147662,Random Forest,-0.7063438057135429
ecb_stmt,ECB statements,ECB,statement,2020-04-30,bert_score,-0.3333333333333333,RoBERTa/BERT,-2.493912689017252
ecb_stmt,ECB statements,ECB,statement,2020-06-04,net_score,-0.5714285714285714,Dictionary,-2.351124079847234
ecb_stmt,ECB statements,ECB,statement,2020-06-04,rf_score,0.00179664705600994,Random Forest,-0.03095298683598383
ecb_stmt,ECB statements,ECB,statement,2020-06-04,bert_score,-0.125,RoBERTa/BERT,-0.7900806445977894
ecb_stmt,ECB statements,ECB,statement,2020-07-16,net_score,-0.5714285714285714,Dictionary,-2.351124079847234
ecb_stmt,ECB statements,ECB,statement,2020-07-16,rf_score,0.00187831283128312,Random Forest,-0.030590746735243656
ecb_stmt,ECB statements,ECB,statement,2020-07-16,bert_score,-0.125,RoBERTa/BERT,-0.7900806445977894
ecb_stmt,ECB statements,ECB,statement,2020-09-10,net_score,-0.5714285714285714,Dictionary,-2.351124079847234
ecb_stmt,ECB statements,ECB,statement,2020-09-10,rf_score,0.00203227289942108,Random Forest,-0.029907835069913836
ecb_stmt,ECB statements,ECB,statement,2020-09-10,bert_score,-0.125,RoBERTa/BERT,-0.7900806445977894
ecb_stmt,ECB statements,ECB,statement,2020-10-29,net_score,-0.5862068965517241,Dictionary,-2.4241485932272853
ecb_stmt,ECB statements,ECB,statement,2020-10-29,rf_score,3.0003000300030005e-4,Random Forest,-0.03759144352409066
ecb_stmt,ECB statements,ECB,statement,2020-10-29,bert_score,-0.2222222222222222,RoBERTa/BERT,-1.5852022653268718
ecb_stmt,ECB statements,ECB,statement,2020-12-10,net_score,-0.4838709677419355,Dictionary,-1.9184734683159645
ecb_stmt,ECB statements,ECB,statement,2020-12-10,rf_score,0.03012285817622858,Random Forest,0.09469193033343863
ecb_stmt,ECB statements,ECB,statement,2020-12-10,bert_score,-0.09090909090909093,RoBERTa/BERT,-0.5112717646018774
ecb_stmt,ECB statements,ECB,statement,2021-01-21,net_score,-0.6363636363636364,Dictionary,-2.671989365911095
ecb_stmt,ECB statements,ECB,statement,2021-01-21,rf_score,0.00162760416666666,Random Forest,-0.03170280048876904
ecb_stmt,ECB statements,ECB,statement,2021-01-21,bert_score,-0.15789473684210523,RoBERTa/BERT,-1.0591067568745463
ecb_stmt,ECB statements,ECB,statement,2021-03-11,net_score,-0.6363636363636364,Dictionary,-2.671989365911095
ecb_stmt,ECB statements,ECB,statement,2021-03-11,rf_score,0.00210116350618112,Random Forest,-0.029602261036613696
ecb_stmt,ECB statements,ECB,statement,2021-03-11,bert_score,-0.1,RoBERTa/BERT,-0.5856207992674538
ecb_stmt,ECB statements,ECB,statement,2021-04-22,net_score,-0.6363636363636364,Dictionary,-2.671989365911095
ecb_stmt,ECB statements,ECB,statement,2021-04-22,rf_score,0.00173611111111111,Random Forest,-0.031221502584535786
ecb_stmt,ECB statements,ECB,statement,2021-04-22,bert_score,-0.14285714285714285,RoBERTa/BERT,-0.9361233912623147
ecb_stmt,ECB statements,ECB,statement,2021-06-10,net_score,-0.6470588235294118,Dictionary,-2.724837765968672
ecb_stmt,ECB statements,ECB,statement,2021-06-10,rf_score,0.00162760416666666,Random Forest,-0.03170280048876904
ecb_stmt,ECB statements,ECB,statement,2021-06-10,bert_score,-0.14285714285714285,RoBERTa/BERT,-0.9361233912623147
ecb_stmt,ECB statements,ECB,statement,2021-07-22,net_score,-0.5609756097560976,Dictionary,-2.29947259477354
ecb_stmt,ECB statements,ECB,statement,2021-07-22,rf_score,0.00193701010726072,Random Forest,-0.030330386662836654
ecb_stmt,ECB statements,ECB,statement,2021-07-22,bert_score,-0.25925925925925924,RoBERTa/BERT,-1.888105739890332
ecb_stmt,ECB statements,ECB,statement,2021-09-09,net_score,-0.6818181818181818,Dictionary,-2.896595066155797
ecb_stmt,ECB statements,ECB,statement,2021-09-09,rf_score,-0.02132991076885466,Random Forest,-0.133534106138767
ecb_stmt,ECB statements,ECB,statement,2021-09-09,bert_score,-0.3,RoBERTa/BERT,-2.221299561910138
ecb_stmt,ECB statements,ECB,statement,2021-10-28,net_score,-0.6818181818181818,Dictionary,-2.896595066155797
ecb_stmt,ECB statements,ECB,statement,2021-10-28,rf_score,-0.02385978181151448,Random Forest,-0.14475570708833516
ecb_stmt,ECB statements,ECB,statement,2021-10-28,bert_score,-0.3333333333333333,RoBERTa/BERT,-2.493912689017252
ecb_stmt,ECB statements,ECB,statement,2021-12-16,net_score,-0.5757575757575758,Dictionary,-2.3725150989181585
ecb_stmt,ECB statements,ECB,statement,2021-12-16,rf_score,-0.00520833333333333,Random Forest,-0.06202456845546272
ecb_stmt,ECB statements,ECB,statement,2021-12-16,bert_score,-0.38461538461538464,RoBERTa/BERT,-2.913317499951274
ecb_stmt,ECB statements,ECB,statement,2022-02-03,net_score,-0.5483870967741935,Dictionary,-2.2372686557600576
ecb_stmt,ECB statements,ECB,statement,2022-02-03,rf_score,-0.01235569985569985,Random Forest,-0.09372772391352713
ecb_stmt,ECB statements,ECB,statement,2022-02-03,bert_score,-0.2,RoBERTa/BERT,-1.403460180588796
ecb_stmt,ECB statements,ECB,statement,2022-03-10,net_score,-0.6571428571428571,Dictionary,-2.77466625745153
ecb_stmt,ECB statements,ECB,statement,2022-03-10,rf_score,-0.00537187647336162,Random Forest,-0.06274998719202698
ecb_stmt,ECB statements,ECB,statement,2022-03-10,bert_score,-0.2727272727272727,RoBERTa/BERT,-1.9982524579134082
ecb_stmt,ECB statements,ECB,statement,2022-04-14,net_score,-0.625,Dictionary,-2.615837940849919
ecb_stmt,ECB statements,ECB,statement,2022-04-14,rf_score,0.0019072099517644,Random Forest,-0.030462569468827902
ecb_stmt,ECB statements,ECB,statement,2022-04-14,bert_score,-0.18181818181818185,RoBERTa/BERT,-1.254762111257643
ecb_stmt,ECB statements,ECB,statement,2022-06-09,net_score,-0.3888888888888889,Dictionary,-1.449136109023271
ecb_stmt,ECB statements,ECB,statement,2022-06-09,rf_score,0.40807146949518175,Random Forest,1.7711364700542025
ecb_stmt,ECB statements,ECB,statement,2022-06-09,bert_score,0,RoBERTa/BERT,0.23221858205388834
ecb_stmt,ECB statements,ECB,statement,2022-07-21,net_score,-0.3076923076923077,Dictionary,-1.0479173795263244
ecb_stmt,ECB statements,ECB,statement,2022-07-21,rf_score,0.5926573426573427,Random Forest,2.5898932266735546
ecb_stmt,ECB statements,ECB,statement,2022-07-21,bert_score,0.04347826086956521,RoBERTa/BERT,0.5878009217588196
ecb_stmt,ECB statements,ECB,statement,2022-09-08,net_score,-0.1111111111111111,Dictionary,-0.07654571863897922
ecb_stmt,ECB statements,ECB,statement,2022-09-08,rf_score,0.8333333333333333,Random Forest,3.657445635458966
ecb_stmt,ECB statements,ECB,statement,2022-09-08,bert_score,0.10344827586206896,RoBERTa/BERT,1.0782593213518283
ecb_stmt,ECB statements,ECB,statement,2022-10-27,net_score,0,Dictionary,0.4724904375147375
ecb_stmt,ECB statements,ECB,statement,2022-10-27,rf_score,0.05092592592592593,Random Forest,0.18696688066786346
ecb_stmt,ECB statements,ECB,statement,2022-10-27,bert_score,0.13043478260869565,RoBERTa/BERT,1.2989656011686825
ecb_stmt,ECB statements,ECB,statement,2022-12-15,net_score,0.0303030303030303,Dictionary,0.6222275710112057
ecb_stmt,ECB statements,ECB,statement,2022-12-15,rf_score,0.3333333333333333,Random Forest,1.439624892752226
ecb_stmt,ECB statements,ECB,statement,2022-12-15,bert_score,0,RoBERTa/BERT,0.23221858205388834
ecb_stmt,ECB statements,ECB,statement,2023-02-02,net_score,-0.03448275862068965,Dictionary,0.3020999062946185
ecb_stmt,ECB statements,ECB,statement,2023-02-02,rf_score,1,Random Forest,4.396719216361213
ecb_stmt,ECB statements,ECB,statement,2023-02-02,bert_score,0.23809523809523808,RoBERTa/BERT,2.17945520424756
ecb_stmt,ECB statements,ECB,statement,2023-03-16,net_score,0.07142857142857142,Dictionary,0.8254422521849839
ecb_stmt,ECB statements,ECB,statement,2023-03-16,rf_score,0.9575757575757576,Random Forest,4.2085404866770055
ecb_stmt,ECB statements,ECB,statement,2023-03-16,bert_score,0.07142857142857142,RoBERTa/BERT,0.8163895687119899
ecb_stmt,ECB statements,ECB,statement,2023-05-04,net_score,0,Dictionary,0.4724904375147375
ecb_stmt,ECB statements,ECB,statement,2023-05-04,rf_score,0.6666666666666666,Random Forest,2.9181720545567194
ecb_stmt,ECB statements,ECB,statement,2023-05-04,bert_score,0.2631578947368421,RoBERTa/BERT,2.3844274802679464
ecb_stmt,ECB statements,ECB,statement,2023-06-15,net_score,0.03225806451612903,Dictionary,0.6318880312367843
ecb_stmt,ECB statements,ECB,statement,2023-06-15,rf_score,0.893939393939394,Random Forest,3.926272392150693
ecb_stmt,ECB statements,ECB,statement,2023-06-15,bert_score,0.14285714285714285,RoBERTa/BERT,1.4005605553700915
ecb_stmt,ECB statements,ECB,statement,2023-07-27,net_score,0.09090909090909093,Dictionary,0.9217018380041423
ecb_stmt,ECB statements,ECB,statement,2023-07-27,rf_score,0.7435897435897436,Random Forest,3.259375245742372
ecb_stmt,ECB statements,ECB,statement,2023-07-27,bert_score,0.13043478260869565,RoBERTa/BERT,1.2989656011686825
ecb_stmt,ECB statements,ECB,statement,2023-09-14,net_score,0.05555555555555555,Dictionary,0.7470085155915959
ecb_stmt,ECB statements,ECB,statement,2023-09-14,rf_score,1,Random Forest,4.396719216361213
ecb_stmt,ECB statements,ECB,statement,2023-09-14,bert_score,0.21428571428571427,RoBERTa/BERT,1.984731542028193
ecb_stmt,ECB statements,ECB,statement,2023-10-26,net_score,-0.04,Dictionary,0.2748374212993995
ecb_stmt,ECB statements,ECB,statement,2023-10-26,rf_score,0.05137031778183034,Random Forest,0.18893804361969294
ecb_stmt,ECB statements,ECB,statement,2023-10-26,bert_score,0.0588235294117647,RoBERTa/BERT,0.7133005710664425
ecb_stmt,ECB statements,ECB,statement,2023-12-14,net_score,-0.09090909090909093,Dictionary,0.023279037025332804
ecb_stmt,ECB statements,ECB,statement,2023-12-14,rf_score,-0.01583525860059252,Random Forest,-0.10916179903330632
ecb_stmt,ECB statements,ECB,statement,2023-12-14,bert_score,-0.1724137931034483,RoBERTa/BERT,-1.177849316776012
ecb_stmt,ECB statements,ECB,statement,2024-01-25,net_score,-0.14285714285714285,Dictionary,-0.23341319182575543
ecb_stmt,ECB statements,ECB,statement,2024-01-25,rf_score,0.04148759149990678,Random Forest,0.14510181293460667
ecb_stmt,ECB statements,ECB,statement,2024-01-25,bert_score,-0.1111111111111111,RoBERTa/BERT,-0.6764918416364918
ecb_stmt,ECB statements,ECB,statement,2024-03-07,net_score,-0.10344827586206896,Dictionary,-0.03868115614561947
ecb_stmt,ECB statements,ECB,statement,2024-03-07,rf_score,0.03609047124789254,Random Forest,0.12116212244300704
ecb_stmt,ECB statements,ECB,statement,2024-03-07,bert_score,-0.18181818181818185,RoBERTa/BERT,-1.254762111257643
ecb_stmt,ECB statements,ECB,statement,2024-04-11,net_score,0,Dictionary,0.4724904375147375
ecb_stmt,ECB statements,ECB,statement,2024-04-11,rf_score,0.05543546927403742,Random Forest,0.20696959822301716
ecb_stmt,ECB statements,ECB,statement,2024-04-11,bert_score,-0.23809523809523808,RoBERTa/BERT,-1.7150180401397834
ecb_stmt,ECB statements,ECB,statement,2024-06-06,net_score,0,Dictionary,0.4724904375147375
ecb_stmt,ECB statements,ECB,statement,2024-06-06,rf_score,0.4473684210526316,Random Forest,1.9454436586327108
ecb_stmt,ECB statements,ECB,statement,2024-06-06,bert_score,-0.25925925925925924,RoBERTa/BERT,-1.888105739890332
ecb_stmt,ECB statements,ECB,statement,2024-07-18,net_score,0.12,Dictionary,1.0654494861607515
ecb_stmt,ECB statements,ECB,statement,2024-07-18,rf_score,-0.1651918758930394,Random Forest,-0.7716542068167082
ecb_stmt,ECB statements,ECB,statement,2024-07-18,bert_score,0.05263157894736842,RoBERTa/BERT,0.6626603616967
ecb_stmt,ECB statements,ECB,statement,2024-09-12,net_score,0.0967741935483871,Dictionary,0.9506832186808779
ecb_stmt,ECB statements,ECB,statement,2024-09-12,rf_score,-0.25,Random Forest,-1.1478326404056376
ecb_stmt,ECB statements,ECB,statement,2024-09-12,bert_score,-0.2413793103448276,RoBERTa/BERT,-1.7418764763079722
ecb_stmt,ECB statements,ECB,statement,2024-10-17,net_score,-0.08333333333333333,Dictionary,0.06071332039944996
ecb_stmt,ECB statements,ECB,statement,2024-10-17,rf_score,0.6923076923076923,Random Forest,3.0319064516186036
ecb_stmt,ECB statements,ECB,statement,2024-10-17,bert_score,-0.3333333333333333,RoBERTa/BERT,-2.493912689017252
ecb_stmt,ECB statements,ECB,statement,2024-12-12,net_score,-0.25925925925925924,Dictionary,-0.8085939268439348
ecb_stmt,ECB statements,ECB,statement,2024-12-12,rf_score,-0.16666666666666669,Random Forest,-0.7781958499545144
ecb_stmt,ECB statements,ECB,statement,2024-12-12,bert_score,-0.52,RoBERTa/BERT,-4.020546200817091
ecb_stmt,ECB statements,ECB,statement,2025-01-30,net_score,-0.1724137931034483,Dictionary,-0.3794622185858575
ecb_stmt,ECB statements,ECB,statement,2025-01-30,rf_score,-1,Random Forest,-4.474563754465748
ecb_stmt,ECB statements,ECB,statement,2025-01-30,bert_score,-0.4782608695652174,RoBERTa/BERT,-3.6791871547003567
ecb_stmt,ECB statements,ECB,statement,2025-03-06,net_score,-0.13333333333333333,Dictionary,-0.1863529498697226
ecb_stmt,ECB statements,ECB,statement,2025-03-06,rf_score,-1,Random Forest,-4.474563754465748
ecb_stmt,ECB statements,ECB,statement,2025-03-06,bert_score,-0.5384615384615384,RoBERTa/BERT,-4.1715319327533384
ecb_stmt,ECB statements,ECB,statement,2025-04-17,net_score,-0.2,Dictionary,-0.5157746435619527
ecb_stmt,ECB statements,ECB,statement,2025-04-17,rf_score,-1,Random Forest,-4.474563754465748
ecb_stmt,ECB statements,ECB,statement,2025-04-17,bert_score,-0.4782608695652174,RoBERTa/BERT,-3.6791871547003567
ecb_stmt,ECB statements,ECB,statement,2025-06-05,net_score,-0.3333333333333333,Dictionary,-1.1746180309464127
ecb_stmt,ECB statements,ECB,statement,2025-06-05,rf_score,-1,Random Forest,-4.474563754465748
ecb_stmt,ECB statements,ECB,statement,2025-06-05,bert_score,-0.4782608695652174,RoBERTa/BERT,-3.6791871547003567
ecb_stmt,ECB statements,ECB,statement,2025-07-24,net_score,-0.15789473684210523,Dictionary,-0.3077188370194914
ecb_stmt,ECB statements,ECB,statement,2025-07-24,rf_score,0.00107619647517395,Random Forest,-0.03414864732053018
ecb_stmt,ECB statements,ECB,statement,2025-07-24,bert_score,-0.375,RoBERTa/BERT,-2.834679097901145
ecb_stmt,ECB statements,ECB,statement,2025-09-11,net_score,-0.17647058823529413,Dictionary,-0.3995081634352833
ecb_stmt,ECB statements,ECB,statement,2025-09-11,rf_score,-0.0314205491155619,Random Forest,-0.17829256020372572
ecb_stmt,ECB statements,ECB,statement,2025-09-11,bert_score,-0.14285714285714285,RoBERTa/BERT,-0.9361233912623147
ecb_stmt,ECB statements,ECB,statement,2025-10-30,net_score,-0.3333333333333333,Dictionary,-1.1746180309464127
ecb_stmt,ECB statements,ECB,statement,2025-10-30,rf_score,-0.03017012044505649,Random Forest,-0.1727461069182815
ecb_stmt,ECB statements,ECB,statement,2025-10-30,bert_score,-0.375,RoBERTa/BERT,-2.834679097901145
ecb_stmt,ECB statements,ECB,statement,2025-12-18,net_score,-0.1,Dictionary,-0.021642103023607605
ecb_stmt,ECB statements,ECB,statement,2025-12-18,rf_score,-0.02901777589636842,Random Forest,-0.16763471963263063
ecb_stmt,ECB statements,ECB,statement,2025-12-18,bert_score,0,RoBERTa/BERT,0.23221858205388834
ecb_stmt,ECB statements,ECB,statement,2026-02-05,net_score,-0.2631578947368421,Dictionary,-0.8278583533756442
ecb_stmt,ECB statements,ECB,statement,2026-02-05,rf_score,-0.01732103357394563,Random Forest,-0.11575216414310047
ecb_stmt,ECB statements,ECB,statement,2026-02-05,bert_score,-0.2,RoBERTa/BERT,-1.403460180588796
ecb_stmt,ECB statements,ECB,statement,2026-03-19,net_score,-0.03703703703703703,Dictionary,0.28947838546349863
ecb_stmt,ECB statements,ECB,statement,2026-03-19,rf_score,-0.09853894004668856,Random Forest,-0.4760056794520311
ecb_stmt,ECB statements,ECB,statement,2026-03-19,bert_score,0.04761904761904761,RoBERTa/BERT,0.6216659064926225
ecb_pc,ECB press conferences,ECB,press_conference,1999-01-07,net_score,0.3333333333333333,Dictionary,0.882047148110496
ecb_pc,ECB press conferences,ECB,press_conference,1999-01-07,rf_score,0.399333136799135,Random Forest,1.1800036070880158
ecb_pc,ECB press conferences,ECB,press_conference,1999-01-07,bert_score,-0.3953488372093023,RoBERTa/BERT,-1.3326881820647805
ecb_pc,ECB press conferences,ECB,press_conference,1999-02-04,net_score,0.08333333333333333,Dictionary,0.17492697589305997
ecb_pc,ECB press conferences,ECB,press_conference,1999-02-04,rf_score,-0.11605804014620388,Random Forest,-0.33219958365635965
ecb_pc,ECB press conferences,ECB,press_conference,1999-02-04,bert_score,-0.1914893617021277,RoBERTa/BERT,-0.24742008756058176
ecb_pc,ECB press conferences,ECB,press_conference,1999-03-04,net_score,0.1111111111111111,Dictionary,0.25349588391721956
ecb_pc,ECB press conferences,ECB,press_conference,1999-03-04,rf_score,-0.03333069894172726,Random Forest,-0.08947026478702239
ecb_pc,ECB press conferences,ECB,press_conference,1999-03-04,bert_score,-0.3103448275862069,RoBERTa/BERT,-0.880160089763147
ecb_pc,ECB press conferences,ECB,press_conference,1999-04-08,net_score,0.04347826086956521,Dictionary,0.06219767307578754
ecb_pc,ECB press conferences,ECB,press_conference,1999-04-08,rf_score,-0.25438596491228066,Random Forest,-0.738065920833673
ecb_pc,ECB press conferences,ECB,press_conference,1999-04-08,bert_score,-0.3333333333333333,RoBERTa/BERT,-1.002541900888746
ecb_pc,ECB press conferences,ECB,press_conference,1999-05-06,net_score,0.3,Dictionary,0.7877644584815046
ecb_pc,ECB press conferences,ECB,press_conference,1999-05-06,rf_score,-0.10355823788120438,Random Forest,-0.29552406084117044
ecb_pc,ECB press conferences,ECB,press_conference,1999-05-06,bert_score,-0.3333333333333333,RoBERTa/BERT,-1.002541900888746
ecb_pc,ECB press conferences,ECB,press_conference,1999-07-15,net_score,0.2,Dictionary,0.5049163895945302
ecb_pc,ECB press conferences,ECB,press_conference,1999-07-15,bert_score,0.05084745762711865,RoBERTa/BERT,1.042686332498384
ecb_pc,ECB press conferences,ECB,press_conference,1999-09-09,net_score,0.2,Dictionary,0.5049163895945302
ecb_pc,ECB press conferences,ECB,press_conference,1999-09-09,rf_score,0.03836749677415807,Random Forest,0.12089856801834693
ecb_pc,ECB press conferences,ECB,press_conference,1999-09-09,bert_score,0.03846153846153846,RoBERTa/BERT,0.9767485444310386
ecb_pc,ECB press conferences,ECB,press_conference,1999-10-07,net_score,0.4545454545454546,Dictionary,1.2248932922159197
ecb_pc,ECB press conferences,ECB,press_conference,1999-10-07,rf_score,-0.06108706108706108,Random Forest,-0.17090988051424655
ecb_pc,ECB press conferences,ECB,press_conference,1999-10-07,bert_score,0.2,RoBERTa/BERT,1.836716117225152
ecb_pc,ECB press conferences,ECB,press_conference,1999-11-04,net_score,0.15555555555555556,Dictionary,0.37920613675587483
ecb_pc,ECB press conferences,ECB,press_conference,1999-11-04,rf_score,0.9885057471264368,Random Forest,2.9086880337727785
ecb_pc,ECB press conferences,ECB,press_conference,1999-11-04,bert_score,0.12195121951219512,RoBERTa/BERT,1.4212149438426303
ecb_pc,ECB press conferences,ECB,press_conference,1999-12-02,net_score,0.42857142857142855,Dictionary,1.1514262613361859
ecb_pc,ECB press conferences,ECB,press_conference,1999-12-02,rf_score,0.08245031979320322,Random Forest,0.2502414605791361
ecb_pc,ECB press conferences,ECB,press_conference,1999-12-02,bert_score,0.23404255319148937,RoBERTa/BERT,2.0179453524239115
ecb_pc,ECB press conferences,ECB,press_conference,2000-02-03,net_score,0.6774193548387096,Dictionary,1.8552878152484724
ecb_pc,ECB press conferences,ECB,press_conference,2000-02-03,rf_score,-0.4,Random Forest,-1.1653103486135576
ecb_pc,ECB press conferences,ECB,press_conference,2000-02-03,bert_score,0.10144927536231883,RoBERTa/BERT,1.3120706138780187
ecb_pc,ECB press conferences,ECB,press_conference,2000-03-02,net_score,0.5652173913043478,Dictionary,1.5379267281382627
ecb_pc,ECB press conferences,ECB,press_conference,2000-03-02,bert_score,0.04615384615384615,RoBERTa/BERT,1.0176993812307584
ecb_pc,ECB press conferences,ECB,press_conference,2000-03-30,net_score,0.6,Dictionary,1.6363086651424277
ecb_pc,ECB press conferences,ECB,press_conference,2000-03-30,bert_score,-0.13043478260869565,RoBERTa/BERT,0.07761060600241089
ecb_pc,ECB press conferences,ECB,press_conference,2000-04-13,net_score,0.5862068965517241,Dictionary,1.5972951383993967
ecb_pc,ECB press conferences,ECB,press_conference,2000-04-13,rf_score,0.04020386207587012,Random Forest,0.12628662585255337
ecb_pc,ECB press conferences,ECB,press_conference,2000-04-13,bert_score,0.20689655172413793,RoBERTa/BERT,1.8734306605628315
ecb_pc,ECB press conferences,ECB,press_conference,2000-05-11,net_score,0.09090909090909093,Dictionary,0.19635485989964896
ecb_pc,ECB press conferences,ECB,press_conference,2000-05-11,rf_score,-0.10401609538335375,Random Forest,-0.2968674551533512
ecb_pc,ECB press conferences,ECB,press_conference,2000-05-11,bert_score,-0.1914893617021277,RoBERTa/BERT,-0.24742008756058176
ecb_pc,ECB press conferences,ECB,press_conference,2000-06-08,net_score,0.5151515151515151,Dictionary,1.3963163642686314
ecb_pc,ECB press conferences,ECB,press_conference,2000-06-08,rf_score,-0.08442265795206971,Random Forest,-0.2393785808252204
ecb_pc,ECB press conferences,ECB,press_conference,2000-06-08,bert_score,0.2054794520547945,RoBERTa/BERT,1.8658865763153631
ecb_pc,ECB press conferences,ECB,press_conference,2000-07-06,net_score,0.4545454545454546,Dictionary,1.2248932922159197
ecb_pc,ECB press conferences,ECB,press_conference,2000-07-06,rf_score,0.5083396879070882,Random Forest,1.499838446664575
ecb_pc,ECB press conferences,ECB,press_conference,2000-07-06,bert_score,0.1,RoBERTa/BERT,1.3043552388287962
ecb_pc,ECB press conferences,ECB,press_conference,2000-09-14,net_score,0.44,Dictionary,1.1837517549232688
ecb_pc,ECB press conferences,ECB,press_conference,2000-09-14,bert_score,-0.1232876712328767,RoBERTa/BERT,0.11565903090268648
ecb_pc,ECB press conferences,ECB,press_conference,2000-10-05,net_score,0.5,Dictionary,1.3534605962554533
ecb_pc,ECB press conferences,ECB,press_conference,2000-10-05,rf_score,0.08333333333333331,Random Forest,0.25283230022208336
ecb_pc,ECB press conferences,ECB,press_conference,2000-10-05,bert_score,-0.12727272727272726,RoBERTa/BERT,0.09444415156435104
ecb_pc,ECB press conferences,ECB,press_conference,2000-10-19,net_score,0.2222222222222222,Dictionary,0.5677715160138578
ecb_pc,ECB press conferences,ECB,press_conference,2000-10-19,bert_score,-0.2631578947368421,RoBERTa/BERT,-0.6289553195579698
ecb_pc,ECB press conferences,ECB,press_conference,2000-11-02,net_score,0.5333333333333333,Dictionary,1.4477432858844448
ecb_pc,ECB press conferences,ECB,press_conference,2000-11-02,bert_score,-0.2307692307692308,RoBERTa/BERT,-0.4565307435591504
ecb_pc,ECB press conferences,ECB,press_conference,2000-12-14,net_score,0.3,Dictionary,0.7877644584815046
ecb_pc,ECB press conferences,ECB,press_conference,2000-12-14,rf_score,-0.04521785534757378,Random Forest,-0.124348230592217
ecb_pc,ECB press conferences,ECB,press_conference,2000-12-14,bert_score,-0.16,RoBERTa/BERT,-0.07978304500172914
ecb_pc,ECB press conferences,ECB,press_conference,2001-02-01,net_score,0.1,Dictionary,0.22206832070755575
ecb_pc,ECB press conferences,ECB,press_conference,2001-02-01,rf_score,-0.00426864162042027,Random Forest,-0.0041996242002950886
ecb_pc,ECB press conferences,ECB,press_conference,2001-02-01,bert_score,-0.5384615384615384,RoBERTa/BERT,-2.0945642155479374
ecb_pc,ECB press conferences,ECB,press_conference,2001-03-01,net_score,0.3333333333333333,Dictionary,0.882047148110496
ecb_pc,ECB press conferences,ECB,press_conference,2001-03-01,bert_score,-0.13513513513513514,RoBERTa/BERT,0.05258776800493229
ecb_pc,ECB press conferences,ECB,press_conference,2001-05-10,net_score,0.3793103448275862,Dictionary,1.0120922372539325
ecb_pc,ECB press conferences,ECB,press_conference,2001-05-10,rf_score,-0.13476190476190475,Random Forest,-0.3870783728485801
ecb_pc,ECB press conferences,ECB,press_conference,2001-05-10,bert_score,-0.2608695652173913,RoBERTa/BERT,-0.6167731484276184
ecb_pc,ECB press conferences,ECB,press_conference,2001-06-07,net_score,0.36,Dictionary,0.9574732998136892
ecb_pc,ECB press conferences,ECB,press_conference,2001-06-07,rf_score,4.025764895330109e-4,Random Forest,0.009506141917783867
ecb_pc,ECB press conferences,ECB,press_conference,2001-06-07,bert_score,-0.2682926829268293,RoBERTa/BERT,-0.656290923069978
ecb_pc,ECB press conferences,ECB,press_conference,2001-06-21,net_score,0.15789473684210523,Dictionary,0.38582246585264607
ecb_pc,ECB press conferences,ECB,press_conference,2001-06-21,bert_score,-0.1891891891891892,RoBERTa/BERT,-0.2351748689660709
ecb_pc,ECB press conferences,ECB,press_conference,2001-07-05,net_score,0.2631578947368421,Dictionary,0.6835572752073561
ecb_pc,ECB press conferences,ECB,press_conference,2001-07-05,rf_score,-0.04145936981757877,Random Forest,-0.11332050240231864
ecb_pc,ECB press conferences,ECB,press_conference,2001-07-05,bert_score,-0.34615384615384615,RoBERTa/BERT,-1.0707932955549453
ecb_pc,ECB press conferences,ECB,press_conference,2001-08-30,net_score,0.08333333333333333,Dictionary,0.17492697589305997
ecb_pc,ECB press conferences,ECB,press_conference,2001-08-30,rf_score,-0.32637495274845796,Random Forest,-0.9492879633791761
ecb_pc,ECB press conferences,ECB,press_conference,2001-08-30,bert_score,-0.5510204081632653,RoBERTa/BERT,-2.161422724608704
ecb_pc,ECB press conferences,ECB,press_conference,2001-10-11,net_score,-0.2727272727272727,Dictionary,-0.8321835724166216
ecb_pc,ECB press conferences,ECB,press_conference,2001-10-11,bert_score,-0.4545454545454546,RoBERTa/BERT,-1.6478278140964502
ecb_pc,ECB press conferences,ECB,press_conference,2001-11-08,net_score,-0.2258064516129032,Dictionary,-0.6994689359887156
ecb_pc,ECB press conferences,ECB,press_conference,2001-11-08,rf_score,0.1826923076923077,Random Forest,0.544360298324901
ecb_pc,ECB press conferences,ECB,press_conference,2001-11-08,bert_score,-0.40625,RoBERTa/BERT,-1.3907217080527554
ecb_pc,ECB press conferences,ECB,press_conference,2001-12-06,net_score,0.125,Dictionary,0.2927803379292993
ecb_pc,ECB press conferences,ECB,press_conference,2001-12-06,rf_score,-0.00446267078498483,Random Forest,-0.004768922890061195
ecb_pc,ECB press conferences,ECB,press_conference,2001-12-06,bert_score,-0.1914893617021277,RoBERTa/BERT,-0.24742008756058176
ecb_pc,ECB press conferences,ECB,press_conference,2001-12-13,net_score,0,Dictionary,-0.06077974817941871
ecb_pc,ECB press conferences,ECB,press_conference,2001-12-13,bert_score,0,RoBERTa/BERT,0.7719943604324403
ecb_pc,ECB press conferences,ECB,press_conference,2002-01-03,net_score,0.15789473684210523,Dictionary,0.38582246585264607
ecb_pc,ECB press conferences,ECB,press_conference,2002-01-03,bert_score,-0.1111111111111111,RoBERTa/BERT,0.18048227332537822
ecb_pc,ECB press conferences,ECB,press_conference,2002-02-07,net_score,0.14285714285714285,Dictionary,0.3432889216591162
ecb_pc,ECB press conferences,ECB,press_conference,2002-02-07,rf_score,-0.09866209259861096,Random Forest,-0.2811583385512232
ecb_pc,ECB press conferences,ECB,press_conference,2002-02-07,bert_score,0.06976744186046512,RoBERTa/BERT,1.1434089267554792
ecb_pc,ECB press conferences,ECB,press_conference,2002-03-07,net_score,0.05263157894736842,Dictionary,0.08808765649793623
ecb_pc,ECB press conferences,ECB,press_conference,2002-03-07,rf_score,0,Random Forest,0.008324946974559114
ecb_pc,ECB press conferences,ECB,press_conference,2002-03-07,bert_score,-0.3023255813953488,RoBERTa/BERT,-0.8374687603007285
ecb_pc,ECB press conferences,ECB,press_conference,2002-04-04,net_score,-0.17647058823529413,Dictionary,-0.5599233991564324
ecb_pc,ECB press conferences,ECB,press_conference,2002-04-04,rf_score,-0.09307461217502032,Random Forest,-0.26476417795488916
ecb_pc,ECB press conferences,ECB,press_conference,2002-04-04,bert_score,-0.06666666666666667,RoBERTa/BERT,0.417087108168203
ecb_pc,ECB press conferences,ECB,press_conference,2002-05-02,net_score,0.0588235294117647,Dictionary,0.10560146881291917
ecb_pc,ECB press conferences,ECB,press_conference,2002-05-02,rf_score,-0.00426864162042027,Random Forest,-0.0041996242002950886
ecb_pc,ECB press conferences,ECB,press_conference,2002-05-02,bert_score,-0.16666666666666666,RoBERTa/BERT,-0.1152737702281528
ecb_pc,ECB press conferences,ECB,press_conference,2002-06-06,net_score,0.2631578947368421,Dictionary,0.6835572752073561
ecb_pc,ECB press conferences,ECB,press_conference,2002-06-06,rf_score,4.025764895330109e-4,Random Forest,0.009506141917783867
ecb_pc,ECB press conferences,ECB,press_conference,2002-06-06,bert_score,-0.2307692307692308,RoBERTa/BERT,-0.4565307435591504
ecb_pc,ECB press conferences,ECB,press_conference,2002-07-04,net_score,0,Dictionary,-0.06077974817941871
ecb_pc,ECB press conferences,ECB,press_conference,2002-07-04,rf_score,4.208754208754207e-4,Random Forest,0.009559832597021357
ecb_pc,ECB press conferences,ECB,press_conference,2002-07-04,bert_score,-0.13725490196078433,RoBERTa/BERT,0.04130295871195175
ecb_pc,ECB press conferences,ECB,press_conference,2002-09-12,net_score,0.15789473684210523,Dictionary,0.38582246585264607
ecb_pc,ECB press conferences,ECB,press_conference,2002-09-12,rf_score,-0.6794139619803452,Random Forest,-1.9851355682641807
ecb_pc,ECB press conferences,ECB,press_conference,2002-09-12,bert_score,-0.3548387096774194,RoBERTa/BERT,-1.1170281112965645
ecb_pc,ECB press conferences,ECB,press_conference,2002-10-10,net_score,-0.1111111111111111,Dictionary,-0.3750553802760569
ecb_pc,ECB press conferences,ECB,press_conference,2002-10-10,rf_score,-0.09481011412829596,Random Forest,-0.26985629382470516
ecb_pc,ECB press conferences,ECB,press_conference,2002-10-10,bert_score,-0.06666666666666667,RoBERTa/BERT,0.417087108168203
ecb_pc,ECB press conferences,ECB,press_conference,2002-11-07,net_score,0.07692307692307693,Dictionary,0.15679568942594624
ecb_pc,ECB press conferences,ECB,press_conference,2002-11-07,rf_score,-0.11908110218227522,Random Forest,-0.34106951442207417
ecb_pc,ECB press conferences,ECB,press_conference,2002-11-07,bert_score,-0.23809523809523808,RoBERTa/BERT,-0.49553154051126413
ecb_pc,ECB press conferences,ECB,press_conference,2002-12-05,net_score,0.06666666666666667,Dictionary,0.12778563107856422
ecb_pc,ECB press conferences,ECB,press_conference,2002-12-05,rf_score,-0.6058201058201058,Random Forest,-1.769204700443951
ecb_pc,ECB press conferences,ECB,press_conference,2002-12-05,bert_score,-0.375,RoBERTa/BERT,-1.2243589335538942
ecb_pc,ECB press conferences,ECB,press_conference,2003-01-09,net_score,0.13043478260869565,Dictionary,0.3081525155862001
ecb_pc,ECB press conferences,ECB,press_conference,2003-01-09,bert_score,-0.09803921568627452,RoBERTa/BERT,0.2500719306320913
ecb_pc,ECB press conferences,ECB,press_conference,2003-02-06,net_score,-0.0625,Dictionary,-0.2375597912337777
ecb_pc,ECB press conferences,ECB,press_conference,2003-02-06,rf_score,-0.00528383687847175,Random Forest,-0.007178296667202347
ecb_pc,ECB press conferences,ECB,press_conference,2003-02-06,bert_score,-0.4084507042253521,RoBERTa/BERT,-1.4024373963977457
ecb_pc,ECB press conferences,ECB,press_conference,2003-03-06,net_score,-0.25,Dictionary,-0.7678999203968547
ecb_pc,ECB press conferences,ECB,press_conference,2003-03-06,rf_score,-0.125,Random Forest,-0.35843608289672735
ecb_pc,ECB press conferences,ECB,press_conference,2003-03-06,bert_score,-0.3684210526315789,RoBERTa/BERT,-1.189335191554134
ecb_pc,ECB press conferences,ECB,press_conference,2003-04-03,net_score,0.0588235294117647,Dictionary,0.10560146881291917
ecb_pc,ECB press conferences,ECB,press_conference,2003-04-03,rf_score,-0.07456054046963137,Random Forest,-0.21044225790865476
ecb_pc,ECB press conferences,ECB,press_conference,2003-04-03,bert_score,-0.3636363636363637,RoBERTa/BERT,-1.1638633791906723
ecb_pc,ECB press conferences,ECB,press_conference,2003-05-08,net_score,-0.13043478260869565,Dictionary,-0.4297120119450375
ecb_pc,ECB press conferences,ECB,press_conference,2003-05-08,rf_score,-0.00446267078498483,Random Forest,-0.004768922890061195
ecb_pc,ECB press conferences,ECB,press_conference,2003-05-08,bert_score,-0.22448979591836735,RoBERTa/BERT,-0.42310148902876676
ecb_pc,ECB press conferences,ECB,press_conference,2003-06-05,net_score,-0.2,Dictionary,-0.6264758859533676
ecb_pc,ECB press conferences,ECB,press_conference,2003-06-05,rf_score,-0.9416666666666668,Random Forest,-2.7546081447224657
ecb_pc,ECB press conferences,ECB,press_conference,2003-06-05,bert_score,-0.23943661971830985,RoBERTa/BERT,-0.5026725315024962
ecb_pc,ECB press conferences,ECB,press_conference,2003-07-10,net_score,-0.15384615384615383,Dictionary,-0.4959306233901485
ecb_pc,ECB press conferences,ECB,press_conference,2003-07-10,rf_score,-0.00460448642266824,Random Forest,-0.005185022484690161
ecb_pc,ECB press conferences,ECB,press_conference,2003-07-10,bert_score,-0.3,RoBERTa/BERT,-0.8250882747566273
ecb_pc,ECB press conferences,ECB,press_conference,2003-09-04,net_score,-0.15384615384615383,Dictionary,-0.4959306233901485
ecb_pc,ECB press conferences,ECB,press_conference,2003-09-04,rf_score,-0.14362292443054692,Random Forest,-0.4130773864436275
ecb_pc,ECB press conferences,ECB,press_conference,2003-09-04,bert_score,-0.10714285714285714,RoBERTa/BERT,0.20160770500777328
ecb_pc,ECB press conferences,ECB,press_conference,2003-10-02,net_score,0.06666666666666667,Dictionary,0.12778563107856422
ecb_pc,ECB press conferences,ECB,press_conference,2003-10-02,rf_score,-0.0047505850291774,Random Forest,-0.005613688687778636
ecb_pc,ECB press conferences,ECB,press_conference,2003-10-02,bert_score,-0.13725490196078433,RoBERTa/BERT,0.04130295871195175
ecb_pc,ECB press conferences,ECB,press_conference,2003-11-06,net_score,0.2,Dictionary,0.5049163895945302
ecb_pc,ECB press conferences,ECB,press_conference,2003-11-06,rf_score,-0.00134408602150538,Random Forest,0.004381279986695808
ecb_pc,ECB press conferences,ECB,press_conference,2003-11-06,bert_score,0.08695652173913043,RoBERTa/BERT,1.2349168633857932
ecb_pc,ECB press conferences,ECB,press_conference,2003-12-04,net_score,0.4545454545454546,Dictionary,1.2248932922159197
ecb_pc,ECB press conferences,ECB,press_conference,2003-12-04,rf_score,-0.00473991249392318,Random Forest,-0.0055823745276092325
ecb_pc,ECB press conferences,ECB,press_conference,2003-12-04,bert_score,0.04225352112676056,RoBERTa/BERT,0.9969355766562525
ecb_pc,ECB press conferences,ECB,press_conference,2004-01-08,net_score,0.2,Dictionary,0.5049163895945302
ecb_pc,ECB press conferences,ECB,press_conference,2004-01-08,rf_score,-0.09353191000918272,Random Forest,-0.2661059301518116
ecb_pc,ECB press conferences,ECB,press_conference,2004-01-08,bert_score,-0.2272727272727273,RoBERTa/BERT,-0.437916726832005
ecb_pc,ECB press conferences,ECB,press_conference,2004-02-05,net_score,0.3684210526315789,Dictionary,0.981292084562066
ecb_pc,ECB press conferences,ECB,press_conference,2004-02-05,rf_score,-0.0047505850291774,Random Forest,-0.005613688687778636
ecb_pc,ECB press conferences,ECB,press_conference,2004-02-05,bert_score,-0.02222222222222222,RoBERTa/BERT,0.6536919430110278
ecb_pc,ECB press conferences,ECB,press_conference,2004-03-04,net_score,0.2631578947368421,Dictionary,0.6835572752073561
ecb_pc,ECB press conferences,ECB,press_conference,2004-03-04,rf_score,-0.07549054009017969,Random Forest,-0.21317095885755244
ecb_pc,ECB press conferences,ECB,press_conference,2004-03-04,bert_score,-0.18333333333333332,RoBERTa/BERT,-0.20400058329421208
ecb_pc,ECB press conferences,ECB,press_conference,2004-04-01,net_score,0.04761904761904761,Dictionary,0.07390980843342622
ecb_pc,ECB press conferences,ECB,press_conference,2004-04-01,rf_score,0.31889563503413837,Random Forest,0.943992879187187
ecb_pc,ECB press conferences,ECB,press_conference,2004-04-01,bert_score,-0.2272727272727273,RoBERTa/BERT,-0.437916726832005
ecb_pc,ECB press conferences,ECB,press_conference,2004-05-06,net_score,0.15789473684210523,Dictionary,0.38582246585264607
ecb_pc,ECB press conferences,ECB,press_conference,2004-05-06,rf_score,0.2957990515723425,Random Forest,0.8762254652915359
ecb_pc,ECB press conferences,ECB,press_conference,2004-05-06,bert_score,0.1232876712328767,RoBERTa/BERT,1.428329689962194
ecb_pc,ECB press conferences,ECB,press_conference,2004-06-03,net_score,0.3684210526315789,Dictionary,0.981292084562066
ecb_pc,ECB press conferences,ECB,press_conference,2004-06-03,rf_score,4.553734061930781e-4,Random Forest,0.009661052730010066
ecb_pc,ECB press conferences,ECB,press_conference,2004-06-03,bert_score,-0.11904761904761904,RoBERTa/BERT,0.13823140996058808
ecb_pc,ECB press conferences,ECB,press_conference,2004-07-01,net_score,0.6744186046511628,Dictionary,1.8468002512908739
ecb_pc,ECB press conferences,ECB,press_conference,2004-07-01,rf_score,-0.00426864162042027,Random Forest,-0.0041996242002950886
ecb_pc,ECB press conferences,ECB,press_conference,2004-07-01,bert_score,0.16923076923076924,RoBERTa/BERT,1.6729127700262734
ecb_pc,ECB press conferences,ECB,press_conference,2004-09-02,net_score,0.3333333333333333,Dictionary,0.882047148110496
ecb_pc,ECB press conferences,ECB,press_conference,2004-09-02,rf_score,-0.12172608034209122,Random Forest,-0.34883011373312356
ecb_pc,ECB press conferences,ECB,press_conference,2004-09-02,bert_score,-0.05128205128205128,RoBERTa/BERT,0.4989887817676424
ecb_pc,ECB press conferences,ECB,press_conference,2004-10-07,net_score,0.4375,Dictionary,1.1766805532010944
ecb_pc,ECB press conferences,ECB,press_conference,2004-10-07,rf_score,-0.0058602554470323,Random Forest,-0.008869559609939947
ecb_pc,ECB press conferences,ECB,press_conference,2004-10-07,bert_score,-0.15492957746478872,RoBERTa/BERT,-0.052790099054871586
ecb_pc,ECB press conferences,ECB,press_conference,2004-11-04,net_score,0.7183098591549296,Dictionary,1.9709458170650456
ecb_pc,ECB press conferences,ECB,press_conference,2004-11-04,rf_score,-0.02823315118397085,Random Forest,-0.07451360986339993
ecb_pc,ECB press conferences,ECB,press_conference,2004-11-04,bert_score,0.02272727272727272,RoBERTa/BERT,0.8929854691588847
ecb_pc,ECB press conferences,ECB,press_conference,2004-12-02,net_score,0.5428571428571428,Dictionary,1.4746811972070137
ecb_pc,ECB press conferences,ECB,press_conference,2004-12-02,rf_score,0,Random Forest,0.008324946974559114
ecb_pc,ECB press conferences,ECB,press_conference,2004-12-02,bert_score,0.1891891891891892,RoBERTa/BERT,1.7791635898309515
ecb_pc,ECB press conferences,ECB,press_conference,2005-01-13,net_score,0.3939393939393939,Dictionary,1.0534702201632078
ecb_pc,ECB press conferences,ECB,press_conference,2005-01-13,rf_score,-7.301028165409701e-4,Random Forest,0.0061827608873071685
ecb_pc,ECB press conferences,ECB,press_conference,2005-01-13,bert_score,0.01408450704225352,RoBERTa/BERT,0.8469747658403778
ecb_pc,ECB press conferences,ECB,press_conference,2005-01-20,net_score,0,Dictionary,-0.06077974817941871
ecb_pc,ECB press conferences,ECB,press_conference,2005-01-20,bert_score,-0.16666666666666666,RoBERTa/BERT,-0.1152737702281528
ecb_pc,ECB press conferences,ECB,press_conference,2005-02-03,net_score,0.4857142857142857,Dictionary,1.3130537292715998
ecb_pc,ECB press conferences,ECB,press_conference,2005-02-03,rf_score,0,Random Forest,0.008324946974559114
ecb_pc,ECB press conferences,ECB,press_conference,2005-02-03,bert_score,0.025,RoBERTa/BERT,0.9050845800315291
ecb_pc,ECB press conferences,ECB,press_conference,2005-03-03,net_score,0.3333333333333333,Dictionary,0.882047148110496
ecb_pc,ECB press conferences,ECB,press_conference,2005-03-03,rf_score,-0.00528383687847175,Random Forest,-0.007178296667202347
ecb_pc,ECB press conferences,ECB,press_conference,2005-03-03,bert_score,-0.1919191919191919,RoBERTa/BERT,-0.2497083354797578
ecb_pc,ECB press conferences,ECB,press_conference,2005-04-07,net_score,0.45,Dictionary,1.2120365618119662
ecb_pc,ECB press conferences,ECB,press_conference,2005-04-07,rf_score,-0.01029294434659561,Random Forest,-0.02187545997716282
ecb_pc,ECB press conferences,ECB,press_conference,2005-04-07,bert_score,-0.13513513513513514,RoBERTa/BERT,0.05258776800493229
ecb_pc,ECB press conferences,ECB,press_conference,2005-06-02,net_score,0.34782608695652173,Dictionary,0.9230396218622314
ecb_pc,ECB press conferences,ECB,press_conference,2005-06-02,rf_score,-0.08064840441889623,Random Forest,-0.22830458792264402
ecb_pc,ECB press conferences,ECB,press_conference,2005-06-02,bert_score,0.18095238095238095,RoBERTa/BERT,1.7353140451496558
ecb_pc,ECB press conferences,ECB,press_conference,2005-07-07,net_score,0.28205128205128205,Dictionary,0.736996856373586
ecb_pc,ECB press conferences,ECB,press_conference,2005-07-07,rf_score,0.01683805199430199,Random Forest,0.05772927729821085
ecb_pc,ECB press conferences,ECB,press_conference,2005-07-07,bert_score,0.0379746835443038,RoBERTa/BERT,0.9741567193171324
ecb_pc,ECB press conferences,ECB,press_conference,2005-09-01,net_score,0.2653061224489796,Dictionary,0.6896334958064319
ecb_pc,ECB press conferences,ECB,press_conference,2005-09-01,rf_score,0.3382053295951415,Random Forest,1.0006492268967349
ecb_pc,ECB press conferences,ECB,press_conference,2005-09-01,bert_score,-0.11428571428571428,RoBERTa/BERT,0.16358192797946214
ecb_pc,ECB press conferences,ECB,press_conference,2005-10-06,net_score,0.5443037974683544,Dictionary,1.4787730318382901
ecb_pc,ECB press conferences,ECB,press_conference,2005-10-06,rf_score,0.10482262659682016,Random Forest,0.31588378285026364
ecb_pc,ECB press conferences,ECB,press_conference,2005-10-06,bert_score,0.225,RoBERTa/BERT,1.9698063368242409
ecb_pc,ECB press conferences,ECB,press_conference,2005-11-03,net_score,0.48,Dictionary,1.2968909824780586
ecb_pc,ECB press conferences,ECB,press_conference,2005-11-03,rf_score,-0.00488354620586025,Random Forest,-0.006003808512523436
ecb_pc,ECB press conferences,ECB,press_conference,2005-11-03,bert_score,0.14942528735632185,RoBERTa/BERT,1.5674761327488342
ecb_pc,ECB press conferences,ECB,press_conference,2005-12-01,net_score,0.4693877551020408,Dictionary,1.2668744527186244
ecb_pc,ECB press conferences,ECB,press_conference,2005-12-01,rf_score,0.8285714285714285,Random Forest,2.4394266306928007
ecb_pc,ECB press conferences,ECB,press_conference,2005-12-01,bert_score,-0.13333333333333333,RoBERTa/BERT,0.062179855903965776
ecb_pc,ECB press conferences,ECB,press_conference,2006-01-12,net_score,0.12,Dictionary,0.2786379344849506
ecb_pc,ECB press conferences,ECB,press_conference,2006-01-12,rf_score,-0.03790470689297669,Random Forest,-0.10289080772173993
ecb_pc,ECB press conferences,ECB,press_conference,2006-01-12,bert_score,0.01639344262295082,RoBERTa/BERT,0.8592666355793838
ecb_pc,ECB press conferences,ECB,press_conference,2006-02-02,net_score,0.07692307692307693,Dictionary,0.15679568942594624
ecb_pc,ECB press conferences,ECB,press_conference,2006-02-02,rf_score,0.17596469312887225,Random Forest,0.5246208835579997
ecb_pc,ECB press conferences,ECB,press_conference,2006-02-02,bert_score,-0.05128205128205128,RoBERTa/BERT,0.4989887817676424
ecb_pc,ECB press conferences,ECB,press_conference,2006-03-02,net_score,0.4,Dictionary,1.070612527368479
ecb_pc,ECB press conferences,ECB,press_conference,2006-03-02,rf_score,-0.5774380165289256,Random Forest,-1.6859291460572943
ecb_pc,ECB press conferences,ECB,press_conference,2006-03-02,bert_score,0.02439024390243902,RoBERTa/BERT,0.9018384771144782
ecb_pc,ECB press conferences,ECB,press_conference,2006-04-06,net_score,0.12,Dictionary,0.2786379344849506
ecb_pc,ECB press conferences,ECB,press_conference,2006-04-06,rf_score,0.05228139101378538,Random Forest,0.1617231614651139
ecb_pc,ECB press conferences,ECB,press_conference,2006-04-06,bert_score,-0.2345679012345679,RoBERTa/BERT,-0.47675337901580184
ecb_pc,ECB press conferences,ECB,press_conference,2006-05-04,net_score,0.35714285714285715,Dictionary,0.9493919264169185
ecb_pc,ECB press conferences,ECB,press_conference,2006-05-04,rf_score,0.0566148290785972,Random Forest,0.17443785112538443
ecb_pc,ECB press conferences,ECB,press_conference,2006-05-04,bert_score,0.1111111111111111,RoBERTa/BERT,1.3635064475395022
ecb_pc,ECB press conferences,ECB,press_conference,2006-06-08,net_score,0.2786885245901639,Dictionary,0.7274853618334608
ecb_pc,ECB press conferences,ECB,press_conference,2006-06-08,rf_score,0.9051724137931036,Random Forest,2.664180680525255
ecb_pc,ECB press conferences,ECB,press_conference,2006-06-08,bert_score,0.24390243902439024,RoBERTa/BERT,2.0704355272528203
ecb_pc,ECB press conferences,ECB,press_conference,2006-07-06,net_score,0.4,Dictionary,1.070612527368479
ecb_pc,ECB press conferences,ECB,press_conference,2006-07-06,rf_score,0,Random Forest,0.008324946974559114
ecb_pc,ECB press conferences,ECB,press_conference,2006-07-06,bert_score,0.05747126436781609,RoBERTa/BERT,1.0779488882464379
ecb_pc,ECB press conferences,ECB,press_conference,2006-08-03,net_score,0.12727272727272726,Dictionary,0.299208703131276
ecb_pc,ECB press conferences,ECB,press_conference,2006-08-03,rf_score,0.3388429752066116,Random Forest,1.0025201353859803
ecb_pc,ECB press conferences,ECB,press_conference,2006-08-03,bert_score,0.25301204819277107,RoBERTa/BERT,2.1189315226400876
ecb_pc,ECB press conferences,ECB,press_conference,2006-08-31,net_score,0.3333333333333333,Dictionary,0.882047148110496
ecb_pc,ECB press conferences,ECB,press_conference,2006-08-31,bert_score,0.14583333333333334,RoBERTa/BERT,1.5483539747604593
ecb_pc,ECB press conferences,ECB,press_conference,2006-10-05,net_score,0.21568627450980393,Dictionary,0.5492847141258203
ecb_pc,ECB press conferences,ECB,press_conference,2006-10-05,rf_score,1,Random Forest,2.942413185944851
ecb_pc,ECB press conferences,ECB,press_conference,2006-10-05,bert_score,-0.03571428571428571,RoBERTa/BERT,0.5818654752908846
ecb_pc,ECB press conferences,ECB,press_conference,2006-11-02,net_score,0.4230769230769231,Dictionary,1.1358851586500884
ecb_pc,ECB press conferences,ECB,press_conference,2006-11-02,rf_score,0.28851698806244264,Random Forest,0.854859248391704
ecb_pc,ECB press conferences,ECB,press_conference,2006-11-02,bert_score,0.11475409836065574,RoBERTa/BERT,1.3829002864610453
ecb_pc,ECB press conferences,ECB,press_conference,2006-12-07,net_score,0.32075471698113206,Dictionary,0.8464687746655936
ecb_pc,ECB press conferences,ECB,press_conference,2006-12-07,rf_score,0.9722222222222222,Random Forest,2.8609107348623426
ecb_pc,ECB press conferences,ECB,press_conference,2006-12-07,bert_score,0.03333333333333333,RoBERTa/BERT,0.9494479865645589
ecb_pc,ECB press conferences,ECB,press_conference,2007-01-11,net_score,0.4444444444444444,Dictionary,1.1963227802071341
ecb_pc,ECB press conferences,ECB,press_conference,2007-01-11,rf_score,0.4105810712152386,Random Forest,1.2130060391710145
ecb_pc,ECB press conferences,ECB,press_conference,2007-01-11,bert_score,0.06666666666666667,RoBERTa/BERT,1.1269016126966773
ecb_pc,ECB press conferences,ECB,press_conference,2007-02-08,net_score,0.38461538461538464,Dictionary,1.027097439847406
ecb_pc,ECB press conferences,ECB,press_conference,2007-02-08,rf_score,0.3523355444997236,Random Forest,1.042108524262392
ecb_pc,ECB press conferences,ECB,press_conference,2007-02-08,bert_score,0.2087912087912088,RoBERTa/BERT,1.883517073567689
ecb_pc,ECB press conferences,ECB,press_conference,2007-03-08,net_score,0.43478260869565216,Dictionary,1.168994464372644
ecb_pc,ECB press conferences,ECB,press_conference,2007-03-08,rf_score,1,Random Forest,2.942413185944851
ecb_pc,ECB press conferences,ECB,press_conference,2007-03-08,bert_score,-0.0091743119266055,RoBERTa/BERT,0.7231539128731416
ecb_pc,ECB press conferences,ECB,press_conference,2007-04-12,net_score,0.2631578947368421,Dictionary,0.6835572752073561
ecb_pc,ECB press conferences,ECB,press_conference,2007-04-12,rf_score,4.553734061930781e-4,Random Forest,0.009661052730010066
ecb_pc,ECB press conferences,ECB,press_conference,2007-04-12,bert_score,0.01149425287356321,RoBERTa/BERT,0.8331852659952397
ecb_pc,ECB press conferences,ECB,press_conference,2007-05-10,net_score,0.4358974358974359,Dictionary,1.172147731584316
ecb_pc,ECB press conferences,ECB,press_conference,2007-05-10,rf_score,0.18712999179100873,Random Forest,0.5573808550471651
ecb_pc,ECB press conferences,ECB,press_conference,2007-05-10,bert_score,0.01176470588235294,RoBERTa/BERT,0.834625052008482
ecb_pc,ECB press conferences,ECB,press_conference,2007-07-05,net_score,0.3181818181818182,Dictionary,0.8391913800973181
ecb_pc,ECB press conferences,ECB,press_conference,2007-07-05,rf_score,-0.01909722222222222,Random Forest,-0.0477079881446652
ecb_pc,ECB press conferences,ECB,press_conference,2007-07-05,bert_score,0.02083333333333333,RoBERTa/BERT,0.8829028767650143
ecb_pc,ECB press conferences,ECB,press_conference,2007-08-02,net_score,0.47368421052631576,Dictionary,1.279026893916776
ecb_pc,ECB press conferences,ECB,press_conference,2007-08-02,rf_score,-0.07647191913425952,Random Forest,-0.21605041156875895
ecb_pc,ECB press conferences,ECB,press_conference,2007-08-02,bert_score,0,RoBERTa/BERT,0.7719943604324403
ecb_pc,ECB press conferences,ECB,press_conference,2007-09-06,net_score,0.3333333333333333,Dictionary,0.882047148110496
ecb_pc,ECB press conferences,ECB,press_conference,2007-09-06,rf_score,0.05039768843596594,Random Forest,0.15619621188581587
ecb_pc,ECB press conferences,ECB,press_conference,2007-09-06,bert_score,0.07865168539325842,RoBERTa/BERT,1.190705163665529
ecb_pc,ECB press conferences,ECB,press_conference,2007-10-04,net_score,0.3584905660377358,Dictionary,0.9532038950003009
ecb_pc,ECB press conferences,ECB,press_conference,2007-10-04,rf_score,0.07548343394497241,Random Forest,0.22980000274959353
ecb_pc,ECB press conferences,ECB,press_conference,2007-10-04,bert_score,0.2,RoBERTa/BERT,1.836716117225152
ecb_pc,ECB press conferences,ECB,press_conference,2007-11-08,net_score,0.5714285714285714,Dictionary,1.5554949311747208
ecb_pc,ECB press conferences,ECB,press_conference,2007-11-08,rf_score,0.08297501643655492,Random Forest,0.2517809668294215
ecb_pc,ECB press conferences,ECB,press_conference,2007-11-08,bert_score,0.0297029702970297,RoBERTa/BERT,0.9301213540155162
ecb_pc,ECB press conferences,ECB,press_conference,2007-12-06,net_score,0.6363636363636364,Dictionary,1.739162508374055
ecb_pc,ECB press conferences,ECB,press_conference,2007-12-06,rf_score,0.14325536386939897,Random Forest,0.42864882527317233
ecb_pc,ECB press conferences,ECB,press_conference,2007-12-06,bert_score,0.04166666666666666,RoBERTa/BERT,0.9938113930975885
ecb_pc,ECB press conferences,ECB,press_conference,2008-01-10,net_score,0.6666666666666666,Dictionary,1.8248740444004106
ecb_pc,ECB press conferences,ECB,press_conference,2008-01-10,rf_score,4.789272030651338e-4,Random Forest,0.00973016164839546
ecb_pc,ECB press conferences,ECB,press_conference,2008-01-10,bert_score,0,RoBERTa/BERT,0.7719943604324403
ecb_pc,ECB press conferences,ECB,press_conference,2008-02-07,net_score,0.5272727272727272,Dictionary,1.4306009786791736
ecb_pc,ECB press conferences,ECB,press_conference,2008-02-07,rf_score,0,Random Forest,0.008324946974559114
ecb_pc,ECB press conferences,ECB,press_conference,2008-02-07,bert_score,-0.2608695652173913,RoBERTa/BERT,-0.6167731484276184
ecb_pc,ECB press conferences,ECB,press_conference,2008-03-06,net_score,0.4375,Dictionary,1.1766805532010944
ecb_pc,ECB press conferences,ECB,press_conference,2008-03-06,rf_score,0,Random Forest,0.008324946974559114
ecb_pc,ECB press conferences,ECB,press_conference,2008-03-06,bert_score,-0.09090909090909093,RoBERTa/BERT,0.2880299255266621
ecb_pc,ECB press conferences,ECB,press_conference,2008-04-10,net_score,0.5942028985507246,Dictionary,1.6199116756417336
ecb_pc,ECB press conferences,ECB,press_conference,2008-04-10,rf_score,-0.08823784722222222,Random Forest,-0.25057268279222056
ecb_pc,ECB press conferences,ECB,press_conference,2008-04-10,bert_score,-0.26126126126126126,RoBERTa/BERT,-0.6188583849274084
ecb_pc,ECB press conferences,ECB,press_conference,2008-05-08,net_score,0.4925373134328358,Dictionary,1.332352531413142
ecb_pc,ECB press conferences,ECB,press_conference,2008-05-08,rf_score,0.01836219336219335,Random Forest,0.06220124256026898
ecb_pc,ECB press conferences,ECB,press_conference,2008-05-08,bert_score,-0.08256880733944955,RoBERTa/BERT,0.3324303323987519
ecb_pc,ECB press conferences,ECB,press_conference,2008-06-05,net_score,0.5277777777777778,Dictionary,1.432029504279613
ecb_pc,ECB press conferences,ECB,press_conference,2008-06-05,rf_score,-0.015625,Random Forest,-0.03752018175935169
ecb_pc,ECB press conferences,ECB,press_conference,2008-06-05,bert_score,0.03389830508474576,RoBERTa/BERT,0.9524556751430693
ecb_pc,ECB press conferences,ECB,press_conference,2008-07-03,net_score,0.5692307692307692,Dictionary,1.5492784901002818
ecb_pc,ECB press conferences,ECB,press_conference,2008-07-03,rf_score,-0.2647058823529411,Random Forest,-0.7683454692234591
ecb_pc,ECB press conferences,ECB,press_conference,2008-07-03,bert_score,0,RoBERTa/BERT,0.7719943604324403
ecb_pc,ECB press conferences,ECB,press_conference,2008-08-07,net_score,0.3968253968253968,Dictionary,1.0616332235942894
ecb_pc,ECB press conferences,ECB,press_conference,2008-08-07,rf_score,3.805175038051748e-4,Random Forest,0.009441418907196209
ecb_pc,ECB press conferences,ECB,press_conference,2008-08-07,bert_score,-0.22916666666666663,RoBERTa/BERT,-0.44799931922587505
ecb_pc,ECB press conferences,ECB,press_conference,2008-09-04,net_score,0.6578947368421053,Dictionary,1.8000628102875185
ecb_pc,ECB press conferences,ECB,press_conference,2008-09-04,rf_score,-0.02339553202479338,Random Forest,-0.06031960838383996
ecb_pc,ECB press conferences,ECB,press_conference,2008-09-04,bert_score,-0.28695652173913044,RoBERTa/BERT,-0.7556498993136245
ecb_pc,ECB press conferences,ECB,press_conference,2008-10-02,net_score,0.3783783783783784,Dictionary,1.0094561881496737
ecb_pc,ECB press conferences,ECB,press_conference,2008-10-02,rf_score,-0.00481065745651905,Random Forest,-0.005789946490328169
ecb_pc,ECB press conferences,ECB,press_conference,2008-10-02,bert_score,-0.3636363636363637,RoBERTa/BERT,-1.1638633791906723
ecb_pc,ECB press conferences,ECB,press_conference,2008-11-06,net_score,0.01639344262295082,Dictionary,-0.014411212296308146
ecb_pc,ECB press conferences,ECB,press_conference,2008-11-06,rf_score,-0.75,Random Forest,-2.1922412322531595
ecb_pc,ECB press conferences,ECB,press_conference,2008-11-06,bert_score,-0.3684210526315789,RoBERTa/BERT,-1.189335191554134
ecb_pc,ECB press conferences,ECB,press_conference,2008-12-04,net_score,-0.14285714285714285,Dictionary,-0.46484841801795357
ecb_pc,ECB press conferences,ECB,press_conference,2008-12-04,rf_score,-0.3333333333333333,Random Forest,-0.9697044660155381
ecb_pc,ECB press conferences,ECB,press_conference,2008-12-04,bert_score,-0.5572519083969466,RoBERTa/BERT,-2.194596793990001
ecb_pc,ECB press conferences,ECB,press_conference,2009-01-15,net_score,0.04,Dictionary,0.05235947937537106
ecb_pc,ECB press conferences,ECB,press_conference,2009-01-15,rf_score,-0.47619047619047616,Random Forest,-1.3888599287255798
ecb_pc,ECB press conferences,ECB,press_conference,2009-01-15,bert_score,-0.5230769230769231,RoBERTa/BERT,-2.0126625419484983
ecb_pc,ECB press conferences,ECB,press_conference,2009-02-05,net_score,0.05,Dictionary,0.08064428626406851
ecb_pc,ECB press conferences,ECB,press_conference,2009-02-05,rf_score,-0.01940051667526642,Random Forest,-0.04859788083228711
ecb_pc,ECB press conferences,ECB,press_conference,2009-02-05,bert_score,-0.6666666666666666,RoBERTa/BERT,-2.777078162209932
ecb_pc,ECB press conferences,ECB,press_conference,2009-03-05,net_score,-0.10526315789473684,Dictionary,-0.3585145575341286
ecb_pc,ECB press conferences,ECB,press_conference,2009-03-05,rf_score,-0.7777777777777778,Random Forest,-2.2737436833356677
ecb_pc,ECB press conferences,ECB,press_conference,2009-03-05,bert_score,-0.4945054945054945,RoBERTa/BERT,-1.8605594338352536
ecb_pc,ECB press conferences,ECB,press_conference,2009-04-02,net_score,-0.29411764705882354,Dictionary,-0.8926858331411082
ecb_pc,ECB press conferences,ECB,press_conference,2009-04-02,rf_score,-1,Random Forest,-2.925763291995733
ecb_pc,ECB press conferences,ECB,press_conference,2009-04-02,bert_score,-0.3763440860215054,RoBERTa/BERT,-1.231514321704383
ecb_pc,ECB press conferences,ECB,press_conference,2009-05-07,net_score,-0.4545454545454546,Dictionary,-1.346452788574757
ecb_pc,ECB press conferences,ECB,press_conference,2009-05-07,rf_score,-0.977777777777778,Random Forest,-2.860561331129727
ecb_pc,ECB press conferences,ECB,press_conference,2009-05-07,bert_score,-0.3592233009708738,RoBERTa/BERT,-1.1403699600204886
ecb_pc,ECB press conferences,ECB,press_conference,2009-06-04,net_score,-0.2352941176470588,Dictionary,-0.7263046161487703
ecb_pc,ECB press conferences,ECB,press_conference,2009-06-04,rf_score,4.208754208754207e-4,Random Forest,0.009559832597021357
ecb_pc,ECB press conferences,ECB,press_conference,2009-06-04,bert_score,0.01886792452830188,RoBERTa/BERT,0.8724398091864697
ecb_pc,ECB press conferences,ECB,press_conference,2009-07-02,net_score,-0.21428571428571427,Dictionary,-0.666882752937221
ecb_pc,ECB press conferences,ECB,press_conference,2009-07-02,rf_score,3.805175038051748e-4,Random Forest,0.009441418907196209
ecb_pc,ECB press conferences,ECB,press_conference,2009-07-02,bert_score,-0.0891089108910891,RoBERTa/BERT,0.2976133796832123
ecb_pc,ECB press conferences,ECB,press_conference,2009-08-06,net_score,0,Dictionary,-0.06077974817941871
ecb_pc,ECB press conferences,ECB,press_conference,2009-08-06,rf_score,0.0042087542087542,Random Forest,0.020673803199181526
ecb_pc,ECB press conferences,ECB,press_conference,2009-08-06,bert_score,-0.3076923076923077,RoBERTa/BERT,-0.866039111556347
ecb_pc,ECB press conferences,ECB,press_conference,2009-09-03,net_score,0.07142857142857142,Dictionary,0.14125458673984873
ecb_pc,ECB press conferences,ECB,press_conference,2009-09-03,rf_score,-0.10097070039653772,Random Forest,-0.28793199753951515
ecb_pc,ECB press conferences,ECB,press_conference,2009-09-03,bert_score,-0.2743362831858407,RoBERTa/BERT,-0.6884646864956155
ecb_pc,ECB press conferences,ECB,press_conference,2009-10-08,net_score,-0.1111111111111111,Dictionary,-0.3750553802760569
ecb_pc,ECB press conferences,ECB,press_conference,2009-10-08,rf_score,4.3402777777777754e-4,Random Forest,0.009598422772723303
ecb_pc,ECB press conferences,ECB,press_conference,2009-10-08,bert_score,-0.2307692307692308,RoBERTa/BERT,-0.4565307435591504
ecb_pc,ECB press conferences,ECB,press_conference,2009-10-29,net_score,0,Dictionary,-0.06077974817941871
ecb_pc,ECB press conferences,ECB,press_conference,2009-10-29,bert_score,0,RoBERTa/BERT,0.7719943604324403
ecb_pc,ECB press conferences,ECB,press_conference,2009-11-05,net_score,-0.03703703703703703,Dictionary,-0.16553829221163144
ecb_pc,ECB press conferences,ECB,press_conference,2009-11-05,rf_score,-0.00537190082644628,Random Forest,-0.007436684061231707
ecb_pc,ECB press conferences,ECB,press_conference,2009-11-05,bert_score,-0.1568627450980392,RoBERTa/BERT,-0.06308152724811796
ecb_pc,ECB press conferences,ECB,press_conference,2009-12-03,net_score,-0.3548387096774194,Dictionary,-1.064434186165457
ecb_pc,ECB press conferences,ECB,press_conference,2009-12-03,rf_score,-0.01149101537032572,Random Forest,-0.02539070607734043
ecb_pc,ECB press conferences,ECB,press_conference,2009-12-03,bert_score,-0.20833333333333337,RoBERTa/BERT,-0.33709080289330134
ecb_pc,ECB press conferences,ECB,press_conference,2010-01-14,net_score,0.12,Dictionary,0.2786379344849506
ecb_pc,ECB press conferences,ECB,press_conference,2010-01-14,rf_score,-0.1306384742951907,Random Forest,-0.3749798640119827
ecb_pc,ECB press conferences,ECB,press_conference,2010-01-14,bert_score,-0.23893805309734512,RoBERTa/BERT,-0.5000183578597374
ecb_pc,ECB press conferences,ECB,press_conference,2010-02-04,net_score,0.2413793103448276,Dictionary,0.621956969823623
ecb_pc,ECB press conferences,ECB,press_conference,2010-02-04,rf_score,-0.00460212924701561,Random Forest,-0.005178106323330592
ecb_pc,ECB press conferences,ECB,press_conference,2010-02-04,bert_score,-0.25,RoBERTa/BERT,-0.5589078355584494
ecb_pc,ECB press conferences,ECB,press_conference,2010-03-04,net_score,-0.25925925925925924,Dictionary,-0.7940895564049079
ecb_pc,ECB press conferences,ECB,press_conference,2010-03-04,rf_score,-0.01507436511162293,Random Forest,-0.03590457040939782
ecb_pc,ECB press conferences,ECB,press_conference,2010-03-04,bert_score,-0.21904761904761905,RoBERTa/BERT,-0.3941294684357678
ecb_pc,ECB press conferences,ECB,press_conference,2010-04-08,net_score,-0.15384615384615383,Dictionary,-0.4959306233901485
ecb_pc,ECB press conferences,ECB,press_conference,2010-04-08,rf_score,-0.00426864162042027,Random Forest,-0.0041996242002950886
ecb_pc,ECB press conferences,ECB,press_conference,2010-04-08,bert_score,0.02631578947368421,RoBERTa/BERT,0.9120893284314813
ecb_pc,ECB press conferences,ECB,press_conference,2010-05-06,net_score,0.2608695652173913,Dictionary,0.6770847793518189
ecb_pc,ECB press conferences,ECB,press_conference,2010-05-06,rf_score,-0.00414839819449294,Random Forest,-0.0038468193784682147
ecb_pc,ECB press conferences,ECB,press_conference,2010-05-06,bert_score,-0.0217391304347826,RoBERTa/BERT,0.656263734694102
ecb_pc,ECB press conferences,ECB,press_conference,2010-06-10,net_score,0.14893617021276595,Dictionary,0.360483333141607
ecb_pc,ECB press conferences,ECB,press_conference,2010-06-10,rf_score,-0.11343502084932786,Random Forest,-0.32450341358680357
ecb_pc,ECB press conferences,ECB,press_conference,2010-06-10,bert_score,0.04878048780487805,RoBERTa/BERT,1.0316825937965162
ecb_pc,ECB press conferences,ECB,press_conference,2010-07-08,net_score,0,Dictionary,-0.06077974817941871
ecb_pc,ECB press conferences,ECB,press_conference,2010-07-08,rf_score,0.2011718661726313,Random Forest,0.5985809535233821
ecb_pc,ECB press conferences,ECB,press_conference,2010-07-08,bert_score,-0.16666666666666666,RoBERTa/BERT,-0.1152737702281528
ecb_pc,ECB press conferences,ECB,press_conference,2010-08-05,net_score,0.15,Dictionary,0.36349235515104295
ecb_pc,ECB press conferences,ECB,press_conference,2010-08-05,rf_score,-0.08725032840117844,Random Forest,-0.24767521543363416
ecb_pc,ECB press conferences,ECB,press_conference,2010-08-05,bert_score,-0.09278350515463918,RoBERTa/BERT,0.278051277384275
ecb_pc,ECB press conferences,ECB,press_conference,2010-09-02,net_score,0.14285714285714285,Dictionary,0.3432889216591162
ecb_pc,ECB press conferences,ECB,press_conference,2010-09-02,rf_score,-0.21378746419792388,Random Forest,-0.6189463373678517
ecb_pc,ECB press conferences,ECB,press_conference,2010-09-02,bert_score,-0.03225806451612903,RoBERTa/BERT,0.6002650448207125
ecb_pc,ECB press conferences,ECB,press_conference,2010-10-07,net_score,-0.1875,Dictionary,-0.5911198773424957
ecb_pc,ECB press conferences,ECB,press_conference,2010-10-07,rf_score,-0.09972405182891468,Random Forest,-0.2842742206391233
ecb_pc,ECB press conferences,ECB,press_conference,2010-10-07,bert_score,0.07142857142857142,RoBERTa/BERT,1.1522521307155515
ecb_pc,ECB press conferences,ECB,press_conference,2010-11-04,net_score,-0.10344827586206896,Dictionary,-0.3533811987521509
ecb_pc,ECB press conferences,ECB,press_conference,2010-11-04,rf_score,-0.056007962007244,Random Forest,-0.15600735563959042
ecb_pc,ECB press conferences,ECB,press_conference,2010-11-04,bert_score,0.03896103896103896,RoBERTa/BERT,0.9794076896777738
ecb_pc,ECB press conferences,ECB,press_conference,2010-12-02,net_score,-0.2,Dictionary,-0.6264758859533676
ecb_pc,ECB press conferences,ECB,press_conference,2010-12-02,rf_score,-0.07090553897129631,Random Forest,-0.19971816099897108
ecb_pc,ECB press conferences,ECB,press_conference,2010-12-02,bert_score,0.12,RoBERTa/BERT,1.4108274145080673
ecb_pc,ECB press conferences,ECB,press_conference,2011-01-13,net_score,0.1020408163265306,Dictionary,0.2278407302766776
ecb_pc,ECB press conferences,ECB,press_conference,2011-01-13,rf_score,-0.07709997588568873,Random Forest,-0.2178931854965333
ecb_pc,ECB press conferences,ECB,press_conference,2011-01-13,bert_score,0.08256880733944955,RoBERTa/BERT,1.2115583884661285
ecb_pc,ECB press conferences,ECB,press_conference,2011-02-03,net_score,0.0175438596491228,Dictionary,-0.011157279953633746
ecb_pc,ECB press conferences,ECB,press_conference,2011-02-03,rf_score,0.22013428262167067,Random Forest,0.6542183566089653
ecb_pc,ECB press conferences,ECB,press_conference,2011-02-03,bert_score,0.11711711711711711,RoBERTa/BERT,1.3954800738696138
ecb_pc,ECB press conferences,ECB,press_conference,2011-03-03,net_score,0.30434782608695654,Dictionary,0.8000622006070253
ecb_pc,ECB press conferences,ECB,press_conference,2011-03-03,rf_score,0.20901651714459596,Random Forest,0.6215978516790505
ecb_pc,ECB press conferences,ECB,press_conference,2011-03-03,bert_score,0.1,RoBERTa/BERT,1.3043552388287962
ecb_pc,ECB press conferences,ECB,press_conference,2011-04-07,net_score,0.37142857142857144,Dictionary,0.989798793400772
ecb_pc,ECB press conferences,ECB,press_conference,2011-04-07,rf_score,0.8121647509578545,Random Forest,2.391287990866236
ecb_pc,ECB press conferences,ECB,press_conference,2011-04-07,bert_score,-0.13846153846153847,RoBERTa/BERT,0.03487929803748594
ecb_pc,ECB press conferences,ECB,press_conference,2011-05-05,net_score,0.3220338983050847,Dictionary,0.8500869143379565
ecb_pc,ECB press conferences,ECB,press_conference,2011-05-05,rf_score,-0.00433141576189704,Random Forest,-0.004383809070513537
ecb_pc,ECB press conferences,ECB,press_conference,2011-05-05,bert_score,-0.02564102564102564,RoBERTa/BERT,0.6354915711000414
ecb_pc,ECB press conferences,ECB,press_conference,2011-06-09,net_score,0.2982456140350877,Dictionary,0.782802211658926
ecb_pc,ECB press conferences,ECB,press_conference,2011-06-09,rf_score,-0.16790123456790126,Random Forest,-0.48431209067971215
ecb_pc,ECB press conferences,ECB,press_conference,2011-06-09,bert_score,0.14035087719298245,RoBERTa/BERT,1.5191675230939923
ecb_pc,ECB press conferences,ECB,press_conference,2011-07-07,net_score,0.36507936507936506,Dictionary,0.9718401858523926
ecb_pc,ECB press conferences,ECB,press_conference,2011-07-07,rf_score,0.8757407407407409,Random Forest,2.5778255547690985
ecb_pc,ECB press conferences,ECB,press_conference,2011-07-07,bert_score,-0.00787401574803149,RoBERTa/BERT,0.7300761810311525
ecb_pc,ECB press conferences,ECB,press_conference,2011-08-04,net_score,0.1836734693877551,Dictionary,0.45873711304155473
ecb_pc,ECB press conferences,ECB,press_conference,2011-08-04,rf_score,0,Random Forest,0.008324946974559114
ecb_pc,ECB press conferences,ECB,press_conference,2011-08-04,bert_score,-0.08771929824561403,RoBERTa/BERT,0.3050111337689702
ecb_pc,ECB press conferences,ECB,press_conference,2011-09-08,net_score,-0.20833333333333337,Dictionary,-0.6500465583606155
ecb_pc,ECB press conferences,ECB,press_conference,2011-09-08,rf_score,-1.228018469398573e-6,Random Forest,0.008321343860010813
ecb_pc,ECB press conferences,ECB,press_conference,2011-09-08,bert_score,0.02898550724637681,RoBERTa/BERT,0.9263018614168912
ecb_pc,ECB press conferences,ECB,press_conference,2011-10-06,net_score,-0.4444444444444444,Dictionary,-1.3178822765659717
ecb_pc,ECB press conferences,ECB,press_conference,2011-10-06,rf_score,-0.00453132725859998,Random Forest,-0.004970367041824581
ecb_pc,ECB press conferences,ECB,press_conference,2011-10-06,bert_score,-0.12605042016806722,RoBERTa/BERT,0.10095123640342027
ecb_pc,ECB press conferences,ECB,press_conference,2011-11-03,net_score,-0.2916666666666667,Dictionary,-0.8857532824330941
ecb_pc,ECB press conferences,ECB,press_conference,2011-11-03,rf_score,-0.2598540706605223,Random Forest,-0.7541098255990345
ecb_pc,ECB press conferences,ECB,press_conference,2011-11-03,bert_score,-0.3246753246753247,RoBERTa/BERT,-0.9564500499453386
ecb_pc,ECB press conferences,ECB,press_conference,2011-12-08,net_score,-0.5357142857142857,Dictionary,-1.5760372600739245
ecb_pc,ECB press conferences,ECB,press_conference,2011-12-08,rf_score,-0.39682539682539686,Random Forest,-1.1559957827755567
ecb_pc,ECB press conferences,ECB,press_conference,2011-12-08,bert_score,-0.2619047619047619,RoBERTa/BERT,-0.6222841306056347
ecb_pc,ECB press conferences,ECB,press_conference,2012-01-12,net_score,-0.5384615384615384,Dictionary,-1.5838078114169731
ecb_pc,ECB press conferences,ECB,press_conference,2012-01-12,rf_score,-0.08290275844844083,Random Forest,-0.23491906156720613
ecb_pc,ECB press conferences,ECB,press_conference,2012-01-12,bert_score,-0.28421052631578947,RoBERTa/BERT,-0.7410312939572027
ecb_pc,ECB press conferences,ECB,press_conference,2012-02-09,net_score,-0.4117647058823529,Dictionary,-1.2254482671257838
ecb_pc,ECB press conferences,ECB,press_conference,2012-02-09,rf_score,-0.0047505850291774,Random Forest,-0.005613688687778636
ecb_pc,ECB press conferences,ECB,press_conference,2012-02-09,bert_score,-0.21518987341772153,RoBERTa/BERT,-0.37359233991414836
ecb_pc,ECB press conferences,ECB,press_conference,2012-03-08,net_score,0.06666666666666667,Dictionary,0.12778563107856422
ecb_pc,ECB press conferences,ECB,press_conference,2012-03-08,rf_score,-0.04668606890014515,Random Forest,-0.12865609870911346
ecb_pc,ECB press conferences,ECB,press_conference,2012-03-08,bert_score,-0.27450980392156865,RoBERTa/BERT,-0.6893884430085367
ecb_pc,ECB press conferences,ECB,press_conference,2012-05-03,net_score,-0.2558139534883721,Dictionary,-0.7843445755647022
ecb_pc,ECB press conferences,ECB,press_conference,2012-05-03,rf_score,-0.02878927011158415,Random Forest,-0.07614531186837888
ecb_pc,ECB press conferences,ECB,press_conference,2012-05-03,bert_score,-0.2307692307692308,RoBERTa/BERT,-0.4565307435591504
ecb_pc,ECB press conferences,ECB,press_conference,2012-07-05,net_score,-0.24444444444444444,Dictionary,-0.7521861387920229
ecb_pc,ECB press conferences,ECB,press_conference,2012-07-05,rf_score,0.75,Random Forest,2.208891126202278
ecb_pc,ECB press conferences,ECB,press_conference,2012-07-05,bert_score,-0.47368421052631576,RoBERTa/BERT,-1.7497150635502978
ecb_pc,ECB press conferences,ECB,press_conference,2012-08-02,net_score,-0.2195121951219512,Dictionary,-0.6816657530532649
ecb_pc,ECB press conferences,ECB,press_conference,2012-08-02,rf_score,-0.00446267078498483,Random Forest,-0.004768922890061195
ecb_pc,ECB press conferences,ECB,press_conference,2012-08-02,bert_score,-0.3670886075949367,RoBERTa/BERT,-1.1822417754529169
ecb_pc,ECB press conferences,ECB,press_conference,2012-09-06,net_score,-0.08108108108108109,Dictionary,-0.2901160202499385
ecb_pc,ECB press conferences,ECB,press_conference,2012-09-06,rf_score,-0.00414839819449294,Random Forest,-0.0038468193784682147
ecb_pc,ECB press conferences,ECB,press_conference,2012-09-06,bert_score,-0.14285714285714285,RoBERTa/BERT,0.011478819866217632
ecb_pc,ECB press conferences,ECB,press_conference,2012-10-04,net_score,-0.06976744186046512,Dictionary,-0.2581156101935869
ecb_pc,ECB press conferences,ECB,press_conference,2012-10-04,rf_score,-0.0045396345012222,Random Forest,-0.004994741224700709
ecb_pc,ECB press conferences,ECB,press_conference,2012-10-04,bert_score,-0.3793103448275862,RoBERTa/BERT,-1.247305523139944
ecb_pc,ECB press conferences,ECB,press_conference,2012-11-08,net_score,0.14285714285714285,Dictionary,0.3432889216591162
ecb_pc,ECB press conferences,ECB,press_conference,2012-11-08,rf_score,-0.00519861370301253,Random Forest,-0.006928244350399747
ecb_pc,ECB press conferences,ECB,press_conference,2012-11-08,bert_score,-0.2727272727272727,RoBERTa/BERT,-0.6798989442848938
ecb_pc,ECB press conferences,ECB,press_conference,2012-12-06,net_score,-0.5151515151515151,Dictionary,-1.5178758606274687
ecb_pc,ECB press conferences,ECB,press_conference,2012-12-06,rf_score,-0.1508036935006632,Random Forest,-0.4341463965190174
ecb_pc,ECB press conferences,ECB,press_conference,2012-12-06,bert_score,-0.42528735632183906,RoBERTa/BERT,-1.492069145391142
ecb_pc,ECB press conferences,ECB,press_conference,2013-01-10,net_score,-0.2307692307692308,Dictionary,-0.7135060609955137
ecb_pc,ECB press conferences,ECB,press_conference,2013-01-10,rf_score,-0.07588154269972451,Random Forest,-0.21431819501562457
ecb_pc,ECB press conferences,ECB,press_conference,2013-01-10,bert_score,-0.49473684210526314,RoBERTa/BERT,-1.8617910379495308
ecb_pc,ECB press conferences,ECB,press_conference,2013-02-07,net_score,-0.0588235294117647,Dictionary,-0.22716096517175657
ecb_pc,ECB press conferences,ECB,press_conference,2013-02-07,rf_score,4.145936981757876e-4,Random Forest,0.00954140146832789
ecb_pc,ECB press conferences,ECB,press_conference,2013-02-07,bert_score,-0.32608695652173914,RoBERTa/BERT,-0.9639650256426332
ecb_pc,ECB press conferences,ECB,press_conference,2013-03-07,net_score,-0.3962264150943397,Dictionary,-1.181498511693846
ecb_pc,ECB press conferences,ECB,press_conference,2013-03-07,rf_score,-0.0831712850429428,Random Forest,-0.2357069422899851
ecb_pc,ECB press conferences,ECB,press_conference,2013-03-07,bert_score,-0.4727272727272727,RoBERTa/BERT,-1.7446207010776056
ecb_pc,ECB press conferences,ECB,press_conference,2013-04-04,net_score,-0.5294117647058824,Dictionary,-1.5582107011104598
ecb_pc,ECB press conferences,ECB,press_conference,2013-04-04,rf_score,3.8580246913580223e-4,Random Forest,0.00945692546181617
ecb_pc,ECB press conferences,ECB,press_conference,2013-04-04,bert_score,-0.4130434782608696,RoBERTa/BERT,-1.4268875285959863
ecb_pc,ECB press conferences,ECB,press_conference,2013-05-02,net_score,-0.4230769230769231,Dictionary,-1.2574446550089258
ecb_pc,ECB press conferences,ECB,press_conference,2013-05-02,rf_score,-0.47461629279811096,Random Forest,-1.3842411357480586
ecb_pc,ECB press conferences,ECB,press_conference,2013-05-02,bert_score,-0.5714285714285714,RoBERTa/BERT,-2.2700678018324503
ecb_pc,ECB press conferences,ECB,press_conference,2013-06-06,net_score,-0.5217391304347826,Dictionary,-1.5365088032418939
ecb_pc,ECB press conferences,ECB,press_conference,2013-06-06,rf_score,-0.01402116402116402,Random Forest,-0.03281438547661164
ecb_pc,ECB press conferences,ECB,press_conference,2013-06-06,bert_score,-0.415929203539823,RoBERTa/BERT,-1.4422500010391284
ecb_pc,ECB press conferences,ECB,press_conference,2013-07-04,net_score,-0.4909090909090909,Dictionary,-1.449306631806384
ecb_pc,ECB press conferences,ECB,press_conference,2013-07-04,rf_score,-0.27013075955882976,Random Forest,-0.784262537631115
ecb_pc,ECB press conferences,ECB,press_conference,2013-07-04,bert_score,-0.3176470588235294,RoBERTa/BERT,-0.91903431212069
ecb_pc,ECB press conferences,ECB,press_conference,2013-08-01,net_score,-0.59375,Dictionary,-1.7401901571958294
ecb_pc,ECB press conferences,ECB,press_conference,2013-08-01,rf_score,-0.01894633144633144,Random Forest,-0.04726526129375496
ecb_pc,ECB press conferences,ECB,press_conference,2013-08-01,bert_score,-0.5172413793103449,RoBERTa/BERT,-1.9815963898935385
ecb_pc,ECB press conferences,ECB,press_conference,2013-09-05,net_score,-0.5510204081632653,Dictionary,-1.6193303318423389
ecb_pc,ECB press conferences,ECB,press_conference,2013-09-05,rf_score,-0.1161064425770308,Random Forest,-0.3323416006593865
ecb_pc,ECB press conferences,ECB,press_conference,2013-09-05,bert_score,-0.3541666666666667,RoBERTa/BERT,-1.1134504172213202
ecb_pc,ECB press conferences,ECB,press_conference,2013-11-07,net_score,-0.6,Dictionary,-1.7578681615012652
ecb_pc,ECB press conferences,ECB,press_conference,2013-11-07,rf_score,-0.22222222222222224,Random Forest,-0.6436946616855057
ecb_pc,ECB press conferences,ECB,press_conference,2013-11-07,bert_score,-0.4444444444444444,RoBERTa/BERT,-1.5940539879958078
ecb_pc,ECB press conferences,ECB,press_conference,2013-12-05,net_score,-0.5833333333333334,Dictionary,-1.7107268166867695
ecb_pc,ECB press conferences,ECB,press_conference,2013-12-05,rf_score,-0.12232131504858776,Random Forest,-0.35057658488488197
ecb_pc,ECB press conferences,ECB,press_conference,2013-12-05,bert_score,-0.20408163265306123,RoBERTa/BERT,-0.3144564118050207
ecb_pc,ECB press conferences,ECB,press_conference,2014-01-09,net_score,-0.4509803921568627,Dictionary,-1.336369078454009
ecb_pc,ECB press conferences,ECB,press_conference,2014-01-09,rf_score,-0.08372586298322533,Random Forest,-0.23733412290216044
ecb_pc,ECB press conferences,ECB,press_conference,2014-01-09,bert_score,-0.32727272727272727,RoBERTa/BERT,-0.9702776052283607
ecb_pc,ECB press conferences,ECB,press_conference,2014-02-06,net_score,-0.3770491803278688,Dictionary,-1.1272560734909616
ecb_pc,ECB press conferences,ECB,press_conference,2014-02-06,rf_score,0,Random Forest,0.008324946974559114
ecb_pc,ECB press conferences,ECB,press_conference,2014-02-06,bert_score,-0.5,RoBERTa/BERT,-1.8898100315493391
ecb_pc,ECB press conferences,ECB,press_conference,2014-03-06,net_score,-0.5263157894736842,Dictionary,-1.549453794952968
ecb_pc,ECB press conferences,ECB,press_conference,2014-03-06,rf_score,-0.01003316749585406,Random Forest,-0.0211132517746453
ecb_pc,ECB press conferences,ECB,press_conference,2014-03-06,bert_score,-0.43859649122807015,RoBERTa/BERT,-1.5629217728849099
ecb_pc,ECB press conferences,ECB,press_conference,2014-04-03,net_score,-0.5211267605633803,Dictionary,-1.5347767268861867
ecb_pc,ECB press conferences,ECB,press_conference,2014-04-03,rf_score,-0.0554674309073136,Random Forest,-0.15442138969648697
ecb_pc,ECB press conferences,ECB,press_conference,2014-04-03,bert_score,-0.4382022471910113,RoBERTa/BERT,-1.5608229718661981
ecb_pc,ECB press conferences,ECB,press_conference,2014-05-08,net_score,-0.6585365853658537,Dictionary,-1.9234377628009576
ecb_pc,ECB press conferences,ECB,press_conference,2014-05-08,rf_score,-6.647204747611823e-4,Random Forest,0.00637459844735958
ecb_pc,ECB press conferences,ECB,press_conference,2014-05-08,bert_score,-0.4,RoBERTa/BERT,-1.3574491531529833
ecb_pc,ECB press conferences,ECB,press_conference,2014-06-05,net_score,-0.7142857142857143,Dictionary,-2.0811230973720933
ecb_pc,ECB press conferences,ECB,press_conference,2014-06-05,rf_score,0.05714285714285713,Random Forest,0.17598713205857575
ecb_pc,ECB press conferences,ECB,press_conference,2014-06-05,bert_score,-0.2892561983471074,RoBERTa/BERT,-0.7678924779041262
ecb_pc,ECB press conferences,ECB,press_conference,2014-07-03,net_score,-0.5,Dictionary,-1.4750200926142907
ecb_pc,ECB press conferences,ECB,press_conference,2014-07-03,rf_score,4.145936981757876e-4,Random Forest,0.00954140146832789
ecb_pc,ECB press conferences,ECB,press_conference,2014-07-03,bert_score,-0.3333333333333333,RoBERTa/BERT,-1.002541900888746
ecb_pc,ECB press conferences,ECB,press_conference,2014-08-07,net_score,-0.6666666666666666,Dictionary,-1.9464335407592481
ecb_pc,ECB press conferences,ECB,press_conference,2014-08-07,rf_score,-0.04785714285714286,Random Forest,-0.13209213303330486
ecb_pc,ECB press conferences,ECB,press_conference,2014-08-07,bert_score,-0.27586206896551724,RoBERTa/BERT,-0.6965873730747483
ecb_pc,ECB press conferences,ECB,press_conference,2014-09-04,net_score,-0.5272727272727272,Dictionary,-1.552160475038011
ecb_pc,ECB press conferences,ECB,press_conference,2014-09-04,rf_score,-0.4792592592592593,Random Forest,-1.3978640090356473
ecb_pc,ECB press conferences,ECB,press_conference,2014-09-04,bert_score,-0.18867924528301888,RoBERTa/BERT,-0.2324601271078539
ecb_pc,ECB press conferences,ECB,press_conference,2014-10-02,net_score,-0.2903225806451613,Dictionary,-0.8819515610770864
ecb_pc,ECB press conferences,ECB,press_conference,2014-10-02,rf_score,-0.08313986067609258,Random Forest,-0.23561474042479277
ecb_pc,ECB press conferences,ECB,press_conference,2014-10-02,bert_score,-0.13725490196078433,RoBERTa/BERT,0.04130295871195175
ecb_pc,ECB press conferences,ECB,press_conference,2014-11-06,net_score,-0.18181818181818185,Dictionary,-0.575048964337554
ecb_pc,ECB press conferences,ECB,press_conference,2014-11-06,rf_score,-0.07025951479076478,Random Forest,-0.1978226690487831
ecb_pc,ECB press conferences,ECB,press_conference,2014-11-06,bert_score,-0.0379746835443038,RoBERTa/BERT,0.5698320015477482
ecb_pc,ECB press conferences,ECB,press_conference,2014-12-04,net_score,-0.31343283582089554,Dictionary,-0.9473184715565027
ecb_pc,ECB press conferences,ECB,press_conference,2014-12-04,rf_score,-0.13189470462197733,Random Forest,-0.3786657546392451
ecb_pc,ECB press conferences,ECB,press_conference,2014-12-04,bert_score,-0.2421052631578947,RoBERTa/BERT,-0.516879345158737
ecb_pc,ECB press conferences,ECB,press_conference,2015-01-22,net_score,-0.5882352941176471,Dictionary,-1.7245919181027978
ecb_pc,ECB press conferences,ECB,press_conference,2015-01-22,rf_score,-0.02361111111111111,Random Forest,-0.06095213644557277
ecb_pc,ECB press conferences,ECB,press_conference,2015-01-22,bert_score,0.01075268817204301,RoBERTa/BERT,0.8292374656363495
ecb_pc,ECB press conferences,ECB,press_conference,2015-03-05,net_score,-0.14285714285714285,Dictionary,-0.46484841801795357
ecb_pc,ECB press conferences,ECB,press_conference,2015-03-05,rf_score,-0.01870915032679739,Random Forest,-0.04656935096042429
ecb_pc,ECB press conferences,ECB,press_conference,2015-03-05,bert_score,-0.01098901098901099,RoBERTa/BERT,0.7134931650042693
ecb_pc,ECB press conferences,ECB,press_conference,2015-07-16,net_score,-0.05,Dictionary,-0.20220378262290595
ecb_pc,ECB press conferences,ECB,press_conference,2015-07-16,rf_score,-0.00433141576189704,Random Forest,-0.004383809070513537
ecb_pc,ECB press conferences,ECB,press_conference,2015-07-16,bert_score,0.02222222222222222,RoBERTa/BERT,0.8902967778538526
ecb_pc,ECB press conferences,ECB,press_conference,2015-09-03,net_score,-0.2413793103448276,Dictionary,-0.7435164661824605
ecb_pc,ECB press conferences,ECB,press_conference,2015-09-03,rf_score,-0.00511609602518693,Random Forest,-0.006686130202384516
ecb_pc,ECB press conferences,ECB,press_conference,2015-09-03,bert_score,-0.29411764705882354,RoBERTa/BERT,-0.7937729289686064
ecb_pc,ECB press conferences,ECB,press_conference,2015-10-22,net_score,-0.4603174603174603,Dictionary,-1.36277879543692
ecb_pc,ECB press conferences,ECB,press_conference,2015-10-22,rf_score,-0.12300931241229748,Random Forest,-0.35259522985818526
ecb_pc,ECB press conferences,ECB,press_conference,2015-10-22,bert_score,-0.22,RoBERTa/BERT,-0.39919957203954265
ecb_pc,ECB press conferences,ECB,press_conference,2015-12-03,net_score,-0.46875,Dictionary,-1.3866300710871113
ecb_pc,ECB press conferences,ECB,press_conference,2015-12-03,rf_score,-0.2354198666830246,Random Forest,-0.6824177150800573
ecb_pc,ECB press conferences,ECB,press_conference,2015-12-03,bert_score,-0.29292929292929293,RoBERTa/BERT,-0.7874465964861779
ecb_pc,ECB press conferences,ECB,press_conference,2016-01-21,net_score,-0.16,Dictionary,-0.5133366583985778
ecb_pc,ECB press conferences,ECB,press_conference,2016-01-21,rf_score,-0.00453132725859998,Random Forest,-0.004970367041824581
ecb_pc,ECB press conferences,ECB,press_conference,2016-01-21,bert_score,-0.24705882352941175,RoBERTa/BERT,-0.5432501626644388
ecb_pc,ECB press conferences,ECB,press_conference,2016-03-10,net_score,-0.30158730158730157,Dictionary,-0.9138136067274367
ecb_pc,ECB press conferences,ECB,press_conference,2016-03-10,rf_score,-0.4583333333333333,Random Forest,-1.3364654958868245
ecb_pc,ECB press conferences,ECB,press_conference,2016-03-10,bert_score,-0.1794871794871795,RoBERTa/BERT,-0.18352516489435233
ecb_pc,ECB press conferences,ECB,press_conference,2016-04-21,net_score,-0.15625,Dictionary,-0.5027298558153163
ecb_pc,ECB press conferences,ECB,press_conference,2016-04-21,rf_score,-0.00414839819449294,Random Forest,-0.0038468193784682147
ecb_pc,ECB press conferences,ECB,press_conference,2016-04-21,bert_score,-0.22105263157894736,RoBERTa/BERT,-0.40480337075950423
ecb_pc,ECB press conferences,ECB,press_conference,2016-06-02,net_score,-0.1,Dictionary,-0.3436278170663931
ecb_pc,ECB press conferences,ECB,press_conference,2016-06-02,rf_score,-0.01188034188034188,Random Forest,-0.0265330244114982
ecb_pc,ECB press conferences,ECB,press_conference,2016-06-02,bert_score,-0.18518518518518515,RoBERTa/BERT,-0.21385911807932967
ecb_pc,ECB press conferences,ECB,press_conference,2016-07-21,net_score,-0.28205128205128205,Dictionary,-0.8585563527324235
ecb_pc,ECB press conferences,ECB,press_conference,2016-07-21,rf_score,-0.00453132725859998,Random Forest,-0.004970367041824581
ecb_pc,ECB press conferences,ECB,press_conference,2016-07-21,bert_score,-0.18604651162790695,RoBERTa/BERT,-0.21844448309566353
ecb_pc,ECB press conferences,ECB,press_conference,2016-09-08,net_score,-0.2272727272727273,Dictionary,-0.7036162683770879
ecb_pc,ECB press conferences,ECB,press_conference,2016-09-08,rf_score,-0.04236275088547815,Random Forest,-0.11597110216895062
ecb_pc,ECB press conferences,ECB,press_conference,2016-09-08,bert_score,0.01298701298701298,RoBERTa/BERT,0.8411321368475514
ecb_pc,ECB press conferences,ECB,press_conference,2016-10-20,net_score,-0.3636363636363637,Dictionary,-1.0893181804956895
ecb_pc,ECB press conferences,ECB,press_conference,2016-10-20,rf_score,-0.04100122436486073,Random Forest,-0.1119762632177609
ecb_pc,ECB press conferences,ECB,press_conference,2016-10-20,bert_score,-0.21621621621621623,RoBERTa/BERT,-0.3790561874515725
ecb_pc,ECB press conferences,ECB,press_conference,2016-12-08,net_score,-0.3090909090909091,Dictionary,-0.9350374156482487
ecb_pc,ECB press conferences,ECB,press_conference,2016-12-08,rf_score,-0.2507545470325558,Random Forest,-0.7274110203419857
ecb_pc,ECB press conferences,ECB,press_conference,2016-12-08,bert_score,0.0136986301369863,RoBERTa/BERT,0.8449205081579685
ecb_pc,ECB press conferences,ECB,press_conference,2017-01-19,net_score,0,Dictionary,-0.06077974817941871
ecb_pc,ECB press conferences,ECB,press_conference,2017-01-19,rf_score,-0.03603076216712581,Random Forest,-0.09739248854114045
ecb_pc,ECB press conferences,ECB,press_conference,2017-01-19,bert_score,-0.0238095238095238,RoBERTa/BERT,0.6452417703380698
ecb_pc,ECB press conferences,ECB,press_conference,2017-03-09,net_score,-0.3225806451612903,Dictionary,-0.9731928736212716
ecb_pc,ECB press conferences,ECB,press_conference,2017-03-09,rf_score,0.02280171327790376,Random Forest,0.07522718573162927
ecb_pc,ECB press conferences,ECB,press_conference,2017-03-09,bert_score,-0.15463917525773196,RoBERTa/BERT,-0.051244111314501836
ecb_pc,ECB press conferences,ECB,press_conference,2017-04-27,net_score,-0.21739130434782608,Dictionary,-0.67566685445545
ecb_pc,ECB press conferences,ECB,press_conference,2017-04-27,rf_score,-0.13064112196343602,Random Forest,-0.37498763250424194
ecb_pc,ECB press conferences,ECB,press_conference,2017-04-27,bert_score,-0.3125,RoBERTa/BERT,-0.8916333845561718
ecb_pc,ECB press conferences,ECB,press_conference,2017-06-08,net_score,-0.2258064516129032,Dictionary,-0.6994689359887156
ecb_pc,ECB press conferences,ECB,press_conference,2017-06-08,rf_score,-0.2087372406542367,Random Forest,-0.6041285358641483
ecb_pc,ECB press conferences,ECB,press_conference,2017-06-08,bert_score,-0.09090909090909093,RoBERTa/BERT,0.2880299255266621
ecb_pc,ECB press conferences,ECB,press_conference,2017-07-20,net_score,-0.24242424242424243,Dictionary,-0.7464720363902658
ecb_pc,ECB press conferences,ECB,press_conference,2017-07-20,rf_score,-0.00446267078498483,Random Forest,-0.004768922890061195
ecb_pc,ECB press conferences,ECB,press_conference,2017-07-20,bert_score,-0.1780821917808219,RoBERTa/BERT,-0.1760455599994263
ecb_pc,ECB press conferences,ECB,press_conference,2017-09-07,net_score,-0.18309859154929575,Dictionary,-0.5786705785358507
ecb_pc,ECB press conferences,ECB,press_conference,2017-09-07,rf_score,-0.1338888888888889,Random Forest,-0.3845168672431299
ecb_pc,ECB press conferences,ECB,press_conference,2017-09-07,bert_score,-0.17391304347826086,RoBERTa/BERT,-0.15385064547426558
ecb_pc,ECB press conferences,ECB,press_conference,2017-10-26,net_score,-0.21568627450980393,Dictionary,-0.6708442104846577
ecb_pc,ECB press conferences,ECB,press_conference,2017-10-26,rf_score,-0.09551798374618103,Random Forest,-0.27193324574526617
ecb_pc,ECB press conferences,ECB,press_conference,2017-10-26,bert_score,0.0425531914893617,RoBERTa/BERT,0.9985309044308895
ecb_pc,ECB press conferences,ECB,press_conference,2017-12-14,net_score,-0.2037037037037037,Dictionary,-0.6369517403565887
ecb_pc,ECB press conferences,ECB,press_conference,2017-12-14,rf_score,0.06059845664022448,Random Forest,0.18612616590239292
ecb_pc,ECB press conferences,ECB,press_conference,2017-12-14,bert_score,0.10091743119266056,RoBERTa/BERT,1.309239283584726
ecb_pc,ECB press conferences,ECB,press_conference,2018-01-25,net_score,-0.20408163265306123,Dictionary,-0.6380207050916114
ecb_pc,ECB press conferences,ECB,press_conference,2018-01-25,rf_score,0.06593180482069372,Random Forest,0.2017746800730413
ecb_pc,ECB press conferences,ECB,press_conference,2018-01-25,bert_score,-0.07017543859649122,RoBERTa/BERT,0.39840777910166425
ecb_pc,ECB press conferences,ECB,press_conference,2018-03-08,net_score,-0.3473684210526316,Dictionary,-1.0433046190499615
ecb_pc,ECB press conferences,ECB,press_conference,2018-03-08,rf_score,-0.0047505850291774,Random Forest,-0.005613688687778636
ecb_pc,ECB press conferences,ECB,press_conference,2018-03-08,bert_score,-0.2,RoBERTa/BERT,-0.2927273963602715
ecb_pc,ECB press conferences,ECB,press_conference,2018-04-26,net_score,-0.14666666666666667,Dictionary,-0.47562358254698117
ecb_pc,ECB press conferences,ECB,press_conference,2018-04-26,rf_score,4.2735042735042713e-4,Random Forest,0.00957883083736693
ecb_pc,ECB press conferences,ECB,press_conference,2018-04-26,bert_score,-0.1568627450980392,RoBERTa/BERT,-0.06308152724811796
ecb_pc,ECB press conferences,ECB,press_conference,2018-06-14,net_score,-0.28735632183908044,Dictionary,-0.8735615553258969
ecb_pc,ECB press conferences,ECB,press_conference,2018-06-14,rf_score,-0.00439606375834327,Random Forest,-0.004573491996559412
ecb_pc,ECB press conferences,ECB,press_conference,2018-06-14,bert_score,-0.08737864077669903,RoBERTa/BERT,0.3068246608628089
ecb_pc,ECB press conferences,ECB,press_conference,2018-07-26,net_score,-0.2345679012345679,Dictionary,-0.7242505270500994
ecb_pc,ECB press conferences,ECB,press_conference,2018-07-26,rf_score,0.00373134328358208,Random Forest,0.019273037418478085
ecb_pc,ECB press conferences,ECB,press_conference,2018-07-26,bert_score,-0.04545454545454545,RoBERTa/BERT,0.5300121429795512
ecb_pc,ECB press conferences,ECB,press_conference,2018-09-13,net_score,-0.12,Dictionary,-0.400197430843788
ecb_pc,ECB press conferences,ECB,press_conference,2018-09-13,rf_score,-0.00507821158291377,Random Forest,-0.0065749739058708874
ecb_pc,ECB press conferences,ECB,press_conference,2018-09-13,bert_score,-0.14545454545454545,RoBERTa/BERT,-0.0023487354168046023
ecb_pc,ECB press conferences,ECB,press_conference,2018-10-25,net_score,-0.2222222222222222,Dictionary,-0.6893310123726951
ecb_pc,ECB press conferences,ECB,press_conference,2018-10-25,rf_score,-0.00537190082644628,Random Forest,-0.007436684061231707
ecb_pc,ECB press conferences,ECB,press_conference,2018-10-25,bert_score,0.02564102564102564,RoBERTa/BERT,0.9084971497648391
ecb_pc,ECB press conferences,ECB,press_conference,2018-12-13,net_score,-0.12359550561797752,Dictionary,-0.4103672490509601
ecb_pc,ECB press conferences,ECB,press_conference,2018-12-13,rf_score,0.158764245014245,Random Forest,0.4741532510398531
ecb_pc,ECB press conferences,ECB,press_conference,2018-12-13,bert_score,-0.4,RoBERTa/BERT,-1.3574491531529833
ecb_pc,ECB press conferences,ECB,press_conference,2019-04-10,net_score,-0.25806451612903225,Dictionary,-0.7907102485329011
ecb_pc,ECB press conferences,ECB,press_conference,2019-04-10,rf_score,-0.0039802198893108,Random Forest,-0.0033533693911833393
ecb_pc,ECB press conferences,ECB,press_conference,2019-04-10,bert_score,-0.3,RoBERTa/BERT,-0.8250882747566273
ecb_pc,ECB press conferences,ECB,press_conference,2019-06-06,net_score,-0.35384615384615387,Dictionary,-1.0616267611640975
ecb_pc,ECB press conferences,ECB,press_conference,2019-06-06,rf_score,-0.1963731165562916,Random Forest,-0.5678511047631983
ecb_pc,ECB press conferences,ECB,press_conference,2019-06-06,bert_score,-0.14583333333333334,RoBERTa/BERT,-0.004365253895578764
ecb_pc,ECB press conferences,ECB,press_conference,2019-07-25,net_score,-0.3333333333333333,Dictionary,-1.0036066444693335
ecb_pc,ECB press conferences,ECB,press_conference,2019-07-25,rf_score,-0.00446267078498483,Random Forest,-0.004768922890061195
ecb_pc,ECB press conferences,ECB,press_conference,2019-07-25,bert_score,-0.27102803738317754,RoBERTa/BERT,-0.6708528800810475
ecb_pc,ECB press conferences,ECB,press_conference,2019-09-12,net_score,-0.352112676056338,Dictionary,-1.0567236527110186
ecb_pc,ECB press conferences,ECB,press_conference,2019-09-12,rf_score,-0.8376131408358614,Random Forest,-2.4493059183589083
ecb_pc,ECB press conferences,ECB,press_conference,2019-09-12,bert_score,-0.2916666666666667,RoBERTa/BERT,-0.7807248682235978
ecb_pc,ECB press conferences,ECB,press_conference,2019-10-24,net_score,-0.2857142857142857,Dictionary,-0.8689170878564884
ecb_pc,ECB press conferences,ECB,press_conference,2019-10-24,rf_score,-0.03956211643377419,Random Forest,-0.10775379356255103
ecb_pc,ECB press conferences,ECB,press_conference,2019-10-24,bert_score,-0.375,RoBERTa/BERT,-1.2243589335538942
ecb_pc,ECB press conferences,ECB,press_conference,2019-12-12,net_score,-0.2307692307692308,Dictionary,-0.7135060609955137
ecb_pc,ECB press conferences,ECB,press_conference,2019-12-12,rf_score,-0.00453132725859998,Random Forest,-0.004970367041824581
ecb_pc,ECB press conferences,ECB,press_conference,2019-12-12,bert_score,-0.08045977011494253,RoBERTa/BERT,0.3436580214928436
ecb_pc,ECB press conferences,ECB,press_conference,2020-01-23,net_score,-0.1836734693877551,Dictionary,-0.5802966094003922
ecb_pc,ECB press conferences,ECB,press_conference,2020-01-23,rf_score,4.789272030651338e-4,Random Forest,0.00973016164839546
ecb_pc,ECB press conferences,ECB,press_conference,2020-01-23,bert_score,-0.25842696629213485,RoBERTa/BERT,-0.6037697073334233
ecb_pc,ECB press conferences,ECB,press_conference,2020-03-12,net_score,-0.5714285714285714,Dictionary,-1.6770544275335582
ecb_pc,ECB press conferences,ECB,press_conference,2020-03-12,rf_score,0.01035296273391511,Random Forest,0.038701453170637154
ecb_pc,ECB press conferences,ECB,press_conference,2020-03-12,bert_score,-0.1153846153846154,RoBERTa/BERT,0.15773180843664492
ecb_pc,ECB press conferences,ECB,press_conference,2020-04-30,net_score,-0.7142857142857143,Dictionary,-2.0811230973720933
ecb_pc,ECB press conferences,ECB,press_conference,2020-04-30,rf_score,-0.06416797848616031,Random Forest,-0.17994956402018253
ecb_pc,ECB press conferences,ECB,press_conference,2020-04-30,bert_score,-0.488,RoBERTa/BERT,-1.8259267261417762
ecb_pc,ECB press conferences,ECB,press_conference,2020-06-04,net_score,-0.5172413793103449,Dictionary,-1.5237870010430796
ecb_pc,ECB press conferences,ECB,press_conference,2020-06-04,rf_score,-0.05416805799037204,Random Forest,-0.15060891490285222
ecb_pc,ECB press conferences,ECB,press_conference,2020-06-04,bert_score,-0.12727272727272726,RoBERTa/BERT,0.09444415156435104
ecb_pc,ECB press conferences,ECB,press_conference,2020-07-16,net_score,-0.6666666666666666,Dictionary,-1.9464335407592481
ecb_pc,ECB press conferences,ECB,press_conference,2020-07-16,rf_score,-0.00439606375834327,Random Forest,-0.004573491996559412
ecb_pc,ECB press conferences,ECB,press_conference,2020-07-16,bert_score,-0.23728813559322037,RoBERTa/BERT,-0.49123484254196365
ecb_pc,ECB press conferences,ECB,press_conference,2020-10-29,net_score,-0.6417910447761194,Dictionary,-1.8760733246182095
ecb_pc,ECB press conferences,ECB,press_conference,2020-10-29,rf_score,0.08668582375478927,Random Forest,0.2626688029389378
ecb_pc,ECB press conferences,ECB,press_conference,2020-10-29,bert_score,-0.3392857142857143,RoBERTa/BERT,-1.0342300484123386
ecb_pc,ECB press conferences,ECB,press_conference,2020-12-10,net_score,-0.6923076923076923,Dictionary,-2.018958686627703
ecb_pc,ECB press conferences,ECB,press_conference,2020-12-10,rf_score,0.05016952744225473,Random Forest,0.15552676739757604
ecb_pc,ECB press conferences,ECB,press_conference,2020-12-10,bert_score,-0.23636363636363636,RoBERTa/BERT,-0.48631317032258264
ecb_pc,ECB press conferences,ECB,press_conference,2021-01-21,net_score,-0.7391304347826086,Dictionary,-2.151395909517925
ecb_pc,ECB press conferences,ECB,press_conference,2021-01-21,rf_score,-0.01893174165901438,Random Forest,-0.047222453570378894
ecb_pc,ECB press conferences,ECB,press_conference,2021-01-21,bert_score,-0.2549019607843137,RoBERTa/BERT,-0.5850039570484667
ecb_pc,ECB press conferences,ECB,press_conference,2021-03-11,net_score,-0.632183908045977,Dictionary,-1.8488997239016707
ecb_pc,ECB press conferences,ECB,press_conference,2021-03-11,rf_score,-0.02296150424701561,Random Forest,-0.059046132585675794
ecb_pc,ECB press conferences,ECB,press_conference,2021-03-11,bert_score,0.01030927835051546,RoBERTa/BERT,0.8268769252155697
ecb_pc,ECB press conferences,ECB,press_conference,2021-04-22,net_score,-0.6842105263157895,Dictionary,-1.9960560089850332
ecb_pc,ECB press conferences,ECB,press_conference,2021-04-22,rf_score,-0.14354418384269133,Random Forest,-0.4128463546108708
ecb_pc,ECB press conferences,ECB,press_conference,2021-04-22,bert_score,-0.0588235294117647,RoBERTa/BERT,0.458840902552231
ecb_pc,ECB press conferences,ECB,press_conference,2021-06-10,net_score,-0.20987654320987653,Dictionary,-0.654411497695291
ecb_pc,ECB press conferences,ECB,press_conference,2021-06-10,rf_score,-0.01906779661016949,Random Forest,-0.04762165080241678
ecb_pc,ECB press conferences,ECB,press_conference,2021-06-10,bert_score,-0.10569105691056913,RoBERTa/BERT,0.20933652147694207
ecb_pc,ECB press conferences,ECB,press_conference,2021-07-08,net_score,-0.5,Dictionary,-1.4750200926142907
ecb_pc,ECB press conferences,ECB,press_conference,2021-07-08,bert_score,0.2,RoBERTa/BERT,1.836716117225152
ecb_pc,ECB press conferences,ECB,press_conference,2021-07-22,net_score,-0.4074074074074074,Dictionary,-1.213123732533759
ecb_pc,ECB press conferences,ECB,press_conference,2021-07-22,rf_score,-0.07738599666797197,Random Forest,-0.21873239570993164
ecb_pc,ECB press conferences,ECB,press_conference,2021-07-22,bert_score,0.10891089108910892,RoBERTa/BERT,1.3517933369037187
ecb_pc,ECB press conferences,ECB,press_conference,2021-09-09,net_score,-0.21212121212121213,Dictionary,-0.6607605003639099
ecb_pc,ECB press conferences,ECB,press_conference,2021-09-09,rf_score,-0.06637682795319111,Random Forest,-0.18643052326305343
ecb_pc,ECB press conferences,ECB,press_conference,2021-09-09,bert_score,-0.13513513513513514,RoBERTa/BERT,0.05258776800493229
ecb_pc,ECB press conferences,ECB,press_conference,2021-10-28,net_score,-0.26153846153846155,Dictionary,-0.8005362360376596
ecb_pc,ECB press conferences,ECB,press_conference,2021-10-28,rf_score,-0.08539730001109191,Random Forest,-0.24223826662780323
ecb_pc,ECB press conferences,ECB,press_conference,2021-10-28,bert_score,-0.2307692307692308,RoBERTa/BERT,-0.4565307435591504
ecb_pc,ECB press conferences,ECB,press_conference,2021-12-16,net_score,-0.32608695652173914,Dictionary,-0.9831104075934657
ecb_pc,ECB press conferences,ECB,press_conference,2021-12-16,rf_score,-0.07873135499496031,Random Forest,-0.22267979575434887
ecb_pc,ECB press conferences,ECB,press_conference,2021-12-16,bert_score,-0.17543859649122806,RoBERTa/BERT,-0.1619720928944998
ecb_pc,ECB press conferences,ECB,press_conference,2022-02-03,net_score,-0.14285714285714285,Dictionary,-0.46484841801795357
ecb_pc,ECB press conferences,ECB,press_conference,2022-02-03,rf_score,-0.09736011885900914,Random Forest,-0.2773382327144093
ecb_pc,ECB press conferences,ECB,press_conference,2022-02-03,bert_score,-0.02083333333333333,RoBERTa/BERT,0.6610858440998661
ecb_pc,ECB press conferences,ECB,press_conference,2022-03-10,net_score,-0.2571428571428571,Dictionary,-0.7881033538887814
ecb_pc,ECB press conferences,ECB,press_conference,2022-03-10,rf_score,-0.07354639837417457,Random Forest,-0.20746667551373027
ecb_pc,ECB press conferences,ECB,press_conference,2022-03-10,bert_score,-0.26,RoBERTa/BERT,-0.612143923398085
ecb_pc,ECB press conferences,ECB,press_conference,2022-04-14,net_score,-0.18421052631578944,Dictionary,-0.581815664550161
ecb_pc,ECB press conferences,ECB,press_conference,2022-04-14,rf_score,-0.05263031332546059,Random Forest,-0.1460970363669962
ecb_pc,ECB press conferences,ECB,press_conference,2022-04-14,bert_score,-0.05376344086021505,RoBERTa/BERT,0.4857788344128941
ecb_pc,ECB press conferences,ECB,press_conference,2022-06-09,net_score,0,Dictionary,-0.06077974817941871
ecb_pc,ECB press conferences,ECB,press_conference,2022-06-09,rf_score,0.6757016532371829,Random Forest,1.9908932207905596
ecb_pc,ECB press conferences,ECB,press_conference,2022-06-09,bert_score,0.00854700854700854,RoBERTa/BERT,0.8174952902099065
ecb_pc,ECB press conferences,ECB,press_conference,2022-07-21,net_score,0.2258064516129032,Dictionary,0.5779094396298783
ecb_pc,ECB press conferences,ECB,press_conference,2022-07-21,rf_score,0.5869565217391306,Random Forest,1.7305071741962526
ecb_pc,ECB press conferences,ECB,press_conference,2022-07-21,bert_score,-0.04761904761904761,RoBERTa/BERT,0.5184891802436994
ecb_pc,ECB press conferences,ECB,press_conference,2022-09-08,net_score,0.2857142857142857,Dictionary,0.747357591497651
ecb_pc,ECB press conferences,ECB,press_conference,2022-09-08,rf_score,1,Random Forest,2.942413185944851
ecb_pc,ECB press conferences,ECB,press_conference,2022-09-08,bert_score,0.08333333333333333,RoBERTa/BERT,1.2156284257627368
ecb_pc,ECB press conferences,ECB,press_conference,2022-10-27,net_score,0.2987012987012987,Dictionary,0.7840911069375178
ecb_pc,ECB press conferences,ECB,press_conference,2022-10-27,rf_score,1,Random Forest,2.942413185944851
ecb_pc,ECB press conferences,ECB,press_conference,2022-10-27,bert_score,0.05691056910569105,RoBERTa/BERT,1.0749639660238621
ecb_pc,ECB press conferences,ECB,press_conference,2022-12-15,net_score,0.4,Dictionary,1.070612527368479
ecb_pc,ECB press conferences,ECB,press_conference,2022-12-15,rf_score,0.8500000000000001,Random Forest,2.502299950099307
ecb_pc,ECB press conferences,ECB,press_conference,2022-12-15,bert_score,0.04950495049504951,RoBERTa/BERT,1.035539349737567
ecb_pc,ECB press conferences,ECB,press_conference,2023-02-02,net_score,0.6041666666666666,Dictionary,1.6480940013460517
ecb_pc,ECB press conferences,ECB,press_conference,2023-02-02,rf_score,0.3333333333333333,Random Forest,0.9863543599646563
ecb_pc,ECB press conferences,ECB,press_conference,2023-02-02,bert_score,0.10526315789473684,RoBERTa/BERT,1.3323742324286043
ecb_pc,ECB press conferences,ECB,press_conference,2023-03-16,net_score,0.5211267605633803,Dictionary,1.4132172305273494
ecb_pc,ECB press conferences,ECB,press_conference,2023-03-16,rf_score,0.6,Random Forest,1.768777890356734
ecb_pc,ECB press conferences,ECB,press_conference,2023-03-16,bert_score,0.16666666666666666,RoBERTa/BERT,1.6592624910930331
ecb_pc,ECB press conferences,ECB,press_conference,2023-05-04,net_score,0.3695652173913043,Dictionary,0.9845283324898345
ecb_pc,ECB press conferences,ECB,press_conference,2023-05-04,rf_score,1,Random Forest,2.942413185944851
ecb_pc,ECB press conferences,ECB,press_conference,2023-05-04,bert_score,0.15789473684210523,RoBERTa/BERT,1.612564168426686
ecb_pc,ECB press conferences,ECB,press_conference,2023-06-15,net_score,0.38461538461538464,Dictionary,1.027097439847406
ecb_pc,ECB press conferences,ECB,press_conference,2023-06-15,rf_score,1,Random Forest,2.942413185944851
ecb_pc,ECB press conferences,ECB,press_conference,2023-06-15,bert_score,-0.01724137931034482,RoBERTa/BERT,0.6802080020882411
ecb_pc,ECB press conferences,ECB,press_conference,2023-07-27,net_score,0.3263157894736842,Dictionary,0.8621981608201821
ecb_pc,ECB press conferences,ECB,press_conference,2023-07-27,rf_score,0.6458675424192665,Random Forest,1.9033573071195748
ecb_pc,ECB press conferences,ECB,press_conference,2023-07-27,bert_score,0,RoBERTa/BERT,0.7719943604324403
ecb_pc,ECB press conferences,ECB,press_conference,2023-09-14,net_score,0.4352941176470588,Dictionary,1.1704412575638816
ecb_pc,ECB press conferences,ECB,press_conference,2023-09-14,rf_score,0.08045977011494254,Random Forest,0.24440101217906537
ecb_pc,ECB press conferences,ECB,press_conference,2023-09-14,bert_score,-0.12781954887218044,RoBERTa/BERT,0.09153308729424106
ecb_pc,ECB press conferences,ECB,press_conference,2023-10-26,net_score,0.4153846153846154,Dictionary,1.114127614889552
ecb_pc,ECB press conferences,ECB,press_conference,2023-10-26,rf_score,0.01756177156177153,Random Forest,0.05985273436943589
ecb_pc,ECB press conferences,ECB,press_conference,2023-10-26,bert_score,-0.13513513513513514,RoBERTa/BERT,0.05258776800493229
ecb_pc,ECB press conferences,ECB,press_conference,2023-12-14,net_score,0.1232876712328767,Dictionary,0.28793704907849493
ecb_pc,ECB press conferences,ECB,press_conference,2023-12-14,rf_score,-0.00353788612409301,Random Forest,-0.0020555230929583763
ecb_pc,ECB press conferences,ECB,press_conference,2023-12-14,bert_score,-0.3018867924528302,RoBERTa/BERT,-0.8351328196320302
ecb_pc,ECB press conferences,ECB,press_conference,2024-01-25,net_score,0.20754716981132076,Dictionary,0.5262634136614717
ecb_pc,ECB press conferences,ECB,press_conference,2024-01-25,rf_score,0.09382597340930672,Random Forest,0.28361863206474525
ecb_pc,ECB press conferences,ECB,press_conference,2024-01-25,bert_score,-0.3103448275862069,RoBERTa/BERT,-0.880160089763147
ecb_pc,ECB press conferences,ECB,press_conference,2024-03-07,net_score,0.4666666666666667,Dictionary,1.259177906626462
ecb_pc,ECB press conferences,ECB,press_conference,2024-03-07,rf_score,0.1955226446605757,Random Forest,0.5820056391255218
ecb_pc,ECB press conferences,ECB,press_conference,2024-03-07,bert_score,-0.17525773195876287,RoBERTa/BERT,-0.16100924088076068
ecb_pc,ECB press conferences,ECB,press_conference,2024-04-11,net_score,0.22388059701492535,Dictionary,0.572462197089927
ecb_pc,ECB press conferences,ECB,press_conference,2024-04-11,rf_score,0.04578686832207959,Random Forest,0.14266765881765425
ecb_pc,ECB press conferences,ECB,press_conference,2024-04-11,bert_score,-0.21052631578947367,RoBERTa/BERT,-0.34876538355988784
ecb_pc,ECB press conferences,ECB,press_conference,2024-06-06,net_score,0.28,Dictionary,0.7311948447041098
ecb_pc,ECB press conferences,ECB,press_conference,2024-06-06,rf_score,1,Random Forest,2.942413185944851
ecb_pc,ECB press conferences,ECB,press_conference,2024-06-06,bert_score,-0.24528301886792453,RoBERTa/BERT,-0.5337964733699421
ecb_pc,ECB press conferences,ECB,press_conference,2024-07-18,net_score,0.4925373134328358,Dictionary,1.332352531413142
ecb_pc,ECB press conferences,ECB,press_conference,2024-07-18,rf_score,0.07089251744424159,Random Forest,0.21632984863870458
ecb_pc,ECB press conferences,ECB,press_conference,2024-07-18,bert_score,-0.20388349514563103,RoBERTa/BERT,-0.3134016052300327
ecb_pc,ECB press conferences,ECB,press_conference,2024-09-12,net_score,0.35714285714285715,Dictionary,0.9493919264169185
ecb_pc,ECB press conferences,ECB,press_conference,2024-09-12,rf_score,-0.19754273504273517,Random Forest,-0.5712828686083546
ecb_pc,ECB press conferences,ECB,press_conference,2024-09-12,bert_score,-0.3508771929824561,RoBERTa/BERT,-1.09593854622144
ecb_pc,ECB press conferences,ECB,press_conference,2024-10-17,net_score,0.1111111111111111,Dictionary,0.25349588391721956
ecb_pc,ECB press conferences,ECB,press_conference,2024-10-17,rf_score,-0.5301724137931034,Random Forest,-1.5472476969622766
ecb_pc,ECB press conferences,ECB,press_conference,2024-10-17,bert_score,-0.3703703703703703,RoBERTa/BERT,-1.1997125965910995
ecb_pc,ECB press conferences,ECB,press_conference,2024-12-12,net_score,0.0588235294117647,Dictionary,0.10560146881291917
ecb_pc,ECB press conferences,ECB,press_conference,2024-12-12,rf_score,-0.9888888888888888,Random Forest,-2.893162311562729
ecb_pc,ECB press conferences,ECB,press_conference,2024-12-12,bert_score,-0.2037037037037037,RoBERTa/BERT,-0.3124444659305068
ecb_pc,ECB press conferences,ECB,press_conference,2025-01-30,net_score,-0.01818181818181818,Dictionary,-0.11220666979523224
ecb_pc,ECB press conferences,ECB,press_conference,2025-01-30,rf_score,-1,Random Forest,-2.925763291995733
ecb_pc,ECB press conferences,ECB,press_conference,2025-01-30,bert_score,-0.03846153846153846,RoBERTa/BERT,0.5672401764338418
ecb_pc,ECB press conferences,ECB,press_conference,2025-03-06,net_score,0.07462686567164178,Dictionary,0.15030090024369652
ecb_pc,ECB press conferences,ECB,press_conference,2025-03-06,rf_score,-1,Random Forest,-2.925763291995733
ecb_pc,ECB press conferences,ECB,press_conference,2025-03-06,bert_score,-0.3090909090909091,RoBERTa/BERT,-0.8734847182472051
ecb_pc,ECB press conferences,ECB,press_conference,2025-04-17,net_score,-0.1746031746031746,Dictionary,-0.5546414557598501
ecb_pc,ECB press conferences,ECB,press_conference,2025-04-17,rf_score,-0.814484126984127,Random Forest,-2.3814433508375537
ecb_pc,ECB press conferences,ECB,press_conference,2025-04-17,bert_score,-0.2916666666666667,RoBERTa/BERT,-0.7807248682235978
ecb_pc,ECB press conferences,ECB,press_conference,2025-06-05,net_score,-0.2,Dictionary,-0.6264758859533676
ecb_pc,ECB press conferences,ECB,press_conference,2025-06-05,rf_score,-0.2793103448275862,Random Forest,-0.8111962508067982
ecb_pc,ECB press conferences,ECB,press_conference,2025-06-05,bert_score,-0.14285714285714285,RoBERTa/BERT,0.011478819866217632
ecb_pc,ECB press conferences,ECB,press_conference,2025-07-24,net_score,-0.14285714285714285,Dictionary,-0.46484841801795357
ecb_pc,ECB press conferences,ECB,press_conference,2025-07-24,rf_score,-0.03092286501377409,Random Forest,-0.08240546757762135
ecb_pc,ECB press conferences,ECB,press_conference,2025-07-24,bert_score,-0.2307692307692308,RoBERTa/BERT,-0.4565307435591504
ecb_pc,ECB press conferences,ECB,press_conference,2025-09-11,net_score,0.08,Dictionary,0.16549870693016083
ecb_pc,ECB press conferences,ECB,press_conference,2025-09-11,rf_score,-0.02089485480712661,Random Forest,-0.05298240077002293
ecb_pc,ECB press conferences,ECB,press_conference,2025-09-11,bert_score,-0.25,RoBERTa/BERT,-0.5589078355584494
ecb_pc,ECB press conferences,ECB,press_conference,2025-10-30,net_score,-0.12727272727272726,Dictionary,-0.42076819949011335
ecb_pc,ECB press conferences,ECB,press_conference,2025-10-30,rf_score,-0.04362672559823984,Random Forest,-0.11967971550802055
ecb_pc,ECB press conferences,ECB,press_conference,2025-10-30,bert_score,-0.3142857142857143,RoBERTa/BERT,-0.9011398288132496
ecb_pc,ECB press conferences,ECB,press_conference,2025-12-18,net_score,0.11627906976744186,Dictionary,0.26811335517752827
ecb_pc,ECB press conferences,ECB,press_conference,2025-12-18,rf_score,-0.0088577488731889,Random Forest,-0.017664469818016792
ecb_pc,ECB press conferences,ECB,press_conference,2025-12-18,bert_score,-0.08433734939759036,RoBERTa/BERT,0.3230153063632245
