corpus,event_id,meeting_date,central_bank,event_type,source,sentence_id,sentence_text,is_forward,predicted_label,p_hawk,p_dove,p_neutral,score_diff,source_file
ecb_stmt,ecb_stmt_19990107,1999-01-07,ECB,statement,ecb_statements,1,"At today's meeting, the Governing Council of the ECB reviewed the monetary, financial and economic situation in the euro area against the background of its stability-oriented monetary policy strategy.",False,neutral,0.0014442536048591137,0.009362696669995785,0.9891930818557739,-0.007918443065136671,ecb_stmt_reg_v2.csv
ecb_stmt,ecb_stmt_19990107,1999-01-07,ECB,statement,ecb_statements,2,"Taking into account the latest economic developments, the Governing Council confirmed its earlier assessment of the outlook for price stability.",True,neutral,0.0037156175822019577,0.013224566355347633,0.9830597639083862,-0.009508948773145676,ecb_stmt_reg_v2.csv
ecb_stmt,ecb_stmt_19990107,1999-01-07,ECB,statement,ecb_statements,3,"The Governing Council therefore decided that for the two main refinancing operations to be announced on 11 January 1999 and 18 January 1999 the same conditions will apply as for the first such operation, which was settled today, i.e. they will be fixed rate tenders conducted at an interest rate of 3.0%.",True,neutral,0.010237595066428185,0.003966263961046934,0.9857961535453796,0.00627133110538125,ecb_stmt_reg_v2.csv
ecb_stmt,ecb_stmt_19990107,1999-01-07,ECB,statement,ecb_statements,4,The Governing Council confirmed its intention to maintain the main refinancing rate at this level for the foreseeable future.,True,neutral,0.0016466871602460742,0.01270788349211216,0.9856454133987427,-0.011061196331866086,ecb_stmt_reg_v2.csv
ecb_stmt,ecb_stmt_19990107,1999-01-07,ECB,statement,ecb_statements,5,"In addition, the Governing Council recalled that the marginal lending rate and the deposit rate were set at levels of 3.25% and 2.75%, respectively, for the period from 4 to 21 January 1999.",False,neutral,0.0018931786762550473,0.0019724429585039616,0.996134340763092,-7.926428224891424e-05,ecb_stmt_reg_v2.csv
ecb_stmt,ecb_stmt_19990107,1999-01-07,ECB,statement,ecb_statements,6,The Governing Council confirmed its intention to terminate this transitional measure following its next meeting on 21 January 1999.,True,neutral,0.029560936614871025,0.21546141803264618,0.7549775838851929,-0.18590048141777515,ecb_stmt_reg_v2.csv
ecb_stmt,ecb_stmt_19990107,1999-01-07,ECB,statement,ecb_statements,7,"Finally, the Governing Council recalled the decision taken at its meeting on 22 December 1998 that the first longer-term refinancing operation, which will be announced on 12 January 1999 and settled on 14 January 1999, will be conducted as a variable rate tender, using the single rate allotment procedure.",True,neutral,0.006766323000192642,0.003625290235504508,0.9896084070205688,0.003141032764688134,ecb_stmt_reg_v2.csv
ecb_stmt,ecb_stmt_19990107,1999-01-07,ECB,statement,ecb_statements,8,Directorate General Communications Reproduction is permitted provided that the source is acknowledged.,False,neutral,0.047414593398571014,0.06088154762983322,0.8917038440704346,-0.013466954231262207,ecb_stmt_reg_v2.csv
ecb_stmt,ecb_stmt_19990304,1999-03-04,ECB,statement,ecb_statements,1,"At today's meeting the Governing Council reviewed the latest monetary, financial and economic developments.",False,neutral,0.000738505448680371,0.0011573026422411203,0.9981042146682739,-0.0004187971935607493,ecb_stmt_reg_v2.csv
ecb_stmt,ecb_stmt_19990304,1999-03-04,ECB,statement,ecb_statements,2,"Taking into account all the information available, the Governing Council confirmed its earlier assessment of the outlook for price stability.",True,neutral,0.003294649301096797,0.010887466371059418,0.9858178496360779,-0.007592817069962621,ecb_stmt_reg_v2.csv
ecb_stmt,ecb_stmt_19990304,1999-03-04,ECB,statement,ecb_statements,3,"Against this background it decided that for the main refinancing operations to be settled on 10 and 17 March 1999 the same conditions will apply as for the previous ones, i.e. they will be conducted as fixed rate tenders at an interest rate of 3.0%.",True,neutral,0.0040018861182034016,0.001348341116681695,0.9946498274803162,0.0026535450015217066,ecb_stmt_reg_v2.csv
ecb_stmt,ecb_stmt_19990304,1999-03-04,ECB,statement,ecb_statements,4,"In addition, the interest rate on the marginal lending facility will continue to be 4.5% and the interest rate on the deposit facility will remain 2.0%.",True,neutral,0.007625261787325144,0.002401739591732621,0.9899730086326599,0.005223522195592523,ecb_stmt_reg_v2.csv
ecb_stmt,ecb_stmt_19990304,1999-03-04,ECB,statement,ecb_statements,5,The Governing Council also decided today that for forthcoming longer-term refinancing operations of the Eurosystem the multiple rate method of allotment will be applied starting from the next such operation (which is to be settled on 25 March 1999) until otherwise indicated.,True,neutral,0.041053466498851776,0.0035828358959406614,0.9553636908531189,0.037470630602911115,ecb_stmt_reg_v2.csv
ecb_stmt,ecb_stmt_19990304,1999-03-04,ECB,statement,ecb_statements,6,Directorate General Communications Reproduction is permitted provided that the source is acknowledged.,False,neutral,0.047414593398571014,0.06088154762983322,0.8917038440704346,-0.013466954231262207,ecb_stmt_reg_v2.csv
ecb_stmt,ecb_stmt_19990408,1999-04-08,ECB,statement,ecb_statements,1,At today's meeting the Governing Council of the ECB took the following monetary policy decisions: A statement providing the reasons for these decisions will be made by the President of the ECB at a press conference following the conclusion of the Governing Council meeting later today.,True,neutral,0.0009993332205340266,0.00117062299977988,0.9978300929069519,-0.00017128977924585342,ecb_stmt_reg_v2.csv
ecb_stmt,ecb_stmt_19990408,1999-04-08,ECB,statement,ecb_statements,2,Directorate General Communications Reproduction is permitted provided that the source is acknowledged.,False,neutral,0.047414593398571014,0.06088154762983322,0.8917038440704346,-0.013466954231262207,ecb_stmt_reg_v2.csv
ecb_stmt,ecb_stmt_19990506,1999-05-06,ECB,statement,ecb_statements,1,"At today's meeting the Governing Council of the ECB decided that the interest rates on the main refinancing operations, the marginal lending facility and the deposit facility will remain unchanged at 2.5%, 3.5% and 1.5% respectively.",True,neutral,0.0011424800613895059,0.007746675983071327,0.9911108613014221,-0.006604195921681821,ecb_stmt_reg_v2.csv
ecb_stmt,ecb_stmt_19990506,1999-05-06,ECB,statement,ecb_statements,2,The President of the ECB will comment on the considerations underlying these decisions at a press conference starting at 2 p.m. today.,True,neutral,0.000965916900895536,0.0020092155318707228,0.9970248937606812,-0.0010432986309751868,ecb_stmt_reg_v2.csv
ecb_stmt,ecb_stmt_19990506,1999-05-06,ECB,statement,ecb_statements,3,Directorate General Communications Reproduction is permitted provided that the source is acknowledged.,False,neutral,0.047414593398571014,0.06088154762983322,0.8917038440704346,-0.013466954231262207,ecb_stmt_reg_v2.csv
ecb_stmt,ecb_stmt_19990617,1999-06-17,ECB,statement,ecb_statements,1,"At today's meeting the Governing Council of the ECB decided that the interest rates on the main refinancing operations, the marginal lending facility and the deposit facility will remain unchanged at 2.5%, 3.5% and 1.5% respectively.",True,neutral,0.0011424800613895059,0.007746675983071327,0.9911108613014221,-0.006604195921681821,ecb_stmt_reg_v2.csv
ecb_stmt,ecb_stmt_19990617,1999-06-17,ECB,statement,ecb_statements,2,Directorate General Communications Reproduction is permitted provided that the source is acknowledged.,False,neutral,0.047414593398571014,0.06088154762983322,0.8917038440704346,-0.013466954231262207,ecb_stmt_reg_v2.csv
ecb_stmt,ecb_stmt_19990909,1999-09-09,ECB,statement,ecb_statements,1,"At today's meeting the Governing Council of the ECB decided that the interest rates on the main refinancing operations, the marginal lending facility and the deposit facility will remain unchanged at 2.5%, 3.5% and 1.5% respectively.",True,neutral,0.0011424800613895059,0.007746675983071327,0.9911108613014221,-0.006604195921681821,ecb_stmt_reg_v2.csv
ecb_stmt,ecb_stmt_19990909,1999-09-09,ECB,statement,ecb_statements,2,The President of the ECB will comment on the considerations underlying these decisions at a press conference starting at 2 p.m. today.,True,neutral,0.000965916900895536,0.0020092155318707228,0.9970248937606812,-0.0010432986309751868,ecb_stmt_reg_v2.csv
ecb_stmt,ecb_stmt_19990909,1999-09-09,ECB,statement,ecb_statements,3,Directorate General Communications Reproduction is permitted provided that the source is acknowledged.,False,neutral,0.047414593398571014,0.06088154762983322,0.8917038440704346,-0.013466954231262207,ecb_stmt_reg_v2.csv
ecb_stmt,ecb_stmt_19991007,1999-10-07,ECB,statement,ecb_statements,1,"At today's meeting the Governing Council of the ECB decided that the interest rates on the main refinancing operations, the marginal lending facility and the deposit facility will remain unchanged at 2.5%, 3.5% and 1.5% respectively.",True,neutral,0.0011424800613895059,0.007746675983071327,0.9911108613014221,-0.006604195921681821,ecb_stmt_reg_v2.csv
ecb_stmt,ecb_stmt_19991007,1999-10-07,ECB,statement,ecb_statements,2,The President of the ECB will comment on the considerations underlying these decisions at a press conference starting at 2.30 p.m. today.,True,neutral,0.0011092633940279484,0.0021633650176227093,0.9967274069786072,-0.001054101623594761,ecb_stmt_reg_v2.csv
ecb_stmt,ecb_stmt_19991007,1999-10-07,ECB,statement,ecb_statements,3,Directorate General Communications Reproduction is permitted provided that the source is acknowledged.,False,neutral,0.047414593398571014,0.06088154762983322,0.8917038440704346,-0.013466954231262207,ecb_stmt_reg_v2.csv
ecb_stmt,ecb_stmt_19991104,1999-11-04,ECB,statement,ecb_statements,1,At today's meeting the Governing Council of the ECB took the following monetary policy decisions: The President of the ECB will comment on the considerations underlying these decisions at a press conference starting at 2.30 p.m. today.,True,neutral,0.000770872866269201,0.001198624144308269,0.9980304837226868,-0.000427751278039068,ecb_stmt_reg_v2.csv
ecb_stmt,ecb_stmt_19991104,1999-11-04,ECB,statement,ecb_statements,2,Directorate General Communications Reproduction is permitted provided that the source is acknowledged.,False,neutral,0.047414593398571014,0.06088154762983322,0.8917038440704346,-0.013466954231262207,ecb_stmt_reg_v2.csv
ecb_stmt,ecb_stmt_19991202,1999-12-02,ECB,statement,ecb_statements,1,At today's meeting the Governing Council of the ECB took the following monetary policy decisions: The President of the ECB will comment on the considerations underlying these decisions at a press conference starting at 2.30 p.m. today.,True,neutral,0.000770872866269201,0.001198624144308269,0.9980304837226868,-0.000427751278039068,ecb_stmt_reg_v2.csv
ecb_stmt,ecb_stmt_19991202,1999-12-02,ECB,statement,ecb_statements,2,Directorate General Communications Reproduction is permitted provided that the source is acknowledged.,False,neutral,0.047414593398571014,0.06088154762983322,0.8917038440704346,-0.013466954231262207,ecb_stmt_reg_v2.csv
ecb_stmt,ecb_stmt_20000120,2000-01-20,ECB,statement,ecb_statements,1,"At today's meeting the Governing Council of the ECB decided that the interest rates on the main refinancing operations, the marginal lending facility and the deposit facility will remain unchanged at 3.0%, 4.0% and 2.0%, respectively.",True,neutral,0.001250122906640172,0.007444098591804504,0.9913058280944824,-0.006193975685164332,ecb_stmt_reg_v2.csv
ecb_stmt,ecb_stmt_20000120,2000-01-20,ECB,statement,ecb_statements,2,It was also decided that for the longer-term refinancing operations to be conducted in the first half of 2000 the Eurosystem intends to allot an amount of EUR 20 billion per operation.,True,neutral,0.16920386254787445,0.005636418238282204,0.8251597285270691,0.16356744430959225,ecb_stmt_reg_v2.csv
ecb_stmt,ecb_stmt_20000120,2000-01-20,ECB,statement,ecb_statements,3,This amount takes into consideration the expected liquidity needs of the banking system of the euro area in the first half of 2000 and the desire of the Eurosystem to continue to provide the bulk of its refinancing of the financial sector through its main refinancing operations.,True,neutral,0.00409242557361722,0.004255449865013361,0.9916520714759827,-0.00016302429139614105,ecb_stmt_reg_v2.csv
ecb_stmt,ecb_stmt_20000120,2000-01-20,ECB,statement,ecb_statements,4,Directorate General Communications Reproduction is permitted provided that the source is acknowledged.,False,neutral,0.047414593398571014,0.06088154762983322,0.8917038440704346,-0.013466954231262207,ecb_stmt_reg_v2.csv
ecb_stmt,ecb_stmt_20000203,2000-02-03,ECB,statement,ecb_statements,1,"At today's meeting the Governing Council of the ECB took the following monetary policy decisions: The interest rate on the main refinancing operations of the Eurosystem will be raised by 0.25 percentage point to 3.25%, starting from the operation to be settled on 9 February 2000.",True,hawkish,0.9983841776847839,0.0005982278380542994,0.0010176198557019234,0.9977859498467296,ecb_stmt_reg_v2.csv
ecb_stmt,ecb_stmt_20000203,2000-02-03,ECB,statement,ecb_statements,2,"The interest rate on the marginal lending facility will be raised by 0.25 percentage point to 4.25%, with effect of 4 February 2000.",True,hawkish,0.9987610578536987,0.0006508852238766849,0.0005880258395336568,0.998110172629822,ecb_stmt_reg_v2.csv
ecb_stmt,ecb_stmt_20000203,2000-02-03,ECB,statement,ecb_statements,3,"The interest rate on the deposit facility will be raised by 0.25 percentage point to 2.25%, with effect of 4 February 2000.",True,hawkish,0.9985659718513489,0.0008020109962671995,0.0006319694221019745,0.9977639608550817,ecb_stmt_reg_v2.csv
ecb_stmt,ecb_stmt_20000203,2000-02-03,ECB,statement,ecb_statements,4,The President of the ECB will comment on the considerations underlying these decisions at a press conference starting at 2.30 p.m. today.,True,neutral,0.0011092633940279484,0.0021633650176227093,0.9967274069786072,-0.001054101623594761,ecb_stmt_reg_v2.csv
ecb_stmt,ecb_stmt_20000203,2000-02-03,ECB,statement,ecb_statements,5,Directorate General Communications Reproduction is permitted provided that the source is acknowledged.,False,neutral,0.047414593398571014,0.06088154762983322,0.8917038440704346,-0.013466954231262207,ecb_stmt_reg_v2.csv
ecb_stmt,ecb_stmt_20000316,2000-03-16,ECB,statement,ecb_statements,1,"At today's meeting (which was also attended by the President of the European Commission, Mr.",False,neutral,0.0018242662772536278,0.002011406235396862,0.9961643815040588,-0.00018713995814323425,ecb_stmt_reg_v2.csv
ecb_stmt,ecb_stmt_20000316,2000-03-16,ECB,statement,ecb_statements,2,R.,False,neutral,0.002458461793139577,0.005727269686758518,0.9918143153190613,-0.0032688078936189413,ecb_stmt_reg_v2.csv
ecb_stmt,ecb_stmt_20000316,2000-03-16,ECB,statement,ecb_statements,3,"Prodi) the Governing Council of the ECB took the following monetary policy decisions: The interest rate on the main refinancing operations of the Eurosystem will be raised by 0.25 percentage point to 3.5%, starting from the operation to be settled on 22 March 2000.",True,hawkish,0.9982975721359253,0.0007007056847214699,0.0010017561726272106,0.9975968664512038,ecb_stmt_reg_v2.csv
ecb_stmt,ecb_stmt_20000316,2000-03-16,ECB,statement,ecb_statements,4,"The interest rate on the marginal lending facility will be raised by 0.25 percentage point to 4.5%, with effect from 17 March 2000.",True,hawkish,0.9987568259239197,0.000647079898044467,0.0005961178685538471,0.9981097460258752,ecb_stmt_reg_v2.csv
ecb_stmt,ecb_stmt_20000316,2000-03-16,ECB,statement,ecb_statements,5,"The interest rate on the deposit facility will be raised by 0.25 percentage point to 2.5%, with effect from 17 March 2000.",True,hawkish,0.9986495971679688,0.0007461602217517793,0.0006042590248398483,0.997903436946217,ecb_stmt_reg_v2.csv
ecb_stmt,ecb_stmt_20000316,2000-03-16,ECB,statement,ecb_statements,6,"Following the regular examination of the outlook for price developments in the euro area on the basis of the latest information on monetary, financial and other economic developments, the Governing Council confirmed the assessment which was presented by the President of the ECB in his introductory statement at the press conference after the Governing Council meeting on 2 March 2000, as well as in the following issue of the ECB Monthly Bulletin.",True,neutral,0.003209517104551196,0.00596113596111536,0.990829348564148,-0.002751618856564164,ecb_stmt_reg_v2.csv
ecb_stmt,ecb_stmt_20000316,2000-03-16,ECB,statement,ecb_statements,7,"As noted there, economic conditions and prospects for the euro area appear to be better at present than at any time in the past decade.",True,dovish,0.3202378451824188,0.4940603971481323,0.18570177257061005,-0.1738225519657135,ecb_stmt_reg_v2.csv
ecb_stmt,ecb_stmt_20000316,2000-03-16,ECB,statement,ecb_statements,8,"At the same time, upside risks to price stability were seen as a reason for vigilance.",True,hawkish,0.8020973205566406,0.066130131483078,0.13177257776260376,0.7359671890735626,ecb_stmt_reg_v2.csv
ecb_stmt,ecb_stmt_20000316,2000-03-16,ECB,statement,ecb_statements,9,"Today's decision addresses these upside risks, thereby contributing to maintaining the favourable outlook for the euro area economy.",True,hawkish,0.9955498576164246,0.003187237773090601,0.0012628529220819473,0.992362619843334,ecb_stmt_reg_v2.csv
ecb_stmt,ecb_stmt_20000316,2000-03-16,ECB,statement,ecb_statements,10,"With regard to the first pillar of the monetary policy strategy of the Eurosystem, the prolonged deviation of M3 growth from the reference value of 4 1/2% points to the existence of ample liquidity in the euro area, especially when seen in conjunction with the continued strong growth of credit granted to the private sector.",False,dovish,0.3555087745189667,0.4180743098258972,0.22641690075397491,-0.06256553530693054,ecb_stmt_reg_v2.csv
ecb_stmt,ecb_stmt_20000316,2000-03-16,ECB,statement,ecb_statements,11,"Considering the second pillar, most indicators and forecasts point to increasing upward pressures on consumer price inflation over the medium term.",True,hawkish,0.992272138595581,0.004572748672217131,0.0031551020219922066,0.9876993899233639,ecb_stmt_reg_v2.csv
ecb_stmt,ecb_stmt_20000316,2000-03-16,ECB,statement,ecb_statements,12,The strong rise in oil prices and the downward movement of the exchange rate of the euro in the past are putting upward pressure on import costs and producer prices.,False,hawkish,0.9326050281524658,0.04826951399445534,0.019125431776046753,0.8843355141580105,ecb_stmt_reg_v2.csv
ecb_stmt,ecb_stmt_20000316,2000-03-16,ECB,statement,ecb_statements,13,"In the context of a strong cyclical upswing, there is a risk that these developments could, via second round effects, have lasting effects on consumer price inflation.",True,neutral,0.05338364094495773,0.1336832195520401,0.8129331469535828,-0.08029957860708237,ecb_stmt_reg_v2.csv
ecb_stmt,ecb_stmt_20000316,2000-03-16,ECB,statement,ecb_statements,14,Today's increase in ECB interest rates follows the interest rate decisions taken on 4 November 1999 and 3 February 2000 and continues the policy of countering these emerging upside risks to price stability in a timely and pre-emptive manner.,True,hawkish,0.9971634149551392,0.0014473848277702928,0.0013892203569412231,0.9957160301273689,ecb_stmt_reg_v2.csv
ecb_stmt,ecb_stmt_20000316,2000-03-16,ECB,statement,ecb_statements,15,"By ensuring a non-inflationary environment, this move will contribute to ensuring sustainable economic growth in the euro area.",True,dovish,0.04820598289370537,0.7183085680007935,0.23348547518253326,-0.6701025851070881,ecb_stmt_reg_v2.csv
ecb_stmt,ecb_stmt_20000316,2000-03-16,ECB,statement,ecb_statements,16,Directorate General Communications Reproduction is permitted provided that the source is acknowledged.,False,neutral,0.047414593398571014,0.06088154762983322,0.8917038440704346,-0.013466954231262207,ecb_stmt_reg_v2.csv
ecb_stmt,ecb_stmt_20000413,2000-04-13,ECB,statement,ecb_statements,1,"At today's meeting the Governing Council of the ECB decided that the interest rates on the main refinancing operations, the marginal lending facility and the deposit facility will remain unchanged at 3.5%, 4.5% and 2.5% respectively.",True,neutral,0.0010850164107978344,0.00668558944016695,0.9922294020652771,-0.005600573029369116,ecb_stmt_reg_v2.csv
ecb_stmt,ecb_stmt_20000413,2000-04-13,ECB,statement,ecb_statements,2,The President of the ECB will comment on the considerations underlying these decisions at a press conference starting at 2.30 p.m. today.,True,neutral,0.0011092633940279484,0.0021633650176227093,0.9967274069786072,-0.001054101623594761,ecb_stmt_reg_v2.csv
ecb_stmt,ecb_stmt_20000413,2000-04-13,ECB,statement,ecb_statements,3,Directorate General Communications Reproduction is permitted provided that the source is acknowledged.,False,neutral,0.047414593398571014,0.06088154762983322,0.8917038440704346,-0.013466954231262207,ecb_stmt_reg_v2.csv
ecb_stmt,ecb_stmt_20000511,2000-05-11,ECB,statement,ecb_statements,1,"At today's meeting the Governing Council of the ECB decided that the interest rates on the main refinancing operations, the marginal lending facility and the deposit facility will remain unchanged at 3.75%, 4.75% and 2.75% respectively.",True,neutral,0.0009945154888555408,0.005985992960631847,0.9930195212364197,-0.004991477471776307,ecb_stmt_reg_v2.csv
ecb_stmt,ecb_stmt_20000511,2000-05-11,ECB,statement,ecb_statements,2,The President of the ECB will comment on the considerations underlying these decisions at a press conference starting at 2.30 p.m. today.,True,neutral,0.0011092633940279484,0.0021633650176227093,0.9967274069786072,-0.001054101623594761,ecb_stmt_reg_v2.csv
ecb_stmt,ecb_stmt_20000511,2000-05-11,ECB,statement,ecb_statements,3,Directorate General Communications Reproduction is permitted provided that the source is acknowledged.,False,neutral,0.047414593398571014,0.06088154762983322,0.8917038440704346,-0.013466954231262207,ecb_stmt_reg_v2.csv
ecb_stmt,ecb_stmt_20000608,2000-06-08,ECB,statement,ecb_statements,1,At today's meeting the Governing Council of the ECB took the following monetary policy decisions: The interest rate on the main refinancing operations of the Eurosystem will be raised by 0.50 percentage point to 4.25% and applied in the two operations (which will be conducted as fixed rate tenders) to be settled on 15 and 21 June 2000.,True,hawkish,0.9982926845550537,0.000463135918835178,0.0012442669831216335,0.9978295486362185,ecb_stmt_reg_v2.csv
ecb_stmt,ecb_stmt_20000608,2000-06-08,ECB,statement,ecb_statements,2,The interest rate on the marginal lending facility will be raised by 0.50 percentage point to 5.25% with effect from 9 June 2000.,True,hawkish,0.9988728761672974,0.0006151122506707907,0.0005119417910464108,0.9982577639166266,ecb_stmt_reg_v2.csv
ecb_stmt,ecb_stmt_20000608,2000-06-08,ECB,statement,ecb_statements,3,"The interest rate on the deposit facility will be raised by 0.50 percentage point to 3.25%, with effect from 9 June 2000.",True,hawkish,0.9986642003059387,0.0007534936885349452,0.0005822548409923911,0.9979107066174038,ecb_stmt_reg_v2.csv
ecb_stmt,ecb_stmt_20000608,2000-06-08,ECB,statement,ecb_statements,4,"Starting from the operation to be settled on 28 June 2000, the main refinancing operations of the Eurosystem will be conducted as variable rate tenders, applying the multiple rate auction procedure.",True,neutral,0.0016860478790476918,0.0008662096806801856,0.9974477887153625,0.0008198381983675063,ecb_stmt_reg_v2.csv
ecb_stmt,ecb_stmt_20000608,2000-06-08,ECB,statement,ecb_statements,5,The Governing Council has decided to set a minimum bid rate for these operations equal to 4.25%.,False,neutral,0.009117994457483292,0.02754218503832817,0.9633398056030273,-0.01842419058084488,ecb_stmt_reg_v2.csv
ecb_stmt,ecb_stmt_20000608,2000-06-08,ECB,statement,ecb_statements,6,This is the same rate as that which will prevail for the two fixed rate tenders to be implemented following today's decision.,True,neutral,0.0020014725159853697,0.0009289549780078232,0.9970695972442627,0.0010725175379775465,ecb_stmt_reg_v2.csv
ecb_stmt,ecb_stmt_20000608,2000-06-08,ECB,statement,ecb_statements,7,The switch to variable rate tenders in the main refinancing operations is not intended as a further change in the monetary policy stance of the Eurosystem.,True,neutral,0.0022010491229593754,0.003323583398014307,0.9944753646850586,-0.0011225342750549316,ecb_stmt_reg_v2.csv
ecb_stmt,ecb_stmt_20000608,2000-06-08,ECB,statement,ecb_statements,8,The new tender mechanism is a response to the severe overbidding which has developed in the context of the current fixed rate tender procedure.,False,neutral,0.0602167472243309,0.1391901820898056,0.8005930781364441,-0.0789734348654747,ecb_stmt_reg_v2.csv
ecb_stmt,ecb_stmt_20000608,2000-06-08,ECB,statement,ecb_statements,9,"For the purpose of signalling the monetary policy stance, the minimum bid rate is designed to play the role performed, until now, by the rate in fixed rate tenders.",False,neutral,0.003069997299462557,0.0036886867601424456,0.9932412505149841,-0.0006186894606798887,ecb_stmt_reg_v2.csv
ecb_stmt,ecb_stmt_20000608,2000-06-08,ECB,statement,ecb_statements,10,"This change does not in any way rule out the option that, in the future, the main refinancing operations of the Eurosystem may be conducted in principle as fixed rate tenders.",True,neutral,0.010589484125375748,0.0030309767462313175,0.9863795042037964,0.00755850737914443,ecb_stmt_reg_v2.csv
ecb_stmt,ecb_stmt_20000608,2000-06-08,ECB,statement,ecb_statements,11,The time available until implementation of the new tender procedure as from the first main refinancing operation of the maintenance period starting on 24 June 2000 will help counterparties to prepare for the change.,True,neutral,0.001122626243159175,0.001894790562801063,0.9969826340675354,-0.0007721643196418881,ecb_stmt_reg_v2.csv
ecb_stmt,ecb_stmt_20000608,2000-06-08,ECB,statement,ecb_statements,12,In accordance with Article 8 of the Regulation (EC) No.,False,neutral,0.00416700029745698,0.005640264134854078,0.9901927709579468,-0.0014732638373970985,ecb_stmt_reg_v2.csv
ecb_stmt,ecb_stmt_20000608,2000-06-08,ECB,statement,ecb_statements,13,"2818/98 of the European Central Bank of 1 December 1998 on the application of minimum reserves (ECB/1998/15), the marginal interest rate of the main refinancing operation is used to calculate the remuneration of required reserves.",False,neutral,0.0009009441128000617,0.0013981375377625227,0.9977009296417236,-0.000497193424962461,ecb_stmt_reg_v2.csv
ecb_stmt,ecb_stmt_20000608,2000-06-08,ECB,statement,ecb_statements,14,The President of the ECB will comment on the considerations underlying these decisions at a press conference starting at 2.30 p.m. today.,True,neutral,0.0011092633940279484,0.0021633650176227093,0.9967274069786072,-0.001054101623594761,ecb_stmt_reg_v2.csv
ecb_stmt,ecb_stmt_20000608,2000-06-08,ECB,statement,ecb_statements,15,Directorate General Communications Reproduction is permitted provided that the source is acknowledged.,False,neutral,0.047414593398571014,0.06088154762983322,0.8917038440704346,-0.013466954231262207,ecb_stmt_reg_v2.csv
ecb_stmt,ecb_stmt_20000706,2000-07-06,ECB,statement,ecb_statements,1,"At today's meeting the Governing Council of the ECB decided that the minimum bid rate on the main refinancing operations and the interest rates on the marginal lending facility and the deposit facility will remain unchanged at 4.25%, 5.25% and 3.25% respectively.",True,neutral,0.0021337016951292753,0.03381964936852455,0.9640466570854187,-0.031685947673395276,ecb_stmt_reg_v2.csv
ecb_stmt,ecb_stmt_20000706,2000-07-06,ECB,statement,ecb_statements,2,The President of the ECB will comment on the considerations underlying these decisions at a press conference starting at 2.30 p.m. today.,True,neutral,0.0011092633940279484,0.0021633650176227093,0.9967274069786072,-0.001054101623594761,ecb_stmt_reg_v2.csv
ecb_stmt,ecb_stmt_20000706,2000-07-06,ECB,statement,ecb_statements,3,Directorate General Communications Reproduction is permitted provided that the source is acknowledged.,False,neutral,0.047414593398571014,0.06088154762983322,0.8917038440704346,-0.013466954231262207,ecb_stmt_reg_v2.csv
ecb_stmt,ecb_stmt_20000831,2000-08-31,ECB,statement,ecb_statements,1,"At today's meeting the Governing Council of the ECB took the following monetary policy decisions: The minimum bid rate on the main refinancing operations of the Eurosystem will be raised by 0.25 percentage point to 4.50%, starting from the operation to be settled on 6 September 2000.",True,hawkish,0.9981001615524292,0.0005308854742906988,0.0013689673505723476,0.9975692760781385,ecb_stmt_reg_v2.csv
ecb_stmt,ecb_stmt_20000831,2000-08-31,ECB,statement,ecb_statements,2,"The interest rate on the marginal lending facility will be raised by 0.25 percentage point to 5.50%, with effect from 1 September 2000.",True,hawkish,0.9986975193023682,0.0006741319666616619,0.0006283600232563913,0.9980233873357065,ecb_stmt_reg_v2.csv
ecb_stmt,ecb_stmt_20000831,2000-08-31,ECB,statement,ecb_statements,3,"The interest rate on the deposit facility will be raised by 0.25 percentage point to 3.50%, with effect from 1 September 2000.",True,hawkish,0.9986050128936768,0.0007788859074935317,0.0006161494529806077,0.9978261269861832,ecb_stmt_reg_v2.csv
ecb_stmt,ecb_stmt_20000831,2000-08-31,ECB,statement,ecb_statements,4,The Governing Council is of the view that economic growth conditions and prospects in the euro area are very favourable.,True,hawkish,0.7444446086883545,0.17647607624530792,0.0790792852640152,0.5679685324430466,ecb_stmt_reg_v2.csv
ecb_stmt,ecb_stmt_20000831,2000-08-31,ECB,statement,ecb_statements,5,"In order to maintain this benign environment, price stability over the medium term must be ensured.",True,neutral,0.0031166034750640392,0.42404085397720337,0.5728425979614258,-0.42092425050213933,ecb_stmt_reg_v2.csv
ecb_stmt,ecb_stmt_20000831,2000-08-31,ECB,statement,ecb_statements,6,"While present conditions are largely influenced by oil price and exchange rate developments and cannot be remedied by monetary policy in the short term, it is imperative that medium-term upward pressure on prices be contained.",False,dovish,0.09499452263116837,0.8491610884666443,0.05584440380334854,-0.7541665658354759,ecb_stmt_reg_v2.csv
ecb_stmt,ecb_stmt_20000831,2000-08-31,ECB,statement,ecb_statements,7,Today's policy decisions support the favourable prospects for high economic growth in the euro area.,True,hawkish,0.990216851234436,0.006836924236267805,0.0029462729580700397,0.9833799269981682,ecb_stmt_reg_v2.csv
ecb_stmt,ecb_stmt_20000831,2000-08-31,ECB,statement,ecb_statements,8,"In the context of the first pillar of the monetary policy strategy of the ECB, although the measures taken since November 1999 are gradually feeding their way through, the latest available information indicates that M3 growth has continued to deviate on the upside from the reference value of 4½%.",False,hawkish,0.9858075380325317,0.0078418655321002,0.006350536365061998,0.9779656725004315,ecb_stmt_reg_v2.csv
ecb_stmt,ecb_stmt_20000831,2000-08-31,ECB,statement,ecb_statements,9,"At the same time, the expansion of credit to the private sector, at around 10%, suggests that households and firms regard financing conditions in the euro area as being very favourable.",False,hawkish,0.4435976445674896,0.43079012632369995,0.12561218440532684,0.012807518243789673,ecb_stmt_reg_v2.csv
ecb_stmt,ecb_stmt_20000831,2000-08-31,ECB,statement,ecb_statements,10,"In the context of the robust expansion of economic activity, a continuation of ample liquidity conditions would constitute a risk to price stability.",True,dovish,0.059945035725831985,0.848381519317627,0.09167345613241196,-0.788436483591795,ecb_stmt_reg_v2.csv
ecb_stmt,ecb_stmt_20000831,2000-08-31,ECB,statement,ecb_statements,11,Developments in key indicators related to the second pillar point in the same direction.,False,neutral,0.25503766536712646,0.023200979456305504,0.7217613458633423,0.23183668591082096,ecb_stmt_reg_v2.csv
ecb_stmt,ecb_stmt_20000831,2000-08-31,ECB,statement,ecb_statements,12,The protracted depreciation of the exchange rate of the euro and the renewed rise in oil prices have increasingly put upward pressure on import prices and consumer prices in the euro area.,False,hawkish,0.8661876320838928,0.1071007028222084,0.026711594313383102,0.7590869292616844,ecb_stmt_reg_v2.csv
ecb_stmt,ecb_stmt_20000831,2000-08-31,ECB,statement,ecb_statements,13,"At the same time, recent data have confirmed that the euro area has entered a period of strong growth and that the outlook remains very positive.",True,hawkish,0.7398046851158142,0.15968181192874908,0.10051354765892029,0.5801228731870651,ecb_stmt_reg_v2.csv
ecb_stmt,ecb_stmt_20000831,2000-08-31,ECB,statement,ecb_statements,14,The Governing Council will continue to ensure that price stability is maintained in the euro area and will remain alert to all emerging risks to price stability.,True,neutral,0.007263496983796358,0.4117676019668579,0.580968976020813,-0.40450410498306155,ecb_stmt_reg_v2.csv
ecb_stmt,ecb_stmt_20000831,2000-08-31,ECB,statement,ecb_statements,15,"At the same time, it stresses that both sound public finances, in particular strict adherence to the criteria laid down in the Stability and Growth Pact, and the continuation of structural measures to enhance the flexibility of labour and goods markets will be the key to a lasting increase in the growth potential of the euro area.",True,hawkish,0.7697228789329529,0.1630851775407791,0.06719198077917099,0.6066377013921738,ecb_stmt_reg_v2.csv
ecb_stmt,ecb_stmt_20000831,2000-08-31,ECB,statement,ecb_statements,16,Directorate General Communications Reproduction is permitted provided that the source is acknowledged.,False,neutral,0.047414593398571014,0.06088154762983322,0.8917038440704346,-0.013466954231262207,ecb_stmt_reg_v2.csv
ecb_stmt,ecb_stmt_20000905,2000-09-05,ECB,statement,ecb_statements,1,"The European Central Bank (ECB) will today release the publication entitled ""Seasonal adjustment of monetary aggregates and Consumer Price Indices (HICP) for the euro area"" (pdf 881 kB).",True,neutral,0.0005404806579463184,0.0010256519308313727,0.9984338283538818,-0.00048517127288505435,ecb_stmt_reg_v2.csv
ecb_stmt,ecb_stmt_20000905,2000-09-05,ECB,statement,ecb_statements,2,Seasonal adjustment facilitates the interpretation of economic statistics by correcting them for recurrent influences within the year.,False,neutral,0.0013445509830489755,0.002919611753895879,0.9957358241081238,-0.0015750607708469033,ecb_stmt_reg_v2.csv
ecb_stmt,ecb_stmt_20000905,2000-09-05,ECB,statement,ecb_statements,3,"These influences may be caused by events such as weather and calendar effects, regular tax payments or sales periods.",False,neutral,0.0007893965812399983,0.002820604247972369,0.9963899850845337,-0.002031207666732371,ecb_stmt_reg_v2.csv
ecb_stmt,ecb_stmt_20000905,2000-09-05,ECB,statement,ecb_statements,4,Most monthly and quarterly statistics for the euro area used by the ECB are subject to these influences and seasonally adjusted results are important for the assessment of the business cycle.,False,neutral,0.00031884878990240395,0.0016447472153231502,0.9980364441871643,-0.0013258984254207462,ecb_stmt_reg_v2.csv
ecb_stmt,ecb_stmt_20000905,2000-09-05,ECB,statement,ecb_statements,5,"The report addresses various methodological issues concerning seasonal adjustment, focusing on two key indicators essential to the conduct of monetary policy by the ECB: monetary aggregates and Harmonised Consumer Price Indices (HICP) for the euro area.",False,neutral,0.00046961382031440735,0.001019738265313208,0.9985106587409973,-0.0005501244449988008,ecb_stmt_reg_v2.csv
ecb_stmt,ecb_stmt_20000905,2000-09-05,ECB,statement,ecb_statements,6,"Besides explaining the seasonal adjustment of the monetary aggregates regularly published in the ECB Monthly Bulletin, the report also reviews the use of two leading seasonal adjustment packages, Census X-12 ARIMA and TRAMO-SEATS.",False,neutral,0.00027244159718975425,0.0007822010084055364,0.998945415019989,-0.0005097594112157822,ecb_stmt_reg_v2.csv
ecb_stmt,ecb_stmt_20000905,2000-09-05,ECB,statement,ecb_statements,7,The publication will be available on the ECB's website as from 3 p.m.,True,neutral,0.0006990862311795354,0.001363408169709146,0.9979375004768372,-0.0006643219385296106,ecb_stmt_reg_v2.csv
ecb_stmt,ecb_stmt_20000905,2000-09-05,ECB,statement,ecb_statements,8,ECB time (C.E.T.).,False,neutral,0.0021822485141456127,0.0021610411349684,0.9956567287445068,2.1207379177212715e-05,ecb_stmt_reg_v2.csv
ecb_stmt,ecb_stmt_20000905,2000-09-05,ECB,statement,ecb_statements,9,Copies of the printed version can be ordered free of charge from the ECB's Press Division (Fax: +49 69 1344 7404).,False,neutral,0.0005227976362220943,0.0011046029394492507,0.9983726143836975,-0.0005818053032271564,ecb_stmt_reg_v2.csv
ecb_stmt,ecb_stmt_20000905,2000-09-05,ECB,statement,ecb_statements,10,Directorate General Communications Reproduction is permitted provided that the source is acknowledged.,False,neutral,0.047414593398571014,0.06088154762983322,0.8917038440704346,-0.013466954231262207,ecb_stmt_reg_v2.csv
ecb_stmt,ecb_stmt_20001005,2000-10-05,ECB,statement,ecb_statements,1,"At today's meeting the Governing Council of the ECB took the following monetary policy decisions: The minimum bid rate on the main refinancing operations of the Eurosystem will be raised by 0.25 percentage point to 4.75%, starting from the operation to be settled on 11 October 2000.",True,hawkish,0.9981619715690613,0.0005392791936174035,0.0012987267691642046,0.9976226923754439,ecb_stmt_reg_v2.csv
ecb_stmt,ecb_stmt_20001005,2000-10-05,ECB,statement,ecb_statements,2,"The interest rate on the marginal lending facility will be raised by 0.25 percentage point to 5.75%, with effect from 6 October 2000.",True,hawkish,0.9987174868583679,0.0006662914529442787,0.0006162188365124166,0.9980511954054236,ecb_stmt_reg_v2.csv
ecb_stmt,ecb_stmt_20001005,2000-10-05,ECB,statement,ecb_statements,3,"The interest rate on the deposit facility will be raised by 0.25 percentage point to 3.75%, with effect from 6 October 2000.",True,hawkish,0.998626172542572,0.0007683259318582714,0.0006054262048564851,0.9978578466107138,ecb_stmt_reg_v2.csv
ecb_stmt,ecb_stmt_20001005,2000-10-05,ECB,statement,ecb_statements,4,The President of the ECB will comment on the considerations underlying these decisions at a press conference starting at 2.30 p.m. today.,True,neutral,0.0011092633940279484,0.0021633650176227093,0.9967274069786072,-0.001054101623594761,ecb_stmt_reg_v2.csv
ecb_stmt,ecb_stmt_20001005,2000-10-05,ECB,statement,ecb_statements,5,Directorate General Communications Reproduction is permitted provided that the source is acknowledged.,False,neutral,0.047414593398571014,0.06088154762983322,0.8917038440704346,-0.013466954231262207,ecb_stmt_reg_v2.csv
ecb_stmt,ecb_stmt_20001214,2000-12-14,ECB,statement,ecb_statements,1,"At today's meeting the Governing Council of the ECB took the following monetary policy decisions: The minimum bid rate on the main refinancing operations and the interest rates on the marginal lending facility and the deposit facility will remain unchanged at 4.75%, 5.75% and 3.75% respectively.",True,neutral,0.001795967691577971,0.0039923181757330894,0.994211733341217,-0.0021963504841551185,ecb_stmt_reg_v2.csv
ecb_stmt,ecb_stmt_20001214,2000-12-14,ECB,statement,ecb_statements,2,The reference value for the annual growth rate of the broad monetary aggregate M3 will remain at 4 1/2%.,True,neutral,0.0007342086755670607,0.0030851024203002453,0.9961806535720825,-0.0023508937447331846,ecb_stmt_reg_v2.csv
ecb_stmt,ecb_stmt_20001214,2000-12-14,ECB,statement,ecb_statements,3,The President of the ECB will comment on the considerations underlying these decisions at a press conference starting at 2.30 p.m. today.,True,neutral,0.0011092633940279484,0.0021633650176227093,0.9967274069786072,-0.001054101623594761,ecb_stmt_reg_v2.csv
ecb_stmt,ecb_stmt_20001214,2000-12-14,ECB,statement,ecb_statements,4,Directorate General Communications Reproduction is permitted provided that the source is acknowledged.,False,neutral,0.047414593398571014,0.06088154762983322,0.8917038440704346,-0.013466954231262207,ecb_stmt_reg_v2.csv
ecb_stmt,ecb_stmt_20010201,2001-02-01,ECB,statement,ecb_statements,1,"At today's meeting the Governing Council of the ECB decided that the minimum bid rate on the main refinancing operations and the interest rates on the marginal lending facility and the deposit facility will remain unchanged at 4.75%, 5.75% and 3.75% respectively.",True,neutral,0.0024750588927417994,0.020238414406776428,0.9772865176200867,-0.01776335551403463,ecb_stmt_reg_v2.csv
ecb_stmt,ecb_stmt_20010201,2001-02-01,ECB,statement,ecb_statements,2,The President of the ECB will comment on the considerations underlying these decisions at a press conference starting at 2.30 p.m. today.,True,neutral,0.0011092633940279484,0.0021633650176227093,0.9967274069786072,-0.001054101623594761,ecb_stmt_reg_v2.csv
ecb_stmt,ecb_stmt_20010201,2001-02-01,ECB,statement,ecb_statements,3,Directorate General Communications Reproduction is permitted provided that the source is acknowledged.,False,neutral,0.047414593398571014,0.06088154762983322,0.8917038440704346,-0.013466954231262207,ecb_stmt_reg_v2.csv
ecb_stmt,ecb_stmt_20010315,2001-03-15,ECB,statement,ecb_statements,1,"At today's meeting, which was held in the form of a teleconference, the Governing Council of the ECB decided that the minimum bid rate on the main refinancing operations and the interest rates on the marginal lending facility and the deposit facility will remain unchanged at 4.75%, 5.75% and 3.75% respectively.",True,neutral,0.0028961908537894487,0.0074246288277208805,0.989679217338562,-0.004528437973931432,ecb_stmt_reg_v2.csv
ecb_stmt,ecb_stmt_20010315,2001-03-15,ECB,statement,ecb_statements,2,Directorate General Communications Reproduction is permitted provided that the source is acknowledged.,False,neutral,0.047414593398571014,0.06088154762983322,0.8917038440704346,-0.013466954231262207,ecb_stmt_reg_v2.csv
ecb_stmt,ecb_stmt_20010510,2001-05-10,ECB,statement,ecb_statements,1,At today's meeting the Governing Council of the ECB took the following monetary policy decisions: The President of the ECB will comment on the considerations underlying these decisions at a press conference starting at 2.30 p.m. today.,True,neutral,0.000770872866269201,0.001198624144308269,0.9980304837226868,-0.000427751278039068,ecb_stmt_reg_v2.csv
ecb_stmt,ecb_stmt_20010510,2001-05-10,ECB,statement,ecb_statements,2,Directorate General Communications Reproduction is permitted provided that the source is acknowledged.,False,neutral,0.047414593398571014,0.06088154762983322,0.8917038440704346,-0.013466954231262207,ecb_stmt_reg_v2.csv
ecb_stmt,ecb_stmt_20010607,2001-06-07,ECB,statement,ecb_statements,1,"At today's meeting the Governing Council of the ECB decided that the minimum bid rate on the main refinancing operations and the interest rates on the marginal lending facility and the deposit facility will remain unchanged at 4.50%, 5.50% and 3.50% respectively.",True,neutral,0.002377614378929138,0.030901199206709862,0.9667211771011353,-0.028523584827780724,ecb_stmt_reg_v2.csv
ecb_stmt,ecb_stmt_20010607,2001-06-07,ECB,statement,ecb_statements,2,The President of the ECB will comment on the considerations underlying these decisions in a press conference starting at 2.30 p.m. today.,True,neutral,0.0010281811701133847,0.0019780038855969906,0.9969937801361084,-0.0009498227154836059,ecb_stmt_reg_v2.csv
ecb_stmt,ecb_stmt_20010607,2001-06-07,ECB,statement,ecb_statements,3,Directorate General Communications Reproduction is permitted provided that the source is acknowledged.,False,neutral,0.047414593398571014,0.06088154762983322,0.8917038440704346,-0.013466954231262207,ecb_stmt_reg_v2.csv
ecb_stmt,ecb_stmt_20010705,2001-07-05,ECB,statement,ecb_statements,1,"At today's meeting the Governing Council of the ECB decided that the minimum bid rate on the main refinancing operations and the interest rates on the marginal lending facility and the deposit facility will remain unchanged at 4.50%, 5.50% and 3.50% respectively.",True,neutral,0.002377614378929138,0.030901199206709862,0.9667211771011353,-0.028523584827780724,ecb_stmt_reg_v2.csv
ecb_stmt,ecb_stmt_20010705,2001-07-05,ECB,statement,ecb_statements,2,The President of the ECB will comment on the considerations underlying these decisions in a press conference starting at 2.30 p.m. today.,True,neutral,0.0010281811701133847,0.0019780038855969906,0.9969937801361084,-0.0009498227154836059,ecb_stmt_reg_v2.csv
ecb_stmt,ecb_stmt_20010705,2001-07-05,ECB,statement,ecb_statements,3,Directorate General Communications Reproduction is permitted provided that the source is acknowledged.,False,neutral,0.047414593398571014,0.06088154762983322,0.8917038440704346,-0.013466954231262207,ecb_stmt_reg_v2.csv
ecb_stmt,ecb_stmt_20010830,2001-08-30,ECB,statement,ecb_statements,1,At today's meeting the Governing Council of the ECB took the following monetary policy decisions: The President of the ECB will comment on the considerations underlying these decisions at a press conference starting at 2.30 p.m. today.,True,neutral,0.000770872866269201,0.001198624144308269,0.9980304837226868,-0.000427751278039068,ecb_stmt_reg_v2.csv
ecb_stmt,ecb_stmt_20010830,2001-08-30,ECB,statement,ecb_statements,2,Directorate General Communications Reproduction is permitted provided that the source is acknowledged.,False,neutral,0.047414593398571014,0.06088154762983322,0.8917038440704346,-0.013466954231262207,ecb_stmt_reg_v2.csv
ecb_stmt,ecb_stmt_20010913,2001-09-13,ECB,statement,ecb_statements,1,The Governing Council of the ECB expresses its deep grief at the unprecedented and tragic events of terrorism which occurred in the United States.,False,dovish,0.002953402930870652,0.9926129579544067,0.004433582536876202,-0.9896595550235361,ecb_stmt_reg_v2.csv
ecb_stmt,ecb_stmt_20010913,2001-09-13,ECB,statement,ecb_statements,2,It offers its deepest sympathy and condolences to all those affected by these dreadful acts.,False,dovish,0.06243789196014404,0.605259120464325,0.3323030173778534,-0.5428212285041809,ecb_stmt_reg_v2.csv
ecb_stmt,ecb_stmt_20010913,2001-09-13,ECB,statement,ecb_statements,3,The fundamental strength and resilience of the US economic system will not be impaired by recent events.,True,neutral,0.014728354290127754,0.016239244490861893,0.9690324068069458,-0.0015108902007341385,ecb_stmt_reg_v2.csv
ecb_stmt,ecb_stmt_20010913,2001-09-13,ECB,statement,ecb_statements,4,"At today's meeting the Governing Council decided that the minimum bid rate on the main refinancing operations and the interest rates on the marginal lending facility and the deposit facility will remain unchanged at 4.25%, 5.25% and 3.25% respectively.",True,neutral,0.0014762375503778458,0.01853249967098236,0.9799912571907043,-0.017056262120604515,ecb_stmt_reg_v2.csv
ecb_stmt,ecb_stmt_20010913,2001-09-13,ECB,statement,ecb_statements,5,The Governing Council will carefully monitor further developments in the US and the world economy.,True,neutral,0.008003772236406803,0.04494766891002655,0.9470486044883728,-0.03694389667361975,ecb_stmt_reg_v2.csv
ecb_stmt,ecb_stmt_20010913,2001-09-13,ECB,statement,ecb_statements,6,The Governing Council reconfirms that the Eurosystem stands ready to support the normal functioning of markets.,False,neutral,0.0023393749725073576,0.004725667182356119,0.9929348826408386,-0.0023862922098487616,ecb_stmt_reg_v2.csv
ecb_stmt,ecb_stmt_20010913,2001-09-13,ECB,statement,ecb_statements,7,"In this context, the Eurosystem has conducted liquidity-providing fine tuning operations yesterday and today.",False,neutral,0.0004009916156064719,0.0008555573294870555,0.99874347448349,-0.00045456571388058364,ecb_stmt_reg_v2.csv
ecb_stmt,ecb_stmt_20010913,2001-09-13,ECB,statement,ecb_statements,8,"While the expectation is that normal market conditions will prevail in the period ahead, the Eurosystem will continue to monitor developments in financial markets and take action if necessary.",True,neutral,0.0006921928143128753,0.0034607467241585255,0.9958470463752747,-0.00276855390984565,ecb_stmt_reg_v2.csv
ecb_stmt,ecb_stmt_20010913,2001-09-13,ECB,statement,ecb_statements,9,The Eurosystem is co-ordinating its activity with the Federal Reserve System of the United States and other major central banks of the world.,False,neutral,0.0007848291425034404,0.0008208890212699771,0.9983943104743958,-3.605987876653671e-05,ecb_stmt_reg_v2.csv
ecb_stmt,ecb_stmt_20010913,2001-09-13,ECB,statement,ecb_statements,10,Directorate General Communications Reproduction is permitted provided that the source is acknowledged.,False,neutral,0.047414593398571014,0.06088154762983322,0.8917038440704346,-0.013466954231262207,ecb_stmt_reg_v2.csv
ecb_stmt,ecb_stmt_20010917,2001-09-17,ECB,statement,ecb_statements,1,"Following the terrorist attacks on the US, uncertainty about the US and the world economy has increased.",False,dovish,0.11108134686946869,0.732879638671875,0.15603908896446228,-0.6217982918024063,ecb_stmt_reg_v2.csv
ecb_stmt,ecb_stmt_20010917,2001-09-17,ECB,statement,ecb_statements,2,The Federal Open Market Committee has reacted by lowering its target for the federal funds rate today.,False,dovish,0.0005448784213513136,0.9987248182296753,0.0007303555612452328,-0.998179939808324,ecb_stmt_reg_v2.csv
ecb_stmt,ecb_stmt_20010917,2001-09-17,ECB,statement,ecb_statements,3,"In concert with this decision, the Governing Council of the ECB met today by means of teleconferencing and took the following monetary policy decisions: In the view of the Governing Council, the recent events in the US are likely to weigh adversely on confidence in the euro area, reducing the short-term outlook for domestic growth.",True,dovish,0.0010657737730070949,0.9977452754974365,0.0011889566667377949,-0.9966795017244294,ecb_stmt_reg_v2.csv
ecb_stmt,ecb_stmt_20010917,2001-09-17,ECB,statement,ecb_statements,4,"As this is likely to further reduce inflationary risks in the euro area, a lowering of the ECB's key interest rates is appropriate.",True,dovish,0.0019240224501118064,0.9966683387756348,0.0014076450606808066,-0.994744316325523,ecb_stmt_reg_v2.csv
ecb_stmt,ecb_stmt_20010917,2001-09-17,ECB,statement,ecb_statements,5,The Governing Council has confidence in the fundamental strength and resilience of the US economic system.,False,hawkish,0.8962655067443848,0.07232333719730377,0.03141113743185997,0.823942169547081,ecb_stmt_reg_v2.csv
ecb_stmt,ecb_stmt_20010917,2001-09-17,ECB,statement,ecb_statements,6,"Against the background of the sound fundamentals of the euro area, the Governing Council remains confident that the slowdown in economic growth will be short-lived.",True,hawkish,0.7423636317253113,0.11640272289514542,0.14123360812664032,0.6259609088301659,ecb_stmt_reg_v2.csv
ecb_stmt,ecb_stmt_20010917,2001-09-17,ECB,statement,ecb_statements,7,Directorate General Communications Reproduction is permitted provided that the source is acknowledged.,False,neutral,0.047414593398571014,0.06088154762983322,0.8917038440704346,-0.013466954231262207,ecb_stmt_reg_v2.csv
ecb_stmt,ecb_stmt_20011108,2001-11-08,ECB,statement,ecb_statements,1,At today's meeting the Governing Council of the ECB took the following monetary policy decisions: The President of the ECB will comment on the considerations underlying these decisions at a press conference starting at 2.30 p.m. today.,True,neutral,0.000770872866269201,0.001198624144308269,0.9980304837226868,-0.000427751278039068,ecb_stmt_reg_v2.csv
ecb_stmt,ecb_stmt_20011108,2001-11-08,ECB,statement,ecb_statements,2,Directorate General Communications Reproduction is permitted provided that the source is acknowledged.,False,neutral,0.047414593398571014,0.06088154762983322,0.8917038440704346,-0.013466954231262207,ecb_stmt_reg_v2.csv
ecb_stmt,ecb_stmt_20011206,2001-12-06,ECB,statement,ecb_statements,1,At today's meeting the Governing Council of the ECB took the following monetary policy decisions: The President of the ECB will comment on the considerations underlying these decisions at a press conference starting at 2.30 p.m. today.,True,neutral,0.000770872866269201,0.001198624144308269,0.9980304837226868,-0.000427751278039068,ecb_stmt_reg_v2.csv
ecb_stmt,ecb_stmt_20011206,2001-12-06,ECB,statement,ecb_statements,2,Directorate General Communications Reproduction is permitted provided that the source is acknowledged.,False,neutral,0.047414593398571014,0.06088154762983322,0.8917038440704346,-0.013466954231262207,ecb_stmt_reg_v2.csv
ecb_stmt,ecb_stmt_20020110,2002-01-10,ECB,statement,ecb_statements,1,The introduction of the euro banknotes and coins is progressing well.,False,dovish,0.30399367213249207,0.40194040536880493,0.2940658926963806,-0.09794673323631287,ecb_stmt_reg_v2.csv
ecb_stmt,ecb_stmt_20020110,2002-01-10,ECB,statement,ecb_statements,2,The total value of national banknotes in circulation declined by EUR 9.9 billion (4.7%) on 9 January 2002 to EUR 200.25 billion.,False,dovish,0.16217884421348572,0.635196328163147,0.20262481272220612,-0.47301748394966125,ecb_stmt_reg_v2.csv
ecb_stmt,ecb_stmt_20020110,2002-01-10,ECB,statement,ecb_statements,3,"This decrease is somewhat less than expected, mainly on account of the time needed for the return of national banknotes by users via credit institutions to their respective national central banks.",True,dovish,0.0375586599111557,0.8615357279777527,0.10090558230876923,-0.823977068066597,ecb_stmt_reg_v2.csv
ecb_stmt,ecb_stmt_20020110,2002-01-10,ECB,statement,ecb_statements,4,"Nevertheless, demand for euro banknotes is still high.",False,neutral,0.11377549171447754,0.3450199365615845,0.5412046313285828,-0.23124444484710693,ecb_stmt_reg_v2.csv
ecb_stmt,ecb_stmt_20020110,2002-01-10,ECB,statement,ecb_statements,5,"In order to accommodate the resulting liquidity need of the banking system, the Eurosystem today supplied additional liquidity via a quick tender operation.",False,neutral,0.05994418263435364,0.339938759803772,0.6001170873641968,-0.27999457716941833,ecb_stmt_reg_v2.csv
ecb_stmt,ecb_stmt_20020110,2002-01-10,ECB,statement,ecb_statements,6,Around 8 billion euro banknotes are already in circulation and the euro progress ratio (EPR) rose from 45.5% on 8 January to 47.6% on 9 January 2002.,False,hawkish,0.9867793917655945,0.006668375339359045,0.006552181672304869,0.9801110164262354,ecb_stmt_reg_v2.csv
ecb_stmt,ecb_stmt_20020110,2002-01-10,ECB,statement,ecb_statements,7,"This means that the value of euro banknotes in circulation amounts to 47.6% of the total value of all banknotes in circulation, including the national banknotes issued but not yet redeemed by national central banks.",False,neutral,0.0008017689688131213,0.0009337085066363215,0.9982645511627197,-0.00013193953782320023,ecb_stmt_reg_v2.csv
ecb_stmt,ecb_stmt_20020110,2002-01-10,ECB,statement,ecb_statements,8,The EPR calculates the value of euro banknotes in circulation divided by the total value of euro and national banknotes in circulation.,False,neutral,0.001105401897802949,0.0017492609331384301,0.9971452951431274,-0.0006438590353354812,ecb_stmt_reg_v2.csv
ecb_stmt,ecb_stmt_20020110,2002-01-10,ECB,statement,ecb_statements,9,It provides an indication of the rate of substitution of national banknotes by euro banknotes.,False,neutral,0.0008616988197900355,0.0010537153575569391,0.998084545135498,-0.00019201653776690364,ecb_stmt_reg_v2.csv
ecb_stmt,ecb_stmt_20020110,2002-01-10,ECB,statement,ecb_statements,10,It cannot be assimilated into figures on the number of transactions processed in euro.,False,neutral,0.002051369985565543,0.0035862301010638475,0.9943623542785645,-0.0015348601154983044,ecb_stmt_reg_v2.csv
ecb_stmt,ecb_stmt_20020110,2002-01-10,ECB,statement,ecb_statements,11,"With regard to the occasional comments on fears of price increases linked to the euro cash changeover, Professor Eugenio Domingo Solans, member of both the Governing Council and the Executive Board of the European Central Bank (ECB), stated his conviction ""that, overall, competition as well as the professionalism of retailers will impede significant price increases."" For further information on the euro cash changeover, please visit the ECB's website at http://www.ecb.europa.eu and the Euro 2002 Information Campaign website at http://www.euro.ecb.int.",True,dovish,0.02920842356979847,0.8216965198516846,0.14909502863883972,-0.7924880962818861,ecb_stmt_reg_v2.csv
ecb_stmt,ecb_stmt_20020110,2002-01-10,ECB,statement,ecb_statements,12,Directorate General Communications Reproduction is permitted provided that the source is acknowledged.,False,neutral,0.047414593398571014,0.06088154762983322,0.8917038440704346,-0.013466954231262207,ecb_stmt_reg_v2.csv
ecb_stmt,ecb_stmt_20020207,2002-02-07,ECB,statement,ecb_statements,1,Dr.,False,neutral,0.004102841950953007,0.0055969781242311,0.990300178527832,-0.0014941361732780933,ecb_stmt_reg_v2.csv
ecb_stmt,ecb_stmt_20020207,2002-02-07,ECB,statement,ecb_statements,2,Willem F.,False,neutral,0.002931352239102125,0.0031695477664470673,0.9938991069793701,-0.0002381955273449421,ecb_stmt_reg_v2.csv
ecb_stmt,ecb_stmt_20020207,2002-02-07,ECB,statement,ecb_statements,3,"Duisenberg, President of the European Central Bank (ECB), has decided to step down as President of the ECB on 9 July 2003, on his 68th birthday.",False,neutral,0.0010205560829490423,0.00550630921497941,0.9934731721878052,-0.004485753132030368,ecb_stmt_reg_v2.csv
ecb_stmt,ecb_stmt_20020207,2002-02-07,ECB,statement,ecb_statements,4,"Yesterday, Mr.",False,neutral,0.004806077107787132,0.011642320081591606,0.9835516214370728,-0.006836242973804474,ecb_stmt_reg_v2.csv
ecb_stmt,ecb_stmt_20020207,2002-02-07,ECB,statement,ecb_statements,5,Duisenberg informed Mr.,False,neutral,0.0024543176405131817,0.0015846266178414226,0.99596107006073,0.0008696910226717591,ecb_stmt_reg_v2.csv
ecb_stmt,ecb_stmt_20020207,2002-02-07,ECB,statement,ecb_statements,6,J.,False,neutral,0.002754657296463847,0.0049588982947170734,0.9922864437103271,-0.0022042409982532263,ecb_stmt_reg_v2.csv
ecb_stmt,ecb_stmt_20020207,2002-02-07,ECB,statement,ecb_statements,7,M.,False,neutral,0.002394209848716855,0.006873962003737688,0.9907318353652954,-0.004479752155020833,ecb_stmt_reg_v2.csv
ecb_stmt,ecb_stmt_20020207,2002-02-07,ECB,statement,ecb_statements,8,"Aznar López, in his capacity as President of the European Council, and Mr.",False,neutral,0.005302231293171644,0.010565360076725483,0.9841324090957642,-0.005263128783553839,ecb_stmt_reg_v2.csv
ecb_stmt,ecb_stmt_20020207,2002-02-07,ECB,statement,ecb_statements,9,"R. de Rato y Figaredo, in his capacity as President of the ECOFIN Council, about this decision in writing.",False,neutral,0.00285260658711195,0.005075398366898298,0.9920719861984253,-0.0022227917797863483,ecb_stmt_reg_v2.csv
ecb_stmt,ecb_stmt_20020207,2002-02-07,ECB,statement,ecb_statements,10,"Moreover, Mr.",False,neutral,0.06396684795618057,0.03338058292865753,0.9026525020599365,0.03058626502752304,ecb_stmt_reg_v2.csv
ecb_stmt,ecb_stmt_20020207,2002-02-07,ECB,statement,ecb_statements,11,"Duisenberg has orally informed the members of the ECB's three decision-making bodies (the Executive Board, Governing Council and General Council).",False,neutral,0.0007801319006830454,0.0009689953294582665,0.9982508420944214,-0.0001888634287752211,ecb_stmt_reg_v2.csv
ecb_stmt,ecb_stmt_20020207,2002-02-07,ECB,statement,ecb_statements,12,Mr.,False,neutral,0.006870904937386513,0.006698645185679197,0.9864304065704346,0.00017225975170731544,ecb_stmt_reg_v2.csv
ecb_stmt,ecb_stmt_20020207,2002-02-07,ECB,statement,ecb_statements,13,"Duisenberg's decision has to be seen against the background of his declaration on the occasion of the meeting of the European Council on 2 and 3 May 1998 that, in view of his age, he did not want to serve the full eight-year term as President of the ECB, which commenced on 1 June 1998.",False,neutral,0.0022480913903564215,0.007487287279218435,0.9902645945549011,-0.005239195888862014,ecb_stmt_reg_v2.csv
ecb_stmt,ecb_stmt_20020207,2002-02-07,ECB,statement,ecb_statements,14,Directorate General Communications Reproduction is permitted provided that the source is acknowledged.,False,neutral,0.047414593398571014,0.06088154762983322,0.8917038440704346,-0.013466954231262207,ecb_stmt_reg_v2.csv
ecb_stmt,ecb_stmt_20020307,2002-03-07,ECB,statement,ecb_statements,1,"At today's meeting the Governing Council of the ECB decided that the minimum bid rate on the main refinancing operations and the interest rates on the marginal lending facility and the deposit facility will remain unchanged at 3.25%, 4.25% and 2.25% respectively.",True,neutral,0.002111910842359066,0.011472765356302261,0.9864153265953064,-0.009360854513943195,ecb_stmt_reg_v2.csv
ecb_stmt,ecb_stmt_20020307,2002-03-07,ECB,statement,ecb_statements,2,The President of the ECB will comment on the considerations underlying these decisions at a press conference starting at 2.30 p.m. today.,True,neutral,0.0011092633940279484,0.0021633650176227093,0.9967274069786072,-0.001054101623594761,ecb_stmt_reg_v2.csv
ecb_stmt,ecb_stmt_20020307,2002-03-07,ECB,statement,ecb_statements,3,Directorate General Communications Reproduction is permitted provided that the source is acknowledged.,False,neutral,0.047414593398571014,0.06088154762983322,0.8917038440704346,-0.013466954231262207,ecb_stmt_reg_v2.csv
ecb_stmt,ecb_stmt_20020404,2002-04-04,ECB,statement,ecb_statements,1,"At today's meeting the Governing Council of the ECB decided that the minimum bid rate on the main refinancing operations and the interest rates on the marginal lending facility and the deposit facility will remain unchanged at 3.25%, 4.25% and 2.25% respectively.",True,neutral,0.002111910842359066,0.011472765356302261,0.9864153265953064,-0.009360854513943195,ecb_stmt_reg_v2.csv
ecb_stmt,ecb_stmt_20020404,2002-04-04,ECB,statement,ecb_statements,2,The President of the ECB will comment on the considerations underlying these decisions at a press conference starting at 2.30 p.m. today.,True,neutral,0.0011092633940279484,0.0021633650176227093,0.9967274069786072,-0.001054101623594761,ecb_stmt_reg_v2.csv
ecb_stmt,ecb_stmt_20020404,2002-04-04,ECB,statement,ecb_statements,3,Directorate General Communications Reproduction is permitted provided that the source is acknowledged.,False,neutral,0.047414593398571014,0.06088154762983322,0.8917038440704346,-0.013466954231262207,ecb_stmt_reg_v2.csv
ecb_stmt,ecb_stmt_20020502,2002-05-02,ECB,statement,ecb_statements,1,"At today's meeting the Governing Council of the ECB decided that the minimum bid rate on the main refinancing operations and the interest rates on the marginal lending facility and the deposit facility will remain unchanged at 3.25%, 4.25% and 2.25% respectively.",True,neutral,0.002111910842359066,0.011472765356302261,0.9864153265953064,-0.009360854513943195,ecb_stmt_reg_v2.csv
ecb_stmt,ecb_stmt_20020502,2002-05-02,ECB,statement,ecb_statements,2,The President of the ECB will comment on the considerations underlying these decisions at a press conference starting at 2.30 p.m. today.,True,neutral,0.0011092633940279484,0.0021633650176227093,0.9967274069786072,-0.001054101623594761,ecb_stmt_reg_v2.csv
ecb_stmt,ecb_stmt_20020502,2002-05-02,ECB,statement,ecb_statements,3,Directorate General Communications Reproduction is permitted provided that the source is acknowledged.,False,neutral,0.047414593398571014,0.06088154762983322,0.8917038440704346,-0.013466954231262207,ecb_stmt_reg_v2.csv
ecb_stmt,ecb_stmt_20020606,2002-06-06,ECB,statement,ecb_statements,1,"At today's meeting the Governing Council of the ECB decided that the minimum bid rate on the main refinancing operations and the interest rates on the marginal lending facility and the deposit facility will remain unchanged at 3.25%, 4.25% and 2.25% respectively.",True,neutral,0.002111910842359066,0.011472765356302261,0.9864153265953064,-0.009360854513943195,ecb_stmt_reg_v2.csv
ecb_stmt,ecb_stmt_20020606,2002-06-06,ECB,statement,ecb_statements,2,The President of the ECB will comment on the considerations underlying these decisions at a press conference starting at 2.30 p.m. today.,True,neutral,0.0011092633940279484,0.0021633650176227093,0.9967274069786072,-0.001054101623594761,ecb_stmt_reg_v2.csv
ecb_stmt,ecb_stmt_20020606,2002-06-06,ECB,statement,ecb_statements,3,Directorate General Communications Reproduction is permitted provided that the source is acknowledged.,False,neutral,0.047414593398571014,0.06088154762983322,0.8917038440704346,-0.013466954231262207,ecb_stmt_reg_v2.csv
ecb_stmt,ecb_stmt_20020704,2002-07-04,ECB,statement,ecb_statements,1,"At today's meeting, which was held in Luxembourg, the Governing Council of the ECB decided that the minimum bid rate on the main refinancing operations and the interest rates on the marginal lending facility and the deposit facility will remain unchanged at 3.25%, 4.25% and 2.25% respectively.",True,neutral,0.0016895831795409322,0.004610738717019558,0.9936996698379517,-0.0029211555374786258,ecb_stmt_reg_v2.csv
ecb_stmt,ecb_stmt_20020704,2002-07-04,ECB,statement,ecb_statements,2,The President of the ECB will comment on the considerations underlying these decisions at a press conference starting at 2.30 p.m. today.,True,neutral,0.0011092633940279484,0.0021633650176227093,0.9967274069786072,-0.001054101623594761,ecb_stmt_reg_v2.csv
ecb_stmt,ecb_stmt_20020704,2002-07-04,ECB,statement,ecb_statements,3,Directorate General Communications Reproduction is permitted provided that the source is acknowledged.,False,neutral,0.047414593398571014,0.06088154762983322,0.8917038440704346,-0.013466954231262207,ecb_stmt_reg_v2.csv
ecb_stmt,ecb_stmt_20020801,2002-08-01,ECB,statement,ecb_statements,1,"At today's meeting, which was held in the form of a teleconference, the Governing Council of the ECB decided that the minimum bid rate on the main refinancing operations and the interest rates on the marginal lending facility and the deposit facility will remain unchanged at 3.25%, 4.25% and 2.25% respectively.",True,neutral,0.0024540552403777838,0.005573674105107784,0.9919722676277161,-0.0031196188647300005,ecb_stmt_reg_v2.csv
ecb_stmt,ecb_stmt_20020801,2002-08-01,ECB,statement,ecb_statements,2,Directorate General Communications Reproduction is permitted provided that the source is acknowledged.,False,neutral,0.047414593398571014,0.06088154762983322,0.8917038440704346,-0.013466954231262207,ecb_stmt_reg_v2.csv
ecb_stmt,ecb_stmt_20020912,2002-09-12,ECB,statement,ecb_statements,1,"At today's meeting the Governing Council of the ECB decided that the minimum bid rate on the main refinancing operations and the interest rates on the marginal lending facility and the deposit facility will remain unchanged at 3.25%, 4.25% and 2.25% respectively.",True,neutral,0.002111910842359066,0.011472765356302261,0.9864153265953064,-0.009360854513943195,ecb_stmt_reg_v2.csv
ecb_stmt,ecb_stmt_20020912,2002-09-12,ECB,statement,ecb_statements,2,The President of the ECB will comment on the considerations underlying these decisions at a press conference starting at 2.30 p.m. today.,True,neutral,0.0011092633940279484,0.0021633650176227093,0.9967274069786072,-0.001054101623594761,ecb_stmt_reg_v2.csv
ecb_stmt,ecb_stmt_20020912,2002-09-12,ECB,statement,ecb_statements,3,Directorate General Communications Reproduction is permitted provided that the source is acknowledged.,False,neutral,0.047414593398571014,0.06088154762983322,0.8917038440704346,-0.013466954231262207,ecb_stmt_reg_v2.csv
ecb_stmt,ecb_stmt_20021010,2002-10-10,ECB,statement,ecb_statements,1,"At today's meeting the Governing Council of the ECB decided that the minimum bid rate on the main refinancing operations and the interest rates on the marginal lending facility and the deposit facility will remain unchanged at 3.25%, 4.25% and 2.25% respectively.",True,neutral,0.002111910842359066,0.011472765356302261,0.9864153265953064,-0.009360854513943195,ecb_stmt_reg_v2.csv
ecb_stmt,ecb_stmt_20021010,2002-10-10,ECB,statement,ecb_statements,2,The President of the ECB will comment on the considerations underlying these decisions at a press conference starting at 2.30 p.m. today.,True,neutral,0.0011092633940279484,0.0021633650176227093,0.9967274069786072,-0.001054101623594761,ecb_stmt_reg_v2.csv
ecb_stmt,ecb_stmt_20021010,2002-10-10,ECB,statement,ecb_statements,3,Directorate General Communications Reproduction is permitted provided that the source is acknowledged.,False,neutral,0.047414593398571014,0.06088154762983322,0.8917038440704346,-0.013466954231262207,ecb_stmt_reg_v2.csv
ecb_stmt,ecb_stmt_20021107,2002-11-07,ECB,statement,ecb_statements,1,"At today's meeting the Governing Council of the ECB decided that the minimum bid rate on the main refinancing operations and the interest rates on the marginal lending facility and the deposit facility will remain unchanged at 3.25%, 4.25% and 2.25% respectively.",True,neutral,0.002111910842359066,0.011472765356302261,0.9864153265953064,-0.009360854513943195,ecb_stmt_reg_v2.csv
ecb_stmt,ecb_stmt_20021107,2002-11-07,ECB,statement,ecb_statements,2,The President of the ECB will comment on the considerations underlying these decisions at a press conference starting at 2.30 p.m. today.,True,neutral,0.0011092633940279484,0.0021633650176227093,0.9967274069786072,-0.001054101623594761,ecb_stmt_reg_v2.csv
ecb_stmt,ecb_stmt_20021107,2002-11-07,ECB,statement,ecb_statements,3,Directorate General Communications Reproduction is permitted provided that the source is acknowledged.,False,neutral,0.047414593398571014,0.06088154762983322,0.8917038440704346,-0.013466954231262207,ecb_stmt_reg_v2.csv
ecb_stmt,ecb_stmt_20021205,2002-12-05,ECB,statement,ecb_statements,1,At today's meeting the Governing Council of the ECB took the following monetary policy decisions: The President of the ECB will comment on the considerations underlying these decisions at a press conference starting at 2.30 p.m. today.,True,neutral,0.000770872866269201,0.001198624144308269,0.9980304837226868,-0.000427751278039068,ecb_stmt_reg_v2.csv
ecb_stmt,ecb_stmt_20021205,2002-12-05,ECB,statement,ecb_statements,2,Directorate General Communications Reproduction is permitted provided that the source is acknowledged.,False,neutral,0.047414593398571014,0.06088154762983322,0.8917038440704346,-0.013466954231262207,ecb_stmt_reg_v2.csv
ecb_stmt,ecb_stmt_20030123,2003-01-23,ECB,statement,ecb_statements,1,"Further to the press release of 10 July 2002, the Governing Council has decided to maintain at EUR 15 billion the allotment amount for each of the longer-term refinancing operations to be conducted in the year 2003.",True,neutral,0.0045180232264101505,0.03873075917363167,0.9567512273788452,-0.03421273594722152,ecb_stmt_reg_v2.csv
ecb_stmt,ecb_stmt_20030123,2003-01-23,ECB,statement,ecb_statements,2,This amount takes into consideration the expected liquidity needs of the euro area banking system in 2003 and reflects the desire of the Eurosystem to continue to provide the bulk of liquidity through its main refinancing operations.,True,neutral,0.0034213950857520103,0.004333504009991884,0.9922451376914978,-0.0009121089242398739,ecb_stmt_reg_v2.csv
ecb_stmt,ecb_stmt_20030123,2003-01-23,ECB,statement,ecb_statements,3,The Governing Council may decide to adjust the allotment amount at the beginning of next year.,False,neutral,0.004399966914206743,0.013394956476986408,0.9822050929069519,-0.008994989562779665,ecb_stmt_reg_v2.csv
ecb_stmt,ecb_stmt_20030123,2003-01-23,ECB,statement,ecb_statements,4,Directorate General Communications Reproduction is permitted provided that the source is acknowledged.,False,neutral,0.047414593398571014,0.06088154762983322,0.8917038440704346,-0.013466954231262207,ecb_stmt_reg_v2.csv
ecb_stmt,ecb_stmt_20030206,2003-02-06,ECB,statement,ecb_statements,1,"At today's meeting the Governing Council of the ECB decided that the minimum bid rate on the main refinancing operations and the interest rates on the marginal lending facility and the deposit facility will remain unchanged at 2.75%, 3.75% and 1.75% respectively.",True,neutral,0.0026994214858859777,0.009598358534276485,0.9877021908760071,-0.006898937048390508,ecb_stmt_reg_v2.csv
ecb_stmt,ecb_stmt_20030206,2003-02-06,ECB,statement,ecb_statements,2,The President of the ECB will comment on the considerations underlying these decisions at a press conference starting at 2.30 p.m. today.,True,neutral,0.0011092633940279484,0.0021633650176227093,0.9967274069786072,-0.001054101623594761,ecb_stmt_reg_v2.csv
ecb_stmt,ecb_stmt_20030206,2003-02-06,ECB,statement,ecb_statements,3,Directorate General Communications Reproduction is permitted provided that the source is acknowledged.,False,neutral,0.047414593398571014,0.06088154762983322,0.8917038440704346,-0.013466954231262207,ecb_stmt_reg_v2.csv
ecb_stmt,ecb_stmt_20030306,2003-03-06,ECB,statement,ecb_statements,1,At today's meeting the Governing Council of the ECB took the following monetary policy decisions: The President of the ECB will comment on the considerations underlying these decisions at a press conference starting at 2.30 p.m. today.,True,neutral,0.000770872866269201,0.001198624144308269,0.9980304837226868,-0.000427751278039068,ecb_stmt_reg_v2.csv
ecb_stmt,ecb_stmt_20030306,2003-03-06,ECB,statement,ecb_statements,2,Directorate General Communications Reproduction is permitted provided that the source is acknowledged.,False,neutral,0.047414593398571014,0.06088154762983322,0.8917038440704346,-0.013466954231262207,ecb_stmt_reg_v2.csv
ecb_stmt,ecb_stmt_20030403,2003-04-03,ECB,statement,ecb_statements,1,"At today's meeting, which was held in Rome, the Governing Council of the ECB decided that the minimum bid rate on the main refinancing operations and the interest rates on the marginal lending facility and the deposit facility will remain unchanged at 2.50%, 3.50% and 1.50% respectively.",True,neutral,0.002389481058344245,0.004965537693351507,0.9926450252532959,-0.0025760566350072622,ecb_stmt_reg_v2.csv
ecb_stmt,ecb_stmt_20030403,2003-04-03,ECB,statement,ecb_statements,2,The President of the ECB will comment on the considerations underlying these decisions at a press conference starting at 2.30 p.m. today.,True,neutral,0.0011092633940279484,0.0021633650176227093,0.9967274069786072,-0.001054101623594761,ecb_stmt_reg_v2.csv
ecb_stmt,ecb_stmt_20030403,2003-04-03,ECB,statement,ecb_statements,3,Directorate General Communications Reproduction is permitted provided that the source is acknowledged.,False,neutral,0.047414593398571014,0.06088154762983322,0.8917038440704346,-0.013466954231262207,ecb_stmt_reg_v2.csv
ecb_stmt,ecb_stmt_20030508,2003-05-08,ECB,statement,ecb_statements,1,"At today's meeting the Governing Council of the ECB decided that the minimum bid rate on the main refinancing operations and the interest rates on the marginal lending facility and the deposit facility will remain unchanged at 2.50%, 3.50% and 1.50% respectively.",True,neutral,0.002754941815510392,0.010653999634087086,0.986591100692749,-0.007899057818576694,ecb_stmt_reg_v2.csv
ecb_stmt,ecb_stmt_20030508,2003-05-08,ECB,statement,ecb_statements,2,The President of the ECB will comment on the considerations underlying these decisions at a press conference starting at 2.30 p.m. today.,True,neutral,0.0011092633940279484,0.0021633650176227093,0.9967274069786072,-0.001054101623594761,ecb_stmt_reg_v2.csv
ecb_stmt,ecb_stmt_20030508,2003-05-08,ECB,statement,ecb_statements,3,Directorate General Communications Reproduction is permitted provided that the source is acknowledged.,False,neutral,0.047414593398571014,0.06088154762983322,0.8917038440704346,-0.013466954231262207,ecb_stmt_reg_v2.csv
ecb_stmt,ecb_stmt_20030605,2003-06-05,ECB,statement,ecb_statements,1,At today's meeting the Governing Council of the ECB took the following monetary policy decisions: The President of the ECB will comment on the considerations underlying these decisions at a press conference starting at 2.30 p.m. today.,True,neutral,0.000770872866269201,0.001198624144308269,0.9980304837226868,-0.000427751278039068,ecb_stmt_reg_v2.csv
ecb_stmt,ecb_stmt_20030605,2003-06-05,ECB,statement,ecb_statements,2,Directorate General Communications Reproduction is permitted provided that the source is acknowledged.,False,neutral,0.047414593398571014,0.06088154762983322,0.8917038440704346,-0.013466954231262207,ecb_stmt_reg_v2.csv
ecb_stmt,ecb_stmt_20030710,2003-07-10,ECB,statement,ecb_statements,1,"At today's meeting the Governing Council of the ECB decided that the minimum bid rate on the main refinancing operations and the interest rates on the marginal lending facility and the deposit facility will remain unchanged at 2.00%, 3.00% and 1.00% respectively.",True,neutral,0.0031408893410116434,0.011946562677621841,0.9849125742912292,-0.008805673336610198,ecb_stmt_reg_v2.csv
ecb_stmt,ecb_stmt_20030710,2003-07-10,ECB,statement,ecb_statements,2,The President of the ECB will comment on the considerations underlying these decisions at a press conference starting at 2.30 p.m. today.,True,neutral,0.0011092633940279484,0.0021633650176227093,0.9967274069786072,-0.001054101623594761,ecb_stmt_reg_v2.csv
ecb_stmt,ecb_stmt_20030710,2003-07-10,ECB,statement,ecb_statements,3,Directorate General Communications Reproduction is permitted provided that the source is acknowledged.,False,neutral,0.047414593398571014,0.06088154762983322,0.8917038440704346,-0.013466954231262207,ecb_stmt_reg_v2.csv
ecb_stmt,ecb_stmt_20030904,2003-09-04,ECB,statement,ecb_statements,1,"At today's meeting the Governing Council of the ECB decided that the minimum bid rate on the main refinancing operations and the interest rates on the marginal lending facility and the deposit facility will remain unchanged at 2.00%, 3.00% and 1.00% respectively.",True,neutral,0.0031408893410116434,0.011946562677621841,0.9849125742912292,-0.008805673336610198,ecb_stmt_reg_v2.csv
ecb_stmt,ecb_stmt_20030904,2003-09-04,ECB,statement,ecb_statements,2,The Vice-President of the ECB will comment on the considerations underlying these decisions at a press conference starting at 2.30 p.m. today.,True,neutral,0.001327318837866187,0.0021671121940016747,0.9965055584907532,-0.0008397933561354876,ecb_stmt_reg_v2.csv
ecb_stmt,ecb_stmt_20030904,2003-09-04,ECB,statement,ecb_statements,3,Directorate General Communications Reproduction is permitted provided that the source is acknowledged.,False,neutral,0.047414593398571014,0.06088154762983322,0.8917038440704346,-0.013466954231262207,ecb_stmt_reg_v2.csv
ecb_stmt,ecb_stmt_20031002,2003-10-02,ECB,statement,ecb_statements,1,"At today's meeting, which was held in Lisbon, the Governing Council of the ECB decided that the minimum bid rate on the main refinancing operations and the interest rates on the marginal lending facility and the deposit facility will remain unchanged at 2.00%, 3.00% and 1.00% respectively.",True,neutral,0.002851044060662389,0.0056203631684184074,0.9915285706520081,-0.0027693191077560186,ecb_stmt_reg_v2.csv
ecb_stmt,ecb_stmt_20031002,2003-10-02,ECB,statement,ecb_statements,2,The President of the ECB will comment on the considerations underlying these decisions at a press conference starting at 2.30 p.m.,True,neutral,0.0009846235625445843,0.0023390352725982666,0.9966763257980347,-0.0013544117100536823,ecb_stmt_reg_v2.csv
ecb_stmt,ecb_stmt_20031002,2003-10-02,ECB,statement,ecb_statements,3,(C.E.T.) today.,False,neutral,0.00274565233848989,0.002399482298642397,0.9948548674583435,0.00034617003984749317,ecb_stmt_reg_v2.csv
ecb_stmt,ecb_stmt_20031002,2003-10-02,ECB,statement,ecb_statements,4,Directorate General Communications Reproduction is permitted provided that the source is acknowledged.,False,neutral,0.047414593398571014,0.06088154762983322,0.8917038440704346,-0.013466954231262207,ecb_stmt_reg_v2.csv
ecb_stmt,ecb_stmt_20031106,2003-11-06,ECB,statement,ecb_statements,1,"At today’s meeting the Governing Council of the ECB decided that the minimum bid rate on the main refinancing operations and the interest rates on the marginal lending facility and the deposit facility will remain unchanged at 2.00%, 3.00% and 1.00% respectively.",True,neutral,0.0030345176346600056,0.03042389266192913,0.966541588306427,-0.027389375027269125,ecb_stmt_reg_v2.csv
ecb_stmt,ecb_stmt_20031106,2003-11-06,ECB,statement,ecb_statements,2,The President of the ECB will comment on the considerations underlying these decisions at a press conference starting at 2.30 p.m. today.,True,neutral,0.0011092633940279484,0.0021633650176227093,0.9967274069786072,-0.001054101623594761,ecb_stmt_reg_v2.csv
ecb_stmt,ecb_stmt_20031106,2003-11-06,ECB,statement,ecb_statements,3,Directorate General Communications Reproduction is permitted provided that the source is acknowledged.,False,neutral,0.047414593398571014,0.06088154762983322,0.8917038440704346,-0.013466954231262207,ecb_stmt_reg_v2.csv
ecb_stmt,ecb_stmt_20031204,2003-12-04,ECB,statement,ecb_statements,1,"At today's meeting the Governing Council of the ECB decided that the minimum bid rate on the main refinancing operations and the interest rates on the marginal lending facility and the deposit facility will remain unchanged at 2.00%, 3.00% and 1.00% respectively.",True,neutral,0.0031408893410116434,0.011946562677621841,0.9849125742912292,-0.008805673336610198,ecb_stmt_reg_v2.csv
ecb_stmt,ecb_stmt_20031204,2003-12-04,ECB,statement,ecb_statements,2,The President of the ECB will comment on the considerations underlying these decisions at a press conference starting at 2.30 p.m. today.,True,neutral,0.0011092633940279484,0.0021633650176227093,0.9967274069786072,-0.001054101623594761,ecb_stmt_reg_v2.csv
ecb_stmt,ecb_stmt_20031204,2003-12-04,ECB,statement,ecb_statements,3,Directorate General Communications Reproduction is permitted provided that the source is acknowledged.,False,neutral,0.047414593398571014,0.06088154762983322,0.8917038440704346,-0.013466954231262207,ecb_stmt_reg_v2.csv
ecb_stmt,ecb_stmt_20040108,2004-01-08,ECB,statement,ecb_statements,1,"At today’s meeting the Governing Council of the ECB decided that the minimum bid rate on the main refinancing operations and the interest rates on the marginal lending facility and the deposit facility will remain unchanged at 2.00%, 3.00% and 1.00% respectively.",True,neutral,0.0030345176346600056,0.03042389266192913,0.966541588306427,-0.027389375027269125,ecb_stmt_reg_v2.csv
ecb_stmt,ecb_stmt_20040108,2004-01-08,ECB,statement,ecb_statements,2,The President of the ECB will comment on the considerations underlying these decisions at a press conference starting at 2.30 p.m. today.,True,neutral,0.0011092633940279484,0.0021633650176227093,0.9967274069786072,-0.001054101623594761,ecb_stmt_reg_v2.csv
ecb_stmt,ecb_stmt_20040108,2004-01-08,ECB,statement,ecb_statements,3,Directorate General Communications Reproduction is permitted provided that the source is acknowledged.,False,neutral,0.047414593398571014,0.06088154762983322,0.8917038440704346,-0.013466954231262207,ecb_stmt_reg_v2.csv
ecb_stmt,ecb_stmt_20040205,2004-02-05,ECB,statement,ecb_statements,1,"At today's meeting the Governing Council of the ECB decided that the minimum bid rate on the main refinancing operations and the interest rates on the marginal lending facility and the deposit facility will remain unchanged at 2.00%, 3.00% and 1.00% respectively.",True,neutral,0.0031408893410116434,0.011946562677621841,0.9849125742912292,-0.008805673336610198,ecb_stmt_reg_v2.csv
ecb_stmt,ecb_stmt_20040205,2004-02-05,ECB,statement,ecb_statements,2,The President of the ECB will comment on the considerations underlying these decisions at a press conference starting at 2.30 p.m. today.,True,neutral,0.0011092633940279484,0.0021633650176227093,0.9967274069786072,-0.001054101623594761,ecb_stmt_reg_v2.csv
ecb_stmt,ecb_stmt_20040205,2004-02-05,ECB,statement,ecb_statements,3,Directorate General Communications Reproduction is permitted provided that the source is acknowledged.,False,neutral,0.047414593398571014,0.06088154762983322,0.8917038440704346,-0.013466954231262207,ecb_stmt_reg_v2.csv
ecb_stmt,ecb_stmt_20040304,2004-03-04,ECB,statement,ecb_statements,1,"At today’s meeting the Governing Council of the ECB decided that the minimum bid rate on the main refinancing operations and the interest rates on the marginal lending facility and the deposit facility will remain unchanged at 2.00%, 3.00% and 1.00% respectively.",True,neutral,0.0030345176346600056,0.03042389266192913,0.966541588306427,-0.027389375027269125,ecb_stmt_reg_v2.csv
ecb_stmt,ecb_stmt_20040304,2004-03-04,ECB,statement,ecb_statements,2,The President of the ECB will comment on the considerations underlying these decisions at a press conference starting at 2.30 p.m. today.,True,neutral,0.0011092633940279484,0.0021633650176227093,0.9967274069786072,-0.001054101623594761,ecb_stmt_reg_v2.csv
ecb_stmt,ecb_stmt_20040304,2004-03-04,ECB,statement,ecb_statements,3,Directorate General Communications Reproduction is permitted provided that the source is acknowledged.,False,neutral,0.047414593398571014,0.06088154762983322,0.8917038440704346,-0.013466954231262207,ecb_stmt_reg_v2.csv
ecb_stmt,ecb_stmt_20040401,2004-04-01,ECB,statement,ecb_statements,1,"At today’s meeting the Governing Council of the ECB decided that the minimum bid rate on the main refinancing operations and the interest rates on the marginal lending facility and the deposit facility will remain unchanged at 2.00%, 3.00% and 1.00% respectively.",True,neutral,0.0030345176346600056,0.03042389266192913,0.966541588306427,-0.027389375027269125,ecb_stmt_reg_v2.csv
ecb_stmt,ecb_stmt_20040401,2004-04-01,ECB,statement,ecb_statements,2,The President of the ECB will comment on the considerations underlying these decisions at a press conference starting at 2.30 p.m. today.,True,neutral,0.0011092633940279484,0.0021633650176227093,0.9967274069786072,-0.001054101623594761,ecb_stmt_reg_v2.csv
ecb_stmt,ecb_stmt_20040401,2004-04-01,ECB,statement,ecb_statements,3,Directorate General Communications Reproduction is permitted provided that the source is acknowledged.,False,neutral,0.047414593398571014,0.06088154762983322,0.8917038440704346,-0.013466954231262207,ecb_stmt_reg_v2.csv
ecb_stmt,ecb_stmt_20040506,2004-05-06,ECB,statement,ecb_statements,1,"At today’s meeting, which was held in Helsinki, the Governing Council of the ECB decided that the minimum bid rate on the main refinancing operations and the interest rates on the marginal lending facility and the deposit facility will remain unchanged at 2.00%, 3.00% and 1.00% respectively.",True,neutral,0.0028863882180303335,0.008856039494276047,0.9882575869560242,-0.005969651276245713,ecb_stmt_reg_v2.csv
ecb_stmt,ecb_stmt_20040506,2004-05-06,ECB,statement,ecb_statements,2,The President of the ECB will comment on the considerations underlying these decisions at a press conference starting at 2.30 p.m.,True,neutral,0.0009846235625445843,0.0023390352725982666,0.9966763257980347,-0.0013544117100536823,ecb_stmt_reg_v2.csv
ecb_stmt,ecb_stmt_20040506,2004-05-06,ECB,statement,ecb_statements,3,(C.E.T.) today.,False,neutral,0.00274565233848989,0.002399482298642397,0.9948548674583435,0.00034617003984749317,ecb_stmt_reg_v2.csv
ecb_stmt,ecb_stmt_20040506,2004-05-06,ECB,statement,ecb_statements,4,Directorate General Communications Reproduction is permitted provided that the source is acknowledged.,False,neutral,0.047414593398571014,0.06088154762983322,0.8917038440704346,-0.013466954231262207,ecb_stmt_reg_v2.csv
ecb_stmt,ecb_stmt_20040603,2004-06-03,ECB,statement,ecb_statements,1,"At today’s meeting the Governing Council of the ECB decided that the minimum bid rate on the main refinancing operations and the interest rates on the marginal lending facility and the deposit facility will remain unchanged at 2.00%, 3.00% and 1.00% respectively.",True,neutral,0.0030345176346600056,0.03042389266192913,0.966541588306427,-0.027389375027269125,ecb_stmt_reg_v2.csv
ecb_stmt,ecb_stmt_20040603,2004-06-03,ECB,statement,ecb_statements,2,The President of the ECB will comment on the considerations underlying these decisions at a press conference starting at 2.30 p.m. today.,True,neutral,0.0011092633940279484,0.0021633650176227093,0.9967274069786072,-0.001054101623594761,ecb_stmt_reg_v2.csv
ecb_stmt,ecb_stmt_20040603,2004-06-03,ECB,statement,ecb_statements,3,Directorate General Communications Reproduction is permitted provided that the source is acknowledged.,False,neutral,0.047414593398571014,0.06088154762983322,0.8917038440704346,-0.013466954231262207,ecb_stmt_reg_v2.csv
ecb_stmt,ecb_stmt_20040701,2004-07-01,ECB,statement,ecb_statements,1,"At today’s meeting the Governing Council of the ECB decided that the minimum bid rate on the main refinancing operations and the interest rates on the marginal lending facility and the deposit facility will remain unchanged at 2.00%, 3.00% and 1.00% respectively.",True,neutral,0.0030345176346600056,0.03042389266192913,0.966541588306427,-0.027389375027269125,ecb_stmt_reg_v2.csv
ecb_stmt,ecb_stmt_20040701,2004-07-01,ECB,statement,ecb_statements,2,The President of the ECB will comment on the considerations underlying these decisions at a press conference starting at 2.30 p.m. today.,True,neutral,0.0011092633940279484,0.0021633650176227093,0.9967274069786072,-0.001054101623594761,ecb_stmt_reg_v2.csv
ecb_stmt,ecb_stmt_20040701,2004-07-01,ECB,statement,ecb_statements,3,Directorate General Communications Reproduction is permitted provided that the source is acknowledged.,False,neutral,0.047414593398571014,0.06088154762983322,0.8917038440704346,-0.013466954231262207,ecb_stmt_reg_v2.csv
ecb_stmt,ecb_stmt_20040805,2004-08-05,ECB,statement,ecb_statements,1,"At today’s meeting, which was held in the form of a teleconference, the Governing Council of the ECB decided that the minimum bid rate on the main refinancing operations and the interest rates on the marginal lending facility and the deposit facility will remain unchanged at 2.00%, 3.00% and 1.00% respectively.",True,neutral,0.003676213789731264,0.01030013244599104,0.9860236048698425,-0.006623918656259775,ecb_stmt_reg_v2.csv
ecb_stmt,ecb_stmt_20040805,2004-08-05,ECB,statement,ecb_statements,2,Directorate General Communications Reproduction is permitted provided that the source is acknowledged.,False,neutral,0.047414593398571014,0.06088154762983322,0.8917038440704346,-0.013466954231262207,ecb_stmt_reg_v2.csv
ecb_stmt,ecb_stmt_20040902,2004-09-02,ECB,statement,ecb_statements,1,"At today’s meeting the Governing Council of the ECB decided that the minimum bid rate on the main refinancing operations and the interest rates on the marginal lending facility and the deposit facility will remain unchanged at 2.00%, 3.00% and 1.00% respectively.",True,neutral,0.0030345176346600056,0.03042389266192913,0.966541588306427,-0.027389375027269125,ecb_stmt_reg_v2.csv
ecb_stmt,ecb_stmt_20040902,2004-09-02,ECB,statement,ecb_statements,2,The President of the ECB will comment on the considerations underlying these decisions at a press conference starting at 2.30 p.m. today.,True,neutral,0.0011092633940279484,0.0021633650176227093,0.9967274069786072,-0.001054101623594761,ecb_stmt_reg_v2.csv
ecb_stmt,ecb_stmt_20040902,2004-09-02,ECB,statement,ecb_statements,3,Directorate General Communications Reproduction is permitted provided that the source is acknowledged.,False,neutral,0.047414593398571014,0.06088154762983322,0.8917038440704346,-0.013466954231262207,ecb_stmt_reg_v2.csv
ecb_stmt,ecb_stmt_20041007,2004-10-07,ECB,statement,ecb_statements,1,"At today’s meeting, which was held in Brussels, the Governing Council of the ECB decided that the minimum bid rate on the main refinancing operations and the interest rates on the marginal lending facility and the deposit facility will remain unchanged at 2.00%, 3.00% and 1.00% respectively.",True,neutral,0.0029225412290543318,0.011954943649470806,0.9851225018501282,-0.009032402420416474,ecb_stmt_reg_v2.csv
ecb_stmt,ecb_stmt_20041007,2004-10-07,ECB,statement,ecb_statements,2,The President of the ECB will comment on the considerations underlying these decisions at a press conference starting at 2.30 p.m. today.,True,neutral,0.0011092633940279484,0.0021633650176227093,0.9967274069786072,-0.001054101623594761,ecb_stmt_reg_v2.csv
ecb_stmt,ecb_stmt_20041007,2004-10-07,ECB,statement,ecb_statements,3,Directorate General Communications Reproduction is permitted provided that the source is acknowledged.,False,neutral,0.047414593398571014,0.06088154762983322,0.8917038440704346,-0.013466954231262207,ecb_stmt_reg_v2.csv
ecb_stmt,ecb_stmt_20041104,2004-11-04,ECB,statement,ecb_statements,1,"At today’s meeting the Governing Council of the ECB decided that the minimum bid rate on the main refinancing operations and the interest rates on the marginal lending facility and the deposit facility will remain unchanged at 2.00%, 3.00% and 1.00% respectively.",True,neutral,0.0030345176346600056,0.03042389266192913,0.966541588306427,-0.027389375027269125,ecb_stmt_reg_v2.csv
ecb_stmt,ecb_stmt_20041104,2004-11-04,ECB,statement,ecb_statements,2,The President of the ECB will comment on the considerations underlying these decisions at a press conference starting at 2.30 p.m. today.,True,neutral,0.0011092633940279484,0.0021633650176227093,0.9967274069786072,-0.001054101623594761,ecb_stmt_reg_v2.csv
ecb_stmt,ecb_stmt_20041104,2004-11-04,ECB,statement,ecb_statements,3,Directorate General Communications Reproduction is permitted provided that the source is acknowledged.,False,neutral,0.047414593398571014,0.06088154762983322,0.8917038440704346,-0.013466954231262207,ecb_stmt_reg_v2.csv
ecb_stmt,ecb_stmt_20041202,2004-12-02,ECB,statement,ecb_statements,1,"At today’s meeting the Governing Council of the ECB decided that the minimum bid rate on the main refinancing operations and the interest rates on the marginal lending facility and the deposit facility will remain unchanged at 2.00%, 3.00% and 1.00% respectively.",True,neutral,0.0030345176346600056,0.03042389266192913,0.966541588306427,-0.027389375027269125,ecb_stmt_reg_v2.csv
ecb_stmt,ecb_stmt_20041202,2004-12-02,ECB,statement,ecb_statements,2,The President of the ECB will comment on the considerations underlying these decisions at a press conference starting at 2.30 p.m. today.,True,neutral,0.0011092633940279484,0.0021633650176227093,0.9967274069786072,-0.001054101623594761,ecb_stmt_reg_v2.csv
ecb_stmt,ecb_stmt_20041202,2004-12-02,ECB,statement,ecb_statements,3,Directorate General Communications Reproduction is permitted provided that the source is acknowledged.,False,neutral,0.047414593398571014,0.06088154762983322,0.8917038440704346,-0.013466954231262207,ecb_stmt_reg_v2.csv
ecb_stmt,ecb_stmt_20050113,2005-01-13,ECB,statement,ecb_statements,1,"At today’s meeting the Governing Council of the ECB decided that the minimum bid rate on the main refinancing operations and the interest rates on the marginal lending facility and the deposit facility will remain unchanged at 2.00%, 3.00% and 1.00% respectively.",True,neutral,0.0030345176346600056,0.03042389266192913,0.966541588306427,-0.027389375027269125,ecb_stmt_reg_v2.csv
ecb_stmt,ecb_stmt_20050113,2005-01-13,ECB,statement,ecb_statements,2,The President of the ECB will comment on the considerations underlying these decisions at a press conference starting at 2.30 p.m. today.,True,neutral,0.0011092633940279484,0.0021633650176227093,0.9967274069786072,-0.001054101623594761,ecb_stmt_reg_v2.csv
ecb_stmt,ecb_stmt_20050113,2005-01-13,ECB,statement,ecb_statements,3,Directorate General Communications Reproduction is permitted provided that the source is acknowledged.,False,neutral,0.047414593398571014,0.06088154762983322,0.8917038440704346,-0.013466954231262207,ecb_stmt_reg_v2.csv
ecb_stmt,ecb_stmt_20050203,2005-02-03,ECB,statement,ecb_statements,1,"At today’s meeting the Governing Council of the ECB decided that the minimum bid rate on the main refinancing operations and the interest rates on the marginal lending facility and the deposit facility will remain unchanged at 2.00%, 3.00% and 1.00% respectively.",True,neutral,0.0030345176346600056,0.03042389266192913,0.966541588306427,-0.027389375027269125,ecb_stmt_reg_v2.csv
ecb_stmt,ecb_stmt_20050203,2005-02-03,ECB,statement,ecb_statements,2,The President of the ECB will comment on the considerations underlying these decisions at a press conference starting at 2.30 p.m. today.,True,neutral,0.0011092633940279484,0.0021633650176227093,0.9967274069786072,-0.001054101623594761,ecb_stmt_reg_v2.csv
ecb_stmt,ecb_stmt_20050203,2005-02-03,ECB,statement,ecb_statements,3,Directorate General Communications Reproduction is permitted provided that the source is acknowledged.,False,neutral,0.047414593398571014,0.06088154762983322,0.8917038440704346,-0.013466954231262207,ecb_stmt_reg_v2.csv
ecb_stmt,ecb_stmt_20050303,2005-03-03,ECB,statement,ecb_statements,1,"At today’s meeting the Governing Council of the ECB decided that the minimum bid rate on the main refinancing operations and the interest rates on the marginal lending facility and the deposit facility will remain unchanged at 2.00%, 3.00% and 1.00% respectively.",True,neutral,0.0030345176346600056,0.03042389266192913,0.966541588306427,-0.027389375027269125,ecb_stmt_reg_v2.csv
ecb_stmt,ecb_stmt_20050303,2005-03-03,ECB,statement,ecb_statements,2,The President of the ECB will comment on the considerations underlying these decisions at a press conference starting at 2.30 p.m. today.,True,neutral,0.0011092633940279484,0.0021633650176227093,0.9967274069786072,-0.001054101623594761,ecb_stmt_reg_v2.csv
ecb_stmt,ecb_stmt_20050303,2005-03-03,ECB,statement,ecb_statements,3,Directorate General Communications Reproduction is permitted provided that the source is acknowledged.,False,neutral,0.047414593398571014,0.06088154762983322,0.8917038440704346,-0.013466954231262207,ecb_stmt_reg_v2.csv
ecb_stmt,ecb_stmt_20050303,2005-03-03,ECB,statement,ecb_statements,4,Find out more about related content,False,neutral,0.0013540757354348898,0.0056015364825725555,0.993044376373291,-0.004247460747137666,ecb_stmt_reg_v2.csv
ecb_stmt,ecb_stmt_20050407,2005-04-07,ECB,statement,ecb_statements,1,"At today’s meeting the Governing Council of the ECB decided that the minimum bid rate on the main refinancing operations and the interest rates on the marginal lending facility and the deposit facility will remain unchanged at 2.00%, 3.00% and 1.00% respectively.",True,neutral,0.0030345176346600056,0.03042389266192913,0.966541588306427,-0.027389375027269125,ecb_stmt_reg_v2.csv
ecb_stmt,ecb_stmt_20050407,2005-04-07,ECB,statement,ecb_statements,2,The President of the ECB will comment on the considerations underlying these decisions at a press conference starting at 2.30 p.m. today.,True,neutral,0.0011092633940279484,0.0021633650176227093,0.9967274069786072,-0.001054101623594761,ecb_stmt_reg_v2.csv
ecb_stmt,ecb_stmt_20050407,2005-04-07,ECB,statement,ecb_statements,3,Directorate General Communications Reproduction is permitted provided that the source is acknowledged.,False,neutral,0.047414593398571014,0.06088154762983322,0.8917038440704346,-0.013466954231262207,ecb_stmt_reg_v2.csv
ecb_stmt,ecb_stmt_20050407,2005-04-07,ECB,statement,ecb_statements,4,Find out more about related content,False,neutral,0.0013540757354348898,0.0056015364825725555,0.993044376373291,-0.004247460747137666,ecb_stmt_reg_v2.csv
ecb_stmt,ecb_stmt_20050504,2005-05-04,ECB,statement,ecb_statements,1,"At today’s meeting, which was held in Berlin, the Governing Council of the ECB decided that the minimum bid rate on the main refinancing operations and the interest rates on the marginal lending facility and the deposit facility will remain unchanged at 2.00%, 3.00% and 1.00% respectively.",True,neutral,0.002575942547991872,0.009669430553913116,0.9877546429634094,-0.007093488005921245,ecb_stmt_reg_v2.csv
ecb_stmt,ecb_stmt_20050504,2005-05-04,ECB,statement,ecb_statements,2,The President of the ECB will comment on the considerations underlying these decisions at a press conference starting at 2.30 p.m.,True,neutral,0.0009846235625445843,0.0023390352725982666,0.9966763257980347,-0.0013544117100536823,ecb_stmt_reg_v2.csv
ecb_stmt,ecb_stmt_20050504,2005-05-04,ECB,statement,ecb_statements,3,(C.E.T.) today.,False,neutral,0.00274565233848989,0.002399482298642397,0.9948548674583435,0.00034617003984749317,ecb_stmt_reg_v2.csv
ecb_stmt,ecb_stmt_20050504,2005-05-04,ECB,statement,ecb_statements,4,Directorate General Communications Reproduction is permitted provided that the source is acknowledged.,False,neutral,0.047414593398571014,0.06088154762983322,0.8917038440704346,-0.013466954231262207,ecb_stmt_reg_v2.csv
ecb_stmt,ecb_stmt_20050504,2005-05-04,ECB,statement,ecb_statements,5,Find out more about related content,False,neutral,0.0013540757354348898,0.0056015364825725555,0.993044376373291,-0.004247460747137666,ecb_stmt_reg_v2.csv
ecb_stmt,ecb_stmt_20050602,2005-06-02,ECB,statement,ecb_statements,1,"At today’s meeting the Governing Council of the ECB decided that the minimum bid rate on the main refinancing operations and the interest rates on the marginal lending facility and the deposit facility will remain unchanged at 2.00%, 3.00% and 1.00% respectively.",True,neutral,0.0030345176346600056,0.03042389266192913,0.966541588306427,-0.027389375027269125,ecb_stmt_reg_v2.csv
ecb_stmt,ecb_stmt_20050602,2005-06-02,ECB,statement,ecb_statements,2,The President of the ECB will comment on the considerations underlying these decisions at a press conference starting at 2.30 p.m. today.,True,neutral,0.0011092633940279484,0.0021633650176227093,0.9967274069786072,-0.001054101623594761,ecb_stmt_reg_v2.csv
ecb_stmt,ecb_stmt_20050602,2005-06-02,ECB,statement,ecb_statements,3,Directorate General Communications Reproduction is permitted provided that the source is acknowledged.,False,neutral,0.047414593398571014,0.06088154762983322,0.8917038440704346,-0.013466954231262207,ecb_stmt_reg_v2.csv
ecb_stmt,ecb_stmt_20050602,2005-06-02,ECB,statement,ecb_statements,4,Find out more about related content,False,neutral,0.0013540757354348898,0.0056015364825725555,0.993044376373291,-0.004247460747137666,ecb_stmt_reg_v2.csv
ecb_stmt,ecb_stmt_20050707,2005-07-07,ECB,statement,ecb_statements,1,"At today’s meeting the Governing Council of the ECB decided that the minimum bid rate on the main refinancing operations and the interest rates on the marginal lending facility and the deposit facility will remain unchanged at 2.00%, 3.00% and 1.00% respectively.",True,neutral,0.0030345176346600056,0.03042389266192913,0.966541588306427,-0.027389375027269125,ecb_stmt_reg_v2.csv
ecb_stmt,ecb_stmt_20050707,2005-07-07,ECB,statement,ecb_statements,2,The President of the ECB will comment on the considerations underlying these decisions at a press conference starting at 2.30 p.m. today.,True,neutral,0.0011092633940279484,0.0021633650176227093,0.9967274069786072,-0.001054101623594761,ecb_stmt_reg_v2.csv
ecb_stmt,ecb_stmt_20050707,2005-07-07,ECB,statement,ecb_statements,3,Directorate General Communications Reproduction is permitted provided that the source is acknowledged.,False,neutral,0.047414593398571014,0.06088154762983322,0.8917038440704346,-0.013466954231262207,ecb_stmt_reg_v2.csv
ecb_stmt,ecb_stmt_20050707,2005-07-07,ECB,statement,ecb_statements,4,Find out more about related content,False,neutral,0.0013540757354348898,0.0056015364825725555,0.993044376373291,-0.004247460747137666,ecb_stmt_reg_v2.csv
ecb_stmt,ecb_stmt_20050804,2005-08-04,ECB,statement,ecb_statements,1,The European Central Bank (ECB) is today publishing the indicative calendar of reserve maintenance periods for 2006.,False,neutral,0.000565469148568809,0.0007260767160914838,0.9987084269523621,-0.0001606075675226748,ecb_stmt_reg_v2.csv
ecb_stmt,ecb_stmt_20050804,2005-08-04,ECB,statement,ecb_statements,2,The calendar takes into account the 2006 schedule for meetings of the ECB’s Governing Council (published on 18 May 2005) and the indicative calendar for the Eurosystem’s tender operations in 2006 (see the ECB’s press release published today).,False,neutral,0.0004865663358941674,0.0006969741662032902,0.9988164901733398,-0.0002104078303091228,ecb_stmt_reg_v2.csv
ecb_stmt,ecb_stmt_20050804,2005-08-04,ECB,statement,ecb_statements,3,Indicative calendar of reserve maintenance periods for 2006 Directorate General Communications Reproduction is permitted provided that the source is acknowledged.,False,neutral,0.04899321869015694,0.00925965141505003,0.9417471289634705,0.03973356727510691,ecb_stmt_reg_v2.csv
ecb_stmt,ecb_stmt_20050804,2005-08-04,ECB,statement,ecb_statements,4,Find out more about related content,False,neutral,0.0013540757354348898,0.0056015364825725555,0.993044376373291,-0.004247460747137666,ecb_stmt_reg_v2.csv
ecb_stmt,ecb_stmt_20050901,2005-09-01,ECB,statement,ecb_statements,1,"At today’s meeting the Governing Council of the ECB decided that the minimum bid rate on the main refinancing operations and the interest rates on the marginal lending facility and the deposit facility will remain unchanged at 2.00%, 3.00% and 1.00% respectively.",True,neutral,0.0030345176346600056,0.03042389266192913,0.966541588306427,-0.027389375027269125,ecb_stmt_reg_v2.csv
ecb_stmt,ecb_stmt_20050901,2005-09-01,ECB,statement,ecb_statements,2,The President of the ECB will comment on the considerations underlying these decisions at a press conference starting at 2.30 p.m. today.,True,neutral,0.0011092633940279484,0.0021633650176227093,0.9967274069786072,-0.001054101623594761,ecb_stmt_reg_v2.csv
ecb_stmt,ecb_stmt_20050901,2005-09-01,ECB,statement,ecb_statements,3,Directorate General Communications Reproduction is permitted provided that the source is acknowledged.,False,neutral,0.047414593398571014,0.06088154762983322,0.8917038440704346,-0.013466954231262207,ecb_stmt_reg_v2.csv
ecb_stmt,ecb_stmt_20051006,2005-10-06,ECB,statement,ecb_statements,1,"At today’s meeting, which was held in Athens, the Governing Council of the ECB decided that the minimum bid rate on the main refinancing operations and the interest rates on the marginal lending facility and the deposit facility will remain unchanged at 2.00%, 3.00% and 1.00% respectively.",True,neutral,0.0024673868902027607,0.009864098392426968,0.9876684546470642,-0.007396711502224207,ecb_stmt_reg_v2.csv
ecb_stmt,ecb_stmt_20051006,2005-10-06,ECB,statement,ecb_statements,2,The President of the ECB will comment on the considerations underlying these decisions at a press conference starting at 2.30 p.m.,True,neutral,0.0009846235625445843,0.0023390352725982666,0.9966763257980347,-0.0013544117100536823,ecb_stmt_reg_v2.csv
ecb_stmt,ecb_stmt_20051006,2005-10-06,ECB,statement,ecb_statements,3,(C.E.T.) today.,False,neutral,0.00274565233848989,0.002399482298642397,0.9948548674583435,0.00034617003984749317,ecb_stmt_reg_v2.csv
ecb_stmt,ecb_stmt_20051006,2005-10-06,ECB,statement,ecb_statements,4,Directorate General Communications Reproduction is permitted provided that the source is acknowledged.,False,neutral,0.047414593398571014,0.06088154762983322,0.8917038440704346,-0.013466954231262207,ecb_stmt_reg_v2.csv
ecb_stmt,ecb_stmt_20051006,2005-10-06,ECB,statement,ecb_statements,5,Find out more about related content,False,neutral,0.0013540757354348898,0.0056015364825725555,0.993044376373291,-0.004247460747137666,ecb_stmt_reg_v2.csv
ecb_stmt,ecb_stmt_20051103,2005-11-03,ECB,statement,ecb_statements,1,"At today’s meeting the Governing Council of the ECB decided that the minimum bid rate on the main refinancing operations and the interest rates on the marginal lending facility and the deposit facility will remain unchanged at 2.00%, 3.00% and 1.00% respectively.",True,neutral,0.0030345176346600056,0.03042389266192913,0.966541588306427,-0.027389375027269125,ecb_stmt_reg_v2.csv
ecb_stmt,ecb_stmt_20051103,2005-11-03,ECB,statement,ecb_statements,2,The President of the ECB will comment on the considerations underlying these decisions at a press conference starting at 2.30 p.m. today.,True,neutral,0.0011092633940279484,0.0021633650176227093,0.9967274069786072,-0.001054101623594761,ecb_stmt_reg_v2.csv
ecb_stmt,ecb_stmt_20051103,2005-11-03,ECB,statement,ecb_statements,3,Directorate General Communications Reproduction is permitted provided that the source is acknowledged.,False,neutral,0.047414593398571014,0.06088154762983322,0.8917038440704346,-0.013466954231262207,ecb_stmt_reg_v2.csv
ecb_stmt,ecb_stmt_20051103,2005-11-03,ECB,statement,ecb_statements,4,Find out more about related content,False,neutral,0.0013540757354348898,0.0056015364825725555,0.993044376373291,-0.004247460747137666,ecb_stmt_reg_v2.csv
ecb_stmt,ecb_stmt_20051201,2005-12-01,ECB,statement,ecb_statements,1,At today’s meeting the Governing Council of the ECB took the following monetary policy decisions: The President of the ECB will comment on the considerations underlying these decisions at a press conference starting at 2.30 p.m. today.,True,neutral,0.0007312116795219481,0.0013240535045042634,0.997944712638855,-0.0005928418249823153,ecb_stmt_reg_v2.csv
ecb_stmt,ecb_stmt_20051201,2005-12-01,ECB,statement,ecb_statements,2,Directorate General Communications Reproduction is permitted provided that the source is acknowledged.,False,neutral,0.047414593398571014,0.06088154762983322,0.8917038440704346,-0.013466954231262207,ecb_stmt_reg_v2.csv
ecb_stmt,ecb_stmt_20051201,2005-12-01,ECB,statement,ecb_statements,3,Find out more about related content,False,neutral,0.0013540757354348898,0.0056015364825725555,0.993044376373291,-0.004247460747137666,ecb_stmt_reg_v2.csv
ecb_stmt,ecb_stmt_20060112,2006-01-12,ECB,statement,ecb_statements,1,"At today’s meeting the Governing Council of the ECB decided that the minimum bid rate on the main refinancing operations and the interest rates on the marginal lending facility and the deposit facility will remain unchanged at 2.25%, 3.25% and 1.25% respectively.",True,neutral,0.0022515624295920134,0.034589771181344986,0.9631587266921997,-0.03233820875175297,ecb_stmt_reg_v2.csv
ecb_stmt,ecb_stmt_20060112,2006-01-12,ECB,statement,ecb_statements,2,The President of the ECB will comment on the considerations underlying these decisions at a press conference starting at 2.30 p.m. today.,True,neutral,0.0011092633940279484,0.0021633650176227093,0.9967274069786072,-0.001054101623594761,ecb_stmt_reg_v2.csv
ecb_stmt,ecb_stmt_20060112,2006-01-12,ECB,statement,ecb_statements,3,Directorate General Communications Reproduction is permitted provided that the source is acknowledged.,False,neutral,0.047414593398571014,0.06088154762983322,0.8917038440704346,-0.013466954231262207,ecb_stmt_reg_v2.csv
ecb_stmt,ecb_stmt_20060112,2006-01-12,ECB,statement,ecb_statements,4,Find out more about related content,False,neutral,0.0013540757354348898,0.0056015364825725555,0.993044376373291,-0.004247460747137666,ecb_stmt_reg_v2.csv
ecb_stmt,ecb_stmt_20060202,2006-02-02,ECB,statement,ecb_statements,1,"At today’s meeting the Governing Council of the ECB decided that the minimum bid rate on the main refinancing operations and the interest rates on the marginal lending facility and the deposit facility will remain unchanged at 2.25%, 3.25% and 1.25% respectively.",True,neutral,0.0022515624295920134,0.034589771181344986,0.9631587266921997,-0.03233820875175297,ecb_stmt_reg_v2.csv
ecb_stmt,ecb_stmt_20060202,2006-02-02,ECB,statement,ecb_statements,2,The President of the ECB will comment on the considerations underlying these decisions at a press conference starting at 2.30 p.m. today.,True,neutral,0.0011092633940279484,0.0021633650176227093,0.9967274069786072,-0.001054101623594761,ecb_stmt_reg_v2.csv
ecb_stmt,ecb_stmt_20060202,2006-02-02,ECB,statement,ecb_statements,3,Directorate General Communications Reproduction is permitted provided that the source is acknowledged.,False,neutral,0.047414593398571014,0.06088154762983322,0.8917038440704346,-0.013466954231262207,ecb_stmt_reg_v2.csv
ecb_stmt,ecb_stmt_20060202,2006-02-02,ECB,statement,ecb_statements,4,Find out more about related content,False,neutral,0.0013540757354348898,0.0056015364825725555,0.993044376373291,-0.004247460747137666,ecb_stmt_reg_v2.csv
ecb_stmt,ecb_stmt_20060302,2006-03-02,ECB,statement,ecb_statements,1,At today’s meeting the Governing Council of the ECB took the following monetary policy decisions: The President of the ECB will comment on the considerations underlying these decisions at a press conference starting at 2.30 p.m. today.,True,neutral,0.0007312116795219481,0.0013240535045042634,0.997944712638855,-0.0005928418249823153,ecb_stmt_reg_v2.csv
ecb_stmt,ecb_stmt_20060302,2006-03-02,ECB,statement,ecb_statements,2,Directorate General Communications Reproduction is permitted provided that the source is acknowledged.,False,neutral,0.047414593398571014,0.06088154762983322,0.8917038440704346,-0.013466954231262207,ecb_stmt_reg_v2.csv
ecb_stmt,ecb_stmt_20060302,2006-03-02,ECB,statement,ecb_statements,3,Find out more about related content,False,neutral,0.0013540757354348898,0.0056015364825725555,0.993044376373291,-0.004247460747137666,ecb_stmt_reg_v2.csv
ecb_stmt,ecb_stmt_20060406,2006-04-06,ECB,statement,ecb_statements,1,"At today’s meeting the Governing Council of the ECB decided that the minimum bid rate on the main refinancing operations and the interest rates on the marginal lending facility and the deposit facility will remain unchanged at 2.50%, 3.50% and 1.50% respectively.",True,neutral,0.0026744611095637083,0.028265953063964844,0.9690595269203186,-0.025591491954401135,ecb_stmt_reg_v2.csv
ecb_stmt,ecb_stmt_20060406,2006-04-06,ECB,statement,ecb_statements,2,The President of the ECB will comment on the considerations underlying these decisions at a press conference starting at 2.30 p.m. today.,True,neutral,0.0011092633940279484,0.0021633650176227093,0.9967274069786072,-0.001054101623594761,ecb_stmt_reg_v2.csv
ecb_stmt,ecb_stmt_20060406,2006-04-06,ECB,statement,ecb_statements,3,Directorate General Communications Reproduction is permitted provided that the source is acknowledged.,False,neutral,0.047414593398571014,0.06088154762983322,0.8917038440704346,-0.013466954231262207,ecb_stmt_reg_v2.csv
ecb_stmt,ecb_stmt_20060406,2006-04-06,ECB,statement,ecb_statements,4,Find out more about related content,False,neutral,0.0013540757354348898,0.0056015364825725555,0.993044376373291,-0.004247460747137666,ecb_stmt_reg_v2.csv
ecb_stmt,ecb_stmt_20060504,2006-05-04,ECB,statement,ecb_statements,1,"At today’s meeting the Governing Council of the ECB decided that the minimum bid rate on the main refinancing operations and the interest rates on the marginal lending facility and the deposit facility will remain unchanged at 2.50%, 3.50% and 1.50% respectively.",True,neutral,0.0026744611095637083,0.028265953063964844,0.9690595269203186,-0.025591491954401135,ecb_stmt_reg_v2.csv
ecb_stmt,ecb_stmt_20060504,2006-05-04,ECB,statement,ecb_statements,2,The President of the ECB will comment on the considerations underlying these decisions at a press conference starting at 2.30 p.m. today.,True,neutral,0.0011092633940279484,0.0021633650176227093,0.9967274069786072,-0.001054101623594761,ecb_stmt_reg_v2.csv
ecb_stmt,ecb_stmt_20060504,2006-05-04,ECB,statement,ecb_statements,3,Directorate General Communications Reproduction is permitted provided that the source is acknowledged.,False,neutral,0.047414593398571014,0.06088154762983322,0.8917038440704346,-0.013466954231262207,ecb_stmt_reg_v2.csv
ecb_stmt,ecb_stmt_20060504,2006-05-04,ECB,statement,ecb_statements,4,Find out more about related content,False,neutral,0.0013540757354348898,0.0056015364825725555,0.993044376373291,-0.004247460747137666,ecb_stmt_reg_v2.csv
ecb_stmt,ecb_stmt_20060608,2006-06-08,ECB,statement,ecb_statements,1,"At today’s meeting, which was held in Madrid, the Governing Council of the ECB took the following monetary policy decisions: The President of the ECB will comment on the considerations underlying these decisions at a press conference starting at 2.30 p.m.",True,neutral,0.0005741260829381645,0.0011484958231449127,0.9982773661613464,-0.0005743697402067482,ecb_stmt_reg_v2.csv
ecb_stmt,ecb_stmt_20060608,2006-06-08,ECB,statement,ecb_statements,2,(CET) today.,False,neutral,0.0010570837184786797,0.0015714492183178663,0.99737149477005,-0.0005143654998391867,ecb_stmt_reg_v2.csv
ecb_stmt,ecb_stmt_20060608,2006-06-08,ECB,statement,ecb_statements,3,Directorate General Communications Reproduction is permitted provided that the source is acknowledged.,False,neutral,0.047414593398571014,0.06088154762983322,0.8917038440704346,-0.013466954231262207,ecb_stmt_reg_v2.csv
ecb_stmt,ecb_stmt_20060608,2006-06-08,ECB,statement,ecb_statements,4,Find out more about related content,False,neutral,0.0013540757354348898,0.0056015364825725555,0.993044376373291,-0.004247460747137666,ecb_stmt_reg_v2.csv
ecb_stmt,ecb_stmt_20060706,2006-07-06,ECB,statement,ecb_statements,1,"At today’s meeting the Governing Council of the ECB decided that the minimum bid rate on the main refinancing operations and the interest rates on the marginal lending facility and the deposit facility will remain unchanged at 2.75%, 3.75% and 1.75% respectively.",True,neutral,0.0026293019764125347,0.023984594270586967,0.9733861088752747,-0.021355292294174433,ecb_stmt_reg_v2.csv
ecb_stmt,ecb_stmt_20060706,2006-07-06,ECB,statement,ecb_statements,2,The President of the ECB will comment on the considerations underlying these decisions at a press conference starting at 2.30 p.m. today.,True,neutral,0.0011092633940279484,0.0021633650176227093,0.9967274069786072,-0.001054101623594761,ecb_stmt_reg_v2.csv
ecb_stmt,ecb_stmt_20060706,2006-07-06,ECB,statement,ecb_statements,3,Directorate General Communications Reproduction is permitted provided that the source is acknowledged.,False,neutral,0.047414593398571014,0.06088154762983322,0.8917038440704346,-0.013466954231262207,ecb_stmt_reg_v2.csv
ecb_stmt,ecb_stmt_20060706,2006-07-06,ECB,statement,ecb_statements,4,Find out more about related content,False,neutral,0.0013540757354348898,0.0056015364825725555,0.993044376373291,-0.004247460747137666,ecb_stmt_reg_v2.csv
ecb_stmt,ecb_stmt_20060803,2006-08-03,ECB,statement,ecb_statements,1,"At today’s meeting, the Governing Council of the ECB took the following monetary policy decisions: The President of the ECB will comment on the considerations underlying these decisions at a press conference starting at 2.30 p.m.",True,neutral,0.0006291601457633078,0.0013529068091884255,0.9980179071426392,-0.0007237466634251177,ecb_stmt_reg_v2.csv
ecb_stmt,ecb_stmt_20060803,2006-08-03,ECB,statement,ecb_statements,2,(CET) today.,False,neutral,0.0010570837184786797,0.0015714492183178663,0.99737149477005,-0.0005143654998391867,ecb_stmt_reg_v2.csv
ecb_stmt,ecb_stmt_20060803,2006-08-03,ECB,statement,ecb_statements,3,Directorate General Communications Reproduction is permitted provided that the source is acknowledged.,False,neutral,0.047414593398571014,0.06088154762983322,0.8917038440704346,-0.013466954231262207,ecb_stmt_reg_v2.csv
ecb_stmt,ecb_stmt_20060803,2006-08-03,ECB,statement,ecb_statements,4,Find out more about related content,False,neutral,0.0013540757354348898,0.0056015364825725555,0.993044376373291,-0.004247460747137666,ecb_stmt_reg_v2.csv
ecb_stmt,ecb_stmt_20061005,2006-10-05,ECB,statement,ecb_statements,1,"At today’s meeting, which was held in Paris, the Governing Council of the ECB took the following monetary policy decisions: The President of the ECB will comment on the considerations underlying these decisions at a press conference starting at 2.30 p.m.",True,neutral,0.0005707396776415408,0.0012082557659596205,0.9982209801673889,-0.0006375160883180797,ecb_stmt_reg_v2.csv
ecb_stmt,ecb_stmt_20061005,2006-10-05,ECB,statement,ecb_statements,2,(CEST) today.,False,neutral,0.0007723055314272642,0.0012933684047311544,0.9979343414306641,-0.0005210628733038902,ecb_stmt_reg_v2.csv
ecb_stmt,ecb_stmt_20061005,2006-10-05,ECB,statement,ecb_statements,3,Directorate General Communications Reproduction is permitted provided that the source is acknowledged.,False,neutral,0.047414593398571014,0.06088154762983322,0.8917038440704346,-0.013466954231262207,ecb_stmt_reg_v2.csv
ecb_stmt,ecb_stmt_20061005,2006-10-05,ECB,statement,ecb_statements,4,Find out more about related content,False,neutral,0.0013540757354348898,0.0056015364825725555,0.993044376373291,-0.004247460747137666,ecb_stmt_reg_v2.csv
ecb_stmt,ecb_stmt_20061102,2006-11-02,ECB,statement,ecb_statements,1,"At today’s meeting, the Governing Council of the ECB decided that the minimum bid rate on the main refinancing operations and the interest rates on the marginal lending facility and the deposit facility will remain unchanged at 3.25%, 4.25% and 2.25% respectively.",True,neutral,0.001942122238688171,0.021060243248939514,0.9769976735115051,-0.019118121010251343,ecb_stmt_reg_v2.csv
ecb_stmt,ecb_stmt_20061102,2006-11-02,ECB,statement,ecb_statements,2,The President of the ECB will comment on the considerations underlying these decisions at a press conference starting at 2.30 p.m.,True,neutral,0.0009846235625445843,0.0023390352725982666,0.9966763257980347,-0.0013544117100536823,ecb_stmt_reg_v2.csv
ecb_stmt,ecb_stmt_20061102,2006-11-02,ECB,statement,ecb_statements,3,(CET) today.,False,neutral,0.0010570837184786797,0.0015714492183178663,0.99737149477005,-0.0005143654998391867,ecb_stmt_reg_v2.csv
ecb_stmt,ecb_stmt_20061102,2006-11-02,ECB,statement,ecb_statements,4,Directorate General Communications Reproduction is permitted provided that the source is acknowledged.,False,neutral,0.047414593398571014,0.06088154762983322,0.8917038440704346,-0.013466954231262207,ecb_stmt_reg_v2.csv
ecb_stmt,ecb_stmt_20061102,2006-11-02,ECB,statement,ecb_statements,5,Find out more about related content,False,neutral,0.0013540757354348898,0.0056015364825725555,0.993044376373291,-0.004247460747137666,ecb_stmt_reg_v2.csv
ecb_stmt,ecb_stmt_20061207,2006-12-07,ECB,statement,ecb_statements,1,At today’s meeting the Governing Council of the ECB took the following monetary policy decisions: The President of the ECB will comment on the considerations underlying these decisions at a press conference starting at 2.30 p.m.,True,neutral,0.000615798810031265,0.0013476577587425709,0.9980365633964539,-0.0007318589487113059,ecb_stmt_reg_v2.csv
ecb_stmt,ecb_stmt_20061207,2006-12-07,ECB,statement,ecb_statements,2,(CET) today.,False,neutral,0.0010570837184786797,0.0015714492183178663,0.99737149477005,-0.0005143654998391867,ecb_stmt_reg_v2.csv
ecb_stmt,ecb_stmt_20061207,2006-12-07,ECB,statement,ecb_statements,3,Directorate General Communications Reproduction is permitted provided that the source is acknowledged.,False,neutral,0.047414593398571014,0.06088154762983322,0.8917038440704346,-0.013466954231262207,ecb_stmt_reg_v2.csv
ecb_stmt,ecb_stmt_20061207,2006-12-07,ECB,statement,ecb_statements,4,Find out more about related content,False,neutral,0.0013540757354348898,0.0056015364825725555,0.993044376373291,-0.004247460747137666,ecb_stmt_reg_v2.csv
ecb_stmt,ecb_stmt_20070111,2007-01-11,ECB,statement,ecb_statements,1,"At today’s meeting, the Governing Council of the ECB decided that the minimum bid rate on the main refinancing operations and the interest rates on the marginal lending facility and the deposit facility will remain unchanged at 3.50%, 4.50% and 2.50% respectively.",True,neutral,0.0021966693457216024,0.01686965674161911,0.980933666229248,-0.014672987395897508,ecb_stmt_reg_v2.csv
ecb_stmt,ecb_stmt_20070111,2007-01-11,ECB,statement,ecb_statements,2,The President of the ECB will comment on the considerations underlying these decisions at a press conference starting at 2.30 p.m.,True,neutral,0.0009846235625445843,0.0023390352725982666,0.9966763257980347,-0.0013544117100536823,ecb_stmt_reg_v2.csv
ecb_stmt,ecb_stmt_20070111,2007-01-11,ECB,statement,ecb_statements,3,(CET) today.,False,neutral,0.0010570837184786797,0.0015714492183178663,0.99737149477005,-0.0005143654998391867,ecb_stmt_reg_v2.csv
ecb_stmt,ecb_stmt_20070111,2007-01-11,ECB,statement,ecb_statements,4,Directorate General Communications Reproduction is permitted provided that the source is acknowledged.,False,neutral,0.047414593398571014,0.06088154762983322,0.8917038440704346,-0.013466954231262207,ecb_stmt_reg_v2.csv
ecb_stmt,ecb_stmt_20070111,2007-01-11,ECB,statement,ecb_statements,5,Find out more about related content,False,neutral,0.0013540757354348898,0.0056015364825725555,0.993044376373291,-0.004247460747137666,ecb_stmt_reg_v2.csv
ecb_stmt,ecb_stmt_20070208,2007-02-08,ECB,statement,ecb_statements,1,"At today’s meeting, the Governing Council of the ECB decided that the minimum bid rate on the main refinancing operations and the interest rates on the marginal lending facility and the deposit facility will remain unchanged at 3.50%, 4.50% and 2.50% respectively.",True,neutral,0.0021966693457216024,0.01686965674161911,0.980933666229248,-0.014672987395897508,ecb_stmt_reg_v2.csv
ecb_stmt,ecb_stmt_20070208,2007-02-08,ECB,statement,ecb_statements,2,The President of the ECB will comment on the considerations underlying these decisions at a press conference starting at 2.30 p.m.,True,neutral,0.0009846235625445843,0.0023390352725982666,0.9966763257980347,-0.0013544117100536823,ecb_stmt_reg_v2.csv
ecb_stmt,ecb_stmt_20070208,2007-02-08,ECB,statement,ecb_statements,3,(CET) today.,False,neutral,0.0010570837184786797,0.0015714492183178663,0.99737149477005,-0.0005143654998391867,ecb_stmt_reg_v2.csv
ecb_stmt,ecb_stmt_20070208,2007-02-08,ECB,statement,ecb_statements,4,Directorate General Communications Reproduction is permitted provided that the source is acknowledged.,False,neutral,0.047414593398571014,0.06088154762983322,0.8917038440704346,-0.013466954231262207,ecb_stmt_reg_v2.csv
ecb_stmt,ecb_stmt_20070208,2007-02-08,ECB,statement,ecb_statements,5,Find out more about related content,False,neutral,0.0013540757354348898,0.0056015364825725555,0.993044376373291,-0.004247460747137666,ecb_stmt_reg_v2.csv
ecb_stmt,ecb_stmt_20070308,2007-03-08,ECB,statement,ecb_statements,1,At today’s meeting the Governing Council of the ECB took the following monetary policy decisions: The President of the ECB will comment on the considerations underlying these decisions at a press conference starting at 2.30 p.m.,True,neutral,0.000615798810031265,0.0013476577587425709,0.9980365633964539,-0.0007318589487113059,ecb_stmt_reg_v2.csv
ecb_stmt,ecb_stmt_20070308,2007-03-08,ECB,statement,ecb_statements,2,(CET) today.,False,neutral,0.0010570837184786797,0.0015714492183178663,0.99737149477005,-0.0005143654998391867,ecb_stmt_reg_v2.csv
ecb_stmt,ecb_stmt_20070308,2007-03-08,ECB,statement,ecb_statements,3,Directorate General Communications Reproduction is permitted provided that the source is acknowledged.,False,neutral,0.047414593398571014,0.06088154762983322,0.8917038440704346,-0.013466954231262207,ecb_stmt_reg_v2.csv
ecb_stmt,ecb_stmt_20070308,2007-03-08,ECB,statement,ecb_statements,4,Find out more about related content,False,neutral,0.0013540757354348898,0.0056015364825725555,0.993044376373291,-0.004247460747137666,ecb_stmt_reg_v2.csv
ecb_stmt,ecb_stmt_20070412,2007-04-12,ECB,statement,ecb_statements,1,"At today’s meeting, the Governing Council of the ECB decided that the minimum bid rate on the main refinancing operations and the interest rates on the marginal lending facility and the deposit facility will remain unchanged at 3.75%, 4.75% and 2.75% respectively.",True,neutral,0.0022164229303598404,0.01381126418709755,0.9839723110198975,-0.011594841256737709,ecb_stmt_reg_v2.csv
ecb_stmt,ecb_stmt_20070412,2007-04-12,ECB,statement,ecb_statements,2,The President of the ECB will comment on the considerations underlying these decisions at a press conference starting at 2.30 p.m.,True,neutral,0.0009846235625445843,0.0023390352725982666,0.9966763257980347,-0.0013544117100536823,ecb_stmt_reg_v2.csv
ecb_stmt,ecb_stmt_20070412,2007-04-12,ECB,statement,ecb_statements,3,(CEST) today.,False,neutral,0.0007723055314272642,0.0012933684047311544,0.9979343414306641,-0.0005210628733038902,ecb_stmt_reg_v2.csv
ecb_stmt,ecb_stmt_20070412,2007-04-12,ECB,statement,ecb_statements,4,Directorate General Communications Reproduction is permitted provided that the source is acknowledged.,False,neutral,0.047414593398571014,0.06088154762983322,0.8917038440704346,-0.013466954231262207,ecb_stmt_reg_v2.csv
ecb_stmt,ecb_stmt_20070412,2007-04-12,ECB,statement,ecb_statements,5,Find out more about related content,False,neutral,0.0013540757354348898,0.0056015364825725555,0.993044376373291,-0.004247460747137666,ecb_stmt_reg_v2.csv
ecb_stmt,ecb_stmt_20070510,2007-05-10,ECB,statement,ecb_statements,1,"At today’s meeting, which was held in Dublin, the Governing Council of the ECB decided that the minimum bid rate on the main refinancing operations and the interest rates on the marginal lending facility and the deposit facility will remain unchanged at 3.75%, 4.75% and 2.75% respectively.",True,neutral,0.001920037786476314,0.005416522733867168,0.9926634430885315,-0.0034964849473908544,ecb_stmt_reg_v2.csv
ecb_stmt,ecb_stmt_20070510,2007-05-10,ECB,statement,ecb_statements,2,The President of the ECB will comment on the considerations underlying these decisions at a press conference starting at 2.30 p.m.,True,neutral,0.0009846235625445843,0.0023390352725982666,0.9966763257980347,-0.0013544117100536823,ecb_stmt_reg_v2.csv
ecb_stmt,ecb_stmt_20070510,2007-05-10,ECB,statement,ecb_statements,3,(CEST) today.,False,neutral,0.0007723055314272642,0.0012933684047311544,0.9979343414306641,-0.0005210628733038902,ecb_stmt_reg_v2.csv
ecb_stmt,ecb_stmt_20070510,2007-05-10,ECB,statement,ecb_statements,4,Directorate General Communications Reproduction is permitted provided that the source is acknowledged.,False,neutral,0.047414593398571014,0.06088154762983322,0.8917038440704346,-0.013466954231262207,ecb_stmt_reg_v2.csv
ecb_stmt,ecb_stmt_20070510,2007-05-10,ECB,statement,ecb_statements,5,Find out more about related content,False,neutral,0.0013540757354348898,0.0056015364825725555,0.993044376373291,-0.004247460747137666,ecb_stmt_reg_v2.csv
ecb_stmt,ecb_stmt_20070606,2007-06-06,ECB,statement,ecb_statements,1,At today’s meeting the Governing Council of the ECB took the following monetary policy decisions: The President of the ECB will comment on the considerations underlying these decisions at a press conference starting at 2.30 p.m.,True,neutral,0.000615798810031265,0.0013476577587425709,0.9980365633964539,-0.0007318589487113059,ecb_stmt_reg_v2.csv
ecb_stmt,ecb_stmt_20070606,2007-06-06,ECB,statement,ecb_statements,2,(CEST) today.,False,neutral,0.0007723055314272642,0.0012933684047311544,0.9979343414306641,-0.0005210628733038902,ecb_stmt_reg_v2.csv
ecb_stmt,ecb_stmt_20070606,2007-06-06,ECB,statement,ecb_statements,3,Directorate General Communications Reproduction is permitted provided that the source is acknowledged.,False,neutral,0.047414593398571014,0.06088154762983322,0.8917038440704346,-0.013466954231262207,ecb_stmt_reg_v2.csv
ecb_stmt,ecb_stmt_20070606,2007-06-06,ECB,statement,ecb_statements,4,Find out more about related content,False,neutral,0.0013540757354348898,0.0056015364825725555,0.993044376373291,-0.004247460747137666,ecb_stmt_reg_v2.csv
ecb_stmt,ecb_stmt_20070705,2007-07-05,ECB,statement,ecb_statements,1,"At today’s meeting, the Governing Council of the ECB decided that the minimum bid rate on the main refinancing operations and the interest rates on the marginal lending facility and the deposit facility will remain unchanged at 4.00%, 5.00% and 3.00% respectively.",True,neutral,0.0024872603826224804,0.036283303052186966,0.9612294435501099,-0.033796042669564486,ecb_stmt_reg_v2.csv
ecb_stmt,ecb_stmt_20070705,2007-07-05,ECB,statement,ecb_statements,2,The President of the ECB will comment on the considerations underlying these decisions at a press conference starting at 2.30 p.m.,True,neutral,0.0009846235625445843,0.0023390352725982666,0.9966763257980347,-0.0013544117100536823,ecb_stmt_reg_v2.csv
ecb_stmt,ecb_stmt_20070705,2007-07-05,ECB,statement,ecb_statements,3,(CEST) today.,False,neutral,0.0007723055314272642,0.0012933684047311544,0.9979343414306641,-0.0005210628733038902,ecb_stmt_reg_v2.csv
ecb_stmt,ecb_stmt_20070705,2007-07-05,ECB,statement,ecb_statements,4,Directorate General Communications Reproduction is permitted provided that the source is acknowledged.,False,neutral,0.047414593398571014,0.06088154762983322,0.8917038440704346,-0.013466954231262207,ecb_stmt_reg_v2.csv
ecb_stmt,ecb_stmt_20070705,2007-07-05,ECB,statement,ecb_statements,5,Find out more about related content,False,neutral,0.0013540757354348898,0.0056015364825725555,0.993044376373291,-0.004247460747137666,ecb_stmt_reg_v2.csv
ecb_stmt,ecb_stmt_20070802,2007-08-02,ECB,statement,ecb_statements,1,"At today’s meeting, which was held in the form of a teleconference, the Governing Council of the ECB decided that the minimum bid rate on the main refinancing operations and the interest rates on the marginal lending facility and the deposit facility will remain unchanged at 4.00%, 5.00% and 3.00% respectively.",True,neutral,0.003230890491977334,0.018633389845490456,0.9781357049942017,-0.015402499353513122,ecb_stmt_reg_v2.csv
ecb_stmt,ecb_stmt_20070802,2007-08-02,ECB,statement,ecb_statements,2,Directorate General Communications Reproduction is permitted provided that the source is acknowledged.,False,neutral,0.047414593398571014,0.06088154762983322,0.8917038440704346,-0.013466954231262207,ecb_stmt_reg_v2.csv
ecb_stmt,ecb_stmt_20070802,2007-08-02,ECB,statement,ecb_statements,3,Find out more about related content,False,neutral,0.0013540757354348898,0.0056015364825725555,0.993044376373291,-0.004247460747137666,ecb_stmt_reg_v2.csv
ecb_stmt,ecb_stmt_20070906,2007-09-06,ECB,statement,ecb_statements,1,"At today’s meeting, the Governing Council of the ECB decided that the minimum bid rate on the main refinancing operations and the interest rates on the marginal lending facility and the deposit facility will remain unchanged at 4.00%, 5.00% and 3.00% respectively.",True,neutral,0.0024872603826224804,0.036283303052186966,0.9612294435501099,-0.033796042669564486,ecb_stmt_reg_v2.csv
ecb_stmt,ecb_stmt_20070906,2007-09-06,ECB,statement,ecb_statements,2,The President of the ECB will comment on the considerations underlying these decisions at a press conference starting at 2.30 p.m.,True,neutral,0.0009846235625445843,0.0023390352725982666,0.9966763257980347,-0.0013544117100536823,ecb_stmt_reg_v2.csv
ecb_stmt,ecb_stmt_20070906,2007-09-06,ECB,statement,ecb_statements,3,(CEST) today.,False,neutral,0.0007723055314272642,0.0012933684047311544,0.9979343414306641,-0.0005210628733038902,ecb_stmt_reg_v2.csv
ecb_stmt,ecb_stmt_20070906,2007-09-06,ECB,statement,ecb_statements,4,Directorate General Communications Reproduction is permitted provided that the source is acknowledged.,False,neutral,0.047414593398571014,0.06088154762983322,0.8917038440704346,-0.013466954231262207,ecb_stmt_reg_v2.csv
ecb_stmt,ecb_stmt_20070906,2007-09-06,ECB,statement,ecb_statements,5,Find out more about related content,False,neutral,0.0013540757354348898,0.0056015364825725555,0.993044376373291,-0.004247460747137666,ecb_stmt_reg_v2.csv
ecb_stmt,ecb_stmt_20071004,2007-10-04,ECB,statement,ecb_statements,1,"At today’s meeting, which was held in Vienna, the Governing Council of the ECB decided that the minimum bid rate on the main refinancing operations and the interest rates on the marginal lending facility and the deposit facility will remain unchanged at 4.00%, 5.00% and 3.00% respectively.",True,neutral,0.0023137826938182116,0.021351303905248642,0.9763348698616028,-0.01903752121143043,ecb_stmt_reg_v2.csv
ecb_stmt,ecb_stmt_20071004,2007-10-04,ECB,statement,ecb_statements,2,The President of the ECB will comment on the considerations underlying these decisions at a press conference starting at 2.30 p.m.,True,neutral,0.0009846235625445843,0.0023390352725982666,0.9966763257980347,-0.0013544117100536823,ecb_stmt_reg_v2.csv
ecb_stmt,ecb_stmt_20071004,2007-10-04,ECB,statement,ecb_statements,3,(CEST) today.,False,neutral,0.0007723055314272642,0.0012933684047311544,0.9979343414306641,-0.0005210628733038902,ecb_stmt_reg_v2.csv
ecb_stmt,ecb_stmt_20071004,2007-10-04,ECB,statement,ecb_statements,4,Directorate General Communications Reproduction is permitted provided that the source is acknowledged.,False,neutral,0.047414593398571014,0.06088154762983322,0.8917038440704346,-0.013466954231262207,ecb_stmt_reg_v2.csv
ecb_stmt,ecb_stmt_20071004,2007-10-04,ECB,statement,ecb_statements,5,Find out more about related content,False,neutral,0.0013540757354348898,0.0056015364825725555,0.993044376373291,-0.004247460747137666,ecb_stmt_reg_v2.csv
ecb_stmt,ecb_stmt_20071108,2007-11-08,ECB,statement,ecb_statements,1,"At today’s meeting the Governing Council of the ECB decided that the minimum bid rate on the main refinancing operations and the interest rates on the marginal lending facility and the deposit facility will remain unchanged at 4.00%, 5.00% and 3.00% respectively.",True,neutral,0.002664599334821105,0.05052339658141136,0.9468119740486145,-0.04785879724659026,ecb_stmt_reg_v2.csv
ecb_stmt,ecb_stmt_20071108,2007-11-08,ECB,statement,ecb_statements,2,The President of the ECB will comment on the considerations underlying these decisions at a press conference starting at 2.30 p.m.,True,neutral,0.0009846235625445843,0.0023390352725982666,0.9966763257980347,-0.0013544117100536823,ecb_stmt_reg_v2.csv
ecb_stmt,ecb_stmt_20071108,2007-11-08,ECB,statement,ecb_statements,3,(CET) today.,False,neutral,0.0010570837184786797,0.0015714492183178663,0.99737149477005,-0.0005143654998391867,ecb_stmt_reg_v2.csv
ecb_stmt,ecb_stmt_20071108,2007-11-08,ECB,statement,ecb_statements,4,Directorate General Communications Reproduction is permitted provided that the source is acknowledged.,False,neutral,0.047414593398571014,0.06088154762983322,0.8917038440704346,-0.013466954231262207,ecb_stmt_reg_v2.csv
ecb_stmt,ecb_stmt_20071108,2007-11-08,ECB,statement,ecb_statements,5,Find out more about related content,False,neutral,0.0013540757354348898,0.0056015364825725555,0.993044376373291,-0.004247460747137666,ecb_stmt_reg_v2.csv
ecb_stmt,ecb_stmt_20071206,2007-12-06,ECB,statement,ecb_statements,1,"At today’s meeting the Governing Council of the ECB decided that the minimum bid rate on the main refinancing operations and the interest rates on the marginal lending facility and the deposit facility will remain unchanged at 4.00%, 5.00% and 3.00% respectively.",True,neutral,0.002664599334821105,0.05052339658141136,0.9468119740486145,-0.04785879724659026,ecb_stmt_reg_v2.csv
ecb_stmt,ecb_stmt_20071206,2007-12-06,ECB,statement,ecb_statements,2,The President of the ECB will comment on the considerations underlying these decisions at a press conference starting at 2.30 p.m.,True,neutral,0.0009846235625445843,0.0023390352725982666,0.9966763257980347,-0.0013544117100536823,ecb_stmt_reg_v2.csv
ecb_stmt,ecb_stmt_20071206,2007-12-06,ECB,statement,ecb_statements,3,(CET) today.,False,neutral,0.0010570837184786797,0.0015714492183178663,0.99737149477005,-0.0005143654998391867,ecb_stmt_reg_v2.csv
ecb_stmt,ecb_stmt_20071206,2007-12-06,ECB,statement,ecb_statements,4,Directorate General Communications Reproduction is permitted provided that the source is acknowledged.,False,neutral,0.047414593398571014,0.06088154762983322,0.8917038440704346,-0.013466954231262207,ecb_stmt_reg_v2.csv
ecb_stmt,ecb_stmt_20071206,2007-12-06,ECB,statement,ecb_statements,5,Find out more about related content,False,neutral,0.0013540757354348898,0.0056015364825725555,0.993044376373291,-0.004247460747137666,ecb_stmt_reg_v2.csv
ecb_stmt,ecb_stmt_20080110,2008-01-10,ECB,statement,ecb_statements,1,"At today’s meeting the Governing Council of the ECB decided that the minimum bid rate on the main refinancing operations and the interest rates on the marginal lending facility and the deposit facility will remain unchanged at 4.00%, 5.00% and 3.00% respectively.",True,neutral,0.002664599334821105,0.05052339658141136,0.9468119740486145,-0.04785879724659026,ecb_stmt_reg_v2.csv
ecb_stmt,ecb_stmt_20080110,2008-01-10,ECB,statement,ecb_statements,2,The President of the ECB will comment on the considerations underlying these decisions at a press conference starting at 2.30 p.m.,True,neutral,0.0009846235625445843,0.0023390352725982666,0.9966763257980347,-0.0013544117100536823,ecb_stmt_reg_v2.csv
ecb_stmt,ecb_stmt_20080110,2008-01-10,ECB,statement,ecb_statements,3,(CET) today.,False,neutral,0.0010570837184786797,0.0015714492183178663,0.99737149477005,-0.0005143654998391867,ecb_stmt_reg_v2.csv
ecb_stmt,ecb_stmt_20080110,2008-01-10,ECB,statement,ecb_statements,4,Directorate General Communications Reproduction is permitted provided that the source is acknowledged.,False,neutral,0.047414593398571014,0.06088154762983322,0.8917038440704346,-0.013466954231262207,ecb_stmt_reg_v2.csv
ecb_stmt,ecb_stmt_20080110,2008-01-10,ECB,statement,ecb_statements,5,Find out more about related content,False,neutral,0.0013540757354348898,0.0056015364825725555,0.993044376373291,-0.004247460747137666,ecb_stmt_reg_v2.csv
ecb_stmt,ecb_stmt_20080207,2008-02-07,ECB,statement,ecb_statements,1,"At today’s meeting the Governing Council of the ECB decided that the minimum bid rate on the main refinancing operations and the interest rates on the marginal lending facility and the deposit facility will remain unchanged at 4.00%, 5.00% and 3.00% respectively.",True,neutral,0.002664599334821105,0.05052339658141136,0.9468119740486145,-0.04785879724659026,ecb_stmt_reg_v2.csv
ecb_stmt,ecb_stmt_20080207,2008-02-07,ECB,statement,ecb_statements,2,The President of the ECB will comment on the considerations underlying these decisions at a press conference starting at 2.30 p.m.,True,neutral,0.0009846235625445843,0.0023390352725982666,0.9966763257980347,-0.0013544117100536823,ecb_stmt_reg_v2.csv
ecb_stmt,ecb_stmt_20080207,2008-02-07,ECB,statement,ecb_statements,3,(CET) today.,False,neutral,0.0010570837184786797,0.0015714492183178663,0.99737149477005,-0.0005143654998391867,ecb_stmt_reg_v2.csv
ecb_stmt,ecb_stmt_20080207,2008-02-07,ECB,statement,ecb_statements,4,Directorate General Communications Reproduction is permitted provided that the source is acknowledged.,False,neutral,0.047414593398571014,0.06088154762983322,0.8917038440704346,-0.013466954231262207,ecb_stmt_reg_v2.csv
ecb_stmt,ecb_stmt_20080207,2008-02-07,ECB,statement,ecb_statements,5,Find out more about related content,False,neutral,0.0013540757354348898,0.0056015364825725555,0.993044376373291,-0.004247460747137666,ecb_stmt_reg_v2.csv
ecb_stmt,ecb_stmt_20080306,2008-03-06,ECB,statement,ecb_statements,1,"At today’s meeting the Governing Council of the ECB decided that the minimum bid rate on the main refinancing operations and the interest rates on the marginal lending facility and the deposit facility will remain unchanged at 4.00%, 5.00% and 3.00% respectively.",True,neutral,0.002664599334821105,0.05052339658141136,0.9468119740486145,-0.04785879724659026,ecb_stmt_reg_v2.csv
ecb_stmt,ecb_stmt_20080306,2008-03-06,ECB,statement,ecb_statements,2,The President of the ECB will comment on the considerations underlying these decisions at a press conference starting at 2.30 p.m.,True,neutral,0.0009846235625445843,0.0023390352725982666,0.9966763257980347,-0.0013544117100536823,ecb_stmt_reg_v2.csv
ecb_stmt,ecb_stmt_20080306,2008-03-06,ECB,statement,ecb_statements,3,(CET) today.,False,neutral,0.0010570837184786797,0.0015714492183178663,0.99737149477005,-0.0005143654998391867,ecb_stmt_reg_v2.csv
ecb_stmt,ecb_stmt_20080306,2008-03-06,ECB,statement,ecb_statements,4,Directorate General Communications Reproduction is permitted provided that the source is acknowledged.,False,neutral,0.047414593398571014,0.06088154762983322,0.8917038440704346,-0.013466954231262207,ecb_stmt_reg_v2.csv
ecb_stmt,ecb_stmt_20080306,2008-03-06,ECB,statement,ecb_statements,5,Find out more about related content,False,neutral,0.0013540757354348898,0.0056015364825725555,0.993044376373291,-0.004247460747137666,ecb_stmt_reg_v2.csv
ecb_stmt,ecb_stmt_20080410,2008-04-10,ECB,statement,ecb_statements,1,"At today’s meeting the Governing Council of the ECB decided that the minimum bid rate on the main refinancing operations and the interest rates on the marginal lending facility and the deposit facility will remain unchanged at 4.00%, 5.00% and 3.00% respectively.",True,neutral,0.002664599334821105,0.05052339658141136,0.9468119740486145,-0.04785879724659026,ecb_stmt_reg_v2.csv
ecb_stmt,ecb_stmt_20080410,2008-04-10,ECB,statement,ecb_statements,2,The President of the ECB will comment on the considerations underlying these decisions at a press conference starting at 2.30 p.m.,True,neutral,0.0009846235625445843,0.0023390352725982666,0.9966763257980347,-0.0013544117100536823,ecb_stmt_reg_v2.csv
ecb_stmt,ecb_stmt_20080410,2008-04-10,ECB,statement,ecb_statements,3,(CEST) today.,False,neutral,0.0007723055314272642,0.0012933684047311544,0.9979343414306641,-0.0005210628733038902,ecb_stmt_reg_v2.csv
ecb_stmt,ecb_stmt_20080410,2008-04-10,ECB,statement,ecb_statements,4,Directorate General Communications Reproduction is permitted provided that the source is acknowledged.,False,neutral,0.047414593398571014,0.06088154762983322,0.8917038440704346,-0.013466954231262207,ecb_stmt_reg_v2.csv
ecb_stmt,ecb_stmt_20080410,2008-04-10,ECB,statement,ecb_statements,5,Find out more about related content,False,neutral,0.0013540757354348898,0.0056015364825725555,0.993044376373291,-0.004247460747137666,ecb_stmt_reg_v2.csv
ecb_stmt,ecb_stmt_20080508,2008-05-08,ECB,statement,ecb_statements,1,"At today’s meeting, which was held in Athens, the Governing Council of the ECB decided that the minimum bid rate on the main refinancing operations and the interest rates on the marginal lending facility and the deposit facility will remain unchanged at 4.00%, 5.00% and 3.00% respectively.",True,neutral,0.0022048777900636196,0.020858103409409523,0.9769370555877686,-0.018653225619345903,ecb_stmt_reg_v2.csv
ecb_stmt,ecb_stmt_20080508,2008-05-08,ECB,statement,ecb_statements,2,The President of the ECB will comment on the considerations underlying these decisions at a press conference starting at 2.30 p.m.,True,neutral,0.0009846235625445843,0.0023390352725982666,0.9966763257980347,-0.0013544117100536823,ecb_stmt_reg_v2.csv
ecb_stmt,ecb_stmt_20080508,2008-05-08,ECB,statement,ecb_statements,3,(CEST) today.,False,neutral,0.0007723055314272642,0.0012933684047311544,0.9979343414306641,-0.0005210628733038902,ecb_stmt_reg_v2.csv
ecb_stmt,ecb_stmt_20080508,2008-05-08,ECB,statement,ecb_statements,4,Directorate General Communications Reproduction is permitted provided that the source is acknowledged.,False,neutral,0.047414593398571014,0.06088154762983322,0.8917038440704346,-0.013466954231262207,ecb_stmt_reg_v2.csv
ecb_stmt,ecb_stmt_20080508,2008-05-08,ECB,statement,ecb_statements,5,Find out more about related content,False,neutral,0.0013540757354348898,0.0056015364825725555,0.993044376373291,-0.004247460747137666,ecb_stmt_reg_v2.csv
ecb_stmt,ecb_stmt_20080605,2008-06-05,ECB,statement,ecb_statements,1,"At today’s meeting the Governing Council of the ECB decided that the minimum bid rate on the main refinancing operations and the interest rates on the marginal lending facility and the deposit facility will remain unchanged at 4.00%, 5.00% and 3.00% respectively.",True,neutral,0.002664599334821105,0.05052339658141136,0.9468119740486145,-0.04785879724659026,ecb_stmt_reg_v2.csv
ecb_stmt,ecb_stmt_20080605,2008-06-05,ECB,statement,ecb_statements,2,The President of the ECB will comment on the considerations underlying these decisions at a press conference starting at 2.30 p.m.,True,neutral,0.0009846235625445843,0.0023390352725982666,0.9966763257980347,-0.0013544117100536823,ecb_stmt_reg_v2.csv
ecb_stmt,ecb_stmt_20080605,2008-06-05,ECB,statement,ecb_statements,3,CET today.,False,neutral,0.0007886929088272154,0.0017635154072195292,0.9974477887153625,-0.0009748224983923137,ecb_stmt_reg_v2.csv
ecb_stmt,ecb_stmt_20080605,2008-06-05,ECB,statement,ecb_statements,4,Directorate General Communications Reproduction is permitted provided that the source is acknowledged.,False,neutral,0.047414593398571014,0.06088154762983322,0.8917038440704346,-0.013466954231262207,ecb_stmt_reg_v2.csv
ecb_stmt,ecb_stmt_20080605,2008-06-05,ECB,statement,ecb_statements,5,Find out more about related content,False,neutral,0.0013540757354348898,0.0056015364825725555,0.993044376373291,-0.004247460747137666,ecb_stmt_reg_v2.csv
ecb_stmt,ecb_stmt_20080703,2008-07-03,ECB,statement,ecb_statements,1,At today’s meeting the Governing Council of the ECB took the following monetary policy decisions: The President of the ECB will comment on the considerations underlying these decisions at a press conference starting at 2.30 p.m.,True,neutral,0.000615798810031265,0.0013476577587425709,0.9980365633964539,-0.0007318589487113059,ecb_stmt_reg_v2.csv
ecb_stmt,ecb_stmt_20080703,2008-07-03,ECB,statement,ecb_statements,2,CET today.,False,neutral,0.0007886929088272154,0.0017635154072195292,0.9974477887153625,-0.0009748224983923137,ecb_stmt_reg_v2.csv
ecb_stmt,ecb_stmt_20080703,2008-07-03,ECB,statement,ecb_statements,3,Directorate General Communications Reproduction is permitted provided that the source is acknowledged.,False,neutral,0.047414593398571014,0.06088154762983322,0.8917038440704346,-0.013466954231262207,ecb_stmt_reg_v2.csv
ecb_stmt,ecb_stmt_20080703,2008-07-03,ECB,statement,ecb_statements,4,Find out more about related content,False,neutral,0.0013540757354348898,0.0056015364825725555,0.993044376373291,-0.004247460747137666,ecb_stmt_reg_v2.csv
ecb_stmt,ecb_stmt_20080807,2008-08-07,ECB,statement,ecb_statements,1,"At today’s meeting the Governing Council of the ECB decided that the minimum bid rate on the main refinancing operations and the interest rates on the marginal lending facility and the deposit facility will remain unchanged at 4.25%, 5.25% and 3.25% respectively.",True,neutral,0.002087036380544305,0.058626938611269,0.9392860531806946,-0.05653990223072469,ecb_stmt_reg_v2.csv
ecb_stmt,ecb_stmt_20080807,2008-08-07,ECB,statement,ecb_statements,2,The President of the ECB will comment on the considerations underlying these decisions at a press conference starting at 2.30 p.m.,True,neutral,0.0009846235625445843,0.0023390352725982666,0.9966763257980347,-0.0013544117100536823,ecb_stmt_reg_v2.csv
ecb_stmt,ecb_stmt_20080807,2008-08-07,ECB,statement,ecb_statements,3,CET today.,False,neutral,0.0007886929088272154,0.0017635154072195292,0.9974477887153625,-0.0009748224983923137,ecb_stmt_reg_v2.csv
ecb_stmt,ecb_stmt_20080807,2008-08-07,ECB,statement,ecb_statements,4,Directorate General Communications Reproduction is permitted provided that the source is acknowledged.,False,neutral,0.047414593398571014,0.06088154762983322,0.8917038440704346,-0.013466954231262207,ecb_stmt_reg_v2.csv
ecb_stmt,ecb_stmt_20080807,2008-08-07,ECB,statement,ecb_statements,5,Find out more about related content,False,neutral,0.0013540757354348898,0.0056015364825725555,0.993044376373291,-0.004247460747137666,ecb_stmt_reg_v2.csv
ecb_stmt,ecb_stmt_20080904,2008-09-04,ECB,statement,ecb_statements,1,"At today’s meeting the Governing Council of the ECB decided that the minimum bid rate on the main refinancing operations and the interest rates on the marginal lending facility and the deposit facility will remain unchanged at 4.25%, 5.25% and 3.25% respectively.",True,neutral,0.002087036380544305,0.058626938611269,0.9392860531806946,-0.05653990223072469,ecb_stmt_reg_v2.csv
ecb_stmt,ecb_stmt_20080904,2008-09-04,ECB,statement,ecb_statements,2,The President of the ECB will comment on the considerations underlying these decisions at a press conference starting at 2.30 p.m.,True,neutral,0.0009846235625445843,0.0023390352725982666,0.9966763257980347,-0.0013544117100536823,ecb_stmt_reg_v2.csv
ecb_stmt,ecb_stmt_20080904,2008-09-04,ECB,statement,ecb_statements,3,CET today.,False,neutral,0.0007886929088272154,0.0017635154072195292,0.9974477887153625,-0.0009748224983923137,ecb_stmt_reg_v2.csv
ecb_stmt,ecb_stmt_20080904,2008-09-04,ECB,statement,ecb_statements,4,Directorate General Communications Reproduction is permitted provided that the source is acknowledged.,False,neutral,0.047414593398571014,0.06088154762983322,0.8917038440704346,-0.013466954231262207,ecb_stmt_reg_v2.csv
ecb_stmt,ecb_stmt_20080904,2008-09-04,ECB,statement,ecb_statements,5,Find out more about related content,False,neutral,0.0013540757354348898,0.0056015364825725555,0.993044376373291,-0.004247460747137666,ecb_stmt_reg_v2.csv
ecb_stmt,ecb_stmt_20081002,2008-10-02,ECB,statement,ecb_statements,1,"At today’s meeting the Governing Council of the ECB decided that the minimum bid rate on the main refinancing operations and the interest rates on the marginal lending facility and the deposit facility will remain unchanged at 4.25%, 5.25% and 3.25% respectively.",True,neutral,0.002087036380544305,0.058626938611269,0.9392860531806946,-0.05653990223072469,ecb_stmt_reg_v2.csv
ecb_stmt,ecb_stmt_20081002,2008-10-02,ECB,statement,ecb_statements,2,The President of the ECB will comment on the considerations underlying these decisions at a press conference starting at 2.30 p.m.,True,neutral,0.0009846235625445843,0.0023390352725982666,0.9966763257980347,-0.0013544117100536823,ecb_stmt_reg_v2.csv
ecb_stmt,ecb_stmt_20081002,2008-10-02,ECB,statement,ecb_statements,3,CET today.,False,neutral,0.0007886929088272154,0.0017635154072195292,0.9974477887153625,-0.0009748224983923137,ecb_stmt_reg_v2.csv
ecb_stmt,ecb_stmt_20081002,2008-10-02,ECB,statement,ecb_statements,4,Directorate General Communications Reproduction is permitted provided that the source is acknowledged.,False,neutral,0.047414593398571014,0.06088154762983322,0.8917038440704346,-0.013466954231262207,ecb_stmt_reg_v2.csv
ecb_stmt,ecb_stmt_20081002,2008-10-02,ECB,statement,ecb_statements,5,Find out more about related content,False,neutral,0.0013540757354348898,0.0056015364825725555,0.993044376373291,-0.004247460747137666,ecb_stmt_reg_v2.csv
ecb_stmt,ecb_stmt_20081008,2008-10-08,ECB,statement,ecb_statements,1,"Throughout the current financial crisis, central banks have engaged in continuous close consultation and have cooperated in unprecedented joint actions such as the provision of liquidity to reduce strains in financial markets.",False,neutral,0.0578862801194191,0.40615004301071167,0.5359636545181274,-0.34826376289129257,ecb_stmt_reg_v2.csv
ecb_stmt,ecb_stmt_20081008,2008-10-08,ECB,statement,ecb_statements,2,"Inflationary pressures have started to moderate in a number of countries, partly reflecting a marked decline in energy and other commodity prices.",False,dovish,0.005334029905498028,0.9530370831489563,0.041628897190093994,-0.9477030532434583,ecb_stmt_reg_v2.csv
ecb_stmt,ecb_stmt_20081008,2008-10-08,ECB,statement,ecb_statements,3,Inflation expectations are diminishing and remain anchored to price stability.,False,dovish,0.0006561957416124642,0.9835847020149231,0.015759048983454704,-0.9829285062733106,ecb_stmt_reg_v2.csv
ecb_stmt,ecb_stmt_20081008,2008-10-08,ECB,statement,ecb_statements,4,The recent intensification of the financial crisis has augmented the downside risks to growth and thus has diminished further the upside risks to price stability.,True,dovish,0.000820380519144237,0.9977758526802063,0.001403715112246573,-0.9969554721610621,ecb_stmt_reg_v2.csv
ecb_stmt,ecb_stmt_20081008,2008-10-08,ECB,statement,ecb_statements,5,Some easing of global monetary conditions is therefore warranted.,False,dovish,0.00037308011087588966,0.9988614320755005,0.0007655107183381915,-0.9984883519646246,ecb_stmt_reg_v2.csv
ecb_stmt,ecb_stmt_20081008,2008-10-08,ECB,statement,ecb_statements,6,"Accordingly, the Bank of Canada, the Bank of England, the European Central Bank (ECB), the Federal Reserve, Sveriges Riksbank and the Swiss National Bank are today announcing reductions in policy interest rates.",False,dovish,0.00045804964611306787,0.9989674091339111,0.0005745228845626116,-0.9985093594877981,ecb_stmt_reg_v2.csv
ecb_stmt,ecb_stmt_20081008,2008-10-08,ECB,statement,ecb_statements,7,The Bank of Japan expresses its strong support of these policy actions.,False,hawkish,0.9818257689476013,0.015623698011040688,0.002550498815253377,0.9662020709365606,ecb_stmt_reg_v2.csv
ecb_stmt,ecb_stmt_20081008,2008-10-08,ECB,statement,ecb_statements,8,"The Governing Council of the ECB, by means of teleconferencing, has taken the following monetary policy decisions: In the euro area, upside inflationary risks have recently decreased further.",True,dovish,0.0024169678799808025,0.9884970188140869,0.009085980243980885,-0.9860800509341061,ecb_stmt_reg_v2.csv
ecb_stmt,ecb_stmt_20081008,2008-10-08,ECB,statement,ecb_statements,9,It remains imperative to avoid broad-based second-round effects in price and wage-setting.,False,dovish,0.010047506541013718,0.9497061371803284,0.04024637117981911,-0.9396586306393147,ecb_stmt_reg_v2.csv
ecb_stmt,ecb_stmt_20081008,2008-10-08,ECB,statement,ecb_statements,10,Keeping inflation expectations firmly anchored in line with our objective and securing price stability in the medium term will support sustainable growth and employment and contribute to financial stability.,True,dovish,0.012133009731769562,0.9170160889625549,0.07085093855857849,-0.9048830792307854,ecb_stmt_reg_v2.csv
ecb_stmt,ecb_stmt_20081008,2008-10-08,ECB,statement,ecb_statements,11,Information on the actions taken by the other central banks is available at the following websites: Bank of Canada: www.bank-banque-canada.ca Bank of England: www.bankofengland.co.uk Federal Reserve Board: http://www.federalreserve.gov Sveriges Riksbank: www.riksbank.com Swiss National Bank: www.snb.ch Directorate General Communications Reproduction is permitted provided that the source is acknowledged.,False,neutral,0.0028918699827045202,0.01467895694077015,0.9824291467666626,-0.011787086958065629,ecb_stmt_reg_v2.csv
ecb_stmt,ecb_stmt_20081015,2008-10-15,ECB,statement,ecb_statements,1,"The Governing Council of the European Central Bank (ECB) today decided, by means of a teleconference, on the following measures: Expansion of the list of assets eligible as collateral in Eurosystem credit operations The Eurosystem will add the following instruments to the list of assets eligible as collateral in its credit operations: Furthermore, the Eurosystem will lower the credit threshold for marketable and non-marketable assets from A- to BBB-, with the exception of asset-backed securities (ABS), and impose a haircut add-on of 5% on all assets rated BBB-.",True,neutral,0.3580555319786072,0.07919387519359589,0.5627506375312805,0.2788616567850113,ecb_stmt_reg_v2.csv
ecb_stmt,ecb_stmt_20081015,2008-10-15,ECB,statement,ecb_statements,2,The date of entry into effect as well as further technical details on these measures will be communicated as soon as possible.,True,neutral,0.0031652727629989386,0.004276010673493147,0.9925587177276611,-0.0011107379104942083,ecb_stmt_reg_v2.csv
ecb_stmt,ecb_stmt_20081015,2008-10-15,ECB,statement,ecb_statements,3,The measures will remain in force until the end of 2009.,True,neutral,0.002119314158335328,0.004133238457143307,0.9937474727630615,-0.0020139242988079786,ecb_stmt_reg_v2.csv
ecb_stmt,ecb_stmt_20081015,2008-10-15,ECB,statement,ecb_statements,4,The expansion of the eligibility criteria announced today will be combined with vigilant monitoring of the use of the framework.,True,neutral,0.03062279336154461,0.03970631584525108,0.9296708703041077,-0.009083522483706474,ecb_stmt_reg_v2.csv
ecb_stmt,ecb_stmt_20081015,2008-10-15,ECB,statement,ecb_statements,5,"Moreover, as of 20 October 2008 and at least until the end of the first maintenance period in 2009 on 20 January, fixed term deposits held with the Eurosystem will be eligible collateral for Eurosystem credit operations.",True,neutral,0.005982321687042713,0.0016069785924628377,0.9924106597900391,0.0043753430945798755,ecb_stmt_reg_v2.csv
ecb_stmt,ecb_stmt_20081015,2008-10-15,ECB,statement,ecb_statements,6,"Enhancement of the provision of longer-term refinancing Consistently with the temporary expansion of the collateral pool, the Eurosystem will also enhance its provision of longer-term refinancing as follows: Provision of US dollar liquidity through foreign exchange swaps As from 21 October 2008, and at least until the end of January 2009, in parallel with the existing tenders in which the Eurosystem offers US dollar liquidity against ECB-eligible collateral, the Eurosystem will also offer US dollar liquidity through EUR/USD foreign exchange swaps.",True,hawkish,0.945525586605072,0.017061907798051834,0.03741248697042465,0.9284636788070202,ecb_stmt_reg_v2.csv
ecb_stmt,ecb_stmt_20081015,2008-10-15,ECB,statement,ecb_statements,7,The EUR/USD foreign exchange swap tenders will be carried out at a fixed price (i.e. swap point) with full allotment.,True,neutral,0.0006596192833967507,0.0009211724391207099,0.9984191656112671,-0.0002615531557239592,ecb_stmt_reg_v2.csv
ecb_stmt,ecb_stmt_20081015,2008-10-15,ECB,statement,ecb_statements,8,Further details on the tender procedures for EUR/USD foreign exchange swaps will be released shortly.,True,neutral,0.00040020758751779795,0.0008605815819464624,0.9987392425537109,-0.00046037399442866445,ecb_stmt_reg_v2.csv
ecb_stmt,ecb_stmt_20081015,2008-10-15,ECB,statement,ecb_statements,9,Directorate General Communications Reproduction is permitted provided that the source is acknowledged.,False,neutral,0.047414593398571014,0.06088154762983322,0.8917038440704346,-0.013466954231262207,ecb_stmt_reg_v2.csv
ecb_stmt,ecb_stmt_20081015,2008-10-15,ECB,statement,ecb_statements,10,Find out more about related content,False,neutral,0.0013540757354348898,0.0056015364825725555,0.993044376373291,-0.004247460747137666,ecb_stmt_reg_v2.csv
ecb_stmt,ecb_stmt_20081106,2008-11-06,ECB,statement,ecb_statements,1,At today’s meeting the Governing Council of the ECB took the following monetary policy decisions: The President of the ECB will comment on the considerations underlying these decisions at a press conference starting at 2.30 p.m.,True,neutral,0.000615798810031265,0.0013476577587425709,0.9980365633964539,-0.0007318589487113059,ecb_stmt_reg_v2.csv
ecb_stmt,ecb_stmt_20081106,2008-11-06,ECB,statement,ecb_statements,2,CET today.,False,neutral,0.0007886929088272154,0.0017635154072195292,0.9974477887153625,-0.0009748224983923137,ecb_stmt_reg_v2.csv
ecb_stmt,ecb_stmt_20081106,2008-11-06,ECB,statement,ecb_statements,3,Directorate General Communications Reproduction is permitted provided that the source is acknowledged.,False,neutral,0.047414593398571014,0.06088154762983322,0.8917038440704346,-0.013466954231262207,ecb_stmt_reg_v2.csv
ecb_stmt,ecb_stmt_20081106,2008-11-06,ECB,statement,ecb_statements,4,Find out more about related content,False,neutral,0.0013540757354348898,0.0056015364825725555,0.993044376373291,-0.004247460747137666,ecb_stmt_reg_v2.csv
ecb_stmt,ecb_stmt_20081204,2008-12-04,ECB,statement,ecb_statements,1,"At today’s meeting, which was held in Brussels, the Governing Council of the ECB took the following monetary policy decisions: The President of the ECB will comment on the considerations underlying these decisions at a press conference starting at 2.30 p.m.",True,neutral,0.0005521437851712108,0.0011485209688544273,0.9982993602752686,-0.0005963771836832166,ecb_stmt_reg_v2.csv
ecb_stmt,ecb_stmt_20081204,2008-12-04,ECB,statement,ecb_statements,2,CET today.,False,neutral,0.0007886929088272154,0.0017635154072195292,0.9974477887153625,-0.0009748224983923137,ecb_stmt_reg_v2.csv
ecb_stmt,ecb_stmt_20081204,2008-12-04,ECB,statement,ecb_statements,3,Directorate General Communications Reproduction is permitted provided that the source is acknowledged.,False,neutral,0.047414593398571014,0.06088154762983322,0.8917038440704346,-0.013466954231262207,ecb_stmt_reg_v2.csv
ecb_stmt,ecb_stmt_20081204,2008-12-04,ECB,statement,ecb_statements,4,Find out more about related content,False,neutral,0.0013540757354348898,0.0056015364825725555,0.993044376373291,-0.004247460747137666,ecb_stmt_reg_v2.csv
ecb_stmt,ecb_stmt_20090115,2009-01-15,ECB,statement,ecb_statements,1,At today’s meeting the Governing Council of the ECB took the following monetary policy decisions: These decisions are in accordance with the Governing Council’s decision on 18 December 2008 to restore the width of the corridor of standing facility rates around the interest rate on the main refinancing operation to 200 basis points.,False,neutral,0.013255382888019085,0.007150743156671524,0.9795938730239868,0.006104639731347561,ecb_stmt_reg_v2.csv
ecb_stmt,ecb_stmt_20090115,2009-01-15,ECB,statement,ecb_statements,2,The President of the ECB will comment on the considerations underlying these decisions at a press conference starting at 2.30 p.m.,True,neutral,0.0009846235625445843,0.0023390352725982666,0.9966763257980347,-0.0013544117100536823,ecb_stmt_reg_v2.csv
ecb_stmt,ecb_stmt_20090115,2009-01-15,ECB,statement,ecb_statements,3,CET today.,False,neutral,0.0007886929088272154,0.0017635154072195292,0.9974477887153625,-0.0009748224983923137,ecb_stmt_reg_v2.csv
ecb_stmt,ecb_stmt_20090115,2009-01-15,ECB,statement,ecb_statements,4,Directorate General Communications Reproduction is permitted provided that the source is acknowledged.,False,neutral,0.047414593398571014,0.06088154762983322,0.8917038440704346,-0.013466954231262207,ecb_stmt_reg_v2.csv
ecb_stmt,ecb_stmt_20090115,2009-01-15,ECB,statement,ecb_statements,5,Find out more about related content,False,neutral,0.0013540757354348898,0.0056015364825725555,0.993044376373291,-0.004247460747137666,ecb_stmt_reg_v2.csv
ecb_stmt,ecb_stmt_20090205,2009-02-05,ECB,statement,ecb_statements,1,"At today’s meeting the Governing Council of the ECB decided that the interest rate on the main refinancing operations and the interest rates on the marginal lending facility and the deposit facility will remain unchanged at 2.00%, 3.00% and 1.00% respectively.",True,neutral,0.0017144641606137156,0.015232431702315807,0.9830530881881714,-0.013517967541702092,ecb_stmt_reg_v2.csv
ecb_stmt,ecb_stmt_20090205,2009-02-05,ECB,statement,ecb_statements,2,The President of the ECB will comment on the considerations underlying these decisions at a press conference starting at 2.30 p.m.,True,neutral,0.0009846235625445843,0.0023390352725982666,0.9966763257980347,-0.0013544117100536823,ecb_stmt_reg_v2.csv
ecb_stmt,ecb_stmt_20090205,2009-02-05,ECB,statement,ecb_statements,3,CET today.,False,neutral,0.0007886929088272154,0.0017635154072195292,0.9974477887153625,-0.0009748224983923137,ecb_stmt_reg_v2.csv
ecb_stmt,ecb_stmt_20090205,2009-02-05,ECB,statement,ecb_statements,4,Directorate General Communications Reproduction is permitted provided that the source is acknowledged.,False,neutral,0.047414593398571014,0.06088154762983322,0.8917038440704346,-0.013466954231262207,ecb_stmt_reg_v2.csv
ecb_stmt,ecb_stmt_20090205,2009-02-05,ECB,statement,ecb_statements,5,Find out more about related content,False,neutral,0.0013540757354348898,0.0056015364825725555,0.993044376373291,-0.004247460747137666,ecb_stmt_reg_v2.csv
ecb_stmt,ecb_stmt_20090305,2009-03-05,ECB,statement,ecb_statements,1,At today’s meeting the Governing Council of the ECB took the following monetary policy decisions: The President of the ECB will comment on the considerations underlying these decisions at a press conference starting at 2.30 p.m.,True,neutral,0.000615798810031265,0.0013476577587425709,0.9980365633964539,-0.0007318589487113059,ecb_stmt_reg_v2.csv
ecb_stmt,ecb_stmt_20090305,2009-03-05,ECB,statement,ecb_statements,2,CET today.,False,neutral,0.0007886929088272154,0.0017635154072195292,0.9974477887153625,-0.0009748224983923137,ecb_stmt_reg_v2.csv
ecb_stmt,ecb_stmt_20090305,2009-03-05,ECB,statement,ecb_statements,3,Directorate General Communications Reproduction is permitted provided that the source is acknowledged.,False,neutral,0.047414593398571014,0.06088154762983322,0.8917038440704346,-0.013466954231262207,ecb_stmt_reg_v2.csv
ecb_stmt,ecb_stmt_20090305,2009-03-05,ECB,statement,ecb_statements,4,Find out more about related content,False,neutral,0.0013540757354348898,0.0056015364825725555,0.993044376373291,-0.004247460747137666,ecb_stmt_reg_v2.csv
ecb_stmt,ecb_stmt_20090402,2009-04-02,ECB,statement,ecb_statements,1,At today’s meeting the Governing Council of the ECB took the following monetary policy decisions: The President of the ECB will comment on the considerations underlying these decisions at a press conference starting at 2.30 p.m.,True,neutral,0.000615798810031265,0.0013476577587425709,0.9980365633964539,-0.0007318589487113059,ecb_stmt_reg_v2.csv
ecb_stmt,ecb_stmt_20090402,2009-04-02,ECB,statement,ecb_statements,2,CET today.,False,neutral,0.0007886929088272154,0.0017635154072195292,0.9974477887153625,-0.0009748224983923137,ecb_stmt_reg_v2.csv
ecb_stmt,ecb_stmt_20090402,2009-04-02,ECB,statement,ecb_statements,3,Directorate General Communications Reproduction is permitted provided that the source is acknowledged.,False,neutral,0.047414593398571014,0.06088154762983322,0.8917038440704346,-0.013466954231262207,ecb_stmt_reg_v2.csv
ecb_stmt,ecb_stmt_20090402,2009-04-02,ECB,statement,ecb_statements,4,Find out more about related content,False,neutral,0.0013540757354348898,0.0056015364825725555,0.993044376373291,-0.004247460747137666,ecb_stmt_reg_v2.csv
ecb_stmt,ecb_stmt_20090507,2009-05-07,ECB,statement,ecb_statements,1,At today’s meeting the Governing Council of the ECB took the following monetary policy decisions: The President of the ECB will comment on the considerations underlying these decisions at a press conference starting at 2.30 p.m.,True,neutral,0.000615798810031265,0.0013476577587425709,0.9980365633964539,-0.0007318589487113059,ecb_stmt_reg_v2.csv
ecb_stmt,ecb_stmt_20090507,2009-05-07,ECB,statement,ecb_statements,2,CET today.,False,neutral,0.0007886929088272154,0.0017635154072195292,0.9974477887153625,-0.0009748224983923137,ecb_stmt_reg_v2.csv
ecb_stmt,ecb_stmt_20090507,2009-05-07,ECB,statement,ecb_statements,3,Directorate General Communications Reproduction is permitted provided that the source is acknowledged.,False,neutral,0.047414593398571014,0.06088154762983322,0.8917038440704346,-0.013466954231262207,ecb_stmt_reg_v2.csv
ecb_stmt,ecb_stmt_20090507,2009-05-07,ECB,statement,ecb_statements,4,Find out more about related content,False,neutral,0.0013540757354348898,0.0056015364825725555,0.993044376373291,-0.004247460747137666,ecb_stmt_reg_v2.csv
ecb_stmt,ecb_stmt_20090604,2009-06-04,ECB,statement,ecb_statements,1,"At today’s meeting the Governing Council of the ECB decided that the interest rate on the main refinancing operations and the interest rates on the marginal lending facility and the deposit facility will remain unchanged at 1.00%, 1.75% and 0.25% respectively.",True,neutral,0.001458571059629321,0.02268397994339466,0.9758574366569519,-0.02122540888376534,ecb_stmt_reg_v2.csv
ecb_stmt,ecb_stmt_20090604,2009-06-04,ECB,statement,ecb_statements,2,The President of the ECB will comment on the considerations underlying these decisions at a press conference starting at 2.30 p.m.,True,neutral,0.0009846235625445843,0.0023390352725982666,0.9966763257980347,-0.0013544117100536823,ecb_stmt_reg_v2.csv
ecb_stmt,ecb_stmt_20090604,2009-06-04,ECB,statement,ecb_statements,3,CET today.,False,neutral,0.0007886929088272154,0.0017635154072195292,0.9974477887153625,-0.0009748224983923137,ecb_stmt_reg_v2.csv
ecb_stmt,ecb_stmt_20090604,2009-06-04,ECB,statement,ecb_statements,4,Directorate General Communications Reproduction is permitted provided that the source is acknowledged.,False,neutral,0.047414593398571014,0.06088154762983322,0.8917038440704346,-0.013466954231262207,ecb_stmt_reg_v2.csv
ecb_stmt,ecb_stmt_20090604,2009-06-04,ECB,statement,ecb_statements,5,Find out more about related content,False,neutral,0.0013540757354348898,0.0056015364825725555,0.993044376373291,-0.004247460747137666,ecb_stmt_reg_v2.csv
ecb_stmt,ecb_stmt_20090702,2009-07-02,ECB,statement,ecb_statements,1,"At today’s meeting, which was held in Luxembourg, the Governing Council of the ECB decided that the interest rate on the main refinancing operations and the interest rates on the marginal lending facility and the deposit facility will remain unchanged at 1.00%, 1.75% and 0.25% respectively.",True,neutral,0.001201870385557413,0.0058526042848825455,0.9929455518722534,-0.004650733899325132,ecb_stmt_reg_v2.csv
ecb_stmt,ecb_stmt_20090702,2009-07-02,ECB,statement,ecb_statements,2,The President of the ECB will comment on the considerations underlying these decisions at a press conference starting at 2.30 p.m.,True,neutral,0.0009846235625445843,0.0023390352725982666,0.9966763257980347,-0.0013544117100536823,ecb_stmt_reg_v2.csv
ecb_stmt,ecb_stmt_20090702,2009-07-02,ECB,statement,ecb_statements,3,CET today.,False,neutral,0.0007886929088272154,0.0017635154072195292,0.9974477887153625,-0.0009748224983923137,ecb_stmt_reg_v2.csv
ecb_stmt,ecb_stmt_20090702,2009-07-02,ECB,statement,ecb_statements,4,Directorate General Communications Reproduction is permitted provided that the source is acknowledged.,False,neutral,0.047414593398571014,0.06088154762983322,0.8917038440704346,-0.013466954231262207,ecb_stmt_reg_v2.csv
ecb_stmt,ecb_stmt_20090702,2009-07-02,ECB,statement,ecb_statements,5,Find out more about related content,False,neutral,0.0013540757354348898,0.0056015364825725555,0.993044376373291,-0.004247460747137666,ecb_stmt_reg_v2.csv
ecb_stmt,ecb_stmt_20090806,2009-08-06,ECB,statement,ecb_statements,1,"At today’s meeting the Governing Council of the ECB decided that the interest rate on the main refinancing operations and the interest rates on the marginal lending facility and the deposit facility will remain unchanged at 1.00%, 1.75% and 0.25% respectively.",True,neutral,0.001458571059629321,0.02268397994339466,0.9758574366569519,-0.02122540888376534,ecb_stmt_reg_v2.csv
ecb_stmt,ecb_stmt_20090806,2009-08-06,ECB,statement,ecb_statements,2,The President of the ECB will comment on the considerations underlying these decisions at a press conference starting at 2.30 p.m.,True,neutral,0.0009846235625445843,0.0023390352725982666,0.9966763257980347,-0.0013544117100536823,ecb_stmt_reg_v2.csv
ecb_stmt,ecb_stmt_20090806,2009-08-06,ECB,statement,ecb_statements,3,CET today.,False,neutral,0.0007886929088272154,0.0017635154072195292,0.9974477887153625,-0.0009748224983923137,ecb_stmt_reg_v2.csv
ecb_stmt,ecb_stmt_20090806,2009-08-06,ECB,statement,ecb_statements,4,Directorate General Communications Reproduction is permitted provided that the source is acknowledged.,False,neutral,0.047414593398571014,0.06088154762983322,0.8917038440704346,-0.013466954231262207,ecb_stmt_reg_v2.csv
ecb_stmt,ecb_stmt_20090806,2009-08-06,ECB,statement,ecb_statements,5,Find out more about related content,False,neutral,0.0013540757354348898,0.0056015364825725555,0.993044376373291,-0.004247460747137666,ecb_stmt_reg_v2.csv
ecb_stmt,ecb_stmt_20090903,2009-09-03,ECB,statement,ecb_statements,1,"At today’s meeting the Governing Council of the ECB decided that the interest rate on the main refinancing operations and the interest rates on the marginal lending facility and the deposit facility will remain unchanged at 1.00%, 1.75% and 0.25% respectively.",True,neutral,0.001458571059629321,0.02268397994339466,0.9758574366569519,-0.02122540888376534,ecb_stmt_reg_v2.csv
ecb_stmt,ecb_stmt_20090903,2009-09-03,ECB,statement,ecb_statements,2,The President of the ECB will comment on the considerations underlying these decisions at a press conference starting at 2.30 p.m.,True,neutral,0.0009846235625445843,0.0023390352725982666,0.9966763257980347,-0.0013544117100536823,ecb_stmt_reg_v2.csv
ecb_stmt,ecb_stmt_20090903,2009-09-03,ECB,statement,ecb_statements,3,CET today.,False,neutral,0.0007886929088272154,0.0017635154072195292,0.9974477887153625,-0.0009748224983923137,ecb_stmt_reg_v2.csv
ecb_stmt,ecb_stmt_20090903,2009-09-03,ECB,statement,ecb_statements,4,Directorate General Communications Reproduction is permitted provided that the source is acknowledged.,False,neutral,0.047414593398571014,0.06088154762983322,0.8917038440704346,-0.013466954231262207,ecb_stmt_reg_v2.csv
ecb_stmt,ecb_stmt_20090903,2009-09-03,ECB,statement,ecb_statements,5,Find out more about related content,False,neutral,0.0013540757354348898,0.0056015364825725555,0.993044376373291,-0.004247460747137666,ecb_stmt_reg_v2.csv
ecb_stmt,ecb_stmt_20091008,2009-10-08,ECB,statement,ecb_statements,1,"At today’s meeting, which was held in Venice, the Governing Council of the ECB decided that the interest rate on the main refinancing operations and the interest rates on the marginal lending facility and the deposit facility will remain unchanged at 1.00%, 1.75% and 0.25% respectively.",True,neutral,0.0012404872104525566,0.007379510439932346,0.991379976272583,-0.00613902322947979,ecb_stmt_reg_v2.csv
ecb_stmt,ecb_stmt_20091008,2009-10-08,ECB,statement,ecb_statements,2,The President of the ECB will comment on the considerations underlying these decisions at a press conference starting at 2.30 p.m.,True,neutral,0.0009846235625445843,0.0023390352725982666,0.9966763257980347,-0.0013544117100536823,ecb_stmt_reg_v2.csv
ecb_stmt,ecb_stmt_20091008,2009-10-08,ECB,statement,ecb_statements,3,CET today.,False,neutral,0.0007886929088272154,0.0017635154072195292,0.9974477887153625,-0.0009748224983923137,ecb_stmt_reg_v2.csv
ecb_stmt,ecb_stmt_20091008,2009-10-08,ECB,statement,ecb_statements,4,Directorate General Communications Reproduction is permitted provided that the source is acknowledged.,False,neutral,0.047414593398571014,0.06088154762983322,0.8917038440704346,-0.013466954231262207,ecb_stmt_reg_v2.csv
ecb_stmt,ecb_stmt_20091008,2009-10-08,ECB,statement,ecb_statements,5,Find out more about related content,False,neutral,0.0013540757354348898,0.0056015364825725555,0.993044376373291,-0.004247460747137666,ecb_stmt_reg_v2.csv
ecb_stmt,ecb_stmt_20091105,2009-11-05,ECB,statement,ecb_statements,1,"At today’s meeting the Governing Council of the ECB decided that the interest rate on the main refinancing operations and the interest rates on the marginal lending facility and the deposit facility will remain unchanged at 1.00%, 1.75% and 0.25% respectively.",True,neutral,0.001458571059629321,0.02268397994339466,0.9758574366569519,-0.02122540888376534,ecb_stmt_reg_v2.csv
ecb_stmt,ecb_stmt_20091105,2009-11-05,ECB,statement,ecb_statements,2,The President of the ECB will comment on the considerations underlying these decisions at a press conference starting at 2.30 p.m.,True,neutral,0.0009846235625445843,0.0023390352725982666,0.9966763257980347,-0.0013544117100536823,ecb_stmt_reg_v2.csv
ecb_stmt,ecb_stmt_20091105,2009-11-05,ECB,statement,ecb_statements,3,CET today.,False,neutral,0.0007886929088272154,0.0017635154072195292,0.9974477887153625,-0.0009748224983923137,ecb_stmt_reg_v2.csv
ecb_stmt,ecb_stmt_20091105,2009-11-05,ECB,statement,ecb_statements,4,Directorate General Communications Reproduction is permitted provided that the source is acknowledged.,False,neutral,0.047414593398571014,0.06088154762983322,0.8917038440704346,-0.013466954231262207,ecb_stmt_reg_v2.csv
ecb_stmt,ecb_stmt_20091105,2009-11-05,ECB,statement,ecb_statements,5,Find out more about related content,False,neutral,0.0013540757354348898,0.0056015364825725555,0.993044376373291,-0.004247460747137666,ecb_stmt_reg_v2.csv
ecb_stmt,ecb_stmt_20091203,2009-12-03,ECB,statement,ecb_statements,1,"At today’s meeting the Governing Council of the ECB decided that the interest rate on the main refinancing operations and the interest rates on the marginal lending facility and the deposit facility will remain unchanged at 1.00%, 1.75% and 0.25% respectively.",True,neutral,0.001458571059629321,0.02268397994339466,0.9758574366569519,-0.02122540888376534,ecb_stmt_reg_v2.csv
ecb_stmt,ecb_stmt_20091203,2009-12-03,ECB,statement,ecb_statements,2,The President of the ECB will comment on the considerations underlying these decisions at a press conference starting at 2.30 p.m.,True,neutral,0.0009846235625445843,0.0023390352725982666,0.9966763257980347,-0.0013544117100536823,ecb_stmt_reg_v2.csv
ecb_stmt,ecb_stmt_20091203,2009-12-03,ECB,statement,ecb_statements,3,CET today.,False,neutral,0.0007886929088272154,0.0017635154072195292,0.9974477887153625,-0.0009748224983923137,ecb_stmt_reg_v2.csv
ecb_stmt,ecb_stmt_20091203,2009-12-03,ECB,statement,ecb_statements,4,Directorate General Communications Reproduction is permitted provided that the source is acknowledged.,False,neutral,0.047414593398571014,0.06088154762983322,0.8917038440704346,-0.013466954231262207,ecb_stmt_reg_v2.csv
ecb_stmt,ecb_stmt_20091203,2009-12-03,ECB,statement,ecb_statements,5,Find out more about related content,False,neutral,0.0013540757354348898,0.0056015364825725555,0.993044376373291,-0.004247460747137666,ecb_stmt_reg_v2.csv
ecb_stmt,ecb_stmt_20100114,2010-01-14,ECB,statement,ecb_statements,1,"At today’s meeting the Governing Council of the ECB decided that the interest rate on the main refinancing operations and the interest rates on the marginal lending facility and the deposit facility will remain unchanged at 1.00%, 1.75% and 0.25% respectively.",True,neutral,0.001458571059629321,0.02268397994339466,0.9758574366569519,-0.02122540888376534,ecb_stmt_reg_v2.csv
ecb_stmt,ecb_stmt_20100114,2010-01-14,ECB,statement,ecb_statements,2,The President of the ECB will comment on the considerations underlying these decisions at a press conference starting at 2.30 p.m.,True,neutral,0.0009846235625445843,0.0023390352725982666,0.9966763257980347,-0.0013544117100536823,ecb_stmt_reg_v2.csv
ecb_stmt,ecb_stmt_20100114,2010-01-14,ECB,statement,ecb_statements,3,CET today.,False,neutral,0.0007886929088272154,0.0017635154072195292,0.9974477887153625,-0.0009748224983923137,ecb_stmt_reg_v2.csv
ecb_stmt,ecb_stmt_20100114,2010-01-14,ECB,statement,ecb_statements,4,Directorate General Communications Reproduction is permitted provided that the source is acknowledged.,False,neutral,0.047414593398571014,0.06088154762983322,0.8917038440704346,-0.013466954231262207,ecb_stmt_reg_v2.csv
ecb_stmt,ecb_stmt_20100114,2010-01-14,ECB,statement,ecb_statements,5,Find out more about related content,False,neutral,0.0013540757354348898,0.0056015364825725555,0.993044376373291,-0.004247460747137666,ecb_stmt_reg_v2.csv
ecb_stmt,ecb_stmt_20100204,2010-02-04,ECB,statement,ecb_statements,1,"At today’s meeting the Governing Council of the ECB decided that the interest rate on the main refinancing operations and the interest rates on the marginal lending facility and the deposit facility will remain unchanged at 1.00%, 1.75% and 0.25% respectively.",True,neutral,0.001458571059629321,0.02268397994339466,0.9758574366569519,-0.02122540888376534,ecb_stmt_reg_v2.csv
ecb_stmt,ecb_stmt_20100204,2010-02-04,ECB,statement,ecb_statements,2,The President of the ECB will comment on the considerations underlying these decisions at a press conference starting at 2.30 p.m.,True,neutral,0.0009846235625445843,0.0023390352725982666,0.9966763257980347,-0.0013544117100536823,ecb_stmt_reg_v2.csv
ecb_stmt,ecb_stmt_20100204,2010-02-04,ECB,statement,ecb_statements,3,CET today.,False,neutral,0.0007886929088272154,0.0017635154072195292,0.9974477887153625,-0.0009748224983923137,ecb_stmt_reg_v2.csv
ecb_stmt,ecb_stmt_20100204,2010-02-04,ECB,statement,ecb_statements,4,Directorate General Communications Reproduction is permitted provided that the source is acknowledged.,False,neutral,0.047414593398571014,0.06088154762983322,0.8917038440704346,-0.013466954231262207,ecb_stmt_reg_v2.csv
ecb_stmt,ecb_stmt_20100204,2010-02-04,ECB,statement,ecb_statements,5,Find out more about related content,False,neutral,0.0013540757354348898,0.0056015364825725555,0.993044376373291,-0.004247460747137666,ecb_stmt_reg_v2.csv
ecb_stmt,ecb_stmt_20100304,2010-03-04,ECB,statement,ecb_statements,1,"At today’s meeting the Governing Council of the ECB decided that the interest rate on the main refinancing operations and the interest rates on the marginal lending facility and the deposit facility will remain unchanged at 1.00%, 1.75% and 0.25% respectively.",True,neutral,0.001458571059629321,0.02268397994339466,0.9758574366569519,-0.02122540888376534,ecb_stmt_reg_v2.csv
ecb_stmt,ecb_stmt_20100304,2010-03-04,ECB,statement,ecb_statements,2,The President of the ECB will comment on the considerations underlying these decisions at a press conference starting at 2.30 p.m.,True,neutral,0.0009846235625445843,0.0023390352725982666,0.9966763257980347,-0.0013544117100536823,ecb_stmt_reg_v2.csv
ecb_stmt,ecb_stmt_20100304,2010-03-04,ECB,statement,ecb_statements,3,CET today.,False,neutral,0.0007886929088272154,0.0017635154072195292,0.9974477887153625,-0.0009748224983923137,ecb_stmt_reg_v2.csv
ecb_stmt,ecb_stmt_20100304,2010-03-04,ECB,statement,ecb_statements,4,Directorate General Communications Reproduction is permitted provided that the source is acknowledged.,False,neutral,0.047414593398571014,0.06088154762983322,0.8917038440704346,-0.013466954231262207,ecb_stmt_reg_v2.csv
ecb_stmt,ecb_stmt_20100304,2010-03-04,ECB,statement,ecb_statements,5,Find out more about related content,False,neutral,0.0013540757354348898,0.0056015364825725555,0.993044376373291,-0.004247460747137666,ecb_stmt_reg_v2.csv
ecb_stmt,ecb_stmt_20100408,2010-04-08,ECB,statement,ecb_statements,1,"At today’s meeting the Governing Council of the ECB decided that the interest rate on the main refinancing operations and the interest rates on the marginal lending facility and the deposit facility will remain unchanged at 1.00%, 1.75% and 0.25% respectively.",True,neutral,0.001458571059629321,0.02268397994339466,0.9758574366569519,-0.02122540888376534,ecb_stmt_reg_v2.csv
ecb_stmt,ecb_stmt_20100408,2010-04-08,ECB,statement,ecb_statements,2,The President of the ECB will comment on the considerations underlying these decisions at a press conference starting at 2.30 p.m.,True,neutral,0.0009846235625445843,0.0023390352725982666,0.9966763257980347,-0.0013544117100536823,ecb_stmt_reg_v2.csv
ecb_stmt,ecb_stmt_20100408,2010-04-08,ECB,statement,ecb_statements,3,CET today.,False,neutral,0.0007886929088272154,0.0017635154072195292,0.9974477887153625,-0.0009748224983923137,ecb_stmt_reg_v2.csv
ecb_stmt,ecb_stmt_20100408,2010-04-08,ECB,statement,ecb_statements,4,Directorate General Communications Reproduction is permitted provided that the source is acknowledged.,False,neutral,0.047414593398571014,0.06088154762983322,0.8917038440704346,-0.013466954231262207,ecb_stmt_reg_v2.csv
ecb_stmt,ecb_stmt_20100408,2010-04-08,ECB,statement,ecb_statements,5,Find out more about related content,False,neutral,0.0013540757354348898,0.0056015364825725555,0.993044376373291,-0.004247460747137666,ecb_stmt_reg_v2.csv
ecb_stmt,ecb_stmt_20100506,2010-05-06,ECB,statement,ecb_statements,1,"At today’s meeting, which was held in Lisbon, the Governing Council of the ECB decided that the interest rate on the main refinancing operations and the interest rates on the marginal lending facility and the deposit facility will remain unchanged at 1.00%, 1.75% and 0.25% respectively.",True,neutral,0.0013239934341982007,0.0066066342405974865,0.9920694231987,-0.005282640806399286,ecb_stmt_reg_v2.csv
ecb_stmt,ecb_stmt_20100506,2010-05-06,ECB,statement,ecb_statements,2,The President of the ECB will comment on the considerations underlying these decisions at a press conference starting at 2.30 p.m.,True,neutral,0.0009846235625445843,0.0023390352725982666,0.9966763257980347,-0.0013544117100536823,ecb_stmt_reg_v2.csv
ecb_stmt,ecb_stmt_20100506,2010-05-06,ECB,statement,ecb_statements,3,CET today.,False,neutral,0.0007886929088272154,0.0017635154072195292,0.9974477887153625,-0.0009748224983923137,ecb_stmt_reg_v2.csv
ecb_stmt,ecb_stmt_20100506,2010-05-06,ECB,statement,ecb_statements,4,Directorate General Communications Reproduction is permitted provided that the source is acknowledged.,False,neutral,0.047414593398571014,0.06088154762983322,0.8917038440704346,-0.013466954231262207,ecb_stmt_reg_v2.csv
ecb_stmt,ecb_stmt_20100506,2010-05-06,ECB,statement,ecb_statements,5,Find out more about related content,False,neutral,0.0013540757354348898,0.0056015364825725555,0.993044376373291,-0.004247460747137666,ecb_stmt_reg_v2.csv
ecb_stmt,ecb_stmt_20100610,2010-06-10,ECB,statement,ecb_statements,1,"At today’s meeting the Governing Council of the ECB decided that the interest rate on the main refinancing operations and the interest rates on the marginal lending facility and the deposit facility will remain unchanged at 1.00%, 1.75% and 0.25% respectively.",True,neutral,0.001458571059629321,0.02268397994339466,0.9758574366569519,-0.02122540888376534,ecb_stmt_reg_v2.csv
ecb_stmt,ecb_stmt_20100610,2010-06-10,ECB,statement,ecb_statements,2,The President of the ECB will comment on the considerations underlying these decisions at a press conference starting at 2.30 p.m.,True,neutral,0.0009846235625445843,0.0023390352725982666,0.9966763257980347,-0.0013544117100536823,ecb_stmt_reg_v2.csv
ecb_stmt,ecb_stmt_20100610,2010-06-10,ECB,statement,ecb_statements,3,CET today.,False,neutral,0.0007886929088272154,0.0017635154072195292,0.9974477887153625,-0.0009748224983923137,ecb_stmt_reg_v2.csv
ecb_stmt,ecb_stmt_20100610,2010-06-10,ECB,statement,ecb_statements,4,Directorate General Communications Reproduction is permitted provided that the source is acknowledged.,False,neutral,0.047414593398571014,0.06088154762983322,0.8917038440704346,-0.013466954231262207,ecb_stmt_reg_v2.csv
ecb_stmt,ecb_stmt_20100610,2010-06-10,ECB,statement,ecb_statements,5,Find out more about related content,False,neutral,0.0013540757354348898,0.0056015364825725555,0.993044376373291,-0.004247460747137666,ecb_stmt_reg_v2.csv
ecb_stmt,ecb_stmt_20100708,2010-07-08,ECB,statement,ecb_statements,1,"At today’s meeting the Governing Council of the ECB decided that the interest rate on the main refinancing operations and the interest rates on the marginal lending facility and the deposit facility will remain unchanged at 1.00%, 1.75% and 0.25% respectively.",True,neutral,0.001458571059629321,0.02268397994339466,0.9758574366569519,-0.02122540888376534,ecb_stmt_reg_v2.csv
ecb_stmt,ecb_stmt_20100708,2010-07-08,ECB,statement,ecb_statements,2,The President of the ECB will comment on the considerations underlying these decisions at a press conference starting at 2.30 p.m.,True,neutral,0.0009846235625445843,0.0023390352725982666,0.9966763257980347,-0.0013544117100536823,ecb_stmt_reg_v2.csv
ecb_stmt,ecb_stmt_20100708,2010-07-08,ECB,statement,ecb_statements,3,CET today.,False,neutral,0.0007886929088272154,0.0017635154072195292,0.9974477887153625,-0.0009748224983923137,ecb_stmt_reg_v2.csv
ecb_stmt,ecb_stmt_20100708,2010-07-08,ECB,statement,ecb_statements,4,Directorate General Communications Reproduction is permitted provided that the source is acknowledged.,False,neutral,0.047414593398571014,0.06088154762983322,0.8917038440704346,-0.013466954231262207,ecb_stmt_reg_v2.csv
ecb_stmt,ecb_stmt_20100708,2010-07-08,ECB,statement,ecb_statements,5,Find out more about related content,False,neutral,0.0013540757354348898,0.0056015364825725555,0.993044376373291,-0.004247460747137666,ecb_stmt_reg_v2.csv
ecb_stmt,ecb_stmt_20100805,2010-08-05,ECB,statement,ecb_statements,1,"At today’s meeting the Governing Council of the ECB decided that the interest rate on the main refinancing operations and the interest rates on the marginal lending facility and the deposit facility will remain unchanged at 1.00%, 1.75% and 0.25% respectively.",True,neutral,0.001458571059629321,0.02268397994339466,0.9758574366569519,-0.02122540888376534,ecb_stmt_reg_v2.csv
ecb_stmt,ecb_stmt_20100805,2010-08-05,ECB,statement,ecb_statements,2,The President of the ECB will comment on the considerations underlying these decisions at a press conference starting at 2.30 p.m.,True,neutral,0.0009846235625445843,0.0023390352725982666,0.9966763257980347,-0.0013544117100536823,ecb_stmt_reg_v2.csv
ecb_stmt,ecb_stmt_20100805,2010-08-05,ECB,statement,ecb_statements,3,CET today.,False,neutral,0.0007886929088272154,0.0017635154072195292,0.9974477887153625,-0.0009748224983923137,ecb_stmt_reg_v2.csv
ecb_stmt,ecb_stmt_20100805,2010-08-05,ECB,statement,ecb_statements,4,Directorate General Communications Reproduction is permitted provided that the source is acknowledged.,False,neutral,0.047414593398571014,0.06088154762983322,0.8917038440704346,-0.013466954231262207,ecb_stmt_reg_v2.csv
ecb_stmt,ecb_stmt_20100805,2010-08-05,ECB,statement,ecb_statements,5,Find out more about related content,False,neutral,0.0013540757354348898,0.0056015364825725555,0.993044376373291,-0.004247460747137666,ecb_stmt_reg_v2.csv
ecb_stmt,ecb_stmt_20100902,2010-09-02,ECB,statement,ecb_statements,1,"At today’s meeting the Governing Council of the ECB decided that the interest rate on the main refinancing operations and the interest rates on the marginal lending facility and the deposit facility will remain unchanged at 1.00%, 1.75% and 0.25% respectively.",True,neutral,0.001458571059629321,0.02268397994339466,0.9758574366569519,-0.02122540888376534,ecb_stmt_reg_v2.csv
ecb_stmt,ecb_stmt_20100902,2010-09-02,ECB,statement,ecb_statements,2,The President of the ECB will comment on the considerations underlying these decisions at a press conference starting at 2.30 p.m.,True,neutral,0.0009846235625445843,0.0023390352725982666,0.9966763257980347,-0.0013544117100536823,ecb_stmt_reg_v2.csv
ecb_stmt,ecb_stmt_20100902,2010-09-02,ECB,statement,ecb_statements,3,CET today.,False,neutral,0.0007886929088272154,0.0017635154072195292,0.9974477887153625,-0.0009748224983923137,ecb_stmt_reg_v2.csv
ecb_stmt,ecb_stmt_20100902,2010-09-02,ECB,statement,ecb_statements,4,Directorate General Communications Reproduction is permitted provided that the source is acknowledged.,False,neutral,0.047414593398571014,0.06088154762983322,0.8917038440704346,-0.013466954231262207,ecb_stmt_reg_v2.csv
ecb_stmt,ecb_stmt_20100902,2010-09-02,ECB,statement,ecb_statements,5,Find out more about related content,False,neutral,0.0013540757354348898,0.0056015364825725555,0.993044376373291,-0.004247460747137666,ecb_stmt_reg_v2.csv
ecb_stmt,ecb_stmt_20101007,2010-10-07,ECB,statement,ecb_statements,1,"At today’s meeting the Governing Council of the ECB decided that the interest rate on the main refinancing operations and the interest rates on the marginal lending facility and the deposit facility will remain unchanged at 1.00%, 1.75% and 0.25% respectively.",True,neutral,0.001458571059629321,0.02268397994339466,0.9758574366569519,-0.02122540888376534,ecb_stmt_reg_v2.csv
ecb_stmt,ecb_stmt_20101007,2010-10-07,ECB,statement,ecb_statements,2,The President of the ECB will comment on the considerations underlying these decisions at a press conference starting at 2.30 p.m.,True,neutral,0.0009846235625445843,0.0023390352725982666,0.9966763257980347,-0.0013544117100536823,ecb_stmt_reg_v2.csv
ecb_stmt,ecb_stmt_20101007,2010-10-07,ECB,statement,ecb_statements,3,CET today.,False,neutral,0.0007886929088272154,0.0017635154072195292,0.9974477887153625,-0.0009748224983923137,ecb_stmt_reg_v2.csv
ecb_stmt,ecb_stmt_20101007,2010-10-07,ECB,statement,ecb_statements,4,Directorate General Communications Reproduction is permitted provided that the source is acknowledged.,False,neutral,0.047414593398571014,0.06088154762983322,0.8917038440704346,-0.013466954231262207,ecb_stmt_reg_v2.csv
ecb_stmt,ecb_stmt_20101007,2010-10-07,ECB,statement,ecb_statements,5,Find out more about related content,False,neutral,0.0013540757354348898,0.0056015364825725555,0.993044376373291,-0.004247460747137666,ecb_stmt_reg_v2.csv
ecb_stmt,ecb_stmt_20101104,2010-11-04,ECB,statement,ecb_statements,1,"At today’s meeting the Governing Council of the ECB decided that the interest rate on the main refinancing operations and the interest rates on the marginal lending facility and the deposit facility will remain unchanged at 1.00%, 1.75% and 0.25% respectively.",True,neutral,0.001458571059629321,0.02268397994339466,0.9758574366569519,-0.02122540888376534,ecb_stmt_reg_v2.csv
ecb_stmt,ecb_stmt_20101104,2010-11-04,ECB,statement,ecb_statements,2,The President of the ECB will comment on the considerations underlying these decisions at a press conference starting at 2.30 p.m.,True,neutral,0.0009846235625445843,0.0023390352725982666,0.9966763257980347,-0.0013544117100536823,ecb_stmt_reg_v2.csv
ecb_stmt,ecb_stmt_20101104,2010-11-04,ECB,statement,ecb_statements,3,CET today.,False,neutral,0.0007886929088272154,0.0017635154072195292,0.9974477887153625,-0.0009748224983923137,ecb_stmt_reg_v2.csv
ecb_stmt,ecb_stmt_20101104,2010-11-04,ECB,statement,ecb_statements,4,Directorate General Communications Reproduction is permitted provided that the source is acknowledged.,False,neutral,0.047414593398571014,0.06088154762983322,0.8917038440704346,-0.013466954231262207,ecb_stmt_reg_v2.csv
ecb_stmt,ecb_stmt_20101104,2010-11-04,ECB,statement,ecb_statements,5,Find out more about related content,False,neutral,0.0013540757354348898,0.0056015364825725555,0.993044376373291,-0.004247460747137666,ecb_stmt_reg_v2.csv
ecb_stmt,ecb_stmt_20101202,2010-12-02,ECB,statement,ecb_statements,1,"At today’s meeting the Governing Council of the ECB decided that the interest rate on the main refinancing operations and the interest rates on the marginal lending facility and the deposit facility will remain unchanged at 1.00%, 1.75% and 0.25% respectively.",True,neutral,0.001458571059629321,0.02268397994339466,0.9758574366569519,-0.02122540888376534,ecb_stmt_reg_v2.csv
ecb_stmt,ecb_stmt_20101202,2010-12-02,ECB,statement,ecb_statements,2,The President of the ECB will comment on the considerations underlying these decisions at a press conference starting at 2.30 p.m.,True,neutral,0.0009846235625445843,0.0023390352725982666,0.9966763257980347,-0.0013544117100536823,ecb_stmt_reg_v2.csv
ecb_stmt,ecb_stmt_20101202,2010-12-02,ECB,statement,ecb_statements,3,CET today.,False,neutral,0.0007886929088272154,0.0017635154072195292,0.9974477887153625,-0.0009748224983923137,ecb_stmt_reg_v2.csv
ecb_stmt,ecb_stmt_20101202,2010-12-02,ECB,statement,ecb_statements,4,Directorate General Communications Reproduction is permitted provided that the source is acknowledged.,False,neutral,0.047414593398571014,0.06088154762983322,0.8917038440704346,-0.013466954231262207,ecb_stmt_reg_v2.csv
ecb_stmt,ecb_stmt_20101202,2010-12-02,ECB,statement,ecb_statements,5,Find out more about related content,False,neutral,0.0013540757354348898,0.0056015364825725555,0.993044376373291,-0.004247460747137666,ecb_stmt_reg_v2.csv
ecb_stmt,ecb_stmt_20110113,2011-01-13,ECB,statement,ecb_statements,1,"At today’s meeting the Governing Council of the ECB decided that the interest rate on the main refinancing operations and the interest rates on the marginal lending facility and the deposit facility will remain unchanged at 1.00%, 1.75% and 0.25% respectively.",True,neutral,0.001458571059629321,0.02268397994339466,0.9758574366569519,-0.02122540888376534,ecb_stmt_reg_v2.csv
ecb_stmt,ecb_stmt_20110113,2011-01-13,ECB,statement,ecb_statements,2,The President of the ECB will comment on the considerations underlying these decisions at a press conference starting at 2.30 p.m.,True,neutral,0.0009846235625445843,0.0023390352725982666,0.9966763257980347,-0.0013544117100536823,ecb_stmt_reg_v2.csv
ecb_stmt,ecb_stmt_20110113,2011-01-13,ECB,statement,ecb_statements,3,CET today.,False,neutral,0.0007886929088272154,0.0017635154072195292,0.9974477887153625,-0.0009748224983923137,ecb_stmt_reg_v2.csv
ecb_stmt,ecb_stmt_20110113,2011-01-13,ECB,statement,ecb_statements,4,Directorate General Communications Reproduction is permitted provided that the source is acknowledged.,False,neutral,0.047414593398571014,0.06088154762983322,0.8917038440704346,-0.013466954231262207,ecb_stmt_reg_v2.csv
ecb_stmt,ecb_stmt_20110203,2011-02-03,ECB,statement,ecb_statements,1,"At today’s meeting the Governing Council of the ECB decided that the interest rate on the main refinancing operations and the interest rates on the marginal lending facility and the deposit facility will remain unchanged at 1.00%, 1.75% and 0.25% respectively.",True,neutral,0.001458571059629321,0.02268397994339466,0.9758574366569519,-0.02122540888376534,ecb_stmt_reg_v2.csv
ecb_stmt,ecb_stmt_20110203,2011-02-03,ECB,statement,ecb_statements,2,The President of the ECB will comment on the considerations underlying these decisions at a press conference starting at 2.30 p.m.,True,neutral,0.0009846235625445843,0.0023390352725982666,0.9966763257980347,-0.0013544117100536823,ecb_stmt_reg_v2.csv
ecb_stmt,ecb_stmt_20110203,2011-02-03,ECB,statement,ecb_statements,3,CET today.,False,neutral,0.0007886929088272154,0.0017635154072195292,0.9974477887153625,-0.0009748224983923137,ecb_stmt_reg_v2.csv
ecb_stmt,ecb_stmt_20110203,2011-02-03,ECB,statement,ecb_statements,4,Directorate General Communications Reproduction is permitted provided that the source is acknowledged.,False,neutral,0.047414593398571014,0.06088154762983322,0.8917038440704346,-0.013466954231262207,ecb_stmt_reg_v2.csv
ecb_stmt,ecb_stmt_20110303,2011-03-03,ECB,statement,ecb_statements,1,"At today’s meeting the Governing Council of the ECB decided that the interest rate on the main refinancing operations and the interest rates on the marginal lending facility and the deposit facility will remain unchanged at 1.00%, 1.75% and 0.25% respectively.",True,neutral,0.001458571059629321,0.02268397994339466,0.9758574366569519,-0.02122540888376534,ecb_stmt_reg_v2.csv
ecb_stmt,ecb_stmt_20110303,2011-03-03,ECB,statement,ecb_statements,2,The President of the ECB will comment on the considerations underlying these decisions at a press conference starting at 2.30 p.m.,True,neutral,0.0009846235625445843,0.0023390352725982666,0.9966763257980347,-0.0013544117100536823,ecb_stmt_reg_v2.csv
ecb_stmt,ecb_stmt_20110303,2011-03-03,ECB,statement,ecb_statements,3,CET today.,False,neutral,0.0007886929088272154,0.0017635154072195292,0.9974477887153625,-0.0009748224983923137,ecb_stmt_reg_v2.csv
ecb_stmt,ecb_stmt_20110303,2011-03-03,ECB,statement,ecb_statements,4,Directorate General Communications Reproduction is permitted provided that the source is acknowledged.,False,neutral,0.047414593398571014,0.06088154762983322,0.8917038440704346,-0.013466954231262207,ecb_stmt_reg_v2.csv
ecb_stmt,ecb_stmt_20110407,2011-04-07,ECB,statement,ecb_statements,1,At today’s meeting the Governing Council of the ECB took the following monetary policy decisions: The President of the ECB will comment on the considerations underlying these decisions at a press conference starting at 2.30 p.m.,True,neutral,0.000615798810031265,0.0013476577587425709,0.9980365633964539,-0.0007318589487113059,ecb_stmt_reg_v2.csv
ecb_stmt,ecb_stmt_20110407,2011-04-07,ECB,statement,ecb_statements,2,CET today.,False,neutral,0.0007886929088272154,0.0017635154072195292,0.9974477887153625,-0.0009748224983923137,ecb_stmt_reg_v2.csv
ecb_stmt,ecb_stmt_20110407,2011-04-07,ECB,statement,ecb_statements,3,Directorate General Communications Reproduction is permitted provided that the source is acknowledged.,False,neutral,0.047414593398571014,0.06088154762983322,0.8917038440704346,-0.013466954231262207,ecb_stmt_reg_v2.csv
ecb_stmt,ecb_stmt_20110505,2011-05-05,ECB,statement,ecb_statements,1,"At today’s meeting, which was held in Helsinki, the Governing Council of the ECB decided that the interest rate on the main refinancing operations and the interest rates on the marginal lending facility and the deposit facility will remain unchanged at 1.25%, 2.00% and 0.50% respectively.",True,neutral,0.001542731886729598,0.005833592265844345,0.9926236867904663,-0.004290860379114747,ecb_stmt_reg_v2.csv
ecb_stmt,ecb_stmt_20110505,2011-05-05,ECB,statement,ecb_statements,2,The President of the ECB will comment on the considerations underlying these decisions at a press conference starting at 2.30 p.m.,True,neutral,0.0009846235625445843,0.0023390352725982666,0.9966763257980347,-0.0013544117100536823,ecb_stmt_reg_v2.csv
ecb_stmt,ecb_stmt_20110505,2011-05-05,ECB,statement,ecb_statements,3,CET today.,False,neutral,0.0007886929088272154,0.0017635154072195292,0.9974477887153625,-0.0009748224983923137,ecb_stmt_reg_v2.csv
ecb_stmt,ecb_stmt_20110505,2011-05-05,ECB,statement,ecb_statements,4,Directorate General Communications Reproduction is permitted provided that the source is acknowledged.,False,neutral,0.047414593398571014,0.06088154762983322,0.8917038440704346,-0.013466954231262207,ecb_stmt_reg_v2.csv
ecb_stmt,ecb_stmt_20110609,2011-06-09,ECB,statement,ecb_statements,1,"At today’s meeting the Governing Council of the ECB decided that the interest rate on the main refinancing operations and the interest rates on the marginal lending facility and the deposit facility will remain unchanged at 1.25%, 2.00% and 0.50% respectively.",True,neutral,0.001735651632770896,0.016576312482357025,0.9816880226135254,-0.01484066084958613,ecb_stmt_reg_v2.csv
ecb_stmt,ecb_stmt_20110609,2011-06-09,ECB,statement,ecb_statements,2,The President of the ECB will comment on the considerations underlying these decisions at a press conference starting at 2.30 p.m.,True,neutral,0.0009846235625445843,0.0023390352725982666,0.9966763257980347,-0.0013544117100536823,ecb_stmt_reg_v2.csv
ecb_stmt,ecb_stmt_20110609,2011-06-09,ECB,statement,ecb_statements,3,CET today.,False,neutral,0.0007886929088272154,0.0017635154072195292,0.9974477887153625,-0.0009748224983923137,ecb_stmt_reg_v2.csv
ecb_stmt,ecb_stmt_20110609,2011-06-09,ECB,statement,ecb_statements,4,Directorate General Communications Reproduction is permitted provided that the source is acknowledged.,False,neutral,0.047414593398571014,0.06088154762983322,0.8917038440704346,-0.013466954231262207,ecb_stmt_reg_v2.csv
ecb_stmt,ecb_stmt_20110707,2011-07-07,ECB,statement,ecb_statements,1,At today’s meeting the Governing Council of the ECB took the following monetary policy decisions: The President of the ECB will comment on the considerations underlying these decisions at a press conference starting at 2.30 p.m.,True,neutral,0.000615798810031265,0.0013476577587425709,0.9980365633964539,-0.0007318589487113059,ecb_stmt_reg_v2.csv
ecb_stmt,ecb_stmt_20110707,2011-07-07,ECB,statement,ecb_statements,2,CET today.,False,neutral,0.0007886929088272154,0.0017635154072195292,0.9974477887153625,-0.0009748224983923137,ecb_stmt_reg_v2.csv
ecb_stmt,ecb_stmt_20110707,2011-07-07,ECB,statement,ecb_statements,3,Directorate General Communications Reproduction is permitted provided that the source is acknowledged.,False,neutral,0.047414593398571014,0.06088154762983322,0.8917038440704346,-0.013466954231262207,ecb_stmt_reg_v2.csv
ecb_stmt,ecb_stmt_20110804,2011-08-04,ECB,statement,ecb_statements,1,"At today’s meeting the Governing Council of the ECB decided that the interest rate on the main refinancing operations and the interest rates on the marginal lending facility and the deposit facility will remain unchanged at 1.50%, 2.25% and 0.75% respectively.",True,neutral,0.0016217221273109317,0.010461966507136822,0.9879162907600403,-0.00884024437982589,ecb_stmt_reg_v2.csv
ecb_stmt,ecb_stmt_20110804,2011-08-04,ECB,statement,ecb_statements,2,The President of the ECB will comment on the considerations underlying these decisions at a press conference starting at 2.30 p.m.,True,neutral,0.0009846235625445843,0.0023390352725982666,0.9966763257980347,-0.0013544117100536823,ecb_stmt_reg_v2.csv
ecb_stmt,ecb_stmt_20110804,2011-08-04,ECB,statement,ecb_statements,3,CET today.,False,neutral,0.0007886929088272154,0.0017635154072195292,0.9974477887153625,-0.0009748224983923137,ecb_stmt_reg_v2.csv
ecb_stmt,ecb_stmt_20110804,2011-08-04,ECB,statement,ecb_statements,4,Directorate General Communications Reproduction is permitted provided that the source is acknowledged.,False,neutral,0.047414593398571014,0.06088154762983322,0.8917038440704346,-0.013466954231262207,ecb_stmt_reg_v2.csv
ecb_stmt,ecb_stmt_20110908,2011-09-08,ECB,statement,ecb_statements,1,"At today’s meeting the Governing Council of the ECB decided that the interest rate on the main refinancing operations and the interest rates on the marginal lending facility and the deposit facility will remain unchanged at 1.50%, 2.25% and 0.75% respectively.",True,neutral,0.0016217221273109317,0.010461966507136822,0.9879162907600403,-0.00884024437982589,ecb_stmt_reg_v2.csv
ecb_stmt,ecb_stmt_20110908,2011-09-08,ECB,statement,ecb_statements,2,The President of the ECB will comment on the considerations underlying these decisions at a press conference starting at 2.30 p.m.,True,neutral,0.0009846235625445843,0.0023390352725982666,0.9966763257980347,-0.0013544117100536823,ecb_stmt_reg_v2.csv
ecb_stmt,ecb_stmt_20110908,2011-09-08,ECB,statement,ecb_statements,3,CET today.,False,neutral,0.0007886929088272154,0.0017635154072195292,0.9974477887153625,-0.0009748224983923137,ecb_stmt_reg_v2.csv
ecb_stmt,ecb_stmt_20110908,2011-09-08,ECB,statement,ecb_statements,4,Directorate General Communications Reproduction is permitted provided that the source is acknowledged.,False,neutral,0.047414593398571014,0.06088154762983322,0.8917038440704346,-0.013466954231262207,ecb_stmt_reg_v2.csv
ecb_stmt,ecb_stmt_20111006,2011-10-06,ECB,statement,ecb_statements,1,"At today’s meeting, which was held in Berlin, the Governing Council of the ECB decided that the interest rate on the main refinancing operations and the interest rates on the marginal lending facility and the deposit facility will remain unchanged at 1.50%, 2.25% and 0.75% respectively.",True,neutral,0.0013212679186835885,0.00477669108659029,0.9939020276069641,-0.0034554231679067016,ecb_stmt_reg_v2.csv
ecb_stmt,ecb_stmt_20111006,2011-10-06,ECB,statement,ecb_statements,2,The President of the ECB will comment on the considerations underlying these decisions at a press conference starting at 2.30 p.m.,True,neutral,0.0009846235625445843,0.0023390352725982666,0.9966763257980347,-0.0013544117100536823,ecb_stmt_reg_v2.csv
ecb_stmt,ecb_stmt_20111006,2011-10-06,ECB,statement,ecb_statements,3,CET today.,False,neutral,0.0007886929088272154,0.0017635154072195292,0.9974477887153625,-0.0009748224983923137,ecb_stmt_reg_v2.csv
ecb_stmt,ecb_stmt_20111006,2011-10-06,ECB,statement,ecb_statements,4,Directorate General Communications Reproduction is permitted provided that the source is acknowledged.,False,neutral,0.047414593398571014,0.06088154762983322,0.8917038440704346,-0.013466954231262207,ecb_stmt_reg_v2.csv
ecb_stmt,ecb_stmt_20111103,2011-11-03,ECB,statement,ecb_statements,1,At today’s meeting the Governing Council of the ECB took the following monetary policy decisions: The President of the ECB will comment on the considerations underlying these decisions at a press conference starting at 2.30 p.m.,True,neutral,0.000615798810031265,0.0013476577587425709,0.9980365633964539,-0.0007318589487113059,ecb_stmt_reg_v2.csv
ecb_stmt,ecb_stmt_20111103,2011-11-03,ECB,statement,ecb_statements,2,CET today.,False,neutral,0.0007886929088272154,0.0017635154072195292,0.9974477887153625,-0.0009748224983923137,ecb_stmt_reg_v2.csv
ecb_stmt,ecb_stmt_20111103,2011-11-03,ECB,statement,ecb_statements,3,Directorate General Communications Reproduction is permitted provided that the source is acknowledged.,False,neutral,0.047414593398571014,0.06088154762983322,0.8917038440704346,-0.013466954231262207,ecb_stmt_reg_v2.csv
ecb_stmt,ecb_stmt_20111208,2011-12-08,ECB,statement,ecb_statements,1,At today’s meeting the Governing Council of the ECB took the following monetary policy decisions: The President of the ECB will comment on the considerations underlying these decisions at a press conference starting at 2.30 p.m.,True,neutral,0.000615798810031265,0.0013476577587425709,0.9980365633964539,-0.0007318589487113059,ecb_stmt_reg_v2.csv
ecb_stmt,ecb_stmt_20111208,2011-12-08,ECB,statement,ecb_statements,2,CET today.,False,neutral,0.0007886929088272154,0.0017635154072195292,0.9974477887153625,-0.0009748224983923137,ecb_stmt_reg_v2.csv
ecb_stmt,ecb_stmt_20111208,2011-12-08,ECB,statement,ecb_statements,3,Directorate General Communications Reproduction is permitted provided that the source is acknowledged.,False,neutral,0.047414593398571014,0.06088154762983322,0.8917038440704346,-0.013466954231262207,ecb_stmt_reg_v2.csv
ecb_stmt,ecb_stmt_20120112,2012-01-12,ECB,statement,ecb_statements,1,"At today’s meeting the Governing Council of the ECB decided that the interest rate on the main refinancing operations and the interest rates on the marginal lending facility and the deposit facility will remain unchanged at 1.00%, 1.75% and 0.25% respectively.",True,neutral,0.001458571059629321,0.02268397994339466,0.9758574366569519,-0.02122540888376534,ecb_stmt_reg_v2.csv
ecb_stmt,ecb_stmt_20120112,2012-01-12,ECB,statement,ecb_statements,2,The President of the ECB will comment on the considerations underlying these decisions at a press conference starting at 2.30 p.m.,True,neutral,0.0009846235625445843,0.0023390352725982666,0.9966763257980347,-0.0013544117100536823,ecb_stmt_reg_v2.csv
ecb_stmt,ecb_stmt_20120112,2012-01-12,ECB,statement,ecb_statements,3,CET today.,False,neutral,0.0007886929088272154,0.0017635154072195292,0.9974477887153625,-0.0009748224983923137,ecb_stmt_reg_v2.csv
ecb_stmt,ecb_stmt_20120112,2012-01-12,ECB,statement,ecb_statements,4,Directorate General Communications Reproduction is permitted provided that the source is acknowledged.,False,neutral,0.047414593398571014,0.06088154762983322,0.8917038440704346,-0.013466954231262207,ecb_stmt_reg_v2.csv
ecb_stmt,ecb_stmt_20120209,2012-02-09,ECB,statement,ecb_statements,1,"At today’s meeting the Governing Council of the ECB decided that the interest rate on the main refinancing operations and the interest rates on the marginal lending facility and the deposit facility will remain unchanged at 1.00%, 1.75% and 0.25% respectively.",True,neutral,0.001458571059629321,0.02268397994339466,0.9758574366569519,-0.02122540888376534,ecb_stmt_reg_v2.csv
ecb_stmt,ecb_stmt_20120209,2012-02-09,ECB,statement,ecb_statements,2,The President of the ECB will comment on the considerations underlying these decisions at a press conference starting at 2.30 p.m.,True,neutral,0.0009846235625445843,0.0023390352725982666,0.9966763257980347,-0.0013544117100536823,ecb_stmt_reg_v2.csv
ecb_stmt,ecb_stmt_20120209,2012-02-09,ECB,statement,ecb_statements,3,CET today.,False,neutral,0.0007886929088272154,0.0017635154072195292,0.9974477887153625,-0.0009748224983923137,ecb_stmt_reg_v2.csv
ecb_stmt,ecb_stmt_20120209,2012-02-09,ECB,statement,ecb_statements,4,Directorate General Communications Reproduction is permitted provided that the source is acknowledged.,False,neutral,0.047414593398571014,0.06088154762983322,0.8917038440704346,-0.013466954231262207,ecb_stmt_reg_v2.csv
ecb_stmt,ecb_stmt_20120308,2012-03-08,ECB,statement,ecb_statements,1,"At today’s meeting the Governing Council of the ECB decided that the interest rate on the main refinancing operations and the interest rates on the marginal lending facility and the deposit facility will remain unchanged at 1.00%, 1.75% and 0.25% respectively.",True,neutral,0.001458571059629321,0.02268397994339466,0.9758574366569519,-0.02122540888376534,ecb_stmt_reg_v2.csv
ecb_stmt,ecb_stmt_20120308,2012-03-08,ECB,statement,ecb_statements,2,The President of the ECB will comment on the considerations underlying these decisions at a press conference starting at 2.30 p.m.,True,neutral,0.0009846235625445843,0.0023390352725982666,0.9966763257980347,-0.0013544117100536823,ecb_stmt_reg_v2.csv
ecb_stmt,ecb_stmt_20120308,2012-03-08,ECB,statement,ecb_statements,3,CET today.,False,neutral,0.0007886929088272154,0.0017635154072195292,0.9974477887153625,-0.0009748224983923137,ecb_stmt_reg_v2.csv
ecb_stmt,ecb_stmt_20120308,2012-03-08,ECB,statement,ecb_statements,4,Directorate General Communications Reproduction is permitted provided that the source is acknowledged.,False,neutral,0.047414593398571014,0.06088154762983322,0.8917038440704346,-0.013466954231262207,ecb_stmt_reg_v2.csv
ecb_stmt,ecb_stmt_20120404,2012-04-04,ECB,statement,ecb_statements,1,"At today’s meeting the Governing Council of the ECB decided that the interest rate on the main refinancing operations and the interest rates on the marginal lending facility and the deposit facility will remain unchanged at 1.00%, 1.75% and 0.25% respectively.",True,neutral,0.001458571059629321,0.02268397994339466,0.9758574366569519,-0.02122540888376534,ecb_stmt_reg_v2.csv
ecb_stmt,ecb_stmt_20120404,2012-04-04,ECB,statement,ecb_statements,2,The President of the ECB will comment on the considerations underlying these decisions at a press conference starting at 2.30 p.m.,True,neutral,0.0009846235625445843,0.0023390352725982666,0.9966763257980347,-0.0013544117100536823,ecb_stmt_reg_v2.csv
ecb_stmt,ecb_stmt_20120404,2012-04-04,ECB,statement,ecb_statements,3,CET today.,False,neutral,0.0007886929088272154,0.0017635154072195292,0.9974477887153625,-0.0009748224983923137,ecb_stmt_reg_v2.csv
ecb_stmt,ecb_stmt_20120404,2012-04-04,ECB,statement,ecb_statements,4,Directorate General Communications Reproduction is permitted provided that the source is acknowledged.,False,neutral,0.047414593398571014,0.06088154762983322,0.8917038440704346,-0.013466954231262207,ecb_stmt_reg_v2.csv
ecb_stmt,ecb_stmt_20120503,2012-05-03,ECB,statement,ecb_statements,1,"At today’s meeting, which was held in Barcelona, the Governing Council of the ECB decided that the interest rate on the main refinancing operations and the interest rates on the marginal lending facility and the deposit facility will remain unchanged at 1.00%, 1.75% and 0.25% respectively.",True,neutral,0.0012719002552330494,0.005790027789771557,0.9929381012916565,-0.0045181275345385075,ecb_stmt_reg_v2.csv
ecb_stmt,ecb_stmt_20120503,2012-05-03,ECB,statement,ecb_statements,2,The President of the ECB will comment on the considerations underlying these decisions at a press conference starting at 2.30 p.m.,True,neutral,0.0009846235625445843,0.0023390352725982666,0.9966763257980347,-0.0013544117100536823,ecb_stmt_reg_v2.csv
ecb_stmt,ecb_stmt_20120503,2012-05-03,ECB,statement,ecb_statements,3,CET today.,False,neutral,0.0007886929088272154,0.0017635154072195292,0.9974477887153625,-0.0009748224983923137,ecb_stmt_reg_v2.csv
ecb_stmt,ecb_stmt_20120503,2012-05-03,ECB,statement,ecb_statements,4,Directorate General Communications Reproduction is permitted provided that the source is acknowledged.,False,neutral,0.047414593398571014,0.06088154762983322,0.8917038440704346,-0.013466954231262207,ecb_stmt_reg_v2.csv
ecb_stmt,ecb_stmt_20120606,2012-06-06,ECB,statement,ecb_statements,1,"At today’s meeting the Governing Council of the ECB decided that the interest rate on the main refinancing operations and the interest rates on the marginal lending facility and the deposit facility will remain unchanged at 1.00%, 1.75% and 0.25% respectively.",True,neutral,0.001458571059629321,0.02268397994339466,0.9758574366569519,-0.02122540888376534,ecb_stmt_reg_v2.csv
ecb_stmt,ecb_stmt_20120606,2012-06-06,ECB,statement,ecb_statements,2,The President of the ECB will comment on the considerations underlying these decisions at a press conference starting at 2.30 p.m.,True,neutral,0.0009846235625445843,0.0023390352725982666,0.9966763257980347,-0.0013544117100536823,ecb_stmt_reg_v2.csv
ecb_stmt,ecb_stmt_20120606,2012-06-06,ECB,statement,ecb_statements,3,CET today.,False,neutral,0.0007886929088272154,0.0017635154072195292,0.9974477887153625,-0.0009748224983923137,ecb_stmt_reg_v2.csv
ecb_stmt,ecb_stmt_20120606,2012-06-06,ECB,statement,ecb_statements,4,Directorate General Communications Reproduction is permitted provided that the source is acknowledged.,False,neutral,0.047414593398571014,0.06088154762983322,0.8917038440704346,-0.013466954231262207,ecb_stmt_reg_v2.csv
ecb_stmt,ecb_stmt_20120705,2012-07-05,ECB,statement,ecb_statements,1,At today’s meeting the Governing Council of the ECB took the following monetary policy decisions: The President of the ECB will comment on the considerations underlying these decisions at a press conference starting at 2.30 p.m.,True,neutral,0.000615798810031265,0.0013476577587425709,0.9980365633964539,-0.0007318589487113059,ecb_stmt_reg_v2.csv
ecb_stmt,ecb_stmt_20120705,2012-07-05,ECB,statement,ecb_statements,2,CET today.,False,neutral,0.0007886929088272154,0.0017635154072195292,0.9974477887153625,-0.0009748224983923137,ecb_stmt_reg_v2.csv
ecb_stmt,ecb_stmt_20120705,2012-07-05,ECB,statement,ecb_statements,3,Directorate General Communications Reproduction is permitted provided that the source is acknowledged.,False,neutral,0.047414593398571014,0.06088154762983322,0.8917038440704346,-0.013466954231262207,ecb_stmt_reg_v2.csv
ecb_stmt,ecb_stmt_20120802,2012-08-02,ECB,statement,ecb_statements,1,"At today’s meeting the Governing Council of the ECB decided that the interest rate on the main refinancing operations and the interest rates on the marginal lending facility and the deposit facility will remain unchanged at 0.75%, 1.50% and 0.00% respectively.",True,neutral,0.001386837218888104,0.07796988636255264,0.9206432700157166,-0.07658304914366454,ecb_stmt_reg_v2.csv
ecb_stmt,ecb_stmt_20120802,2012-08-02,ECB,statement,ecb_statements,2,The President of the ECB will comment on the considerations underlying these decisions at a press conference starting at 2.30 p.m.,True,neutral,0.0009846235625445843,0.0023390352725982666,0.9966763257980347,-0.0013544117100536823,ecb_stmt_reg_v2.csv
ecb_stmt,ecb_stmt_20120802,2012-08-02,ECB,statement,ecb_statements,3,CET today.,False,neutral,0.0007886929088272154,0.0017635154072195292,0.9974477887153625,-0.0009748224983923137,ecb_stmt_reg_v2.csv
ecb_stmt,ecb_stmt_20120802,2012-08-02,ECB,statement,ecb_statements,4,Directorate General Communications Reproduction is permitted provided that the source is acknowledged.,False,neutral,0.047414593398571014,0.06088154762983322,0.8917038440704346,-0.013466954231262207,ecb_stmt_reg_v2.csv
ecb_stmt,ecb_stmt_20120906,2012-09-06,ECB,statement,ecb_statements,1,"6 September 2012 - Monetary policy decisions At today’s meeting the Governing Council of the ECB decided that the interest rate on the main refinancing operations and the interest rates on the marginal lending facility and the deposit facility will remain unchanged at 0.75%, 1.50% and 0.00% respectively.",True,neutral,0.0007856220472604036,0.011454789899289608,0.987759530544281,-0.010669167852029204,ecb_stmt_reg_v2.csv
ecb_stmt,ecb_stmt_20120906,2012-09-06,ECB,statement,ecb_statements,2,The President of the ECB will comment on the considerations underlying these decisions at a press conference starting at 2.30 p.m.,True,neutral,0.0009846235625445843,0.0023390352725982666,0.9966763257980347,-0.0013544117100536823,ecb_stmt_reg_v2.csv
ecb_stmt,ecb_stmt_20120906,2012-09-06,ECB,statement,ecb_statements,3,CET today.,False,neutral,0.0007886929088272154,0.0017635154072195292,0.9974477887153625,-0.0009748224983923137,ecb_stmt_reg_v2.csv
ecb_stmt,ecb_stmt_20120906,2012-09-06,ECB,statement,ecb_statements,4,Directorate General Communications Reproduction is permitted provided that the source is acknowledged.,False,neutral,0.047414593398571014,0.06088154762983322,0.8917038440704346,-0.013466954231262207,ecb_stmt_reg_v2.csv
ecb_stmt,ecb_stmt_20121004,2012-10-04,ECB,statement,ecb_statements,1,"At today’s meeting, which was held in Brdo pri Kranju, the Governing Council of the ECB decided that the interest rate on the main refinancing operations and the interest rates on the marginal lending facility and the deposit facility will remain unchanged at 0.75%, 1.50% and 0.00% respectively.",True,neutral,0.0010565929114818573,0.025128304958343506,0.9738150835037231,-0.02407171204686165,ecb_stmt_reg_v2.csv
ecb_stmt,ecb_stmt_20121004,2012-10-04,ECB,statement,ecb_statements,2,The President of the ECB will comment on the considerations underlying these decisions at a press conference starting at 2.30 p.m.,True,neutral,0.0009846235625445843,0.0023390352725982666,0.9966763257980347,-0.0013544117100536823,ecb_stmt_reg_v2.csv
ecb_stmt,ecb_stmt_20121004,2012-10-04,ECB,statement,ecb_statements,3,CET today.,False,neutral,0.0007886929088272154,0.0017635154072195292,0.9974477887153625,-0.0009748224983923137,ecb_stmt_reg_v2.csv
ecb_stmt,ecb_stmt_20121004,2012-10-04,ECB,statement,ecb_statements,4,Directorate General Communications Reproduction is permitted provided that the source is acknowledged.,False,neutral,0.047414593398571014,0.06088154762983322,0.8917038440704346,-0.013466954231262207,ecb_stmt_reg_v2.csv
ecb_stmt,ecb_stmt_20121108,2012-11-08,ECB,statement,ecb_statements,1,"At today’s meeting the Governing Council of the ECB decided that the interest rate on the main refinancing operations and the interest rates on the marginal lending facility and the deposit facility will remain unchanged at 0.75%, 1.50% and 0.00% respectively.",True,neutral,0.001386837218888104,0.07796988636255264,0.9206432700157166,-0.07658304914366454,ecb_stmt_reg_v2.csv
ecb_stmt,ecb_stmt_20121108,2012-11-08,ECB,statement,ecb_statements,2,The President of the ECB will comment on the considerations underlying these decisions at a press conference starting at 2.30 p.m.,True,neutral,0.0009846235625445843,0.0023390352725982666,0.9966763257980347,-0.0013544117100536823,ecb_stmt_reg_v2.csv
ecb_stmt,ecb_stmt_20121108,2012-11-08,ECB,statement,ecb_statements,3,CET today.,False,neutral,0.0007886929088272154,0.0017635154072195292,0.9974477887153625,-0.0009748224983923137,ecb_stmt_reg_v2.csv
ecb_stmt,ecb_stmt_20121108,2012-11-08,ECB,statement,ecb_statements,4,Directorate General Communications Reproduction is permitted provided that the source is acknowledged.,False,neutral,0.047414593398571014,0.06088154762983322,0.8917038440704346,-0.013466954231262207,ecb_stmt_reg_v2.csv
ecb_stmt,ecb_stmt_20121206,2012-12-06,ECB,statement,ecb_statements,1,"At today’s meeting the Governing Council of the ECB decided that the interest rate on the main refinancing operations and the interest rates on the marginal lending facility and the deposit facility will remain unchanged at 0.75%, 1.50% and 0.00% respectively.",True,neutral,0.001386837218888104,0.07796988636255264,0.9206432700157166,-0.07658304914366454,ecb_stmt_reg_v2.csv
ecb_stmt,ecb_stmt_20121206,2012-12-06,ECB,statement,ecb_statements,2,The President of the ECB will comment on the considerations underlying these decisions at a press conference starting at 2.30 p.m.,True,neutral,0.0009846235625445843,0.0023390352725982666,0.9966763257980347,-0.0013544117100536823,ecb_stmt_reg_v2.csv
ecb_stmt,ecb_stmt_20121206,2012-12-06,ECB,statement,ecb_statements,3,CET today.,False,neutral,0.0007886929088272154,0.0017635154072195292,0.9974477887153625,-0.0009748224983923137,ecb_stmt_reg_v2.csv
ecb_stmt,ecb_stmt_20121206,2012-12-06,ECB,statement,ecb_statements,4,Directorate General Communications Reproduction is permitted provided that the source is acknowledged.,False,neutral,0.047414593398571014,0.06088154762983322,0.8917038440704346,-0.013466954231262207,ecb_stmt_reg_v2.csv
ecb_stmt,ecb_stmt_20130110,2013-01-10,ECB,statement,ecb_statements,1,"At today’s meeting the Governing Council of the ECB decided that the interest rate on the main refinancing operations and the interest rates on the marginal lending facility and the deposit facility will remain unchanged at 0.75%, 1.50% and 0.00% respectively.",True,neutral,0.001386837218888104,0.07796988636255264,0.9206432700157166,-0.07658304914366454,ecb_stmt_reg_v2.csv
ecb_stmt,ecb_stmt_20130110,2013-01-10,ECB,statement,ecb_statements,2,The President of the ECB will comment on the considerations underlying these decisions at a press conference starting at 2.30 p.m.,True,neutral,0.0009846235625445843,0.0023390352725982666,0.9966763257980347,-0.0013544117100536823,ecb_stmt_reg_v2.csv
ecb_stmt,ecb_stmt_20130110,2013-01-10,ECB,statement,ecb_statements,3,CET today.,False,neutral,0.0007886929088272154,0.0017635154072195292,0.9974477887153625,-0.0009748224983923137,ecb_stmt_reg_v2.csv
ecb_stmt,ecb_stmt_20130110,2013-01-10,ECB,statement,ecb_statements,4,Directorate General Communications Reproduction is permitted provided that the source is acknowledged.,False,neutral,0.047414593398571014,0.06088154762983322,0.8917038440704346,-0.013466954231262207,ecb_stmt_reg_v2.csv
ecb_stmt,ecb_stmt_20130207,2013-02-07,ECB,statement,ecb_statements,1,"At today’s meeting the Governing Council of the ECB decided that the interest rate on the main refinancing operations and the interest rates on the marginal lending facility and the deposit facility will remain unchanged at 0.75%, 1.50% and 0.00% respectively.",True,neutral,0.001386837218888104,0.07796988636255264,0.9206432700157166,-0.07658304914366454,ecb_stmt_reg_v2.csv
ecb_stmt,ecb_stmt_20130207,2013-02-07,ECB,statement,ecb_statements,2,The President of the ECB will comment on the considerations underlying these decisions at a press conference starting at 2.30 p.m.,True,neutral,0.0009846235625445843,0.0023390352725982666,0.9966763257980347,-0.0013544117100536823,ecb_stmt_reg_v2.csv
ecb_stmt,ecb_stmt_20130207,2013-02-07,ECB,statement,ecb_statements,3,CET today.,False,neutral,0.0007886929088272154,0.0017635154072195292,0.9974477887153625,-0.0009748224983923137,ecb_stmt_reg_v2.csv
ecb_stmt,ecb_stmt_20130207,2013-02-07,ECB,statement,ecb_statements,4,Directorate General Communications Reproduction is permitted provided that the source is acknowledged.,False,neutral,0.047414593398571014,0.06088154762983322,0.8917038440704346,-0.013466954231262207,ecb_stmt_reg_v2.csv
ecb_stmt,ecb_stmt_20130307,2013-03-07,ECB,statement,ecb_statements,1,"At today’s meeting the Governing Council of the ECB decided that the interest rate on the main refinancing operations and the interest rates on the marginal lending facility and the deposit facility will remain unchanged at 0.75%, 1.50% and 0.00% respectively.",True,neutral,0.001386837218888104,0.07796988636255264,0.9206432700157166,-0.07658304914366454,ecb_stmt_reg_v2.csv
ecb_stmt,ecb_stmt_20130307,2013-03-07,ECB,statement,ecb_statements,2,The President of the ECB will comment on the considerations underlying these decisions at a press conference starting at 2.30 p.m.,True,neutral,0.0009846235625445843,0.0023390352725982666,0.9966763257980347,-0.0013544117100536823,ecb_stmt_reg_v2.csv
ecb_stmt,ecb_stmt_20130307,2013-03-07,ECB,statement,ecb_statements,3,CET today.,False,neutral,0.0007886929088272154,0.0017635154072195292,0.9974477887153625,-0.0009748224983923137,ecb_stmt_reg_v2.csv
ecb_stmt,ecb_stmt_20130307,2013-03-07,ECB,statement,ecb_statements,4,Directorate General Communications Reproduction is permitted provided that the source is acknowledged.,False,neutral,0.047414593398571014,0.06088154762983322,0.8917038440704346,-0.013466954231262207,ecb_stmt_reg_v2.csv
ecb_stmt,ecb_stmt_20130404,2013-04-04,ECB,statement,ecb_statements,1,"At today’s meeting the Governing Council of the ECB decided that the interest rate on the main refinancing operations and the interest rates on the marginal lending facility and the deposit facility will remain unchanged at 0.75%, 1.50% and 0.00% respectively.",True,neutral,0.001386837218888104,0.07796988636255264,0.9206432700157166,-0.07658304914366454,ecb_stmt_reg_v2.csv
ecb_stmt,ecb_stmt_20130404,2013-04-04,ECB,statement,ecb_statements,2,The President of the ECB will comment on the considerations underlying these decisions at a press conference starting at 2.30 p.m.,True,neutral,0.0009846235625445843,0.0023390352725982666,0.9966763257980347,-0.0013544117100536823,ecb_stmt_reg_v2.csv
ecb_stmt,ecb_stmt_20130404,2013-04-04,ECB,statement,ecb_statements,3,CET today.,False,neutral,0.0007886929088272154,0.0017635154072195292,0.9974477887153625,-0.0009748224983923137,ecb_stmt_reg_v2.csv
ecb_stmt,ecb_stmt_20130404,2013-04-04,ECB,statement,ecb_statements,4,Directorate General Communications Reproduction is permitted provided that the source is acknowledged.,False,neutral,0.047414593398571014,0.06088154762983322,0.8917038440704346,-0.013466954231262207,ecb_stmt_reg_v2.csv
ecb_stmt,ecb_stmt_20130502,2013-05-02,ECB,statement,ecb_statements,1,"At today’s meeting, which was held in Bratislava, the Governing Council of the ECB took the following monetary policy decisions: The President of the ECB will comment on the considerations underlying these decisions at a press conference starting at 2.30 p.m.",True,neutral,0.0006075152195990086,0.0012272144667804241,0.9981652498245239,-0.0006196992471814156,ecb_stmt_reg_v2.csv
ecb_stmt,ecb_stmt_20130502,2013-05-02,ECB,statement,ecb_statements,2,CET today.,False,neutral,0.0007886929088272154,0.0017635154072195292,0.9974477887153625,-0.0009748224983923137,ecb_stmt_reg_v2.csv
ecb_stmt,ecb_stmt_20130502,2013-05-02,ECB,statement,ecb_statements,3,Directorate General Communications Reproduction is permitted provided that the source is acknowledged.,False,neutral,0.047414593398571014,0.06088154762983322,0.8917038440704346,-0.013466954231262207,ecb_stmt_reg_v2.csv
ecb_stmt,ecb_stmt_20130606,2013-06-06,ECB,statement,ecb_statements,1,"At today’s meeting the Governing Council of the ECB decided that the interest rate on the main refinancing operations and the interest rates on the marginal lending facility and the deposit facility will remain unchanged at 0.50%, 1.00% and 0.00% respectively.",True,neutral,0.0016315534012392163,0.0809498205780983,0.9174185991287231,-0.07931826717685908,ecb_stmt_reg_v2.csv
ecb_stmt,ecb_stmt_20130606,2013-06-06,ECB,statement,ecb_statements,2,The President of the ECB will comment on the considerations underlying these decisions at a press conference starting at 2.30 p.m.,True,neutral,0.0009846235625445843,0.0023390352725982666,0.9966763257980347,-0.0013544117100536823,ecb_stmt_reg_v2.csv
ecb_stmt,ecb_stmt_20130606,2013-06-06,ECB,statement,ecb_statements,3,CET today.,False,neutral,0.0007886929088272154,0.0017635154072195292,0.9974477887153625,-0.0009748224983923137,ecb_stmt_reg_v2.csv
ecb_stmt,ecb_stmt_20130606,2013-06-06,ECB,statement,ecb_statements,4,Directorate General Communications Reproduction is permitted provided that the source is acknowledged.,False,neutral,0.047414593398571014,0.06088154762983322,0.8917038440704346,-0.013466954231262207,ecb_stmt_reg_v2.csv
ecb_stmt,ecb_stmt_20130704,2013-07-04,ECB,statement,ecb_statements,1,"At today’s meeting the Governing Council of the ECB decided that the interest rate on the main refinancing operations and the interest rates on the marginal lending facility and the deposit facility will remain unchanged at 0.50%, 1.00% and 0.00% respectively.",True,neutral,0.0016315534012392163,0.0809498205780983,0.9174185991287231,-0.07931826717685908,ecb_stmt_reg_v2.csv
ecb_stmt,ecb_stmt_20130704,2013-07-04,ECB,statement,ecb_statements,2,The President of the ECB will comment on the considerations underlying these decisions at a press conference starting at 2.30 p.m.,True,neutral,0.0009846235625445843,0.0023390352725982666,0.9966763257980347,-0.0013544117100536823,ecb_stmt_reg_v2.csv
ecb_stmt,ecb_stmt_20130704,2013-07-04,ECB,statement,ecb_statements,3,CET today.,False,neutral,0.0007886929088272154,0.0017635154072195292,0.9974477887153625,-0.0009748224983923137,ecb_stmt_reg_v2.csv
ecb_stmt,ecb_stmt_20130704,2013-07-04,ECB,statement,ecb_statements,4,Directorate General Communications Reproduction is permitted provided that the source is acknowledged.,False,neutral,0.047414593398571014,0.06088154762983322,0.8917038440704346,-0.013466954231262207,ecb_stmt_reg_v2.csv
ecb_stmt,ecb_stmt_20130801,2013-08-01,ECB,statement,ecb_statements,1,"At today’s meeting the Governing Council of the ECB decided that the interest rate on the main refinancing operations and the interest rates on the marginal lending facility and the deposit facility will remain unchanged at 0.50%, 1.00% and 0.00% respectively.",True,neutral,0.0016315534012392163,0.0809498205780983,0.9174185991287231,-0.07931826717685908,ecb_stmt_reg_v2.csv
ecb_stmt,ecb_stmt_20130801,2013-08-01,ECB,statement,ecb_statements,2,The President of the ECB will comment on the considerations underlying these decisions at a press conference starting at 2.30 p.m.,True,neutral,0.0009846235625445843,0.0023390352725982666,0.9966763257980347,-0.0013544117100536823,ecb_stmt_reg_v2.csv
ecb_stmt,ecb_stmt_20130801,2013-08-01,ECB,statement,ecb_statements,3,CET today.,False,neutral,0.0007886929088272154,0.0017635154072195292,0.9974477887153625,-0.0009748224983923137,ecb_stmt_reg_v2.csv
ecb_stmt,ecb_stmt_20130801,2013-08-01,ECB,statement,ecb_statements,4,Directorate General Communications Reproduction is permitted provided that the source is acknowledged.,False,neutral,0.047414593398571014,0.06088154762983322,0.8917038440704346,-0.013466954231262207,ecb_stmt_reg_v2.csv
ecb_stmt,ecb_stmt_20130905,2013-09-05,ECB,statement,ecb_statements,1,"At today’s meeting the Governing Council of the ECB decided that the interest rate on the main refinancing operations and the interest rates on the marginal lending facility and the deposit facility will remain unchanged at 0.50%, 1.00% and 0.00% respectively.",True,neutral,0.0016315534012392163,0.0809498205780983,0.9174185991287231,-0.07931826717685908,ecb_stmt_reg_v2.csv
ecb_stmt,ecb_stmt_20130905,2013-09-05,ECB,statement,ecb_statements,2,The President of the ECB will comment on the considerations underlying these decisions at a press conference starting at 2.30 p.m.,True,neutral,0.0009846235625445843,0.0023390352725982666,0.9966763257980347,-0.0013544117100536823,ecb_stmt_reg_v2.csv
ecb_stmt,ecb_stmt_20130905,2013-09-05,ECB,statement,ecb_statements,3,CET today.,False,neutral,0.0007886929088272154,0.0017635154072195292,0.9974477887153625,-0.0009748224983923137,ecb_stmt_reg_v2.csv
ecb_stmt,ecb_stmt_20131002,2013-10-02,ECB,statement,ecb_statements,1,"At today’s meeting, which was held in Paris, the Governing Council of the ECB decided that the interest rate on the main refinancing operations and the interest rates on the marginal lending facility and the deposit facility will remain unchanged at 0.50%, 1.00% and 0.00% respectively.",True,neutral,0.0015143688069656491,0.04482177644968033,0.9536638259887695,-0.04330740764271468,ecb_stmt_reg_v2.csv
ecb_stmt,ecb_stmt_20131002,2013-10-02,ECB,statement,ecb_statements,2,The President of the ECB will comment on the considerations underlying these decisions at a press conference starting at 2.30 p.m.,True,neutral,0.0009846235625445843,0.0023390352725982666,0.9966763257980347,-0.0013544117100536823,ecb_stmt_reg_v2.csv
ecb_stmt,ecb_stmt_20131002,2013-10-02,ECB,statement,ecb_statements,3,CET today.,False,neutral,0.0007886929088272154,0.0017635154072195292,0.9974477887153625,-0.0009748224983923137,ecb_stmt_reg_v2.csv
ecb_stmt,ecb_stmt_20131107,2013-11-07,ECB,statement,ecb_statements,1,At today’s meeting the Governing Council of the ECB took the following monetary policy decisions: The President of the ECB will comment on the considerations underlying these decisions at a press conference starting at 2.30 p.m.,True,neutral,0.000615798810031265,0.0013476577587425709,0.9980365633964539,-0.0007318589487113059,ecb_stmt_reg_v2.csv
ecb_stmt,ecb_stmt_20131107,2013-11-07,ECB,statement,ecb_statements,2,CET today.,False,neutral,0.0007886929088272154,0.0017635154072195292,0.9974477887153625,-0.0009748224983923137,ecb_stmt_reg_v2.csv
ecb_stmt,ecb_stmt_20131205,2013-12-05,ECB,statement,ecb_statements,1,"At today’s meeting the Governing Council of the ECB decided that the interest rate on the main refinancing operations and the interest rates on the marginal lending facility and the deposit facility will remain unchanged at 0.25%, 0.75% and 0.00% respectively.",True,neutral,0.001072328770533204,0.07771402597427368,0.921213686466217,-0.07664169720374048,ecb_stmt_reg_v2.csv
ecb_stmt,ecb_stmt_20131205,2013-12-05,ECB,statement,ecb_statements,2,The President of the ECB will comment on the considerations underlying these decisions at a press conference starting at 2.30 p.m.,True,neutral,0.0009846235625445843,0.0023390352725982666,0.9966763257980347,-0.0013544117100536823,ecb_stmt_reg_v2.csv
ecb_stmt,ecb_stmt_20131205,2013-12-05,ECB,statement,ecb_statements,3,CET today.,False,neutral,0.0007886929088272154,0.0017635154072195292,0.9974477887153625,-0.0009748224983923137,ecb_stmt_reg_v2.csv
ecb_stmt,ecb_stmt_20140109,2014-01-09,ECB,statement,ecb_statements,1,The Governing Council of the European Central Bank (ECB) has adopted an opinion on a recommendation from the Council of the European Union on the appointment of a new member of the Executive Board of the ECB.,False,neutral,0.0019229217432439327,0.003922528121620417,0.9941545128822327,-0.001999606378376484,ecb_stmt_reg_v2.csv
ecb_stmt,ecb_stmt_20140109,2014-01-09,ECB,statement,ecb_statements,2,"The Governing Council had no objections to the proposed candidate, Sabine Lautenschläger, who is a person of recognised standing and professional experience in monetary or banking matters, as required by Article 283(2) of the Treaty on the Functioning of the European Union.",False,neutral,0.018426991999149323,0.026241235435009003,0.9553318023681641,-0.00781424343585968,ecb_stmt_reg_v2.csv
ecb_stmt,ecb_stmt_20140109,2014-01-09,ECB,statement,ecb_statements,3,"Following the Governing Council’s opinion and an opinion of the European Parliament, the decision on the appointment will be taken by the European Council, with the votes of its euro area members.",True,neutral,0.006368583999574184,0.008876509964466095,0.9847549200057983,-0.0025079259648919106,ecb_stmt_reg_v2.csv
ecb_stmt,ecb_stmt_20140109,2014-01-09,ECB,statement,ecb_statements,4,"The ECB opinion, which will be published shortly in the Official Journal of the European Union, is available on the ECB’s website in all the official EU languages.",True,neutral,0.0007384835625998676,0.0011870282469317317,0.9980745315551758,-0.0004485446843318641,ecb_stmt_reg_v2.csv
ecb_stmt,ecb_stmt_20140206,2014-02-06,ECB,statement,ecb_statements,1,"At today’s meeting the Governing Council of the ECB decided that the interest rate on the main refinancing operations and the interest rates on the marginal lending facility and the deposit facility will remain unchanged at 0.25%, 0.75% and 0.00% respectively.",True,neutral,0.001072328770533204,0.07771402597427368,0.921213686466217,-0.07664169720374048,ecb_stmt_reg_v2.csv
ecb_stmt,ecb_stmt_20140206,2014-02-06,ECB,statement,ecb_statements,2,The President of the ECB will comment on the considerations underlying these decisions at a press conference starting at 2.30 p.m.,True,neutral,0.0009846235625445843,0.0023390352725982666,0.9966763257980347,-0.0013544117100536823,ecb_stmt_reg_v2.csv
ecb_stmt,ecb_stmt_20140206,2014-02-06,ECB,statement,ecb_statements,3,CET today.,False,neutral,0.0007886929088272154,0.0017635154072195292,0.9974477887153625,-0.0009748224983923137,ecb_stmt_reg_v2.csv
ecb_stmt,ecb_stmt_20140306,2014-03-06,ECB,statement,ecb_statements,1,"At today’s meeting the Governing Council of the ECB decided that the interest rate on the main refinancing operations and the interest rates on the marginal lending facility and the deposit facility will remain unchanged at 0.25%, 0.75% and 0.00% respectively.",True,neutral,0.001072328770533204,0.07771402597427368,0.921213686466217,-0.07664169720374048,ecb_stmt_reg_v2.csv
ecb_stmt,ecb_stmt_20140306,2014-03-06,ECB,statement,ecb_statements,2,The President of the ECB will comment on the considerations underlying these decisions at a press conference starting at 2.30 p.m.,True,neutral,0.0009846235625445843,0.0023390352725982666,0.9966763257980347,-0.0013544117100536823,ecb_stmt_reg_v2.csv
ecb_stmt,ecb_stmt_20140306,2014-03-06,ECB,statement,ecb_statements,3,CET today.,False,neutral,0.0007886929088272154,0.0017635154072195292,0.9974477887153625,-0.0009748224983923137,ecb_stmt_reg_v2.csv
ecb_stmt,ecb_stmt_20140403,2014-04-03,ECB,statement,ecb_statements,1,"At today’s meeting the Governing Council of the ECB decided that the interest rate on the main refinancing operations and the interest rates on the marginal lending facility and the deposit facility will remain unchanged at 0.25%, 0.75% and 0.00% respectively.",True,neutral,0.001072328770533204,0.07771402597427368,0.921213686466217,-0.07664169720374048,ecb_stmt_reg_v2.csv
ecb_stmt,ecb_stmt_20140403,2014-04-03,ECB,statement,ecb_statements,2,The President of the ECB will comment on the considerations underlying these decisions at a press conference starting at 2.30 p.m.,True,neutral,0.0009846235625445843,0.0023390352725982666,0.9966763257980347,-0.0013544117100536823,ecb_stmt_reg_v2.csv
ecb_stmt,ecb_stmt_20140403,2014-04-03,ECB,statement,ecb_statements,3,CET today.,False,neutral,0.0007886929088272154,0.0017635154072195292,0.9974477887153625,-0.0009748224983923137,ecb_stmt_reg_v2.csv
ecb_stmt,ecb_stmt_20140508,2014-05-08,ECB,statement,ecb_statements,1,"At today’s meeting, which was held in Brussels, the Governing Council of the ECB decided that the interest rate on the main refinancing operations and the interest rates on the marginal lending facility and the deposit facility will remain unchanged at 0.25%, 0.75% and 0.00% respectively.",True,neutral,0.0009704350959509611,0.04507681727409363,0.9539527893066406,-0.04410638217814267,ecb_stmt_reg_v2.csv
ecb_stmt,ecb_stmt_20140508,2014-05-08,ECB,statement,ecb_statements,2,The President of the ECB will comment on the considerations underlying these decisions at a press conference starting at 2.30 p.m.,True,neutral,0.0009846235625445843,0.0023390352725982666,0.9966763257980347,-0.0013544117100536823,ecb_stmt_reg_v2.csv
ecb_stmt,ecb_stmt_20140508,2014-05-08,ECB,statement,ecb_statements,3,CET today.,False,neutral,0.0007886929088272154,0.0017635154072195292,0.9974477887153625,-0.0009748224983923137,ecb_stmt_reg_v2.csv
ecb_stmt,ecb_stmt_20140605,2014-06-05,ECB,statement,ecb_statements,1,At today’s meeting the Governing Council of the ECB took the following monetary policy decisions: The President of the ECB will comment on the considerations underlying these decisions at a press conference starting at 2.30 p.m.,True,neutral,0.000615798810031265,0.0013476577587425709,0.9980365633964539,-0.0007318589487113059,ecb_stmt_reg_v2.csv
ecb_stmt,ecb_stmt_20140605,2014-06-05,ECB,statement,ecb_statements,2,CET today.,False,neutral,0.0007886929088272154,0.0017635154072195292,0.9974477887153625,-0.0009748224983923137,ecb_stmt_reg_v2.csv
ecb_stmt,ecb_stmt_20140605,2014-06-05,ECB,statement,ecb_statements,3,Further monetary policy measures to enhance the functioning of the monetary policy transmission mechanism will be communicated in a press release to be published at 3.30 p.m.,True,hawkish,0.4529387950897217,0.1232234314084053,0.4238377511501312,0.3297153636813164,ecb_stmt_reg_v2.csv
ecb_stmt,ecb_stmt_20140605,2014-06-05,ECB,statement,ecb_statements,4,CET today.,False,neutral,0.0007886929088272154,0.0017635154072195292,0.9974477887153625,-0.0009748224983923137,ecb_stmt_reg_v2.csv
ecb_stmt,ecb_stmt_20140703,2014-07-03,ECB,statement,ecb_statements,1,"At today’s meeting the Governing Council of the ECB decided that the interest rate on the main refinancing operations and the interest rates on the marginal lending facility and the deposit facility will remain unchanged at 0.15%, 0.40% and -0.10% respectively.",True,neutral,0.0012220077915117145,0.07414065301418304,0.9246373176574707,-0.07291864522267133,ecb_stmt_reg_v2.csv
ecb_stmt,ecb_stmt_20140703,2014-07-03,ECB,statement,ecb_statements,2,The President of the ECB will comment on the considerations underlying these decisions at a press conference starting at 2.30 p.m.,True,neutral,0.0009846235625445843,0.0023390352725982666,0.9966763257980347,-0.0013544117100536823,ecb_stmt_reg_v2.csv
ecb_stmt,ecb_stmt_20140703,2014-07-03,ECB,statement,ecb_statements,3,CET today.,False,neutral,0.0007886929088272154,0.0017635154072195292,0.9974477887153625,-0.0009748224983923137,ecb_stmt_reg_v2.csv
ecb_stmt,ecb_stmt_20140807,2014-08-07,ECB,statement,ecb_statements,1,"At today’s meeting the Governing Council of the ECB decided that the interest rate on the main refinancing operations and the interest rates on the marginal lending facility and the deposit facility will remain unchanged at 0.15%, 0.40% and -0.10% respectively.",True,neutral,0.0012220077915117145,0.07414065301418304,0.9246373176574707,-0.07291864522267133,ecb_stmt_reg_v2.csv
ecb_stmt,ecb_stmt_20140807,2014-08-07,ECB,statement,ecb_statements,2,The President of the ECB will comment on the considerations underlying these decisions at a press conference starting at 2.30 p.m.,True,neutral,0.0009846235625445843,0.0023390352725982666,0.9966763257980347,-0.0013544117100536823,ecb_stmt_reg_v2.csv
ecb_stmt,ecb_stmt_20140807,2014-08-07,ECB,statement,ecb_statements,3,CET today.,False,neutral,0.0007886929088272154,0.0017635154072195292,0.9974477887153625,-0.0009748224983923137,ecb_stmt_reg_v2.csv
ecb_stmt,ecb_stmt_20140904,2014-09-04,ECB,statement,ecb_statements,1,At today’s meeting the Governing Council of the ECB took the following monetary policy decisions: The President of the ECB will comment on the considerations underlying these decisions at a press conference starting at 2.30 p.m.,True,neutral,0.000615798810031265,0.0013476577587425709,0.9980365633964539,-0.0007318589487113059,ecb_stmt_reg_v2.csv
ecb_stmt,ecb_stmt_20140904,2014-09-04,ECB,statement,ecb_statements,2,CET today.,False,neutral,0.0007886929088272154,0.0017635154072195292,0.9974477887153625,-0.0009748224983923137,ecb_stmt_reg_v2.csv
ecb_stmt,ecb_stmt_20141002,2014-10-02,ECB,statement,ecb_statements,1,"At today’s meeting, which was held in Naples, the Governing Council of the ECB decided that the interest rate on the main refinancing operations and the interest rates on the marginal lending facility and the deposit facility will remain unchanged at 0.05%, 0.30% and -0.20% respectively.",True,neutral,0.0010999268852174282,0.03909694775938988,0.9598031044006348,-0.03799702087417245,ecb_stmt_reg_v2.csv
ecb_stmt,ecb_stmt_20141002,2014-10-02,ECB,statement,ecb_statements,2,The President of the ECB will comment on the considerations underlying these decisions at a press conference starting at 2.30 p.m.,True,neutral,0.0009846235625445843,0.0023390352725982666,0.9966763257980347,-0.0013544117100536823,ecb_stmt_reg_v2.csv
ecb_stmt,ecb_stmt_20141002,2014-10-02,ECB,statement,ecb_statements,3,CET today.,False,neutral,0.0007886929088272154,0.0017635154072195292,0.9974477887153625,-0.0009748224983923137,ecb_stmt_reg_v2.csv
ecb_stmt,ecb_stmt_20141106,2014-11-06,ECB,statement,ecb_statements,1,"At today’s meeting the Governing Council of the ECB decided that the interest rate on the main refinancing operations and the interest rates on the marginal lending facility and the deposit facility will remain unchanged at 0.05%, 0.30% and -0.20% respectively.",True,neutral,0.0012319363886490464,0.07387224584817886,0.9248957633972168,-0.07264030945952982,ecb_stmt_reg_v2.csv
ecb_stmt,ecb_stmt_20141106,2014-11-06,ECB,statement,ecb_statements,2,The President of the ECB will comment on the considerations underlying these decisions at a press conference starting at 2.30 p.m.,True,neutral,0.0009846235625445843,0.0023390352725982666,0.9966763257980347,-0.0013544117100536823,ecb_stmt_reg_v2.csv
ecb_stmt,ecb_stmt_20141106,2014-11-06,ECB,statement,ecb_statements,3,CET today.,False,neutral,0.0007886929088272154,0.0017635154072195292,0.9974477887153625,-0.0009748224983923137,ecb_stmt_reg_v2.csv
ecb_stmt,ecb_stmt_20141204,2014-12-04,ECB,statement,ecb_statements,1,"At today’s meeting the Governing Council of the ECB decided that the interest rate on the main refinancing operations and the interest rates on the marginal lending facility and the deposit facility will remain unchanged at 0.05%, 0.30% and -0.20% respectively.",True,neutral,0.0012319363886490464,0.07387224584817886,0.9248957633972168,-0.07264030945952982,ecb_stmt_reg_v2.csv
ecb_stmt,ecb_stmt_20141204,2014-12-04,ECB,statement,ecb_statements,2,The President of the ECB will comment on the considerations underlying these decisions at a press conference starting at 2.30 p.m.,True,neutral,0.0009846235625445843,0.0023390352725982666,0.9966763257980347,-0.0013544117100536823,ecb_stmt_reg_v2.csv
ecb_stmt,ecb_stmt_20141204,2014-12-04,ECB,statement,ecb_statements,3,CET today.,False,neutral,0.0007886929088272154,0.0017635154072195292,0.9974477887153625,-0.0009748224983923137,ecb_stmt_reg_v2.csv
ecb_stmt,ecb_stmt_20150122,2015-01-22,ECB,statement,ecb_statements,1,"At today’s meeting the Governing Council of the ECB decided that the interest rate on the main refinancing operations and the interest rates on the marginal lending facility and the deposit facility will remain unchanged at 0.05%, 0.30% and -0.20% respectively.",True,neutral,0.0012319363886490464,0.07387224584817886,0.9248957633972168,-0.07264030945952982,ecb_stmt_reg_v2.csv
ecb_stmt,ecb_stmt_20150122,2015-01-22,ECB,statement,ecb_statements,2,Further monetary policy measures will be communicated by the President of the ECB at a press conference starting at 2.30 p.m.,True,neutral,0.0007437405292876065,0.001899207942187786,0.9973570108413696,-0.0011554674129001796,ecb_stmt_reg_v2.csv
ecb_stmt,ecb_stmt_20150122,2015-01-22,ECB,statement,ecb_statements,3,CET today.,False,neutral,0.0007886929088272154,0.0017635154072195292,0.9974477887153625,-0.0009748224983923137,ecb_stmt_reg_v2.csv
ecb_stmt,ecb_stmt_20150305,2015-03-05,ECB,statement,ecb_statements,1,"At today’s meeting, which was held in Nicosia, the Governing Council of the ECB decided that the interest rate on the main refinancing operations and the interest rates on the marginal lending facility and the deposit facility will remain unchanged at 0.05%, 0.30% and -0.20% respectively.",True,neutral,0.0008775548194535077,0.02161184512078762,0.9775106310844421,-0.020734290301334113,ecb_stmt_reg_v2.csv
ecb_stmt,ecb_stmt_20150305,2015-03-05,ECB,statement,ecb_statements,2,The President of the ECB will comment on the considerations underlying these decisions at a press conference starting at 2.30 p.m.,True,neutral,0.0009846235625445843,0.0023390352725982666,0.9966763257980347,-0.0013544117100536823,ecb_stmt_reg_v2.csv
ecb_stmt,ecb_stmt_20150305,2015-03-05,ECB,statement,ecb_statements,3,CET today.,False,neutral,0.0007886929088272154,0.0017635154072195292,0.9974477887153625,-0.0009748224983923137,ecb_stmt_reg_v2.csv
ecb_stmt,ecb_stmt_20150415,2015-04-15,ECB,statement,ecb_statements,1,"At today’s meeting the Governing Council of the ECB decided that the interest rate on the main refinancing operations and the interest rates on the marginal lending facility and the deposit facility will remain unchanged at 0.05%, 0.30% and -0.20% respectively.",True,neutral,0.0012319363886490464,0.07387224584817886,0.9248957633972168,-0.07264030945952982,ecb_stmt_reg_v2.csv
ecb_stmt,ecb_stmt_20150415,2015-04-15,ECB,statement,ecb_statements,2,The President of the ECB will comment on the considerations underlying these decisions at a press conference starting at 14.30 CET today.,True,neutral,0.0007154492195695639,0.0016473035793751478,0.9976372122764587,-0.000931854359805584,ecb_stmt_reg_v2.csv
ecb_stmt,ecb_stmt_20150603,2015-06-03,ECB,statement,ecb_statements,1,"At today’s meeting the Governing Council of the ECB decided that the interest rate on the main refinancing operations and the interest rates on the marginal lending facility and the deposit facility will remain unchanged at 0.05%, 0.30% and -0.20% respectively.",True,neutral,0.0012319363886490464,0.07387224584817886,0.9248957633972168,-0.07264030945952982,ecb_stmt_reg_v2.csv
ecb_stmt,ecb_stmt_20150603,2015-06-03,ECB,statement,ecb_statements,2,The President of the ECB will comment on the considerations underlying these decisions at a press conference starting at 14.30 CET today.,True,neutral,0.0007154492195695639,0.0016473035793751478,0.9976372122764587,-0.000931854359805584,ecb_stmt_reg_v2.csv
ecb_stmt,ecb_stmt_20150603,2015-06-03,ECB,statement,ecb_statements,3,Directorate General Communications Reproduction is permitted provided that the source is acknowledged.,False,neutral,0.047414593398571014,0.06088154762983322,0.8917038440704346,-0.013466954231262207,ecb_stmt_reg_v2.csv
ecb_stmt,ecb_stmt_20150603,2015-06-03,ECB,statement,ecb_statements,4,Find out more about related content,False,neutral,0.0013540757354348898,0.0056015364825725555,0.993044376373291,-0.004247460747137666,ecb_stmt_reg_v2.csv
ecb_stmt,ecb_stmt_20150716,2015-07-16,ECB,statement,ecb_statements,1,"At today’s meeting the Governing Council of the ECB decided that the interest rate on the main refinancing operations and the interest rates on the marginal lending facility and the deposit facility will remain unchanged at 0.05%, 0.30% and -0.20% respectively.",True,neutral,0.0012319363886490464,0.07387224584817886,0.9248957633972168,-0.07264030945952982,ecb_stmt_reg_v2.csv
ecb_stmt,ecb_stmt_20150716,2015-07-16,ECB,statement,ecb_statements,2,The President of the ECB will comment on the considerations underlying these decisions at a press conference starting at 14.30 CET today.,True,neutral,0.0007154492195695639,0.0016473035793751478,0.9976372122764587,-0.000931854359805584,ecb_stmt_reg_v2.csv
ecb_stmt,ecb_stmt_20150716,2015-07-16,ECB,statement,ecb_statements,3,Directorate General Communications Reproduction is permitted provided that the source is acknowledged.,False,neutral,0.047414593398571014,0.06088154762983322,0.8917038440704346,-0.013466954231262207,ecb_stmt_reg_v2.csv
ecb_stmt,ecb_stmt_20150716,2015-07-16,ECB,statement,ecb_statements,4,Find out more about related content Live webcastECB press conference,False,neutral,0.0012157856253907084,0.00215892237611115,0.9966252446174622,-0.0009431367507204413,ecb_stmt_reg_v2.csv
ecb_stmt,ecb_stmt_20150903,2015-09-03,ECB,statement,ecb_statements,1,"At today’s meeting the Governing Council of the ECB decided that the interest rate on the main refinancing operations and the interest rates on the marginal lending facility and the deposit facility will remain unchanged at 0.05%, 0.30% and -0.20% respectively.",True,neutral,0.0012319363886490464,0.07387224584817886,0.9248957633972168,-0.07264030945952982,ecb_stmt_reg_v2.csv
ecb_stmt,ecb_stmt_20150903,2015-09-03,ECB,statement,ecb_statements,2,The President of the ECB will comment on the considerations underlying these decisions at a press conference starting at 14:30 CET today.,True,neutral,0.0007153104525059462,0.001840935554355383,0.9974437355995178,-0.0011256251018494368,ecb_stmt_reg_v2.csv
ecb_stmt,ecb_stmt_20150903,2015-09-03,ECB,statement,ecb_statements,3,Directorate General Communications Reproduction is permitted provided that the source is acknowledged.,False,neutral,0.047414593398571014,0.06088154762983322,0.8917038440704346,-0.013466954231262207,ecb_stmt_reg_v2.csv
ecb_stmt,ecb_stmt_20150903,2015-09-03,ECB,statement,ecb_statements,4,Find out more about related content,False,neutral,0.0013540757354348898,0.0056015364825725555,0.993044376373291,-0.004247460747137666,ecb_stmt_reg_v2.csv
ecb_stmt,ecb_stmt_20151022,2015-10-22,ECB,statement,ecb_statements,1,"At today’s meeting, which was held in Malta, the Governing Council of the ECB decided that the interest rate on the main refinancing operations and the interest rates on the marginal lending facility and the deposit facility will remain unchanged at 0.05%, 0.30% and -0.20% respectively.",True,neutral,0.0010737800039350986,0.022708967328071594,0.9762172698974609,-0.021635187324136496,ecb_stmt_reg_v2.csv
ecb_stmt,ecb_stmt_20151022,2015-10-22,ECB,statement,ecb_statements,2,The President of the ECB will comment on the considerations underlying these decisions at a press conference starting at 14:30 CET today.,True,neutral,0.0007153104525059462,0.001840935554355383,0.9974437355995178,-0.0011256251018494368,ecb_stmt_reg_v2.csv
ecb_stmt,ecb_stmt_20151022,2015-10-22,ECB,statement,ecb_statements,3,Directorate General Communications Reproduction is permitted provided that the source is acknowledged.,False,neutral,0.047414593398571014,0.06088154762983322,0.8917038440704346,-0.013466954231262207,ecb_stmt_reg_v2.csv
ecb_stmt,ecb_stmt_20151022,2015-10-22,ECB,statement,ecb_statements,4,Find out more about related content,False,neutral,0.0013540757354348898,0.0056015364825725555,0.993044376373291,-0.004247460747137666,ecb_stmt_reg_v2.csv
ecb_stmt,ecb_stmt_20151203,2015-12-03,ECB,statement,ecb_statements,1,"At today’s meeting the Governing Council of the ECB decided that the interest rate on the deposit facility will be decreased by 10 basis points to -0.30%, with effect from 9 December 2015.",True,dovish,0.0005958727560937405,0.9983460307121277,0.0010581165552139282,-0.997750157956034,ecb_stmt_reg_v2.csv
ecb_stmt,ecb_stmt_20151203,2015-12-03,ECB,statement,ecb_statements,2,The interest rate on the main refinancing operations and the interest rate on the marginal lending facility will remain unchanged at 0.05% and 0.30% respectively.,True,neutral,0.0006542856572195888,0.0031798798590898514,0.9961658120155334,-0.0025255942018702626,ecb_stmt_reg_v2.csv
ecb_stmt,ecb_stmt_20151203,2015-12-03,ECB,statement,ecb_statements,3,Further monetary policy measures will be communicated by the President of the ECB at a press conference starting at 14:30 CET today.,True,neutral,0.0006427497137337923,0.0014541278360411525,0.9979031085968018,-0.0008113781223073602,ecb_stmt_reg_v2.csv
ecb_stmt,ecb_stmt_20151203,2015-12-03,ECB,statement,ecb_statements,4,Directorate General Communications Reproduction is permitted provided that the source is acknowledged.,False,neutral,0.047414593398571014,0.06088154762983322,0.8917038440704346,-0.013466954231262207,ecb_stmt_reg_v2.csv
ecb_stmt,ecb_stmt_20151203,2015-12-03,ECB,statement,ecb_statements,5,Find out more about related content,False,neutral,0.0013540757354348898,0.0056015364825725555,0.993044376373291,-0.004247460747137666,ecb_stmt_reg_v2.csv
ecb_stmt,ecb_stmt_20160121,2016-01-21,ECB,statement,ecb_statements,1,"At today’s meeting the Governing Council of the ECB decided that the interest rate on the main refinancing operations and the interest rates on the marginal lending facility and the deposit facility will remain unchanged at 0.05%, 0.30% and -0.30% respectively.",True,neutral,0.0012526793871074915,0.0818568766117096,0.9168904423713684,-0.0806041972246021,ecb_stmt_reg_v2.csv
ecb_stmt,ecb_stmt_20160121,2016-01-21,ECB,statement,ecb_statements,2,The President of the ECB will comment on the considerations underlying these decisions at a press conference starting at 14:30 CET today.,True,neutral,0.0007153104525059462,0.001840935554355383,0.9974437355995178,-0.0011256251018494368,ecb_stmt_reg_v2.csv
ecb_stmt,ecb_stmt_20160121,2016-01-21,ECB,statement,ecb_statements,3,Directorate General Communications Reproduction is permitted provided that the source is acknowledged.,False,neutral,0.047414593398571014,0.06088154762983322,0.8917038440704346,-0.013466954231262207,ecb_stmt_reg_v2.csv
ecb_stmt,ecb_stmt_20160121,2016-01-21,ECB,statement,ecb_statements,4,Find out more about related content,False,neutral,0.0013540757354348898,0.0056015364825725555,0.993044376373291,-0.004247460747137666,ecb_stmt_reg_v2.csv
ecb_stmt,ecb_stmt_20160310,2016-03-10,ECB,statement,ecb_statements,1,"At today’s meeting the Governing Council of the ECB took the following monetary policy decisions: (1) The interest rate on the main refinancing operations of the Eurosystem will be decreased by 5 basis points to 0.00%, starting from the operation to be settled on 16 March 2016.",True,dovish,0.00199620402418077,0.9944452047348022,0.003558618947863579,-0.9924490007106215,ecb_stmt_reg_v2.csv
ecb_stmt,ecb_stmt_20160310,2016-03-10,ECB,statement,ecb_statements,2,"(2) The interest rate on the marginal lending facility will be decreased by 5 basis points to 0.25%, with effect from 16 March 2016.",True,dovish,0.0023485245183110237,0.9948733448982239,0.002778068883344531,-0.9925248203799129,ecb_stmt_reg_v2.csv
ecb_stmt,ecb_stmt_20160310,2016-03-10,ECB,statement,ecb_statements,3,"(3) The interest rate on the deposit facility will be decreased by 10 basis points to -0.40%, with effect from 16 March 2016.",True,dovish,0.001405252143740654,0.9969194531440735,0.0016753094969317317,-0.9955142010003328,ecb_stmt_reg_v2.csv
ecb_stmt,ecb_stmt_20160310,2016-03-10,ECB,statement,ecb_statements,4,(4) The monthly purchases under the asset purchase programme will be expanded to €80 billion starting in April.,True,hawkish,0.6785734295845032,0.02757384441792965,0.29385268688201904,0.6509995851665735,ecb_stmt_reg_v2.csv
ecb_stmt,ecb_stmt_20160310,2016-03-10,ECB,statement,ecb_statements,5,(5) Investment grade euro-denominated bonds issued by non-bank corporations established in the euro area will be included in the list of assets that are eligible for regular purchases.,True,neutral,0.004739588592201471,0.0032830170821398497,0.9919773936271667,0.0014565715100616217,ecb_stmt_reg_v2.csv
ecb_stmt,ecb_stmt_20160310,2016-03-10,ECB,statement,ecb_statements,6,"(6) A new series of four targeted longer-term refinancing operations (TLTRO II), each with a maturity of four years, will be launched, starting in June 2016.",True,neutral,0.03635258600115776,0.0010526104597374797,0.9625948667526245,0.03529997554142028,ecb_stmt_reg_v2.csv
ecb_stmt,ecb_stmt_20160310,2016-03-10,ECB,statement,ecb_statements,7,Borrowing conditions in these operations can be as low as the interest rate on the deposit facility.,False,dovish,0.0011378800263628364,0.9871203303337097,0.011741754598915577,-0.9859824503073469,ecb_stmt_reg_v2.csv
ecb_stmt,ecb_stmt_20160310,2016-03-10,ECB,statement,ecb_statements,8,The President of the ECB will comment on the considerations underlying these decisions at a press conference starting at 14:30 CET today.,True,neutral,0.0007153104525059462,0.001840935554355383,0.9974437355995178,-0.0011256251018494368,ecb_stmt_reg_v2.csv
ecb_stmt,ecb_stmt_20160310,2016-03-10,ECB,statement,ecb_statements,9,Directorate General Communications Reproduction is permitted provided that the source is acknowledged.,False,neutral,0.047414593398571014,0.06088154762983322,0.8917038440704346,-0.013466954231262207,ecb_stmt_reg_v2.csv
ecb_stmt,ecb_stmt_20160310,2016-03-10,ECB,statement,ecb_statements,10,Find out more about related content,False,neutral,0.0013540757354348898,0.0056015364825725555,0.993044376373291,-0.004247460747137666,ecb_stmt_reg_v2.csv
ecb_stmt,ecb_stmt_20160421,2016-04-21,ECB,statement,ecb_statements,1,"At today’s meeting the Governing Council of the ECB decided that the interest rate on the main refinancing operations and the interest rates on the marginal lending facility and the deposit facility will remain unchanged at 0.00%, 0.25% and -0.40% respectively.",True,neutral,0.0011925300350412726,0.20094479620456696,0.7978626489639282,-0.19975226616952568,ecb_stmt_reg_v2.csv
ecb_stmt,ecb_stmt_20160421,2016-04-21,ECB,statement,ecb_statements,2,"Regarding non-standard monetary policy measures, we have started to expand our monthly purchases under the asset purchase programme to €80 billion.",False,hawkish,0.9362078905105591,0.014488864690065384,0.04930323734879494,0.9217190258204937,ecb_stmt_reg_v2.csv
ecb_stmt,ecb_stmt_20160421,2016-04-21,ECB,statement,ecb_statements,3,The focus is now on the implementation of the additional non-standard measures decided on 10 March 2016.,False,neutral,0.004690090660005808,0.007923760451376438,0.9873861074447632,-0.0032336697913706303,ecb_stmt_reg_v2.csv
ecb_stmt,ecb_stmt_20160421,2016-04-21,ECB,statement,ecb_statements,4,Further information on the implementation aspects of the corporate sector purchase programme will be released after the press conference on the ECB’s website.,True,neutral,0.0005958268302492797,0.0011351059656590223,0.9982690811157227,-0.0005392791354097426,ecb_stmt_reg_v2.csv
ecb_stmt,ecb_stmt_20160421,2016-04-21,ECB,statement,ecb_statements,5,The President of the ECB will comment on the considerations underlying these decisions at a press conference starting at 14:30 CET today.,True,neutral,0.0007153104525059462,0.001840935554355383,0.9974437355995178,-0.0011256251018494368,ecb_stmt_reg_v2.csv
ecb_stmt,ecb_stmt_20160421,2016-04-21,ECB,statement,ecb_statements,6,Directorate General Communications Reproduction is permitted provided that the source is acknowledged.,False,neutral,0.047414593398571014,0.06088154762983322,0.8917038440704346,-0.013466954231262207,ecb_stmt_reg_v2.csv
ecb_stmt,ecb_stmt_20160421,2016-04-21,ECB,statement,ecb_statements,7,Find out more about related content,False,neutral,0.0013540757354348898,0.0056015364825725555,0.993044376373291,-0.004247460747137666,ecb_stmt_reg_v2.csv
ecb_stmt,ecb_stmt_20160602,2016-06-02,ECB,statement,ecb_statements,1,"At today’s meeting, which was held in Vienna, the Governing Council of the ECB decided that the interest rate on the main refinancing operations and the interest rates on the marginal lending facility and the deposit facility will remain unchanged at 0.00%, 0.25% and -0.40% respectively.",True,neutral,0.000996550777927041,0.16435252130031586,0.834650993347168,-0.16335597052238882,ecb_stmt_reg_v2.csv
ecb_stmt,ecb_stmt_20160602,2016-06-02,ECB,statement,ecb_statements,2,"Regarding non-standard monetary policy measures, on 8 June the Eurosystem will start making purchases under its corporate sector purchase programme (CSPP).",True,neutral,0.002054063370451331,0.002278086030855775,0.9956678748130798,-0.00022402266040444374,ecb_stmt_reg_v2.csv
ecb_stmt,ecb_stmt_20160602,2016-06-02,ECB,statement,ecb_statements,3,"Moreover, starting on 22 June, it will conduct the first operation in its new series of targeted longer-term refinancing operations.",True,neutral,0.1403728425502777,0.0014170806389302015,0.8582100868225098,0.1389557619113475,ecb_stmt_reg_v2.csv
ecb_stmt,ecb_stmt_20160602,2016-06-02,ECB,statement,ecb_statements,4,Further information on implementation aspects of the CSPP will be released after the press conference on the ECB’s website.,True,neutral,0.0011104191653430462,0.0011235084384679794,0.9977660775184631,-1.3089273124933243e-05,ecb_stmt_reg_v2.csv
ecb_stmt,ecb_stmt_20160602,2016-06-02,ECB,statement,ecb_statements,5,The President of the ECB will comment on the considerations underlying these decisions at a press conference starting at 14:30 CET today.,True,neutral,0.0007153104525059462,0.001840935554355383,0.9974437355995178,-0.0011256251018494368,ecb_stmt_reg_v2.csv
ecb_stmt,ecb_stmt_20160602,2016-06-02,ECB,statement,ecb_statements,6,Directorate General Communications Reproduction is permitted provided that the source is acknowledged.,False,neutral,0.047414593398571014,0.06088154762983322,0.8917038440704346,-0.013466954231262207,ecb_stmt_reg_v2.csv
ecb_stmt,ecb_stmt_20160602,2016-06-02,ECB,statement,ecb_statements,7,Find out more about related content,False,neutral,0.0013540757354348898,0.0056015364825725555,0.993044376373291,-0.004247460747137666,ecb_stmt_reg_v2.csv
ecb_stmt,ecb_stmt_20160721,2016-07-21,ECB,statement,ecb_statements,1,"At today’s meeting the Governing Council of the ECB decided that the interest rate on the main refinancing operations and the interest rates on the marginal lending facility and the deposit facility will remain unchanged at 0.00%, 0.25% and -0.40% respectively.",True,neutral,0.0011925300350412726,0.20094479620456696,0.7978626489639282,-0.19975226616952568,ecb_stmt_reg_v2.csv
ecb_stmt,ecb_stmt_20160721,2016-07-21,ECB,statement,ecb_statements,2,"The Governing Council continues to expect the key ECB interest rates to remain at present or lower levels for an extended period of time, and well past the horizon of the net asset purchases.",True,dovish,0.00032288036891259253,0.5222771763801575,0.4773999750614166,-0.5219542960112449,ecb_stmt_reg_v2.csv
ecb_stmt,ecb_stmt_20160721,2016-07-21,ECB,statement,ecb_statements,3,"Regarding non-standard monetary policy measures, the Governing Council confirms that the monthly asset purchases of €80 billion are intended to run until the end of March 2017, or beyond, if necessary, and in any case until it sees a sustained adjustment in the path of inflation consistent with its inflation aim.",True,neutral,0.11972405761480331,0.02174622006714344,0.8585296869277954,0.09797783754765987,ecb_stmt_reg_v2.csv
ecb_stmt,ecb_stmt_20160721,2016-07-21,ECB,statement,ecb_statements,4,The President of the ECB will comment on the considerations underlying these decisions at a press conference starting at 14:30 CET today.,True,neutral,0.0007153104525059462,0.001840935554355383,0.9974437355995178,-0.0011256251018494368,ecb_stmt_reg_v2.csv
ecb_stmt,ecb_stmt_20160721,2016-07-21,ECB,statement,ecb_statements,5,Directorate General Communications Reproduction is permitted provided that the source is acknowledged.,False,neutral,0.047414593398571014,0.06088154762983322,0.8917038440704346,-0.013466954231262207,ecb_stmt_reg_v2.csv
ecb_stmt,ecb_stmt_20160721,2016-07-21,ECB,statement,ecb_statements,6,Find out more about related content,False,neutral,0.0013540757354348898,0.0056015364825725555,0.993044376373291,-0.004247460747137666,ecb_stmt_reg_v2.csv
ecb_stmt,ecb_stmt_20160908,2016-09-08,ECB,statement,ecb_statements,1,"At today’s meeting the Governing Council of the ECB decided that the interest rate on the main refinancing operations and the interest rates on the marginal lending facility and the deposit facility will remain unchanged at 0.00%, 0.25% and -0.40% respectively.",True,neutral,0.0011925300350412726,0.20094479620456696,0.7978626489639282,-0.19975226616952568,ecb_stmt_reg_v2.csv
ecb_stmt,ecb_stmt_20160908,2016-09-08,ECB,statement,ecb_statements,2,"The Governing Council continues to expect the key ECB interest rates to remain at present or lower levels for an extended period of time, and well past the horizon of the net asset purchases.",True,dovish,0.00032288036891259253,0.5222771763801575,0.4773999750614166,-0.5219542960112449,ecb_stmt_reg_v2.csv
ecb_stmt,ecb_stmt_20160908,2016-09-08,ECB,statement,ecb_statements,3,"Regarding non-standard monetary policy measures, the Governing Council confirms that the monthly asset purchases of €80 billion are intended to run until the end of March 2017, or beyond, if necessary, and in any case until it sees a sustained adjustment in the path of inflation consistent with its inflation aim.",True,neutral,0.11972405761480331,0.02174622006714344,0.8585296869277954,0.09797783754765987,ecb_stmt_reg_v2.csv
ecb_stmt,ecb_stmt_20160908,2016-09-08,ECB,statement,ecb_statements,4,The President of the ECB will comment on the considerations underlying these decisions at a press conference starting at 14:30 CET today.,True,neutral,0.0007153104525059462,0.001840935554355383,0.9974437355995178,-0.0011256251018494368,ecb_stmt_reg_v2.csv
ecb_stmt,ecb_stmt_20160908,2016-09-08,ECB,statement,ecb_statements,5,Directorate General Communications Reproduction is permitted provided that the source is acknowledged.,False,neutral,0.047414593398571014,0.06088154762983322,0.8917038440704346,-0.013466954231262207,ecb_stmt_reg_v2.csv
ecb_stmt,ecb_stmt_20160908,2016-09-08,ECB,statement,ecb_statements,6,Find out more about related content,False,neutral,0.0013540757354348898,0.0056015364825725555,0.993044376373291,-0.004247460747137666,ecb_stmt_reg_v2.csv
ecb_stmt,ecb_stmt_20161020,2016-10-20,ECB,statement,ecb_statements,1,"At today’s meeting the Governing Council of the ECB decided that the interest rate on the main refinancing operations and the interest rates on the marginal lending facility and the deposit facility will remain unchanged at 0.00%, 0.25% and -0.40% respectively.",True,neutral,0.0011925300350412726,0.20094479620456696,0.7978626489639282,-0.19975226616952568,ecb_stmt_reg_v2.csv
ecb_stmt,ecb_stmt_20161020,2016-10-20,ECB,statement,ecb_statements,2,"The Governing Council continues to expect the key ECB interest rates to remain at present or lower levels for an extended period of time, and well past the horizon of the net asset purchases.",True,dovish,0.00032288036891259253,0.5222771763801575,0.4773999750614166,-0.5219542960112449,ecb_stmt_reg_v2.csv
ecb_stmt,ecb_stmt_20161020,2016-10-20,ECB,statement,ecb_statements,3,"Regarding non-standard monetary policy measures, the Governing Council confirms that the monthly asset purchases of €80 billion are intended to run until the end of March 2017, or beyond, if necessary, and in any case until it sees a sustained adjustment in the path of inflation consistent with its inflation aim.",True,neutral,0.11972405761480331,0.02174622006714344,0.8585296869277954,0.09797783754765987,ecb_stmt_reg_v2.csv
ecb_stmt,ecb_stmt_20161020,2016-10-20,ECB,statement,ecb_statements,4,The President of the ECB will comment on the considerations underlying these decisions at a press conference starting at 14:30 CET today.,True,neutral,0.0007153104525059462,0.001840935554355383,0.9974437355995178,-0.0011256251018494368,ecb_stmt_reg_v2.csv
ecb_stmt,ecb_stmt_20161020,2016-10-20,ECB,statement,ecb_statements,5,Directorate General Communications Reproduction is permitted provided that the source is acknowledged.,False,neutral,0.047414593398571014,0.06088154762983322,0.8917038440704346,-0.013466954231262207,ecb_stmt_reg_v2.csv
ecb_stmt,ecb_stmt_20161020,2016-10-20,ECB,statement,ecb_statements,6,Find out more about related content,False,neutral,0.0013540757354348898,0.0056015364825725555,0.993044376373291,-0.004247460747137666,ecb_stmt_reg_v2.csv
ecb_stmt,ecb_stmt_20161208,2016-12-08,ECB,statement,ecb_statements,1,"At today’s meeting the Governing Council of the ECB decided that the interest rate on the main refinancing operations and the interest rates on the marginal lending facility and the deposit facility will remain unchanged at 0.00%, 0.25% and -0.40% respectively.",True,neutral,0.0011925300350412726,0.20094479620456696,0.7978626489639282,-0.19975226616952568,ecb_stmt_reg_v2.csv
ecb_stmt,ecb_stmt_20161208,2016-12-08,ECB,statement,ecb_statements,2,"The Governing Council continues to expect the key ECB interest rates to remain at present or lower levels for an extended period of time, and well past the horizon of the net asset purchases.",True,dovish,0.00032288036891259253,0.5222771763801575,0.4773999750614166,-0.5219542960112449,ecb_stmt_reg_v2.csv
ecb_stmt,ecb_stmt_20161208,2016-12-08,ECB,statement,ecb_statements,3,"Regarding non-standard monetary policy measures, the Governing Council decided to continue its purchases under the asset purchase programme (APP) at the current monthly pace of €80 billion until the end of March 2017.",False,neutral,0.0015778860542923212,0.010564013384282589,0.9878581166267395,-0.008986127329990268,ecb_stmt_reg_v2.csv
ecb_stmt,ecb_stmt_20161208,2016-12-08,ECB,statement,ecb_statements,4,"From April 2017, the net asset purchases are intended to continue at a monthly pace of €60 billion until the end of December 2017, or beyond, if necessary, and in any case until the Governing Council sees a sustained adjustment in the path of inflation consistent with its inflation aim.",True,hawkish,0.5529320240020752,0.030710671097040176,0.4163573086261749,0.522221352905035,ecb_stmt_reg_v2.csv
ecb_stmt,ecb_stmt_20161208,2016-12-08,ECB,statement,ecb_statements,5,"If, in the meantime, the outlook becomes less favourable or if financial conditions become inconsistent with further progress towards a sustained adjustment of the path of inflation, the Governing Council intends to increase the programme in terms of size and/or duration.",True,hawkish,0.9018224477767944,0.013533915393054485,0.08464371412992477,0.88828853238374,ecb_stmt_reg_v2.csv
ecb_stmt,ecb_stmt_20161208,2016-12-08,ECB,statement,ecb_statements,6,The net purchases will be made alongside reinvestments of the principal payments from maturing securities purchased under the APP.,True,neutral,0.0006256842170841992,0.0010376410791650414,0.998336672782898,-0.00041195686208084226,ecb_stmt_reg_v2.csv
ecb_stmt,ecb_stmt_20161208,2016-12-08,ECB,statement,ecb_statements,7,"To ensure the continued smooth implementation of the Eurosystem’s asset purchases, the Governing Council decided to change some of the parameters of the APP, which will be communicated at today’s press conference and in a separate press release.",True,neutral,0.06057373061776161,0.31862586736679077,0.6208004355430603,-0.25805213674902916,ecb_stmt_reg_v2.csv
ecb_stmt,ecb_stmt_20161208,2016-12-08,ECB,statement,ecb_statements,8,The President of the ECB will comment on the considerations underlying these decisions at a press conference starting at 14:30 CET today.,True,neutral,0.0007153104525059462,0.001840935554355383,0.9974437355995178,-0.0011256251018494368,ecb_stmt_reg_v2.csv
ecb_stmt,ecb_stmt_20161208,2016-12-08,ECB,statement,ecb_statements,9,Directorate General Communications Reproduction is permitted provided that the source is acknowledged.,False,neutral,0.047414593398571014,0.06088154762983322,0.8917038440704346,-0.013466954231262207,ecb_stmt_reg_v2.csv
ecb_stmt,ecb_stmt_20161208,2016-12-08,ECB,statement,ecb_statements,10,Find out more about related content,False,neutral,0.0013540757354348898,0.0056015364825725555,0.993044376373291,-0.004247460747137666,ecb_stmt_reg_v2.csv
ecb_stmt,ecb_stmt_20170119,2017-01-19,ECB,statement,ecb_statements,1,"At today’s meeting the Governing Council of the ECB decided that the interest rate on the main refinancing operations and the interest rates on the marginal lending facility and the deposit facility will remain unchanged at 0.00%, 0.25% and -0.40% respectively.",True,neutral,0.0011925300350412726,0.20094479620456696,0.7978626489639282,-0.19975226616952568,ecb_stmt_reg_v2.csv
ecb_stmt,ecb_stmt_20170119,2017-01-19,ECB,statement,ecb_statements,2,"The Governing Council continues to expect the key ECB interest rates to remain at present or lower levels for an extended period of time, and well past the horizon of the net asset purchases.",True,dovish,0.00032288036891259253,0.5222771763801575,0.4773999750614166,-0.5219542960112449,ecb_stmt_reg_v2.csv
ecb_stmt,ecb_stmt_20170119,2017-01-19,ECB,statement,ecb_statements,3,"Regarding non-standard monetary policy measures, the Governing Council confirms that it will continue to make purchases under the asset purchase programme (APP) at the current monthly pace of €80 billion until the end of March 2017 and that, from April 2017, the net asset purchases are intended to continue at a monthly pace of €60 billion until the end of December 2017, or beyond, if necessary, and in any case until the Governing Council sees a sustained adjustment in the path of inflation consistent with its inflation aim.",True,neutral,0.0068174367770552635,0.01633821614086628,0.976844310760498,-0.009520779363811016,ecb_stmt_reg_v2.csv
ecb_stmt,ecb_stmt_20170119,2017-01-19,ECB,statement,ecb_statements,4,The net purchases will be made alongside reinvestments of the principal payments from maturing securities purchased under the APP.,True,neutral,0.0006256842170841992,0.0010376410791650414,0.998336672782898,-0.00041195686208084226,ecb_stmt_reg_v2.csv
ecb_stmt,ecb_stmt_20170119,2017-01-19,ECB,statement,ecb_statements,5,"If the outlook becomes less favourable, or if financial conditions become inconsistent with further progress towards a sustained adjustment in the path of inflation, the Governing Council stands ready to increase the programme in terms of size and/or duration.",True,hawkish,0.9140996932983398,0.008484594523906708,0.07741570472717285,0.9056150987744331,ecb_stmt_reg_v2.csv
ecb_stmt,ecb_stmt_20170119,2017-01-19,ECB,statement,ecb_statements,6,The President of the ECB will comment on the considerations underlying these decisions at a press conference starting at 14:30 CET today.,True,neutral,0.0007153104525059462,0.001840935554355383,0.9974437355995178,-0.0011256251018494368,ecb_stmt_reg_v2.csv
ecb_stmt,ecb_stmt_20170119,2017-01-19,ECB,statement,ecb_statements,7,Directorate General Communications Reproduction is permitted provided that the source is acknowledged.,False,neutral,0.047414593398571014,0.06088154762983322,0.8917038440704346,-0.013466954231262207,ecb_stmt_reg_v2.csv
ecb_stmt,ecb_stmt_20170119,2017-01-19,ECB,statement,ecb_statements,8,Find out more about related content,False,neutral,0.0013540757354348898,0.0056015364825725555,0.993044376373291,-0.004247460747137666,ecb_stmt_reg_v2.csv
ecb_stmt,ecb_stmt_20170309,2017-03-09,ECB,statement,ecb_statements,1,"At today’s meeting the Governing Council of the ECB decided that the interest rate on the main refinancing operations and the interest rates on the marginal lending facility and the deposit facility will remain unchanged at 0.00%, 0.25% and -0.40% respectively.",True,neutral,0.0011925300350412726,0.20094479620456696,0.7978626489639282,-0.19975226616952568,ecb_stmt_reg_v2.csv
ecb_stmt,ecb_stmt_20170309,2017-03-09,ECB,statement,ecb_statements,2,"The Governing Council continues to expect the key ECB interest rates to remain at present or lower levels for an extended period of time, and well past the horizon of the net asset purchases.",True,dovish,0.00032288036891259253,0.5222771763801575,0.4773999750614166,-0.5219542960112449,ecb_stmt_reg_v2.csv
ecb_stmt,ecb_stmt_20170309,2017-03-09,ECB,statement,ecb_statements,3,"Regarding non-standard monetary policy measures, the Governing Council confirms that it will continue to make purchases under the asset purchase programme (APP) at the current monthly pace of €80 billion until the end of this month and that, from April 2017, the net asset purchases are intended to continue at a monthly pace of €60 billion until the end of December 2017, or beyond, if necessary, and in any case until the Governing Council sees a sustained adjustment in the path of inflation consistent with its inflation aim.",True,neutral,0.0050728279165923595,0.01490987092256546,0.980017364025116,-0.0098370430059731,ecb_stmt_reg_v2.csv
ecb_stmt,ecb_stmt_20170309,2017-03-09,ECB,statement,ecb_statements,4,The net purchases will be made alongside reinvestments of the principal payments from maturing securities purchased under the APP.,True,neutral,0.0006256842170841992,0.0010376410791650414,0.998336672782898,-0.00041195686208084226,ecb_stmt_reg_v2.csv
ecb_stmt,ecb_stmt_20170309,2017-03-09,ECB,statement,ecb_statements,5,"If the outlook becomes less favourable, or if financial conditions become inconsistent with further progress towards a sustained adjustment in the path of inflation, the Governing Council stands ready to increase the programme in terms of size and/or duration.",True,hawkish,0.9140996932983398,0.008484594523906708,0.07741570472717285,0.9056150987744331,ecb_stmt_reg_v2.csv
ecb_stmt,ecb_stmt_20170309,2017-03-09,ECB,statement,ecb_statements,6,The President of the ECB will comment on the considerations underlying these decisions at a press conference starting at 14:30 CET today.,True,neutral,0.0007153104525059462,0.001840935554355383,0.9974437355995178,-0.0011256251018494368,ecb_stmt_reg_v2.csv
ecb_stmt,ecb_stmt_20170309,2017-03-09,ECB,statement,ecb_statements,7,Directorate General Communications Reproduction is permitted provided that the source is acknowledged.,False,neutral,0.047414593398571014,0.06088154762983322,0.8917038440704346,-0.013466954231262207,ecb_stmt_reg_v2.csv
ecb_stmt,ecb_stmt_20170309,2017-03-09,ECB,statement,ecb_statements,8,Find out more about related content,False,neutral,0.0013540757354348898,0.0056015364825725555,0.993044376373291,-0.004247460747137666,ecb_stmt_reg_v2.csv
ecb_stmt,ecb_stmt_20170427,2017-04-27,ECB,statement,ecb_statements,1,"At today’s meeting the Governing Council of the ECB decided that the interest rate on the main refinancing operations and the interest rates on the marginal lending facility and the deposit facility will remain unchanged at 0.00%, 0.25% and -0.40% respectively.",True,neutral,0.0011925300350412726,0.20094479620456696,0.7978626489639282,-0.19975226616952568,ecb_stmt_reg_v2.csv
ecb_stmt,ecb_stmt_20170427,2017-04-27,ECB,statement,ecb_statements,2,"The Governing Council continues to expect the key ECB interest rates to remain at present or lower levels for an extended period of time, and well past the horizon of the net asset purchases.",True,dovish,0.00032288036891259253,0.5222771763801575,0.4773999750614166,-0.5219542960112449,ecb_stmt_reg_v2.csv
ecb_stmt,ecb_stmt_20170427,2017-04-27,ECB,statement,ecb_statements,3,"Regarding non-standard monetary policy measures, the Governing Council confirms that the net asset purchases, at the new monthly pace of €60 billion, are intended to run until the end of December 2017, or beyond, if necessary, and in any case until the Governing Council sees a sustained adjustment in the path of inflation consistent with its inflation aim.",True,neutral,0.13073471188545227,0.018223484978079796,0.8510417938232422,0.11251122690737247,ecb_stmt_reg_v2.csv
ecb_stmt,ecb_stmt_20170427,2017-04-27,ECB,statement,ecb_statements,4,The net purchases will be made alongside reinvestments of the principal payments from maturing securities purchased under the asset purchase programme.,True,neutral,0.0008415179909206927,0.0013342770980671048,0.9978242516517639,-0.0004927591071464121,ecb_stmt_reg_v2.csv
ecb_stmt,ecb_stmt_20170427,2017-04-27,ECB,statement,ecb_statements,5,"If the outlook becomes less favourable, or if financial conditions become inconsistent with further progress towards a sustained adjustment in the path of inflation, the Governing Council stands ready to increase the programme in terms of size and/or duration.",True,hawkish,0.9140996932983398,0.008484594523906708,0.07741570472717285,0.9056150987744331,ecb_stmt_reg_v2.csv
ecb_stmt,ecb_stmt_20170427,2017-04-27,ECB,statement,ecb_statements,6,The President of the ECB will comment on the considerations underlying these decisions at a press conference starting at 14:30 CET today.,True,neutral,0.0007153104525059462,0.001840935554355383,0.9974437355995178,-0.0011256251018494368,ecb_stmt_reg_v2.csv
ecb_stmt,ecb_stmt_20170427,2017-04-27,ECB,statement,ecb_statements,7,Directorate General Communications Reproduction is permitted provided that the source is acknowledged.,False,neutral,0.047414593398571014,0.06088154762983322,0.8917038440704346,-0.013466954231262207,ecb_stmt_reg_v2.csv
ecb_stmt,ecb_stmt_20170427,2017-04-27,ECB,statement,ecb_statements,8,Find out more about related content,False,neutral,0.0013540757354348898,0.0056015364825725555,0.993044376373291,-0.004247460747137666,ecb_stmt_reg_v2.csv
ecb_stmt,ecb_stmt_20170608,2017-06-08,ECB,statement,ecb_statements,1,"At today’s meeting, which was held in Tallinn, the Governing Council of the ECB decided that the interest rate on the main refinancing operations and the interest rates on the marginal lending facility and the deposit facility will remain unchanged at 0.00%, 0.25% and -0.40% respectively.",True,neutral,0.0010067136026918888,0.1508757621049881,0.8481175303459167,-0.1498690485022962,ecb_stmt_reg_v2.csv
ecb_stmt,ecb_stmt_20170608,2017-06-08,ECB,statement,ecb_statements,2,"The Governing Council expects the key ECB interest rates to remain at their present levels for an extended period of time, and well past the horizon of the net asset purchases.",True,neutral,0.00041601003613322973,0.10636743158102036,0.893216609954834,-0.10595142154488713,ecb_stmt_reg_v2.csv
ecb_stmt,ecb_stmt_20170608,2017-06-08,ECB,statement,ecb_statements,3,"Regarding non-standard monetary policy measures, the Governing Council confirms that the net asset purchases, at the current monthly pace of €60 billion, are intended to run until the end of December 2017, or beyond, if necessary, and in any case until the Governing Council sees a sustained adjustment in the path of inflation consistent with its inflation aim.",True,neutral,0.10801246762275696,0.01757238619029522,0.8744151592254639,0.09044008143246174,ecb_stmt_reg_v2.csv
ecb_stmt,ecb_stmt_20170608,2017-06-08,ECB,statement,ecb_statements,4,The net purchases will be made alongside reinvestments of the principal payments from maturing securities purchased under the asset purchase programme.,True,neutral,0.0008415179909206927,0.0013342770980671048,0.9978242516517639,-0.0004927591071464121,ecb_stmt_reg_v2.csv
ecb_stmt,ecb_stmt_20170608,2017-06-08,ECB,statement,ecb_statements,5,"If the outlook becomes less favourable, or if financial conditions become inconsistent with further progress towards a sustained adjustment in the path of inflation, the Governing Council stands ready to increase the programme in terms of size and/or duration.",True,hawkish,0.9140996932983398,0.008484594523906708,0.07741570472717285,0.9056150987744331,ecb_stmt_reg_v2.csv
ecb_stmt,ecb_stmt_20170608,2017-06-08,ECB,statement,ecb_statements,6,The President of the ECB will comment on the considerations underlying these decisions at a press conference starting at 14:30 CET today.,True,neutral,0.0007153104525059462,0.001840935554355383,0.9974437355995178,-0.0011256251018494368,ecb_stmt_reg_v2.csv
ecb_stmt,ecb_stmt_20170608,2017-06-08,ECB,statement,ecb_statements,7,Directorate General Communications Reproduction is permitted provided that the source is acknowledged.,False,neutral,0.047414593398571014,0.06088154762983322,0.8917038440704346,-0.013466954231262207,ecb_stmt_reg_v2.csv
ecb_stmt,ecb_stmt_20170608,2017-06-08,ECB,statement,ecb_statements,8,Find out more about related content,False,neutral,0.0013540757354348898,0.0056015364825725555,0.993044376373291,-0.004247460747137666,ecb_stmt_reg_v2.csv
ecb_stmt,ecb_stmt_20170720,2017-07-20,ECB,statement,ecb_statements,1,"At today’s meeting the Governing Council of the ECB decided that the interest rate on the main refinancing operations and the interest rates on the marginal lending facility and the deposit facility will remain unchanged at 0.00%, 0.25% and -0.40% respectively.",True,neutral,0.0011925300350412726,0.20094479620456696,0.7978626489639282,-0.19975226616952568,ecb_stmt_reg_v2.csv
ecb_stmt,ecb_stmt_20170720,2017-07-20,ECB,statement,ecb_statements,2,"The Governing Council expects the key ECB interest rates to remain at their present levels for an extended period of time, and well past the horizon of the net asset purchases.",True,neutral,0.00041601003613322973,0.10636743158102036,0.893216609954834,-0.10595142154488713,ecb_stmt_reg_v2.csv
ecb_stmt,ecb_stmt_20170720,2017-07-20,ECB,statement,ecb_statements,3,"Regarding non-standard monetary policy measures, the Governing Council confirms that the net asset purchases, at the current monthly pace of €60 billion, are intended to run until the end of December 2017, or beyond, if necessary, and in any case until the Governing Council sees a sustained adjustment in the path of inflation consistent with its inflation aim.",True,neutral,0.10801246762275696,0.01757238619029522,0.8744151592254639,0.09044008143246174,ecb_stmt_reg_v2.csv
ecb_stmt,ecb_stmt_20170720,2017-07-20,ECB,statement,ecb_statements,4,The net purchases are made alongside reinvestments of the principal payments from maturing securities purchased under the asset purchase programme.,False,neutral,0.000587725080549717,0.0011620023287832737,0.9982503056526184,-0.0005742772482335567,ecb_stmt_reg_v2.csv
ecb_stmt,ecb_stmt_20170720,2017-07-20,ECB,statement,ecb_statements,5,"If the outlook becomes less favourable, or if financial conditions become inconsistent with further progress towards a sustained adjustment in the path of inflation, the Governing Council stands ready to increase the programme in terms of size and/or duration.",True,hawkish,0.9140996932983398,0.008484594523906708,0.07741570472717285,0.9056150987744331,ecb_stmt_reg_v2.csv
ecb_stmt,ecb_stmt_20170720,2017-07-20,ECB,statement,ecb_statements,6,The President of the ECB will comment on the considerations underlying these decisions at a press conference starting at 14:30 CET today.,True,neutral,0.0007153104525059462,0.001840935554355383,0.9974437355995178,-0.0011256251018494368,ecb_stmt_reg_v2.csv
ecb_stmt,ecb_stmt_20170720,2017-07-20,ECB,statement,ecb_statements,7,Directorate General Communications Reproduction is permitted provided that the source is acknowledged.,False,neutral,0.047414593398571014,0.06088154762983322,0.8917038440704346,-0.013466954231262207,ecb_stmt_reg_v2.csv
ecb_stmt,ecb_stmt_20170720,2017-07-20,ECB,statement,ecb_statements,8,Find out more about related content,False,neutral,0.0013540757354348898,0.0056015364825725555,0.993044376373291,-0.004247460747137666,ecb_stmt_reg_v2.csv
ecb_stmt,ecb_stmt_20170907,2017-09-07,ECB,statement,ecb_statements,1,"At today’s meeting the Governing Council of the ECB decided that the interest rate on the main refinancing operations and the interest rates on the marginal lending facility and the deposit facility will remain unchanged at 0.00%, 0.25% and -0.40% respectively.",True,neutral,0.0011925300350412726,0.20094479620456696,0.7978626489639282,-0.19975226616952568,ecb_stmt_reg_v2.csv
ecb_stmt,ecb_stmt_20170907,2017-09-07,ECB,statement,ecb_statements,2,"The Governing Council expects the key ECB interest rates to remain at their present levels for an extended period of time, and well past the horizon of the net asset purchases.",True,neutral,0.00041601003613322973,0.10636743158102036,0.893216609954834,-0.10595142154488713,ecb_stmt_reg_v2.csv
ecb_stmt,ecb_stmt_20170907,2017-09-07,ECB,statement,ecb_statements,3,"Regarding non-standard monetary policy measures, the Governing Council confirms that the net asset purchases, at the current monthly pace of €60 billion, are intended to run until the end of December 2017, or beyond, if necessary, and in any case until the Governing Council sees a sustained adjustment in the path of inflation consistent with its inflation aim.",True,neutral,0.10801246762275696,0.01757238619029522,0.8744151592254639,0.09044008143246174,ecb_stmt_reg_v2.csv
ecb_stmt,ecb_stmt_20170907,2017-09-07,ECB,statement,ecb_statements,4,The net purchases are made alongside reinvestments of the principal payments from maturing securities purchased under the asset purchase programme.,False,neutral,0.000587725080549717,0.0011620023287832737,0.9982503056526184,-0.0005742772482335567,ecb_stmt_reg_v2.csv
ecb_stmt,ecb_stmt_20170907,2017-09-07,ECB,statement,ecb_statements,5,"If the outlook becomes less favourable, or if financial conditions become inconsistent with further progress towards a sustained adjustment in the path of inflation, the Governing Council stands ready to increase the programme in terms of size and/or duration.",True,hawkish,0.9140996932983398,0.008484594523906708,0.07741570472717285,0.9056150987744331,ecb_stmt_reg_v2.csv
ecb_stmt,ecb_stmt_20170907,2017-09-07,ECB,statement,ecb_statements,6,The President of the ECB will comment on the considerations underlying these decisions at a press conference starting at 14:30 CET today.,True,neutral,0.0007153104525059462,0.001840935554355383,0.9974437355995178,-0.0011256251018494368,ecb_stmt_reg_v2.csv
ecb_stmt,ecb_stmt_20170907,2017-09-07,ECB,statement,ecb_statements,7,Directorate General Communications Reproduction is permitted provided that the source is acknowledged.,False,neutral,0.047414593398571014,0.06088154762983322,0.8917038440704346,-0.013466954231262207,ecb_stmt_reg_v2.csv
ecb_stmt,ecb_stmt_20170907,2017-09-07,ECB,statement,ecb_statements,8,Find out more about related content,False,neutral,0.0013540757354348898,0.0056015364825725555,0.993044376373291,-0.004247460747137666,ecb_stmt_reg_v2.csv
ecb_stmt,ecb_stmt_20171026,2017-10-26,ECB,statement,ecb_statements,1,"At today’s meeting the Governing Council of the ECB took the following monetary policy decisions: (1) The interest rate on the main refinancing operations and the interest rates on the marginal lending facility and the deposit facility will remain unchanged at 0.00%, 0.25% and -0.40% respectively.",True,neutral,0.0016834224807098508,0.09331357479095459,0.905003011226654,-0.09163015231024474,ecb_stmt_reg_v2.csv
ecb_stmt,ecb_stmt_20171026,2017-10-26,ECB,statement,ecb_statements,2,"The Governing Council continues to expect the key ECB interest rates to remain at their present levels for an extended period of time, and well past the horizon of the net asset purchases.",True,neutral,0.0005733792786486447,0.1349264234304428,0.8645001649856567,-0.13435304415179417,ecb_stmt_reg_v2.csv
ecb_stmt,ecb_stmt_20171026,2017-10-26,ECB,statement,ecb_statements,3,"(2) As regards non-standard monetary policy measures, purchases under the asset purchase programme (APP) will continue at the current monthly pace of €60 billion until the end of December 2017.",True,neutral,0.0008417369099333882,0.0010744971223175526,0.998083770275116,-0.00023276021238416433,ecb_stmt_reg_v2.csv
ecb_stmt,ecb_stmt_20171026,2017-10-26,ECB,statement,ecb_statements,4,"From January 2018 the net asset purchases are intended to continue at a monthly pace of €30 billion until the end of September 2018, or beyond, if necessary, and in any case until the Governing Council sees a sustained adjustment in the path of inflation consistent with its inflation aim.",True,hawkish,0.5176159739494324,0.045228783041238785,0.43715521693229675,0.4723871909081936,ecb_stmt_reg_v2.csv
ecb_stmt,ecb_stmt_20171026,2017-10-26,ECB,statement,ecb_statements,5,"If the outlook becomes less favourable, or if financial conditions become inconsistent with further progress towards a sustained adjustment in the path of inflation, the Governing Council stands ready to increase the APP in terms of size and/or duration.",True,hawkish,0.9192339181900024,0.008941722102463245,0.07182440161705017,0.9102921960875392,ecb_stmt_reg_v2.csv
ecb_stmt,ecb_stmt_20171026,2017-10-26,ECB,statement,ecb_statements,6,"(3) The Eurosystem will reinvest the principal payments from maturing securities purchased under the APP for an extended period of time after the end of its net asset purchases, and in any case for as long as necessary.",True,neutral,0.004180364776402712,0.0043895491398870945,0.9914300441741943,-0.00020918436348438263,ecb_stmt_reg_v2.csv
ecb_stmt,ecb_stmt_20171026,2017-10-26,ECB,statement,ecb_statements,7,This will contribute both to favourable liquidity conditions and to an appropriate monetary policy stance.,True,hawkish,0.5221312046051025,0.3384326994419098,0.13943609595298767,0.18369850516319275,ecb_stmt_reg_v2.csv
ecb_stmt,ecb_stmt_20171026,2017-10-26,ECB,statement,ecb_statements,8,"(4) The main refinancing operations and the three-month longer-term refinancing operations will continue to be conducted as fixed rate tender procedures with full allotment for as long as necessary, and at least until the end of the last reserve maintenance period of 2019.",True,neutral,0.0018572299741208553,0.0035939158406108618,0.9945489168167114,-0.0017366858664900064,ecb_stmt_reg_v2.csv
ecb_stmt,ecb_stmt_20171026,2017-10-26,ECB,statement,ecb_statements,9,The President of the ECB will comment on the considerations underlying these decisions at a press conference starting at 14:30 CET today.,True,neutral,0.0007153104525059462,0.001840935554355383,0.9974437355995178,-0.0011256251018494368,ecb_stmt_reg_v2.csv
ecb_stmt,ecb_stmt_20171026,2017-10-26,ECB,statement,ecb_statements,10,Directorate General Communications Reproduction is permitted provided that the source is acknowledged.,False,neutral,0.047414593398571014,0.06088154762983322,0.8917038440704346,-0.013466954231262207,ecb_stmt_reg_v2.csv
ecb_stmt,ecb_stmt_20171026,2017-10-26,ECB,statement,ecb_statements,11,Find out more about related content,False,neutral,0.0013540757354348898,0.0056015364825725555,0.993044376373291,-0.004247460747137666,ecb_stmt_reg_v2.csv
ecb_stmt,ecb_stmt_20171214,2017-12-14,ECB,statement,ecb_statements,1,"At today’s meeting the Governing Council of the ECB decided that the interest rate on the main refinancing operations and the interest rates on the marginal lending facility and the deposit facility will remain unchanged at 0.00%, 0.25% and -0.40% respectively.",True,neutral,0.0011925300350412726,0.20094479620456696,0.7978626489639282,-0.19975226616952568,ecb_stmt_reg_v2.csv
ecb_stmt,ecb_stmt_20171214,2017-12-14,ECB,statement,ecb_statements,2,"The Governing Council expects the key ECB interest rates to remain at their present levels for an extended period of time, and well past the horizon of the net asset purchases.",True,neutral,0.00041601003613322973,0.10636743158102036,0.893216609954834,-0.10595142154488713,ecb_stmt_reg_v2.csv
ecb_stmt,ecb_stmt_20171214,2017-12-14,ECB,statement,ecb_statements,3,"Regarding non-standard monetary policy measures, the Governing Council confirms that from January 2018 it intends to continue to make net asset purchases under the asset purchase programme (APP), at a monthly pace of €30 billion, until the end of September 2018, or beyond, if necessary, and in any case until the Governing Council sees a sustained adjustment in the path of inflation consistent with its inflation aim.",True,neutral,0.365573525428772,0.03316732496023178,0.601259171962738,0.3324062004685402,ecb_stmt_reg_v2.csv
ecb_stmt,ecb_stmt_20171214,2017-12-14,ECB,statement,ecb_statements,4,"If the outlook becomes less favourable, or if financial conditions become inconsistent with further progress towards a sustained adjustment in the path of inflation, the Governing Council stands ready to increase the APP in terms of size and/or duration.",True,hawkish,0.9192339181900024,0.008941722102463245,0.07182440161705017,0.9102921960875392,ecb_stmt_reg_v2.csv
ecb_stmt,ecb_stmt_20171214,2017-12-14,ECB,statement,ecb_statements,5,"The Eurosystem will reinvest the principal payments from maturing securities purchased under the APP for an extended period of time after the end of its net asset purchases, and in any case for as long as necessary.",True,neutral,0.0030098948627710342,0.003987462725490332,0.9930026531219482,-0.0009775678627192974,ecb_stmt_reg_v2.csv
ecb_stmt,ecb_stmt_20171214,2017-12-14,ECB,statement,ecb_statements,6,This will contribute both to favourable liquidity conditions and to an appropriate monetary policy stance.,True,hawkish,0.5221312046051025,0.3384326994419098,0.13943609595298767,0.18369850516319275,ecb_stmt_reg_v2.csv
ecb_stmt,ecb_stmt_20171214,2017-12-14,ECB,statement,ecb_statements,7,The President of the ECB will comment on the considerations underlying these decisions at a press conference starting at 14:30 CET today.,True,neutral,0.0007153104525059462,0.001840935554355383,0.9974437355995178,-0.0011256251018494368,ecb_stmt_reg_v2.csv
ecb_stmt,ecb_stmt_20171214,2017-12-14,ECB,statement,ecb_statements,8,Directorate General Communications Reproduction is permitted provided that the source is acknowledged.,False,neutral,0.047414593398571014,0.06088154762983322,0.8917038440704346,-0.013466954231262207,ecb_stmt_reg_v2.csv
ecb_stmt,ecb_stmt_20171214,2017-12-14,ECB,statement,ecb_statements,9,Find out more about related content,False,neutral,0.0013540757354348898,0.0056015364825725555,0.993044376373291,-0.004247460747137666,ecb_stmt_reg_v2.csv
ecb_stmt,ecb_stmt_20180125,2018-01-25,ECB,statement,ecb_statements,1,"At today’s meeting the Governing Council of the ECB decided that the interest rate on the main refinancing operations and the interest rates on the marginal lending facility and the deposit facility will remain unchanged at 0.00%, 0.25% and -0.40% respectively.",True,neutral,0.0011925300350412726,0.20094479620456696,0.7978626489639282,-0.19975226616952568,ecb_stmt_reg_v2.csv
ecb_stmt,ecb_stmt_20180125,2018-01-25,ECB,statement,ecb_statements,2,"The Governing Council expects the key ECB interest rates to remain at their present levels for an extended period of time, and well past the horizon of the net asset purchases.",True,neutral,0.00041601003613322973,0.10636743158102036,0.893216609954834,-0.10595142154488713,ecb_stmt_reg_v2.csv
ecb_stmt,ecb_stmt_20180125,2018-01-25,ECB,statement,ecb_statements,3,"Regarding non-standard monetary policy measures, the Governing Council confirms that the net asset purchases, at the new monthly pace of €30 billion, are intended to run until the end of September 2018, or beyond, if necessary, and in any case until the Governing Council sees a sustained adjustment in the path of inflation consistent with its inflation aim.",True,neutral,0.10849116742610931,0.023053325712680817,0.8684555292129517,0.0854378417134285,ecb_stmt_reg_v2.csv
ecb_stmt,ecb_stmt_20180125,2018-01-25,ECB,statement,ecb_statements,4,"If the outlook becomes less favourable, or if financial conditions become inconsistent with further progress towards a sustained adjustment in the path of inflation, the Governing Council stands ready to increase the asset purchase programme (APP) in terms of size and/or duration.",True,hawkish,0.8490645289421082,0.062444113194942474,0.08849135786294937,0.7866204157471657,ecb_stmt_reg_v2.csv
ecb_stmt,ecb_stmt_20180125,2018-01-25,ECB,statement,ecb_statements,5,"The Eurosystem will reinvest the principal payments from maturing securities purchased under the APP for an extended period of time after the end of its net asset purchases, and in any case for as long as necessary.",True,neutral,0.0030098948627710342,0.003987462725490332,0.9930026531219482,-0.0009775678627192974,ecb_stmt_reg_v2.csv
ecb_stmt,ecb_stmt_20180125,2018-01-25,ECB,statement,ecb_statements,6,This will contribute both to favourable liquidity conditions and to an appropriate monetary policy stance.,True,hawkish,0.5221312046051025,0.3384326994419098,0.13943609595298767,0.18369850516319275,ecb_stmt_reg_v2.csv
ecb_stmt,ecb_stmt_20180125,2018-01-25,ECB,statement,ecb_statements,7,The President of the ECB will comment on the considerations underlying these decisions at a press conference starting at 14:30 CET today.,True,neutral,0.0007153104525059462,0.001840935554355383,0.9974437355995178,-0.0011256251018494368,ecb_stmt_reg_v2.csv
ecb_stmt,ecb_stmt_20180125,2018-01-25,ECB,statement,ecb_statements,8,Directorate General Communications Reproduction is permitted provided that the source is acknowledged.,False,neutral,0.047414593398571014,0.06088154762983322,0.8917038440704346,-0.013466954231262207,ecb_stmt_reg_v2.csv
ecb_stmt,ecb_stmt_20180125,2018-01-25,ECB,statement,ecb_statements,9,Find out more about related content,False,neutral,0.0013540757354348898,0.0056015364825725555,0.993044376373291,-0.004247460747137666,ecb_stmt_reg_v2.csv
ecb_stmt,ecb_stmt_20180308,2018-03-08,ECB,statement,ecb_statements,1,"At today’s meeting the Governing Council of the ECB decided that the interest rate on the main refinancing operations and the interest rates on the marginal lending facility and the deposit facility will remain unchanged at 0.00%, 0.25% and -0.40% respectively.",True,neutral,0.0011925300350412726,0.20094479620456696,0.7978626489639282,-0.19975226616952568,ecb_stmt_reg_v2.csv
ecb_stmt,ecb_stmt_20180308,2018-03-08,ECB,statement,ecb_statements,2,"The Governing Council expects the key ECB interest rates to remain at their present levels for an extended period of time, and well past the horizon of the net asset purchases.",True,neutral,0.00041601003613322973,0.10636743158102036,0.893216609954834,-0.10595142154488713,ecb_stmt_reg_v2.csv
ecb_stmt,ecb_stmt_20180308,2018-03-08,ECB,statement,ecb_statements,3,"Regarding non-standard monetary policy measures, the Governing Council confirms that the net asset purchases, at the current monthly pace of €30 billion, are intended to run until the end of September 2018, or beyond, if necessary, and in any case until the Governing Council sees a sustained adjustment in the path of inflation consistent with its inflation aim.",True,neutral,0.08006115257740021,0.02129972167313099,0.8986391425132751,0.05876143090426922,ecb_stmt_reg_v2.csv
ecb_stmt,ecb_stmt_20180308,2018-03-08,ECB,statement,ecb_statements,4,"The Eurosystem will reinvest the principal payments from maturing securities purchased under the asset purchase programme for an extended period of time after the end of its net asset purchases, and in any case for as long as necessary.",True,neutral,0.002243068302050233,0.0038984506390988827,0.9938584566116333,-0.0016553823370486498,ecb_stmt_reg_v2.csv
ecb_stmt,ecb_stmt_20180308,2018-03-08,ECB,statement,ecb_statements,5,This will contribute both to favourable liquidity conditions and to an appropriate monetary policy stance.,True,hawkish,0.5221312046051025,0.3384326994419098,0.13943609595298767,0.18369850516319275,ecb_stmt_reg_v2.csv
ecb_stmt,ecb_stmt_20180308,2018-03-08,ECB,statement,ecb_statements,6,The President of the ECB will comment on the considerations underlying these decisions at a press conference starting at 14:30 CET today.,True,neutral,0.0007153104525059462,0.001840935554355383,0.9974437355995178,-0.0011256251018494368,ecb_stmt_reg_v2.csv
ecb_stmt,ecb_stmt_20180308,2018-03-08,ECB,statement,ecb_statements,7,Directorate General Communications Reproduction is permitted provided that the source is acknowledged.,False,neutral,0.047414593398571014,0.06088154762983322,0.8917038440704346,-0.013466954231262207,ecb_stmt_reg_v2.csv
ecb_stmt,ecb_stmt_20180308,2018-03-08,ECB,statement,ecb_statements,8,Find out more about related content,False,neutral,0.0013540757354348898,0.0056015364825725555,0.993044376373291,-0.004247460747137666,ecb_stmt_reg_v2.csv
ecb_stmt,ecb_stmt_20180426,2018-04-26,ECB,statement,ecb_statements,1,"At today’s meeting the Governing Council of the ECB decided that the interest rate on the main refinancing operations and the interest rates on the marginal lending facility and the deposit facility will remain unchanged at 0.00%, 0.25% and -0.40% respectively.",True,neutral,0.0011925300350412726,0.20094479620456696,0.7978626489639282,-0.19975226616952568,ecb_stmt_reg_v2.csv
ecb_stmt,ecb_stmt_20180426,2018-04-26,ECB,statement,ecb_statements,2,"The Governing Council expects the key ECB interest rates to remain at their present levels for an extended period of time, and well past the horizon of the net asset purchases.",True,neutral,0.00041601003613322973,0.10636743158102036,0.893216609954834,-0.10595142154488713,ecb_stmt_reg_v2.csv
ecb_stmt,ecb_stmt_20180426,2018-04-26,ECB,statement,ecb_statements,3,"Regarding non-standard monetary policy measures, the Governing Council confirms that the net asset purchases, at the current monthly pace of €30 billion, are intended to run until the end of September 2018, or beyond, if necessary, and in any case until the Governing Council sees a sustained adjustment in the path of inflation consistent with its inflation aim.",True,neutral,0.08006115257740021,0.02129972167313099,0.8986391425132751,0.05876143090426922,ecb_stmt_reg_v2.csv
ecb_stmt,ecb_stmt_20180426,2018-04-26,ECB,statement,ecb_statements,4,"The Eurosystem will reinvest the principal payments from maturing securities purchased under the asset purchase programme for an extended period of time after the end of its net asset purchases, and in any case for as long as necessary.",True,neutral,0.002243068302050233,0.0038984506390988827,0.9938584566116333,-0.0016553823370486498,ecb_stmt_reg_v2.csv
ecb_stmt,ecb_stmt_20180426,2018-04-26,ECB,statement,ecb_statements,5,This will contribute both to favourable liquidity conditions and to an appropriate monetary policy stance.,True,hawkish,0.5221312046051025,0.3384326994419098,0.13943609595298767,0.18369850516319275,ecb_stmt_reg_v2.csv
ecb_stmt,ecb_stmt_20180426,2018-04-26,ECB,statement,ecb_statements,6,The President of the ECB will comment on the considerations underlying these decisions at a press conference starting at 14:30 CET today.,True,neutral,0.0007153104525059462,0.001840935554355383,0.9974437355995178,-0.0011256251018494368,ecb_stmt_reg_v2.csv
ecb_stmt,ecb_stmt_20180426,2018-04-26,ECB,statement,ecb_statements,7,Directorate General Communications Reproduction is permitted provided that the source is acknowledged.,False,neutral,0.047414593398571014,0.06088154762983322,0.8917038440704346,-0.013466954231262207,ecb_stmt_reg_v2.csv
ecb_stmt,ecb_stmt_20180426,2018-04-26,ECB,statement,ecb_statements,8,Find out more about related content,False,neutral,0.0013540757354348898,0.0056015364825725555,0.993044376373291,-0.004247460747137666,ecb_stmt_reg_v2.csv
ecb_stmt,ecb_stmt_20180614,2018-06-14,ECB,statement,ecb_statements,1,"At today’s meeting, which was held in Riga, the Governing Council of the ECB undertook a careful review of the progress towards a sustained adjustment in the path of inflation, also taking into account the latest Eurosystem staff macroeconomic projections, measures of price and wage pressures, and uncertainties surrounding the inflation outlook.",True,neutral,0.05450709909200668,0.4173710346221924,0.5281218886375427,-0.3628639355301857,ecb_stmt_reg_v2.csv
ecb_stmt,ecb_stmt_20180614,2018-06-14,ECB,statement,ecb_statements,2,"Based on this review the Governing Council made the following decisions: First, as regards non-standard monetary policy measures, the Governing Council will continue to make net purchases under the asset purchase programme (APP) at the current monthly pace of €30 billion until the end of September 2018.",True,neutral,0.003876941977068782,0.007747958414256573,0.9883750677108765,-0.003871016437187791,ecb_stmt_reg_v2.csv
ecb_stmt,ecb_stmt_20180614,2018-06-14,ECB,statement,ecb_statements,3,"The Governing Council anticipates that, after September 2018, subject to incoming data confirming the Governing Council’s medium-term inflation outlook, the monthly pace of the net asset purchases will be reduced to €15 billion until the end of December 2018 and that net purchases will then end.",True,dovish,0.004658584017306566,0.6753789782524109,0.3199624717235565,-0.6707203942351043,ecb_stmt_reg_v2.csv
ecb_stmt,ecb_stmt_20180614,2018-06-14,ECB,statement,ecb_statements,4,"Second, the Governing Council intends to maintain its policy of reinvesting the principal payments from maturing securities purchased under the APP for an extended period of time after the end of the net asset purchases, and in any case for as long as necessary to maintain favourable liquidity conditions and an ample degree of monetary accommodation.",True,dovish,0.013390414416790009,0.9223834276199341,0.06422613561153412,-0.9089930132031441,ecb_stmt_reg_v2.csv
ecb_stmt,ecb_stmt_20180614,2018-06-14,ECB,statement,ecb_statements,5,"Third, the Governing Council decided that the interest rate on the main refinancing operations and the interest rates on the marginal lending facility and the deposit facility will remain unchanged at 0.00%, 0.25% and -0.40% respectively.",True,neutral,0.0012829870684072375,0.15033449232578278,0.8483824729919434,-0.14905150525737554,ecb_stmt_reg_v2.csv
ecb_stmt,ecb_stmt_20180614,2018-06-14,ECB,statement,ecb_statements,6,The Governing Council expects the key ECB interest rates to remain at their present levels at least through the summer of 2019 and in any case for as long as necessary to ensure that the evolution of inflation remains aligned with the current expectations of a sustained adjustment path.,True,neutral,0.000965518644079566,0.24233008921146393,0.7567043900489807,-0.24136457056738436,ecb_stmt_reg_v2.csv
ecb_stmt,ecb_stmt_20180614,2018-06-14,ECB,statement,ecb_statements,7,"Today’s monetary policy decisions maintain the current ample degree of monetary accommodation that will ensure the continued sustained convergence of inflation towards levels that are below, but close to, 2% over the medium term.",True,dovish,0.0008375398465432227,0.9911693930625916,0.007993054576218128,-0.9903318532160483,ecb_stmt_reg_v2.csv
ecb_stmt,ecb_stmt_20180614,2018-06-14,ECB,statement,ecb_statements,8,The President of the ECB will comment on the considerations underlying these decisions at a press conference starting at 14:30 CET today.,True,neutral,0.0007153104525059462,0.001840935554355383,0.9974437355995178,-0.0011256251018494368,ecb_stmt_reg_v2.csv
ecb_stmt,ecb_stmt_20180614,2018-06-14,ECB,statement,ecb_statements,9,Directorate General Communications Reproduction is permitted provided that the source is acknowledged.,False,neutral,0.047414593398571014,0.06088154762983322,0.8917038440704346,-0.013466954231262207,ecb_stmt_reg_v2.csv
ecb_stmt,ecb_stmt_20180614,2018-06-14,ECB,statement,ecb_statements,10,Find out more about related content,False,neutral,0.0013540757354348898,0.0056015364825725555,0.993044376373291,-0.004247460747137666,ecb_stmt_reg_v2.csv
ecb_stmt,ecb_stmt_20180726,2018-07-26,ECB,statement,ecb_statements,1,"At today’s meeting the Governing Council of the ECB decided that the interest rate on the main refinancing operations and the interest rates on the marginal lending facility and the deposit facility will remain unchanged at 0.00%, 0.25% and -0.40% respectively.",True,neutral,0.0011925300350412726,0.20094479620456696,0.7978626489639282,-0.19975226616952568,ecb_stmt_reg_v2.csv
ecb_stmt,ecb_stmt_20180726,2018-07-26,ECB,statement,ecb_statements,2,"The Governing Council expects the key ECB interest rates to remain at their present levels at least through the summer of 2019, and in any case for as long as necessary to ensure the continued sustained convergence of inflation to levels that are below, but close to, 2% over the medium term.",True,neutral,0.002067589433863759,0.3947831094264984,0.6031492352485657,-0.39271551999263465,ecb_stmt_reg_v2.csv
ecb_stmt,ecb_stmt_20180726,2018-07-26,ECB,statement,ecb_statements,3,"Regarding non-standard monetary policy measures, the Governing Council will continue to make net purchases under the asset purchase programme (APP) at the current monthly pace of €30 billion until the end of September 2018.",True,neutral,0.0011969957267865539,0.004073180723935366,0.9947298169136047,-0.002876184997148812,ecb_stmt_reg_v2.csv
ecb_stmt,ecb_stmt_20180726,2018-07-26,ECB,statement,ecb_statements,4,"The Governing Council anticipates that, after September 2018, subject to incoming data confirming the Governing Council’s medium-term inflation outlook, the monthly pace of the net asset purchases will be reduced to €15 billion until the end of December 2018 and that net purchases will then end.",True,dovish,0.004658584017306566,0.6753789782524109,0.3199624717235565,-0.6707203942351043,ecb_stmt_reg_v2.csv
ecb_stmt,ecb_stmt_20180726,2018-07-26,ECB,statement,ecb_statements,5,"The Governing Council intends to reinvest the principal payments from maturing securities purchased under the APP for an extended period of time after the end of the net asset purchases, and in any case for as long as necessary to maintain favourable liquidity conditions and an ample degree of monetary accommodation.",True,dovish,0.0275788065046072,0.9208971858024597,0.05152399092912674,-0.8933183792978525,ecb_stmt_reg_v2.csv
ecb_stmt,ecb_stmt_20180726,2018-07-26,ECB,statement,ecb_statements,6,The President of the ECB will comment on the considerations underlying these decisions at a press conference starting at 14:30 CET today.,True,neutral,0.0007153104525059462,0.001840935554355383,0.9974437355995178,-0.0011256251018494368,ecb_stmt_reg_v2.csv
ecb_stmt,ecb_stmt_20180726,2018-07-26,ECB,statement,ecb_statements,7,Directorate General Communications Reproduction is permitted provided that the source is acknowledged.,False,neutral,0.047414593398571014,0.06088154762983322,0.8917038440704346,-0.013466954231262207,ecb_stmt_reg_v2.csv
ecb_stmt,ecb_stmt_20180726,2018-07-26,ECB,statement,ecb_statements,8,Find out more about related content,False,neutral,0.0013540757354348898,0.0056015364825725555,0.993044376373291,-0.004247460747137666,ecb_stmt_reg_v2.csv
ecb_stmt,ecb_stmt_20180913,2018-09-13,ECB,statement,ecb_statements,1,"At today’s meeting the Governing Council of the European Central Bank (ECB) decided that the interest rate on the main refinancing operations and the interest rates on the marginal lending facility and the deposit facility will remain unchanged at 0.00%, 0.25% and -0.40% respectively.",True,neutral,0.001009443192742765,0.16502195596694946,0.8339686393737793,-0.1640125127742067,ecb_stmt_reg_v2.csv
ecb_stmt,ecb_stmt_20180913,2018-09-13,ECB,statement,ecb_statements,2,"The Governing Council expects the key ECB interest rates to remain at their present levels at least through the summer of 2019, and in any case for as long as necessary to ensure the continued sustained convergence of inflation to levels that are below, but close to, 2% over the medium term.",True,neutral,0.002067589433863759,0.3947831094264984,0.6031492352485657,-0.39271551999263465,ecb_stmt_reg_v2.csv
ecb_stmt,ecb_stmt_20180913,2018-09-13,ECB,statement,ecb_statements,3,"Regarding non-standard monetary policy measures, the Governing Council will continue to make net purchases under the asset purchase programme (APP) at the current monthly pace of €30 billion until the end of this month.",True,neutral,0.0009605967788957059,0.0036252543795853853,0.995414137840271,-0.0026646576006896794,ecb_stmt_reg_v2.csv
ecb_stmt,ecb_stmt_20180913,2018-09-13,ECB,statement,ecb_statements,4,"After September 2018, the Governing Council will reduce the monthly pace of the net asset purchases to €15 billion until the end of December 2018 and anticipates that, subject to incoming data confirming the medium-term inflation outlook, net purchases will then end.",True,dovish,0.0013869678368791938,0.9916651248931885,0.006947959773242474,-0.9902781570563093,ecb_stmt_reg_v2.csv
ecb_stmt,ecb_stmt_20180913,2018-09-13,ECB,statement,ecb_statements,5,"The Governing Council intends to reinvest the principal payments from maturing securities purchased under the APP for an extended period of time after the end of the net asset purchases, and in any case for as long as necessary to maintain favourable liquidity conditions and an ample degree of monetary accommodation.",True,dovish,0.0275788065046072,0.9208971858024597,0.05152399092912674,-0.8933183792978525,ecb_stmt_reg_v2.csv
ecb_stmt,ecb_stmt_20180913,2018-09-13,ECB,statement,ecb_statements,6,The President of the ECB will comment on the considerations underlying these decisions at a press conference starting at 14:30 CET today.,True,neutral,0.0007153104525059462,0.001840935554355383,0.9974437355995178,-0.0011256251018494368,ecb_stmt_reg_v2.csv
ecb_stmt,ecb_stmt_20180913,2018-09-13,ECB,statement,ecb_statements,7,Directorate General Communications Reproduction is permitted provided that the source is acknowledged.,False,neutral,0.047414593398571014,0.06088154762983322,0.8917038440704346,-0.013466954231262207,ecb_stmt_reg_v2.csv
ecb_stmt,ecb_stmt_20180913,2018-09-13,ECB,statement,ecb_statements,8,Find out more about related content,False,neutral,0.0013540757354348898,0.0056015364825725555,0.993044376373291,-0.004247460747137666,ecb_stmt_reg_v2.csv
ecb_stmt,ecb_stmt_20181025,2018-10-25,ECB,statement,ecb_statements,1,"At today’s meeting the Governing Council of the European Central Bank (ECB) decided that the interest rate on the main refinancing operations and the interest rates on the marginal lending facility and the deposit facility will remain unchanged at 0.00%, 0.25% and -0.40% respectively.",True,neutral,0.001009443192742765,0.16502195596694946,0.8339686393737793,-0.1640125127742067,ecb_stmt_reg_v2.csv
ecb_stmt,ecb_stmt_20181025,2018-10-25,ECB,statement,ecb_statements,2,"The Governing Council expects the key ECB interest rates to remain at their present levels at least through the summer of 2019, and in any case for as long as necessary to ensure the continued sustained convergence of inflation to levels that are below, but close to, 2% over the medium term.",True,neutral,0.002067589433863759,0.3947831094264984,0.6031492352485657,-0.39271551999263465,ecb_stmt_reg_v2.csv
ecb_stmt,ecb_stmt_20181025,2018-10-25,ECB,statement,ecb_statements,3,"Regarding non-standard monetary policy measures, the Governing Council will continue to make net purchases under the asset purchase programme (APP) at the new monthly pace of €15 billion until the end of December 2018.",True,neutral,0.0018558859592303634,0.004315063823014498,0.993829071521759,-0.0024591778637841344,ecb_stmt_reg_v2.csv
ecb_stmt,ecb_stmt_20181025,2018-10-25,ECB,statement,ecb_statements,4,"The Governing Council anticipates that, subject to incoming data confirming the medium-term inflation outlook, net purchases will then end.",True,neutral,0.02973431721329689,0.09790055453777313,0.8723651170730591,-0.06816623732447624,ecb_stmt_reg_v2.csv
ecb_stmt,ecb_stmt_20181025,2018-10-25,ECB,statement,ecb_statements,5,"The Governing Council intends to reinvest the principal payments from maturing securities purchased under the APP for an extended period of time after the end of the net asset purchases, and in any case for as long as necessary to maintain favourable liquidity conditions and an ample degree of monetary accommodation.",True,dovish,0.0275788065046072,0.9208971858024597,0.05152399092912674,-0.8933183792978525,ecb_stmt_reg_v2.csv
ecb_stmt,ecb_stmt_20181025,2018-10-25,ECB,statement,ecb_statements,6,The President of the ECB will comment on the considerations underlying these decisions at a press conference starting at 14:30 CET today.,True,neutral,0.0007153104525059462,0.001840935554355383,0.9974437355995178,-0.0011256251018494368,ecb_stmt_reg_v2.csv
ecb_stmt,ecb_stmt_20181025,2018-10-25,ECB,statement,ecb_statements,7,Directorate General Communications Reproduction is permitted provided that the source is acknowledged.,False,neutral,0.047414593398571014,0.06088154762983322,0.8917038440704346,-0.013466954231262207,ecb_stmt_reg_v2.csv
ecb_stmt,ecb_stmt_20181025,2018-10-25,ECB,statement,ecb_statements,8,Find out more about related content,False,neutral,0.0013540757354348898,0.0056015364825725555,0.993044376373291,-0.004247460747137666,ecb_stmt_reg_v2.csv
ecb_stmt,ecb_stmt_20181213,2018-12-13,ECB,statement,ecb_statements,1,"At today’s meeting the Governing Council of the European Central Bank (ECB) decided that the interest rate on the main refinancing operations and the interest rates on the marginal lending facility and the deposit facility will remain unchanged at 0.00%, 0.25% and -0.40% respectively.",True,neutral,0.001009443192742765,0.16502195596694946,0.8339686393737793,-0.1640125127742067,ecb_stmt_reg_v2.csv
ecb_stmt,ecb_stmt_20181213,2018-12-13,ECB,statement,ecb_statements,2,"The Governing Council expects the key ECB interest rates to remain at their present levels at least through the summer of 2019, and in any case for as long as necessary to ensure the continued sustained convergence of inflation to levels that are below, but close to, 2% over the medium term.",True,neutral,0.002067589433863759,0.3947831094264984,0.6031492352485657,-0.39271551999263465,ecb_stmt_reg_v2.csv
ecb_stmt,ecb_stmt_20181213,2018-12-13,ECB,statement,ecb_statements,3,"Regarding non-standard monetary policy measures, the net purchases under the asset purchase programme (APP) will end in December 2018.",True,neutral,0.00042707743705250323,0.00225527654401958,0.9973176717758179,-0.0018281991069670767,ecb_stmt_reg_v2.csv
ecb_stmt,ecb_stmt_20181213,2018-12-13,ECB,statement,ecb_statements,4,"At the same time, the Governing Council is enhancing its forward guidance on reinvestment.",False,hawkish,0.9707651138305664,0.010637789964675903,0.018597116693854332,0.9601273238658905,ecb_stmt_reg_v2.csv
ecb_stmt,ecb_stmt_20181213,2018-12-13,ECB,statement,ecb_statements,5,"Accordingly, the Governing Council intends to continue reinvesting, in full, the principal payments from maturing securities purchased under the APP for an extended period of time past the date when it starts raising the key ECB interest rates, and in any case for as long as necessary to maintain favourable liquidity conditions and an ample degree of monetary accommodation.",True,dovish,0.01869570091366768,0.9654839038848877,0.015820417553186417,-0.94678820297122,ecb_stmt_reg_v2.csv
ecb_stmt,ecb_stmt_20181213,2018-12-13,ECB,statement,ecb_statements,6,The President of the ECB will comment on the considerations underlying these decisions at a press conference starting at 14:30 CET today.,True,neutral,0.0007153104525059462,0.001840935554355383,0.9974437355995178,-0.0011256251018494368,ecb_stmt_reg_v2.csv
ecb_stmt,ecb_stmt_20181213,2018-12-13,ECB,statement,ecb_statements,7,Directorate General Communications Reproduction is permitted provided that the source is acknowledged.,False,neutral,0.047414593398571014,0.06088154762983322,0.8917038440704346,-0.013466954231262207,ecb_stmt_reg_v2.csv
ecb_stmt,ecb_stmt_20181213,2018-12-13,ECB,statement,ecb_statements,8,Find out more about related content,False,neutral,0.0013540757354348898,0.0056015364825725555,0.993044376373291,-0.004247460747137666,ecb_stmt_reg_v2.csv
ecb_stmt,ecb_stmt_20190124,2019-01-24,ECB,statement,ecb_statements,1,"At today’s meeting the Governing Council of the European Central Bank (ECB) decided that the interest rate on the main refinancing operations and the interest rates on the marginal lending facility and the deposit facility will remain unchanged at 0.00%, 0.25% and -0.40% respectively.",True,neutral,0.001009443192742765,0.16502195596694946,0.8339686393737793,-0.1640125127742067,ecb_stmt_reg_v2.csv
ecb_stmt,ecb_stmt_20190124,2019-01-24,ECB,statement,ecb_statements,2,"The Governing Council expects the key ECB interest rates to remain at their present levels at least through the summer of 2019, and in any case for as long as necessary to ensure the continued sustained convergence of inflation to levels that are below, but close to, 2% over the medium term.",True,neutral,0.002067589433863759,0.3947831094264984,0.6031492352485657,-0.39271551999263465,ecb_stmt_reg_v2.csv
ecb_stmt,ecb_stmt_20190124,2019-01-24,ECB,statement,ecb_statements,3,"Regarding non-standard monetary policy measures, the Governing Council intends to continue reinvesting, in full, the principal payments from maturing securities purchased under the asset purchase programme for an extended period of time past the date when it starts raising the key ECB interest rates, and in any case for as long as necessary to maintain favourable liquidity conditions and an ample degree of monetary accommodation.",True,dovish,0.014817244373261929,0.9701322317123413,0.015050582587718964,-0.9553149873390794,ecb_stmt_reg_v2.csv
ecb_stmt,ecb_stmt_20190124,2019-01-24,ECB,statement,ecb_statements,4,The President of the ECB will comment on the considerations underlying these decisions at a press conference starting at 14:30 CET today.,True,neutral,0.0007153104525059462,0.001840935554355383,0.9974437355995178,-0.0011256251018494368,ecb_stmt_reg_v2.csv
ecb_stmt,ecb_stmt_20190124,2019-01-24,ECB,statement,ecb_statements,5,Directorate General Communications Reproduction is permitted provided that the source is acknowledged.,False,neutral,0.047414593398571014,0.06088154762983322,0.8917038440704346,-0.013466954231262207,ecb_stmt_reg_v2.csv
ecb_stmt,ecb_stmt_20190124,2019-01-24,ECB,statement,ecb_statements,6,Find out more about related content,False,neutral,0.0013540757354348898,0.0056015364825725555,0.993044376373291,-0.004247460747137666,ecb_stmt_reg_v2.csv
ecb_stmt,ecb_stmt_20190307,2019-03-07,ECB,statement,ecb_statements,1,"At today’s meeting the Governing Council of the European Central Bank (ECB) took the following monetary policy decisions: (1) The interest rate on the main refinancing operations and the interest rates on the marginal lending facility and the deposit facility will remain unchanged at 0.00%, 0.25% and -0.40% respectively.",True,neutral,0.0021172259002923965,0.0579485222697258,0.939934253692627,-0.0558312963694334,ecb_stmt_reg_v2.csv
ecb_stmt,ecb_stmt_20190307,2019-03-07,ECB,statement,ecb_statements,2,"The Governing Council now expects the key ECB interest rates to remain at their present levels at least through the end of 2019, and in any case for as long as necessary to ensure the continued sustained convergence of inflation to levels that are below, but close to, 2% over the medium term.",True,neutral,0.002141083125025034,0.4088158905506134,0.5890429615974426,-0.40667480742558837,ecb_stmt_reg_v2.csv
ecb_stmt,ecb_stmt_20190307,2019-03-07,ECB,statement,ecb_statements,3,"(2) The Governing Council intends to continue reinvesting, in full, the principal payments from maturing securities purchased under the asset purchase programme for an extended period of time past the date when it starts raising the key ECB interest rates, and in any case for as long as necessary to maintain favourable liquidity conditions and an ample degree of monetary accommodation.",True,dovish,0.017988556995987892,0.961266279220581,0.020745180547237396,-0.9432777222245932,ecb_stmt_reg_v2.csv
ecb_stmt,ecb_stmt_20190307,2019-03-07,ECB,statement,ecb_statements,4,"(3) A new series of quarterly targeted longer-term refinancing operations (TLTRO-III) will be launched, starting in September 2019 and ending in March 2021, each with a maturity of two years.",True,neutral,0.1266171634197235,0.002176441717892885,0.8712063431739807,0.12444072170183063,ecb_stmt_reg_v2.csv
ecb_stmt,ecb_stmt_20190307,2019-03-07,ECB,statement,ecb_statements,5,These new operations will help to preserve favourable bank lending conditions and the smooth transmission of monetary policy.,True,hawkish,0.5316538214683533,0.41445696353912354,0.053889200091362,0.11719685792922974,ecb_stmt_reg_v2.csv
ecb_stmt,ecb_stmt_20190307,2019-03-07,ECB,statement,ecb_statements,6,"Under TLTRO-III, counterparties will be entitled to borrow up to 30% of the stock of eligible loans as at 28 February 2019 at a rate indexed to the interest rate on the main refinancing operations over the life of each operation.",True,neutral,0.007431404199451208,0.002953123301267624,0.9896154403686523,0.004478280898183584,ecb_stmt_reg_v2.csv
ecb_stmt,ecb_stmt_20190307,2019-03-07,ECB,statement,ecb_statements,7,"Like the outstanding TLTRO programme, TLTRO-III will feature built-in incentives for credit conditions to remain favourable.",True,hawkish,0.5534517168998718,0.22981351613998413,0.21673478186130524,0.3236382007598877,ecb_stmt_reg_v2.csv
ecb_stmt,ecb_stmt_20190307,2019-03-07,ECB,statement,ecb_statements,8,Further details on the precise terms of TLTRO-III will be communicated in due course.,True,neutral,0.006323888897895813,0.01008582767099142,0.9835902452468872,-0.0037619387730956078,ecb_stmt_reg_v2.csv
ecb_stmt,ecb_stmt_20190307,2019-03-07,ECB,statement,ecb_statements,9,"(4) The Eurosystem’s lending operations will continue to be conducted as fixed rate tender procedures with full allotment for as long as necessary, and at least until the end of the reserve maintenance period starting in March 2021.",True,neutral,0.000902796455193311,0.001295724418014288,0.9978014230728149,-0.00039292796282097697,ecb_stmt_reg_v2.csv
ecb_stmt,ecb_stmt_20190307,2019-03-07,ECB,statement,ecb_statements,10,The President of the ECB will comment on the considerations underlying these decisions at a press conference starting at 14:30 CET today.,True,neutral,0.0007153104525059462,0.001840935554355383,0.9974437355995178,-0.0011256251018494368,ecb_stmt_reg_v2.csv
ecb_stmt,ecb_stmt_20190307,2019-03-07,ECB,statement,ecb_statements,11,Directorate General Communications Reproduction is permitted provided that the source is acknowledged.,False,neutral,0.047414593398571014,0.06088154762983322,0.8917038440704346,-0.013466954231262207,ecb_stmt_reg_v2.csv
ecb_stmt,ecb_stmt_20190307,2019-03-07,ECB,statement,ecb_statements,12,Find out more about related content,False,neutral,0.0013540757354348898,0.0056015364825725555,0.993044376373291,-0.004247460747137666,ecb_stmt_reg_v2.csv
ecb_stmt,ecb_stmt_20190410,2019-04-10,ECB,statement,ecb_statements,1,"At today’s meeting the Governing Council of the European Central Bank (ECB) decided that the interest rate on the main refinancing operations and the interest rates on the marginal lending facility and the deposit facility will remain unchanged at 0.00%, 0.25% and -0.40% respectively.",True,neutral,0.001009443192742765,0.16502195596694946,0.8339686393737793,-0.1640125127742067,ecb_stmt_reg_v2.csv
ecb_stmt,ecb_stmt_20190410,2019-04-10,ECB,statement,ecb_statements,2,"The Governing Council expects the key ECB interest rates to remain at their present levels at least through the end of 2019, and in any case for as long as necessary to ensure the continued sustained convergence of inflation to levels that are below, but close to, 2% over the medium term.",True,neutral,0.0018462217412889004,0.331805020570755,0.6663487553596497,-0.3299587988294661,ecb_stmt_reg_v2.csv
ecb_stmt,ecb_stmt_20190410,2019-04-10,ECB,statement,ecb_statements,3,"The Governing Council intends to continue reinvesting, in full, the principal payments from maturing securities purchased under the asset purchase programme for an extended period of time past the date when it starts raising the key ECB interest rates, and in any case for as long as necessary to maintain favourable liquidity conditions and an ample degree of monetary accommodation.",True,dovish,0.018577124923467636,0.9640563130378723,0.01736658811569214,-0.9454791881144047,ecb_stmt_reg_v2.csv
ecb_stmt,ecb_stmt_20190410,2019-04-10,ECB,statement,ecb_statements,4,The President of the ECB will comment on the considerations underlying these decisions at a press conference starting at 14:30 CET today.,True,neutral,0.0007153104525059462,0.001840935554355383,0.9974437355995178,-0.0011256251018494368,ecb_stmt_reg_v2.csv
ecb_stmt,ecb_stmt_20190410,2019-04-10,ECB,statement,ecb_statements,5,Directorate General Communications Reproduction is permitted provided that the source is acknowledged.,False,neutral,0.047414593398571014,0.06088154762983322,0.8917038440704346,-0.013466954231262207,ecb_stmt_reg_v2.csv
ecb_stmt,ecb_stmt_20190410,2019-04-10,ECB,statement,ecb_statements,6,Find out more about related content,False,neutral,0.0013540757354348898,0.0056015364825725555,0.993044376373291,-0.004247460747137666,ecb_stmt_reg_v2.csv
ecb_stmt,ecb_stmt_20190606,2019-06-06,ECB,statement,ecb_statements,1,"At today’s meeting, which was held in Vilnius, the Governing Council of the European Central Bank (ECB) took the following monetary policy decisions: (1) The interest rate on the main refinancing operations and the interest rates on the marginal lending facility and the deposit facility will remain unchanged at 0.00%, 0.25% and -0.40% respectively.",True,neutral,0.001769378548488021,0.022556841373443604,0.9756737947463989,-0.020787462824955583,ecb_stmt_reg_v2.csv
ecb_stmt,ecb_stmt_20190606,2019-06-06,ECB,statement,ecb_statements,2,"The Governing Council now expects the key ECB interest rates to remain at their present levels at least through the first half of 2020, and in any case for as long as necessary to ensure the continued sustained convergence of inflation to levels that are below, but close to, 2% over the medium term.",True,neutral,0.0016848850063979626,0.34717264771461487,0.6511424779891968,-0.3454877627082169,ecb_stmt_reg_v2.csv
ecb_stmt,ecb_stmt_20190606,2019-06-06,ECB,statement,ecb_statements,3,"(2) The Governing Council intends to continue reinvesting, in full, the principal payments from maturing securities purchased under the asset purchase programme for an extended period of time past the date when it starts raising the key ECB interest rates, and in any case for as long as necessary to maintain favourable liquidity conditions and an ample degree of monetary accommodation.",True,dovish,0.017988556995987892,0.961266279220581,0.020745180547237396,-0.9432777222245932,ecb_stmt_reg_v2.csv
ecb_stmt,ecb_stmt_20190606,2019-06-06,ECB,statement,ecb_statements,4,"(3) Regarding the modalities of the new series of quarterly targeted longer-term refinancing operations (TLTRO III), the Governing Council decided that the interest rate in each operation will be set at a level that is 10 basis points above the average rate applied in the Eurosystem’s main refinancing operations over the life of the respective TLTRO.",True,hawkish,0.8164498805999756,0.0017310280818492174,0.1818191260099411,0.8147188525181264,ecb_stmt_reg_v2.csv
ecb_stmt,ecb_stmt_20190606,2019-06-06,ECB,statement,ecb_statements,5,"For banks whose eligible net lending exceeds a benchmark, the rate applied in TLTRO III will be lower and can be as low as the average interest rate on the deposit facility prevailing over the life of the operation plus 10 basis points.",True,dovish,0.0013142491225153208,0.9072108864784241,0.09147479385137558,-0.9058966373559088,ecb_stmt_reg_v2.csv
ecb_stmt,ecb_stmt_20190606,2019-06-06,ECB,statement,ecb_statements,6,The President of the ECB will comment on the considerations underlying these decisions at a press conference starting at 14:30 CET today.,True,neutral,0.0007153104525059462,0.001840935554355383,0.9974437355995178,-0.0011256251018494368,ecb_stmt_reg_v2.csv
ecb_stmt,ecb_stmt_20190606,2019-06-06,ECB,statement,ecb_statements,7,Directorate General Communications Reproduction is permitted provided that the source is acknowledged.,False,neutral,0.047414593398571014,0.06088154762983322,0.8917038440704346,-0.013466954231262207,ecb_stmt_reg_v2.csv
ecb_stmt,ecb_stmt_20190606,2019-06-06,ECB,statement,ecb_statements,8,Find out more about related content,False,neutral,0.0013540757354348898,0.0056015364825725555,0.993044376373291,-0.004247460747137666,ecb_stmt_reg_v2.csv
ecb_stmt,ecb_stmt_20190725,2019-07-25,ECB,statement,ecb_statements,1,"At today’s meeting the Governing Council of the European Central Bank (ECB) decided that the interest rate on the main refinancing operations and the interest rates on the marginal lending facility and the deposit facility will remain unchanged at 0.00%, 0.25% and -0.40% respectively.",True,neutral,0.001009443192742765,0.16502195596694946,0.8339686393737793,-0.1640125127742067,ecb_stmt_reg_v2.csv
ecb_stmt,ecb_stmt_20190725,2019-07-25,ECB,statement,ecb_statements,2,"The Governing Council expects the key ECB interest rates to remain at their present or lower levels at least through the first half of 2020, and in any case for as long as necessary to ensure the continued sustained convergence of inflation to its aim over the medium term.",True,dovish,0.0006060778978280723,0.681736946105957,0.3176569640636444,-0.681130868208129,ecb_stmt_reg_v2.csv
ecb_stmt,ecb_stmt_20190725,2019-07-25,ECB,statement,ecb_statements,3,"The Governing Council intends to continue reinvesting, in full, the principal payments from maturing securities purchased under the asset purchase programme for an extended period of time past the date when it starts raising the key ECB interest rates, and in any case for as long as necessary to maintain favourable liquidity conditions and an ample degree of monetary accommodation.",True,dovish,0.018577124923467636,0.9640563130378723,0.01736658811569214,-0.9454791881144047,ecb_stmt_reg_v2.csv
ecb_stmt,ecb_stmt_20190725,2019-07-25,ECB,statement,ecb_statements,4,"The Governing Council also underlined the need for a highly accommodative stance of monetary policy for a prolonged period of time, as inflation rates, both realised and projected, have been persistently below levels that are in line with its aim.",True,dovish,0.0007680955459363759,0.9983267784118652,0.0009050376829691231,-0.9975586828659289,ecb_stmt_reg_v2.csv
ecb_stmt,ecb_stmt_20190725,2019-07-25,ECB,statement,ecb_statements,5,"Accordingly, if the medium-term inflation outlook continues to fall short of its aim, the Governing Council is determined to act, in line with its commitment to symmetry in the inflation aim.",True,hawkish,0.8058123588562012,0.12700095772743225,0.06718674302101135,0.6788114011287689,ecb_stmt_reg_v2.csv
ecb_stmt,ecb_stmt_20190725,2019-07-25,ECB,statement,ecb_statements,6,"It therefore stands ready to adjust all of its instruments, as appropriate, to ensure that inflation moves towards its aim in a sustained manner.",False,hawkish,0.9875650405883789,0.006798667833209038,0.0056362939067184925,0.9807663727551699,ecb_stmt_reg_v2.csv
ecb_stmt,ecb_stmt_20190725,2019-07-25,ECB,statement,ecb_statements,7,"In this context, the Governing Council has tasked the relevant Eurosystem Committees with examining options, including ways to reinforce its forward guidance on policy rates, mitigating measures, such as the design of a tiered system for reserve remuneration, and options for the size and composition of potential new net asset purchases.",False,hawkish,0.43170836567878723,0.2677922248840332,0.30049940943717957,0.16391614079475403,ecb_stmt_reg_v2.csv
ecb_stmt,ecb_stmt_20190725,2019-07-25,ECB,statement,ecb_statements,8,The President of the ECB will comment on the considerations underlying these decisions at a press conference starting at 14:30 CET today.,True,neutral,0.0007153104525059462,0.001840935554355383,0.9974437355995178,-0.0011256251018494368,ecb_stmt_reg_v2.csv
ecb_stmt,ecb_stmt_20190725,2019-07-25,ECB,statement,ecb_statements,9,Directorate General Communications Reproduction is permitted provided that the source is acknowledged.,False,neutral,0.047414593398571014,0.06088154762983322,0.8917038440704346,-0.013466954231262207,ecb_stmt_reg_v2.csv
ecb_stmt,ecb_stmt_20190725,2019-07-25,ECB,statement,ecb_statements,10,Find out more about related content,False,neutral,0.0013540757354348898,0.0056015364825725555,0.993044376373291,-0.004247460747137666,ecb_stmt_reg_v2.csv
ecb_stmt,ecb_stmt_20190912,2019-09-12,ECB,statement,ecb_statements,1,At today’s meeting the Governing Council of the ECB took the following monetary policy decisions: (1) The interest rate on the deposit facility will be decreased by 10 basis points to -0.50%.,True,dovish,0.0023464749101549387,0.994005024433136,0.003648515557870269,-0.991658549522981,ecb_stmt_reg_v2.csv
ecb_stmt,ecb_stmt_20190912,2019-09-12,ECB,statement,ecb_statements,2,The interest rate on the main refinancing operations and the rate on the marginal lending facility will remain unchanged at their current levels of 0.00% and 0.25% respectively.,True,neutral,0.0005558294942602515,0.010061360895633698,0.989382803440094,-0.009505531401373446,ecb_stmt_reg_v2.csv
ecb_stmt,ecb_stmt_20190912,2019-09-12,ECB,statement,ecb_statements,3,"The Governing Council now expects the key ECB interest rates to remain at their present or lower levels until it has seen the inflation outlook robustly converge to a level sufficiently close to, but below, 2% within its projection horizon, and such convergence has been consistently reflected in underlying inflation dynamics.",True,dovish,0.006751536391675472,0.8791106343269348,0.11413783580064774,-0.8723590979352593,ecb_stmt_reg_v2.csv
ecb_stmt,ecb_stmt_20190912,2019-09-12,ECB,statement,ecb_statements,4,(2) Net purchases will be restarted under the Governing Council’s asset purchase programme (APP) at a monthly pace of €20 billion as from 1 November.,True,neutral,0.0011474983766674995,0.0014420991064980626,0.9974104166030884,-0.00029460072983056307,ecb_stmt_reg_v2.csv
ecb_stmt,ecb_stmt_20190912,2019-09-12,ECB,statement,ecb_statements,5,"The Governing Council expects them to run for as long as necessary to reinforce the accommodative impact of its policy rates, and to end shortly before it starts raising the key ECB interest rates.",True,dovish,0.05216238647699356,0.9419161081314087,0.0059214443899691105,-0.8897537216544151,ecb_stmt_reg_v2.csv
ecb_stmt,ecb_stmt_20190912,2019-09-12,ECB,statement,ecb_statements,6,"(3) Reinvestments of the principal payments from maturing securities purchased under the APP will continue, in full, for an extended period of time past the date when the Governing Council starts raising the key ECB interest rates, and in any case for as long as necessary to maintain favourable liquidity conditions and an ample degree of monetary accommodation.",True,dovish,0.009387939237058163,0.9783918261528015,0.012220289558172226,-0.9690038869157434,ecb_stmt_reg_v2.csv
ecb_stmt,ecb_stmt_20190912,2019-09-12,ECB,statement,ecb_statements,7,"(4) The modalities of the new series of quarterly targeted longer-term refinancing operations (TLTRO III) will be changed to preserve favourable bank lending conditions, ensure the smooth transmission of monetary policy and further support the accommodative stance of monetary policy.",True,dovish,0.002242208458483219,0.989604115486145,0.008153741247951984,-0.9873619070276618,ecb_stmt_reg_v2.csv
ecb_stmt,ecb_stmt_20190912,2019-09-12,ECB,statement,ecb_statements,8,The interest rate in each operation will now be set at the level of the average rate applied in the Eurosystem’s main refinancing operations over the life of the respective TLTRO.,True,neutral,0.004621917847543955,0.0012127846712246537,0.994165301322937,0.003409133176319301,ecb_stmt_reg_v2.csv
ecb_stmt,ecb_stmt_20190912,2019-09-12,ECB,statement,ecb_statements,9,"For banks whose eligible net lending exceeds a benchmark, the rate applied in TLTRO III operations will be lower, and can be as low as the average interest rate on the deposit facility prevailing over the life of the operation.",True,dovish,0.0016578951617702842,0.9115251898765564,0.08681686222553253,-0.9098672947147861,ecb_stmt_reg_v2.csv
ecb_stmt,ecb_stmt_20190912,2019-09-12,ECB,statement,ecb_statements,10,The maturity of the operations will be extended from two to three years.,True,neutral,0.00784898828715086,0.007373441942036152,0.984777569770813,0.00047554634511470795,ecb_stmt_reg_v2.csv
ecb_stmt,ecb_stmt_20190912,2019-09-12,ECB,statement,ecb_statements,11,"(5) In order to support the bank-based transmission of monetary policy, a two-tier system for reserve remuneration will be introduced, in which part of banks’ holdings of excess liquidity will be exempt from the negative deposit facility rate.",True,neutral,0.003892530919983983,0.003758061910048127,0.99234938621521,0.00013446900993585587,ecb_stmt_reg_v2.csv
ecb_stmt,ecb_stmt_20190912,2019-09-12,ECB,statement,ecb_statements,12,Separate press releases with further details of the measures taken by the Governing Council will be published this afternoon at 15:30 CET.,True,neutral,0.0025805162731558084,0.005976488813757896,0.9914429783821106,-0.003395972540602088,ecb_stmt_reg_v2.csv
ecb_stmt,ecb_stmt_20190912,2019-09-12,ECB,statement,ecb_statements,13,The President of the ECB will comment on the considerations underlying these decisions at a press conference starting at 14:30 CET today.,True,neutral,0.0007153104525059462,0.001840935554355383,0.9974437355995178,-0.0011256251018494368,ecb_stmt_reg_v2.csv
ecb_stmt,ecb_stmt_20190912,2019-09-12,ECB,statement,ecb_statements,14,Directorate General Communications Reproduction is permitted provided that the source is acknowledged.,False,neutral,0.047414593398571014,0.06088154762983322,0.8917038440704346,-0.013466954231262207,ecb_stmt_reg_v2.csv
ecb_stmt,ecb_stmt_20190912,2019-09-12,ECB,statement,ecb_statements,15,Find out more about related content,False,neutral,0.0013540757354348898,0.0056015364825725555,0.993044376373291,-0.004247460747137666,ecb_stmt_reg_v2.csv
ecb_stmt,ecb_stmt_20191024,2019-10-24,ECB,statement,ecb_statements,1,"At today’s meeting the Governing Council of the European Central Bank (ECB) decided that the interest rate on the main refinancing operations and the interest rates on the marginal lending facility and the deposit facility will remain unchanged at 0.00%, 0.25% and -0.50% respectively.",True,neutral,0.0009767485316842794,0.15827983617782593,0.840743362903595,-0.15730308764614165,ecb_stmt_reg_v2.csv
ecb_stmt,ecb_stmt_20191024,2019-10-24,ECB,statement,ecb_statements,2,"The Governing Council expects the key ECB interest rates to remain at their present or lower levels until it has seen the inflation outlook robustly converge to a level sufficiently close to, but below, 2% within its projection horizon, and such convergence has been consistently reflected in underlying inflation dynamics.",True,dovish,0.006322574336081743,0.8378551602363586,0.15582230687141418,-0.8315325859002769,ecb_stmt_reg_v2.csv
ecb_stmt,ecb_stmt_20191024,2019-10-24,ECB,statement,ecb_statements,3,"As decided at the last Governing Council meeting in September, net purchases will be restarted under the Governing Council’s asset purchase programme (APP) at a monthly pace of €20 billion as from 1 November.",True,neutral,0.005882535129785538,0.006757545750588179,0.9873599410057068,-0.0008750106208026409,ecb_stmt_reg_v2.csv
ecb_stmt,ecb_stmt_20191024,2019-10-24,ECB,statement,ecb_statements,4,"The Governing Council expects them to run for as long as necessary to reinforce the accommodative impact of its policy rates, and to end shortly before it starts raising the key ECB interest rates.",True,dovish,0.05216238647699356,0.9419161081314087,0.0059214443899691105,-0.8897537216544151,ecb_stmt_reg_v2.csv
ecb_stmt,ecb_stmt_20191024,2019-10-24,ECB,statement,ecb_statements,5,"The Governing Council intends to continue reinvesting, in full, the principal payments from maturing securities purchased under the APP for an extended period of time past the date when it starts raising the key ECB interest rates, and in any case for as long as necessary to maintain favourable liquidity conditions and an ample degree of monetary accommodation.",True,dovish,0.01569526270031929,0.9691368937492371,0.015167868696153164,-0.9534416310489178,ecb_stmt_reg_v2.csv
ecb_stmt,ecb_stmt_20191024,2019-10-24,ECB,statement,ecb_statements,6,The President of the ECB will comment on the considerations underlying these decisions at a press conference starting at 14:30 CET today.,True,neutral,0.0007153104525059462,0.001840935554355383,0.9974437355995178,-0.0011256251018494368,ecb_stmt_reg_v2.csv
ecb_stmt,ecb_stmt_20191024,2019-10-24,ECB,statement,ecb_statements,7,Directorate General Communications Reproduction is permitted provided that the source is acknowledged.,False,neutral,0.047414593398571014,0.06088154762983322,0.8917038440704346,-0.013466954231262207,ecb_stmt_reg_v2.csv
ecb_stmt,ecb_stmt_20191024,2019-10-24,ECB,statement,ecb_statements,8,Find out more about related content,False,neutral,0.0013540757354348898,0.0056015364825725555,0.993044376373291,-0.004247460747137666,ecb_stmt_reg_v2.csv
ecb_stmt,ecb_stmt_20191212,2019-12-12,ECB,statement,ecb_statements,1,"At today’s meeting the Governing Council of the European Central Bank (ECB) decided that the interest rate on the main refinancing operations and the interest rates on the marginal lending facility and the deposit facility will remain unchanged at 0.00%, 0.25% and -0.50% respectively.",True,neutral,0.0009767485316842794,0.15827983617782593,0.840743362903595,-0.15730308764614165,ecb_stmt_reg_v2.csv
ecb_stmt,ecb_stmt_20191212,2019-12-12,ECB,statement,ecb_statements,2,"The Governing Council expects the key ECB interest rates to remain at their present or lower levels until it has seen the inflation outlook robustly converge to a level sufficiently close to, but below, 2% within its projection horizon, and such convergence has been consistently reflected in underlying inflation dynamics.",True,dovish,0.006322574336081743,0.8378551602363586,0.15582230687141418,-0.8315325859002769,ecb_stmt_reg_v2.csv
ecb_stmt,ecb_stmt_20191212,2019-12-12,ECB,statement,ecb_statements,3,On 1 November net purchases were restarted under the Governing Council’s asset purchase programme (APP) at a monthly pace of €20 billion.,False,neutral,0.0006170778069645166,0.0012248111888766289,0.9981580972671509,-0.0006077333819121122,ecb_stmt_reg_v2.csv
ecb_stmt,ecb_stmt_20191212,2019-12-12,ECB,statement,ecb_statements,4,"The Governing Council expects them to run for as long as necessary to reinforce the accommodative impact of its policy rates, and to end shortly before it starts raising the key ECB interest rates.",True,dovish,0.05216238647699356,0.9419161081314087,0.0059214443899691105,-0.8897537216544151,ecb_stmt_reg_v2.csv
ecb_stmt,ecb_stmt_20191212,2019-12-12,ECB,statement,ecb_statements,5,"The Governing Council intends to continue reinvesting, in full, the principal payments from maturing securities purchased under the APP for an extended period of time past the date when it starts raising the key ECB interest rates, and in any case for as long as necessary to maintain favourable liquidity conditions and an ample degree of monetary accommodation.",True,dovish,0.01569526270031929,0.9691368937492371,0.015167868696153164,-0.9534416310489178,ecb_stmt_reg_v2.csv
ecb_stmt,ecb_stmt_20191212,2019-12-12,ECB,statement,ecb_statements,6,The President of the ECB will comment on the considerations underlying these decisions at a press conference starting at 14:30 CET today.,True,neutral,0.0007153104525059462,0.001840935554355383,0.9974437355995178,-0.0011256251018494368,ecb_stmt_reg_v2.csv
ecb_stmt,ecb_stmt_20191212,2019-12-12,ECB,statement,ecb_statements,7,Directorate General Communications Reproduction is permitted provided that the source is acknowledged.,False,neutral,0.047414593398571014,0.06088154762983322,0.8917038440704346,-0.013466954231262207,ecb_stmt_reg_v2.csv
ecb_stmt,ecb_stmt_20191212,2019-12-12,ECB,statement,ecb_statements,8,Find out more about related content,False,neutral,0.0013540757354348898,0.0056015364825725555,0.993044376373291,-0.004247460747137666,ecb_stmt_reg_v2.csv
ecb_stmt,ecb_stmt_20200123,2020-01-23,ECB,statement,ecb_statements,1,"At today’s meeting the Governing Council of the European Central Bank (ECB) decided that the interest rate on the main refinancing operations and the interest rates on the marginal lending facility and the deposit facility will remain unchanged at 0.00%, 0.25% and -0.50% respectively.",True,neutral,0.0009767485316842794,0.15827983617782593,0.840743362903595,-0.15730308764614165,ecb_stmt_reg_v2.csv
ecb_stmt,ecb_stmt_20200123,2020-01-23,ECB,statement,ecb_statements,2,"The Governing Council expects the key ECB interest rates to remain at their present or lower levels until it has seen the inflation outlook robustly converge to a level sufficiently close to, but below, 2% within its projection horizon, and such convergence has been consistently reflected in underlying inflation dynamics.",True,dovish,0.006322574336081743,0.8378551602363586,0.15582230687141418,-0.8315325859002769,ecb_stmt_reg_v2.csv
ecb_stmt,ecb_stmt_20200123,2020-01-23,ECB,statement,ecb_statements,3,The Governing Council will continue to make net purchases under its asset purchase programme (APP) at a monthly pace of €20 billion.,True,neutral,0.0020135219674557447,0.0027200947515666485,0.9952663779258728,-0.0007065727841109037,ecb_stmt_reg_v2.csv
ecb_stmt,ecb_stmt_20200123,2020-01-23,ECB,statement,ecb_statements,4,"The Governing Council expects them to run for as long as necessary to reinforce the accommodative impact of its policy rates, and to end shortly before it starts raising the key ECB interest rates.",True,dovish,0.05216238647699356,0.9419161081314087,0.0059214443899691105,-0.8897537216544151,ecb_stmt_reg_v2.csv
ecb_stmt,ecb_stmt_20200123,2020-01-23,ECB,statement,ecb_statements,5,"The Governing Council intends to continue reinvesting, in full, the principal payments from maturing securities purchased under the APP for an extended period of time past the date when it starts raising the key ECB interest rates, and in any case for as long as necessary to maintain favourable liquidity conditions and an ample degree of monetary accommodation.",True,dovish,0.01569526270031929,0.9691368937492371,0.015167868696153164,-0.9534416310489178,ecb_stmt_reg_v2.csv
ecb_stmt,ecb_stmt_20200123,2020-01-23,ECB,statement,ecb_statements,6,The Governing Council also decided to launch a review of the ECB’s monetary policy strategy.,False,neutral,0.03467873856425285,0.04435478150844574,0.9209664463996887,-0.009676042944192886,ecb_stmt_reg_v2.csv
ecb_stmt,ecb_stmt_20200123,2020-01-23,ECB,statement,ecb_statements,7,Further details about the scope and timetable of the review will be published in a press release today at 15:30 CET.,True,neutral,0.0014116804813966155,0.002959484700113535,0.995628833770752,-0.0015478042187169194,ecb_stmt_reg_v2.csv
ecb_stmt,ecb_stmt_20200123,2020-01-23,ECB,statement,ecb_statements,8,The President of the ECB will comment on the considerations underlying these decisions at a press conference starting at 14:30 CET today.,True,neutral,0.0007153104525059462,0.001840935554355383,0.9974437355995178,-0.0011256251018494368,ecb_stmt_reg_v2.csv
ecb_stmt,ecb_stmt_20200123,2020-01-23,ECB,statement,ecb_statements,9,Disclaimer Please note that related topic tags are currently available for selected content only.,False,neutral,0.007912392728030682,0.016652677208185196,0.9754348993301392,-0.008740284480154514,ecb_stmt_reg_v2.csv
ecb_stmt,ecb_stmt_20200123,2020-01-23,ECB,statement,ecb_statements,10,Directorate General Communications Reproduction is permitted provided that the source is acknowledged.,False,neutral,0.047414593398571014,0.06088154762983322,0.8917038440704346,-0.013466954231262207,ecb_stmt_reg_v2.csv
ecb_stmt,ecb_stmt_20200123,2020-01-23,ECB,statement,ecb_statements,11,Find out more about related content,False,neutral,0.0013540757354348898,0.0056015364825725555,0.993044376373291,-0.004247460747137666,ecb_stmt_reg_v2.csv
ecb_stmt,ecb_stmt_20200312,2020-03-12,ECB,statement,ecb_statements,1,"At today’s meeting the Governing Council decided on a comprehensive package of monetary policy measures: (1) Additional longer-term refinancing operations (LTROs) will be conducted, temporarily, to provide immediate liquidity support to the euro area financial system.",True,hawkish,0.9146256446838379,0.030393170192837715,0.05498120188713074,0.8842324744910002,ecb_stmt_reg_v2.csv
ecb_stmt,ecb_stmt_20200312,2020-03-12,ECB,statement,ecb_statements,2,"Although the Governing Council does not see material signs of strains in money markets or liquidity shortages in the banking system, these operations will provide an effective backstop in case of need.",True,neutral,0.008015546016395092,0.015345113351941109,0.9766393303871155,-0.007329567335546017,ecb_stmt_reg_v2.csv
ecb_stmt,ecb_stmt_20200312,2020-03-12,ECB,statement,ecb_statements,3,"They will be carried out through a fixed rate tender procedure with full allotment, with an interest rate that is equal to the average rate on the deposit facility.",True,neutral,0.001981952926144004,0.0009830560302361846,0.9970349669456482,0.0009988968959078193,ecb_stmt_reg_v2.csv
ecb_stmt,ecb_stmt_20200312,2020-03-12,ECB,statement,ecb_statements,4,The LTROs will provide liquidity at favourable terms to bridge the period until the TLTRO III operation in June 2020.,True,dovish,0.1065874695777893,0.7845103144645691,0.108902208507061,-0.6779228448867798,ecb_stmt_reg_v2.csv
ecb_stmt,ecb_stmt_20200312,2020-03-12,ECB,statement,ecb_statements,5,"(2) In TLTRO III, considerably more favourable terms will be applied during the period from June 2020 to June 2021 to all TLTRO III operations outstanding during that same time.",True,hawkish,0.8203491568565369,0.15481789410114288,0.02483294904232025,0.665531262755394,ecb_stmt_reg_v2.csv
ecb_stmt,ecb_stmt_20200312,2020-03-12,ECB,statement,ecb_statements,6,"These operations will support bank lending to those affected most by the spread of the coronavirus, in particular small and medium-sized enterprises.",True,neutral,0.13555409014225006,0.3922387659549713,0.47220706939697266,-0.25668467581272125,ecb_stmt_reg_v2.csv
ecb_stmt,ecb_stmt_20200312,2020-03-12,ECB,statement,ecb_statements,7,"Throughout this period, the interest rate on these TLTRO III operations will be 25 basis points below the average rate applied in the Eurosystem’s main refinancing operations.",True,dovish,0.0010909561533480883,0.9879658818244934,0.010943202301859856,-0.9868749256711453,ecb_stmt_reg_v2.csv
ecb_stmt,ecb_stmt_20200312,2020-03-12,ECB,statement,ecb_statements,8,"For counterparties that maintain their levels of credit provision, the rate applied in these operations will be lower, and, over the period ending in June 2021, can be as low as 25 basis points below the average interest rate on the deposit facility.",True,dovish,0.0011331068817526102,0.9868267774581909,0.012040121480822563,-0.9856936705764383,ecb_stmt_reg_v2.csv
ecb_stmt,ecb_stmt_20200312,2020-03-12,ECB,statement,ecb_statements,9,"Moreover, the maximum total amount that counterparties will henceforth be entitled to borrow in TLTRO III operations is raised to 50% of their stock of eligible loans as at 28 February 2019.",True,hawkish,0.9573587775230408,0.0035484889522194862,0.03909270465373993,0.9538102885708213,ecb_stmt_reg_v2.csv
ecb_stmt,ecb_stmt_20200312,2020-03-12,ECB,statement,ecb_statements,10,"In this context, the Governing Council will mandate the Eurosystem committees to investigate collateral easing measures to ensure that counterparties continue to be able to make full use of the funding support.",True,neutral,0.002987481188029051,0.08011741191148758,0.9168950915336609,-0.07712993072345853,ecb_stmt_reg_v2.csv
ecb_stmt,ecb_stmt_20200312,2020-03-12,ECB,statement,ecb_statements,11,"(3) A temporary envelope of additional net asset purchases of €120 billion will be added until the end of the year, ensuring a strong contribution from the private sector purchase programmes.",True,hawkish,0.9593566656112671,0.02387670800089836,0.016766587272286415,0.9354799576103687,ecb_stmt_reg_v2.csv
ecb_stmt,ecb_stmt_20200312,2020-03-12,ECB,statement,ecb_statements,12,"In combination with the existing asset purchase programme (APP), this will support favourable financing conditions for the real economy in times of heightened uncertainty.",True,hawkish,0.7987958788871765,0.17292049527168274,0.028283685445785522,0.6258753836154938,ecb_stmt_reg_v2.csv
ecb_stmt,ecb_stmt_20200312,2020-03-12,ECB,statement,ecb_statements,13,"The Governing Council continues to expect net asset purchases to run for as long as necessary to reinforce the accommodative impact of its policy rates, and to end shortly before it starts raising the key ECB interest rates.",True,dovish,0.03030485473573208,0.9632301926612854,0.0064648911356925964,-0.9329253379255533,ecb_stmt_reg_v2.csv
ecb_stmt,ecb_stmt_20200312,2020-03-12,ECB,statement,ecb_statements,14,"(4) The interest rate on the main refinancing operations and the interest rates on the marginal lending facility and the deposit facility will remain unchanged at 0.00%, 0.25% and -0.50% respectively.",True,neutral,0.0013065616367384791,0.10030537843704224,0.8983880877494812,-0.09899881680030376,ecb_stmt_reg_v2.csv
ecb_stmt,ecb_stmt_20200312,2020-03-12,ECB,statement,ecb_statements,15,"The Governing Council expects the key ECB interest rates to remain at their present or lower levels until it has seen the inflation outlook robustly converge to a level sufficiently close to, but below, 2% within its projection horizon, and such convergence has been consistently reflected in underlying inflation dynamics.",True,dovish,0.006322574336081743,0.8378551602363586,0.15582230687141418,-0.8315325859002769,ecb_stmt_reg_v2.csv
ecb_stmt,ecb_stmt_20200312,2020-03-12,ECB,statement,ecb_statements,16,"(5) Reinvestments of the principal payments from maturing securities purchased under the APP will continue, in full, for an extended period of time past the date when the Governing Council starts raising the key ECB interest rates, and in any case for as long as necessary to maintain favourable liquidity conditions and an ample degree of monetary accommodation.",True,dovish,0.008929996751248837,0.9791467785835266,0.011923111043870449,-0.9702167818322778,ecb_stmt_reg_v2.csv
ecb_stmt,ecb_stmt_20200312,2020-03-12,ECB,statement,ecb_statements,17,Further details on the precise terms of the new operations will be published in dedicated press releases this afternoon at 15:30 CET.,True,neutral,0.0020190405193716288,0.0019341224106028676,0.9960468411445618,8.491810876876116e-05,ecb_stmt_reg_v2.csv
ecb_stmt,ecb_stmt_20200312,2020-03-12,ECB,statement,ecb_statements,18,The President of the ECB will comment on the considerations underlying these decisions at a press conference starting at 14:30 CET today.,True,neutral,0.0007153104525059462,0.001840935554355383,0.9974437355995178,-0.0011256251018494368,ecb_stmt_reg_v2.csv
ecb_stmt,ecb_stmt_20200312,2020-03-12,ECB,statement,ecb_statements,19,Directorate General Communications Reproduction is permitted provided that the source is acknowledged.,False,neutral,0.047414593398571014,0.06088154762983322,0.8917038440704346,-0.013466954231262207,ecb_stmt_reg_v2.csv
ecb_stmt,ecb_stmt_20200312,2020-03-12,ECB,statement,ecb_statements,20,Find out more about related content,False,neutral,0.0013540757354348898,0.0056015364825725555,0.993044376373291,-0.004247460747137666,ecb_stmt_reg_v2.csv
ecb_stmt,ecb_stmt_20200430,2020-04-30,ECB,statement,ecb_statements,1,At today’s meeting the Governing Council of the ECB took the following monetary policy decisions: (1) The conditions on the targeted longer-term refinancing operations (TLTRO III) have been further eased.,True,dovish,0.000920033548027277,0.9971848130226135,0.0018951748497784138,-0.9962647794745862,ecb_stmt_reg_v2.csv
ecb_stmt,ecb_stmt_20200430,2020-04-30,ECB,statement,ecb_statements,2,"Specifically, the Governing Council decided to reduce the interest rate on TLTRO III operations during the period from June 2020 to June 2021 to 50 basis points below the average interest rate on the Eurosystem’s main refinancing operations prevailing over the same period.",False,dovish,0.0007665883749723434,0.9983158707618713,0.00091748614795506,-0.997549282386899,ecb_stmt_reg_v2.csv
ecb_stmt,ecb_stmt_20200430,2020-04-30,ECB,statement,ecb_statements,3,"Moreover, for counterparties whose eligible net lending reaches the lending performance threshold, the interest rate over the period from June 2020 to June 2021 will now be 50 basis points below the average deposit facility rate prevailing over the same period.",True,dovish,0.0031419016886502504,0.9852299690246582,0.01162806898355484,-0.982088067336008,ecb_stmt_reg_v2.csv
ecb_stmt,ecb_stmt_20200430,2020-04-30,ECB,statement,ecb_statements,4,(2) A new series of non-targeted pandemic emergency longer-term refinancing operations (PELTROs) will be conducted to support liquidity conditions in the euro area financial system and contribute to preserving the smooth functioning of money markets by providing an effective liquidity backstop.,True,dovish,0.20973826944828033,0.7119647264480591,0.0782969743013382,-0.5022264569997787,ecb_stmt_reg_v2.csv
ecb_stmt,ecb_stmt_20200430,2020-04-30,ECB,statement,ecb_statements,5,The PELTROs consist of seven additional refinancing operations commencing in May 2020 and maturing in a staggered sequence between July and September 2021 in line with the duration of the collateral easing measures.,False,neutral,0.0006055019912309945,0.016127552837133408,0.9832669496536255,-0.015522050845902413,ecb_stmt_reg_v2.csv
ecb_stmt,ecb_stmt_20200430,2020-04-30,ECB,statement,ecb_statements,6,"They will be carried out as fixed rate tender procedures with full allotment, with an interest rate that is 25 basis points below the average rate on the main refinancing operations prevailing over the life of each PELTRO.",True,dovish,0.004141169134527445,0.8959918022155762,0.09986701607704163,-0.8918506330810487,ecb_stmt_reg_v2.csv
ecb_stmt,ecb_stmt_20200430,2020-04-30,ECB,statement,ecb_statements,7,"(3) Since the end of March, purchases have been conducted under the Governing Council’s new pandemic emergency purchase programme (PEPP), which has an overall envelope of €750 billion, to ease the overall monetary policy stance and to counter the severe risks to the monetary policy transmission mechanism and the outlook for the euro area posed by the coronavirus pandemic.",True,dovish,0.0007131556048989296,0.9983309507369995,0.0009559143800288439,-0.9976177951321006,ecb_stmt_reg_v2.csv
ecb_stmt,ecb_stmt_20200430,2020-04-30,ECB,statement,ecb_statements,8,"These purchases will continue to be conducted in a flexible manner over time, across asset classes and among jurisdictions.",True,neutral,0.0009398472029715776,0.007876931689679623,0.9911832213401794,-0.006937084486708045,ecb_stmt_reg_v2.csv
ecb_stmt,ecb_stmt_20200430,2020-04-30,ECB,statement,ecb_statements,9,"The Governing Council will conduct net asset purchases under the PEPP until it judges that the coronavirus crisis phase is over, but in any case until the end of this year.",True,neutral,0.004207449499517679,0.18136808276176453,0.814424455165863,-0.17716063326224685,ecb_stmt_reg_v2.csv
ecb_stmt,ecb_stmt_20200430,2020-04-30,ECB,statement,ecb_statements,10,"(4) Moreover, net purchases under the asset purchase programme (APP) will continue at a monthly pace of €20 billion, together with the purchases under the additional €120 billion temporary envelope until the end of the year.",True,neutral,0.0022845847997814417,0.0011555120581761003,0.9965599179267883,0.0011290727416053414,ecb_stmt_reg_v2.csv
ecb_stmt,ecb_stmt_20200430,2020-04-30,ECB,statement,ecb_statements,11,"The Governing Council continues to expect monthly net asset purchases under the APP to run for as long as necessary to reinforce the accommodative impact of its policy rates, and to end shortly before it starts raising the key ECB interest rates.",True,dovish,0.024912970140576363,0.9683027267456055,0.006784273777157068,-0.9433897566050291,ecb_stmt_reg_v2.csv
ecb_stmt,ecb_stmt_20200430,2020-04-30,ECB,statement,ecb_statements,12,"(5) Reinvestments of the principal payments from maturing securities purchased under the APP will continue, in full, for an extended period of time past the date when the Governing Council starts raising the key ECB interest rates, and in any case for as long as necessary to maintain favourable liquidity conditions and an ample degree of monetary accommodation.",True,dovish,0.008929996751248837,0.9791467785835266,0.011923111043870449,-0.9702167818322778,ecb_stmt_reg_v2.csv
ecb_stmt,ecb_stmt_20200430,2020-04-30,ECB,statement,ecb_statements,13,"(6) The interest rate on the main refinancing operations and the interest rates on the marginal lending facility and the deposit facility will remain unchanged at 0.00%, 0.25% and -0.50% respectively.",True,neutral,0.0012640353525057435,0.09142868965864182,0.9073072671890259,-0.09016465430613607,ecb_stmt_reg_v2.csv
ecb_stmt,ecb_stmt_20200430,2020-04-30,ECB,statement,ecb_statements,14,"The Governing Council expects the key ECB interest rates to remain at their present or lower levels until it has seen the inflation outlook robustly converge to a level sufficiently close to, but below, 2% within its projection horizon, and such convergence has been consistently reflected in underlying inflation dynamics.",True,dovish,0.006322574336081743,0.8378551602363586,0.15582230687141418,-0.8315325859002769,ecb_stmt_reg_v2.csv
ecb_stmt,ecb_stmt_20200430,2020-04-30,ECB,statement,ecb_statements,15,"The Governing Council is fully prepared to increase the size of the PEPP and adjust its composition, by as much as necessary and for as long as needed.",True,hawkish,0.9695541858673096,0.012372896075248718,0.01807291805744171,0.9571812897920609,ecb_stmt_reg_v2.csv
ecb_stmt,ecb_stmt_20200430,2020-04-30,ECB,statement,ecb_statements,16,"In any case, it stands ready to adjust all of its instruments, as appropriate, to ensure that inflation moves towards its aim in a sustained manner, in line with its commitment to symmetry.",False,hawkish,0.9577399492263794,0.01683669164776802,0.025423400104045868,0.9409032575786114,ecb_stmt_reg_v2.csv
ecb_stmt,ecb_stmt_20200430,2020-04-30,ECB,statement,ecb_statements,17,Further details on the amendments made to the terms of TLTRO III and on the new PELTROs will be published in dedicated press releases this afternoon at 15:30 CET.,True,neutral,0.0017341489437967539,0.007802334614098072,0.9904634952545166,-0.006068185670301318,ecb_stmt_reg_v2.csv
ecb_stmt,ecb_stmt_20200430,2020-04-30,ECB,statement,ecb_statements,18,The President of the ECB will comment on the considerations underlying these decisions at a press conference starting at 14:30 CET today.,True,neutral,0.0007153104525059462,0.001840935554355383,0.9974437355995178,-0.0011256251018494368,ecb_stmt_reg_v2.csv
ecb_stmt,ecb_stmt_20200430,2020-04-30,ECB,statement,ecb_statements,19,Disclaimer Please note that related topic tags are currently available for selected content only.,False,neutral,0.007912392728030682,0.016652677208185196,0.9754348993301392,-0.008740284480154514,ecb_stmt_reg_v2.csv
ecb_stmt,ecb_stmt_20200430,2020-04-30,ECB,statement,ecb_statements,20,Directorate General Communications Reproduction is permitted provided that the source is acknowledged.,False,neutral,0.047414593398571014,0.06088154762983322,0.8917038440704346,-0.013466954231262207,ecb_stmt_reg_v2.csv
ecb_stmt,ecb_stmt_20200430,2020-04-30,ECB,statement,ecb_statements,21,Find out more about related content,False,neutral,0.0013540757354348898,0.0056015364825725555,0.993044376373291,-0.004247460747137666,ecb_stmt_reg_v2.csv
ecb_stmt,ecb_stmt_20200604,2020-06-04,ECB,statement,ecb_statements,1,"At today’s meeting the Governing Council of the ECB took the following monetary policy decisions: (1) The envelope for the pandemic emergency purchase programme (PEPP) will be increased by €600 billion to a total of €1,350 billion.",True,hawkish,0.982846736907959,0.005844220519065857,0.011309120804071426,0.9770025163888931,ecb_stmt_reg_v2.csv
ecb_stmt,ecb_stmt_20200604,2020-06-04,ECB,statement,ecb_statements,2,"In response to the pandemic-related downward revision to inflation over the projection horizon, the PEPP expansion will further ease the general monetary policy stance, supporting funding conditions in the real economy, especially for businesses and households.",True,dovish,0.0005678302841261029,0.9989687204360962,0.0004634495417121798,-0.9984008901519701,ecb_stmt_reg_v2.csv
ecb_stmt,ecb_stmt_20200604,2020-06-04,ECB,statement,ecb_statements,3,"The purchases will continue to be conducted in a flexible manner over time, across asset classes and among jurisdictions.",True,neutral,0.0007433644495904446,0.012091390788555145,0.9871652722358704,-0.0113480263389647,ecb_stmt_reg_v2.csv
ecb_stmt,ecb_stmt_20200604,2020-06-04,ECB,statement,ecb_statements,4,This allows the Governing Council to effectively stave off risks to the smooth transmission of monetary policy.,True,neutral,0.12270713597536087,0.4195961356163025,0.45769670605659485,-0.2968889996409416,ecb_stmt_reg_v2.csv
ecb_stmt,ecb_stmt_20200604,2020-06-04,ECB,statement,ecb_statements,5,(2) The horizon for net purchases under the PEPP will be extended to at least the end of June 2021.,True,neutral,0.006170579232275486,0.002651342423632741,0.9911780953407288,0.003519236808642745,ecb_stmt_reg_v2.csv
ecb_stmt,ecb_stmt_20200604,2020-06-04,ECB,statement,ecb_statements,6,"In any case, the Governing Council will conduct net asset purchases under the PEPP until it judges that the coronavirus crisis phase is over.",True,neutral,0.03292239084839821,0.1270701140165329,0.840007483959198,-0.09414772316813469,ecb_stmt_reg_v2.csv
ecb_stmt,ecb_stmt_20200604,2020-06-04,ECB,statement,ecb_statements,7,(3) The maturing principal payments from securities purchased under the PEPP will be reinvested until at least the end of 2022.,True,neutral,0.0014371193246915936,0.002653612056747079,0.9959092736244202,-0.0012164927320554852,ecb_stmt_reg_v2.csv
ecb_stmt,ecb_stmt_20200604,2020-06-04,ECB,statement,ecb_statements,8,"In any case, the future roll-off of the PEPP portfolio will be managed to avoid interference with the appropriate monetary stance.",True,neutral,0.00139423122163862,0.01720222271978855,0.9814035296440125,-0.01580799149814993,ecb_stmt_reg_v2.csv
ecb_stmt,ecb_stmt_20200604,2020-06-04,ECB,statement,ecb_statements,9,"(4) Net purchases under the asset purchase programme (APP) will continue at a monthly pace of €20 billion, together with the purchases under the additional €120 billion temporary envelope until the end of the year.",True,neutral,0.00090485077816993,0.000974562659393996,0.9981206059455872,-6.971188122406602e-05,ecb_stmt_reg_v2.csv
ecb_stmt,ecb_stmt_20200604,2020-06-04,ECB,statement,ecb_statements,10,"The Governing Council continues to expect monthly net asset purchases under the APP to run for as long as necessary to reinforce the accommodative impact of its policy rates, and to end shortly before it starts raising the key ECB interest rates.",True,dovish,0.024912970140576363,0.9683027267456055,0.006784273777157068,-0.9433897566050291,ecb_stmt_reg_v2.csv
ecb_stmt,ecb_stmt_20200604,2020-06-04,ECB,statement,ecb_statements,11,"(5) Reinvestments of the principal payments from maturing securities purchased under the APP will continue, in full, for an extended period of time past the date when the Governing Council starts raising the key ECB interest rates, and in any case for as long as necessary to maintain favourable liquidity conditions and an ample degree of monetary accommodation.",True,dovish,0.008929996751248837,0.9791467785835266,0.011923111043870449,-0.9702167818322778,ecb_stmt_reg_v2.csv
ecb_stmt,ecb_stmt_20200604,2020-06-04,ECB,statement,ecb_statements,12,"(6) The interest rate on the main refinancing operations and the interest rates on the marginal lending facility and the deposit facility will remain unchanged at 0.00%, 0.25% and -0.50% respectively.",True,neutral,0.0012640353525057435,0.09142868965864182,0.9073072671890259,-0.09016465430613607,ecb_stmt_reg_v2.csv
ecb_stmt,ecb_stmt_20200604,2020-06-04,ECB,statement,ecb_statements,13,"The Governing Council expects the key ECB interest rates to remain at their present or lower levels until it has seen the inflation outlook robustly converge to a level sufficiently close to, but below, 2% within its projection horizon, and such convergence has been consistently reflected in underlying inflation dynamics.",True,dovish,0.006322574336081743,0.8378551602363586,0.15582230687141418,-0.8315325859002769,ecb_stmt_reg_v2.csv
ecb_stmt,ecb_stmt_20200604,2020-06-04,ECB,statement,ecb_statements,14,"The Governing Council continues to stand ready to adjust all of its instruments, as appropriate, to ensure that inflation moves towards its aim in a sustained manner, in line with its commitment to symmetry.",False,hawkish,0.9368593692779541,0.020002422854304314,0.043138161301612854,0.9168569464236498,ecb_stmt_reg_v2.csv
ecb_stmt,ecb_stmt_20200604,2020-06-04,ECB,statement,ecb_statements,15,The President of the ECB will comment on the considerations underlying these decisions at a press conference starting at 14:30 CET today.,True,neutral,0.0007153104525059462,0.001840935554355383,0.9974437355995178,-0.0011256251018494368,ecb_stmt_reg_v2.csv
ecb_stmt,ecb_stmt_20200604,2020-06-04,ECB,statement,ecb_statements,16,Disclaimer Please note that related topic tags are currently available for selected content only.,False,neutral,0.007912392728030682,0.016652677208185196,0.9754348993301392,-0.008740284480154514,ecb_stmt_reg_v2.csv
ecb_stmt,ecb_stmt_20200604,2020-06-04,ECB,statement,ecb_statements,17,Directorate General Communications Reproduction is permitted provided that the source is acknowledged.,False,neutral,0.047414593398571014,0.06088154762983322,0.8917038440704346,-0.013466954231262207,ecb_stmt_reg_v2.csv
ecb_stmt,ecb_stmt_20200604,2020-06-04,ECB,statement,ecb_statements,18,Find out more about related content,False,neutral,0.0013540757354348898,0.0056015364825725555,0.993044376373291,-0.004247460747137666,ecb_stmt_reg_v2.csv
ecb_stmt,ecb_stmt_20200716,2020-07-16,ECB,statement,ecb_statements,1,"At today’s meeting the Governing Council of the ECB took the following monetary policy decisions: (1) The interest rate on the main refinancing operations and the interest rates on the marginal lending facility and the deposit facility will remain unchanged at 0.00%, 0.25% and -0.50% respectively.",True,neutral,0.0016647917218506336,0.09102779626846313,0.9073073863983154,-0.0893630045466125,ecb_stmt_reg_v2.csv
ecb_stmt,ecb_stmt_20200716,2020-07-16,ECB,statement,ecb_statements,2,"The Governing Council expects the key ECB interest rates to remain at their present or lower levels until it has seen the inflation outlook robustly converge to a level sufficiently close to, but below, 2% within its projection horizon, and such convergence has been consistently reflected in underlying inflation dynamics.",True,dovish,0.006322574336081743,0.8378551602363586,0.15582230687141418,-0.8315325859002769,ecb_stmt_reg_v2.csv
ecb_stmt,ecb_stmt_20200716,2020-07-16,ECB,statement,ecb_statements,3,"(2) The Governing Council will continue its purchases under the pandemic emergency purchase programme (PEPP) with a total envelope of €1,350 billion.",True,neutral,0.0018686505500227213,0.007191305980086327,0.9909400343894958,-0.005322655430063605,ecb_stmt_reg_v2.csv
ecb_stmt,ecb_stmt_20200716,2020-07-16,ECB,statement,ecb_statements,4,"These purchases contribute to easing the overall monetary policy stance, thereby helping to offset the pandemic-related downward shift in the projected path of inflation.",True,dovish,0.0002237859007436782,0.9994762539863586,0.00029996284865774214,-0.999252468085615,ecb_stmt_reg_v2.csv
ecb_stmt,ecb_stmt_20200716,2020-07-16,ECB,statement,ecb_statements,5,"The purchases will continue to be conducted in a flexible manner over time, across asset classes and among jurisdictions.",True,neutral,0.0007433644495904446,0.012091390788555145,0.9871652722358704,-0.0113480263389647,ecb_stmt_reg_v2.csv
ecb_stmt,ecb_stmt_20200716,2020-07-16,ECB,statement,ecb_statements,6,This allows the Governing Council to effectively stave off risks to the smooth transmission of monetary policy.,True,neutral,0.12270713597536087,0.4195961356163025,0.45769670605659485,-0.2968889996409416,ecb_stmt_reg_v2.csv
ecb_stmt,ecb_stmt_20200716,2020-07-16,ECB,statement,ecb_statements,7,"The Governing Council will conduct net asset purchases under the PEPP until at least the end of June 2021 and, in any case, until it judges that the coronavirus crisis phase is over.",True,neutral,0.013602911494672298,0.11979420483112335,0.866602897644043,-0.10619129333645105,ecb_stmt_reg_v2.csv
ecb_stmt,ecb_stmt_20200716,2020-07-16,ECB,statement,ecb_statements,8,The Governing Council will reinvest the principal payments from maturing securities purchased under the PEPP until at least the end of 2022.,True,neutral,0.0014737279852852225,0.002851803321391344,0.9956744909286499,-0.0013780753361061215,ecb_stmt_reg_v2.csv
ecb_stmt,ecb_stmt_20200716,2020-07-16,ECB,statement,ecb_statements,9,"In any case, the future roll-off of the PEPP portfolio will be managed to avoid interference with the appropriate monetary policy stance.",True,neutral,0.001287967897951603,0.008818870410323143,0.9898931980133057,-0.00753090251237154,ecb_stmt_reg_v2.csv
ecb_stmt,ecb_stmt_20200716,2020-07-16,ECB,statement,ecb_statements,10,"(3) Net purchases under the asset purchase programme (APP) will continue at a monthly pace of €20 billion, together with the purchases under the additional €120 billion temporary envelope until the end of the year.",True,neutral,0.0008668873924762011,0.00090494827600196,0.9982281923294067,-3.806088352575898e-05,ecb_stmt_reg_v2.csv
ecb_stmt,ecb_stmt_20200716,2020-07-16,ECB,statement,ecb_statements,11,"The Governing Council continues to expect monthly net asset purchases under the APP to run for as long as necessary to reinforce the accommodative impact of its policy rates, and to end shortly before it starts raising the key ECB interest rates.",True,dovish,0.024912970140576363,0.9683027267456055,0.006784273777157068,-0.9433897566050291,ecb_stmt_reg_v2.csv
ecb_stmt,ecb_stmt_20200716,2020-07-16,ECB,statement,ecb_statements,12,"The Governing Council intends to continue reinvesting, in full, the principal payments from maturing securities purchased under the APP for an extended period of time past the date when it starts raising the key ECB interest rates, and in any case for as long as necessary to maintain favourable liquidity conditions and an ample degree of monetary accommodation.",True,dovish,0.01569526270031929,0.9691368937492371,0.015167868696153164,-0.9534416310489178,ecb_stmt_reg_v2.csv
ecb_stmt,ecb_stmt_20200716,2020-07-16,ECB,statement,ecb_statements,13,(4) The Governing Council will also continue to provide ample liquidity through its refinancing operations.,True,neutral,0.3087092936038971,0.33838921785354614,0.35290151834487915,-0.029679924249649048,ecb_stmt_reg_v2.csv
ecb_stmt,ecb_stmt_20200716,2020-07-16,ECB,statement,ecb_statements,14,"In particular, the latest operation in the third series of targeted longer-term refinancing operations (TLTRO III) has registered a very high take-up of funds, supporting bank lending to firms and households.",False,hawkish,0.9610708355903625,0.02673615701496601,0.0121929831802845,0.9343346785753965,ecb_stmt_reg_v2.csv
ecb_stmt,ecb_stmt_20200716,2020-07-16,ECB,statement,ecb_statements,15,"The Governing Council continues to stand ready to adjust all of its instruments, as appropriate, to ensure that inflation moves towards its aim in a sustained manner, in line with its commitment to symmetry.",False,hawkish,0.9368593692779541,0.020002422854304314,0.043138161301612854,0.9168569464236498,ecb_stmt_reg_v2.csv
ecb_stmt,ecb_stmt_20200716,2020-07-16,ECB,statement,ecb_statements,16,The President of the ECB will comment on the considerations underlying these decisions at a press conference starting at 14:30 CET today.,True,neutral,0.0007153104525059462,0.001840935554355383,0.9974437355995178,-0.0011256251018494368,ecb_stmt_reg_v2.csv
ecb_stmt,ecb_stmt_20200716,2020-07-16,ECB,statement,ecb_statements,17,Disclaimer Please note that related topic tags are currently available for selected content only.,False,neutral,0.007912392728030682,0.016652677208185196,0.9754348993301392,-0.008740284480154514,ecb_stmt_reg_v2.csv
ecb_stmt,ecb_stmt_20200716,2020-07-16,ECB,statement,ecb_statements,18,Directorate General Communications Reproduction is permitted provided that the source is acknowledged.,False,neutral,0.047414593398571014,0.06088154762983322,0.8917038440704346,-0.013466954231262207,ecb_stmt_reg_v2.csv
ecb_stmt,ecb_stmt_20200716,2020-07-16,ECB,statement,ecb_statements,19,Find out more about related content,False,neutral,0.0013540757354348898,0.0056015364825725555,0.993044376373291,-0.004247460747137666,ecb_stmt_reg_v2.csv
ecb_stmt,ecb_stmt_20200910,2020-09-10,ECB,statement,ecb_statements,1,"At today’s meeting the Governing Council of the ECB took the following monetary policy decisions: (1) The interest rate on the main refinancing operations and the interest rates on the marginal lending facility and the deposit facility will remain unchanged at 0.00%, 0.25% and -0.50% respectively.",True,neutral,0.0016647917218506336,0.09102779626846313,0.9073073863983154,-0.0893630045466125,ecb_stmt_reg_v2.csv
ecb_stmt,ecb_stmt_20200910,2020-09-10,ECB,statement,ecb_statements,2,"The Governing Council expects the key ECB interest rates to remain at their present or lower levels until it has seen the inflation outlook robustly converge to a level sufficiently close to, but below, 2% within its projection horizon, and such convergence has been consistently reflected in underlying inflation dynamics.",True,dovish,0.006322574336081743,0.8378551602363586,0.15582230687141418,-0.8315325859002769,ecb_stmt_reg_v2.csv
ecb_stmt,ecb_stmt_20200910,2020-09-10,ECB,statement,ecb_statements,3,"(2) The Governing Council will continue its purchases under the pandemic emergency purchase programme (PEPP) with a total envelope of €1,350 billion.",True,neutral,0.0018686505500227213,0.007191305980086327,0.9909400343894958,-0.005322655430063605,ecb_stmt_reg_v2.csv
ecb_stmt,ecb_stmt_20200910,2020-09-10,ECB,statement,ecb_statements,4,"These purchases contribute to easing the overall monetary policy stance, thereby helping to offset the downward impact of the pandemic on the projected path of inflation.",True,dovish,0.00023867776326369494,0.9994476437568665,0.00031373597448691726,-0.9992089659936028,ecb_stmt_reg_v2.csv
ecb_stmt,ecb_stmt_20200910,2020-09-10,ECB,statement,ecb_statements,5,"The purchases will continue to be conducted in a flexible manner over time, across asset classes and among jurisdictions.",True,neutral,0.0007433644495904446,0.012091390788555145,0.9871652722358704,-0.0113480263389647,ecb_stmt_reg_v2.csv
ecb_stmt,ecb_stmt_20200910,2020-09-10,ECB,statement,ecb_statements,6,This allows the Governing Council to effectively stave off risks to the smooth transmission of monetary policy.,True,neutral,0.12270713597536087,0.4195961356163025,0.45769670605659485,-0.2968889996409416,ecb_stmt_reg_v2.csv
ecb_stmt,ecb_stmt_20200910,2020-09-10,ECB,statement,ecb_statements,7,"The Governing Council will conduct net asset purchases under the PEPP until at least the end of June 2021 and, in any case, until it judges that the coronavirus crisis phase is over.",True,neutral,0.013602911494672298,0.11979420483112335,0.866602897644043,-0.10619129333645105,ecb_stmt_reg_v2.csv
ecb_stmt,ecb_stmt_20200910,2020-09-10,ECB,statement,ecb_statements,8,The Governing Council will reinvest the principal payments from maturing securities purchased under the PEPP until at least the end of 2022.,True,neutral,0.0014737279852852225,0.002851803321391344,0.9956744909286499,-0.0013780753361061215,ecb_stmt_reg_v2.csv
ecb_stmt,ecb_stmt_20200910,2020-09-10,ECB,statement,ecb_statements,9,"In any case, the future roll-off of the PEPP portfolio will be managed to avoid interference with the appropriate monetary policy stance.",True,neutral,0.001287967897951603,0.008818870410323143,0.9898931980133057,-0.00753090251237154,ecb_stmt_reg_v2.csv
ecb_stmt,ecb_stmt_20200910,2020-09-10,ECB,statement,ecb_statements,10,"(3) Net purchases under the asset purchase programme (APP) will continue at a monthly pace of €20 billion, together with the purchases under the additional €120 billion temporary envelope until the end of the year.",True,neutral,0.0008668873924762011,0.00090494827600196,0.9982281923294067,-3.806088352575898e-05,ecb_stmt_reg_v2.csv
ecb_stmt,ecb_stmt_20200910,2020-09-10,ECB,statement,ecb_statements,11,"The Governing Council continues to expect monthly net asset purchases under the APP to run for as long as necessary to reinforce the accommodative impact of its policy rates, and to end shortly before it starts raising the key ECB interest rates.",True,dovish,0.024912970140576363,0.9683027267456055,0.006784273777157068,-0.9433897566050291,ecb_stmt_reg_v2.csv
ecb_stmt,ecb_stmt_20200910,2020-09-10,ECB,statement,ecb_statements,12,"The Governing Council intends to continue reinvesting, in full, the principal payments from maturing securities purchased under the APP for an extended period of time past the date when it starts raising the key ECB interest rates, and in any case for as long as necessary to maintain favourable liquidity conditions and an ample degree of monetary accommodation.",True,dovish,0.01569526270031929,0.9691368937492371,0.015167868696153164,-0.9534416310489178,ecb_stmt_reg_v2.csv
ecb_stmt,ecb_stmt_20200910,2020-09-10,ECB,statement,ecb_statements,13,(4) The Governing Council will also continue to provide ample liquidity through its refinancing operations.,True,neutral,0.3087092936038971,0.33838921785354614,0.35290151834487915,-0.029679924249649048,ecb_stmt_reg_v2.csv
ecb_stmt,ecb_stmt_20200910,2020-09-10,ECB,statement,ecb_statements,14,"In particular, the latest operation in the third series of targeted longer-term refinancing operations (TLTRO III) has registered a very high take-up of funds, supporting bank lending to firms and households.",False,hawkish,0.9610708355903625,0.02673615701496601,0.0121929831802845,0.9343346785753965,ecb_stmt_reg_v2.csv
ecb_stmt,ecb_stmt_20200910,2020-09-10,ECB,statement,ecb_statements,15,"The Governing Council continues to stand ready to adjust all of its instruments, as appropriate, to ensure that inflation moves towards its aim in a sustained manner, in line with its commitment to symmetry.",False,hawkish,0.9368593692779541,0.020002422854304314,0.043138161301612854,0.9168569464236498,ecb_stmt_reg_v2.csv
ecb_stmt,ecb_stmt_20200910,2020-09-10,ECB,statement,ecb_statements,16,The President of the ECB will comment on the considerations underlying these decisions at a press conference starting at 14:30 CET today.,True,neutral,0.0007153104525059462,0.001840935554355383,0.9974437355995178,-0.0011256251018494368,ecb_stmt_reg_v2.csv
ecb_stmt,ecb_stmt_20200910,2020-09-10,ECB,statement,ecb_statements,17,Disclaimer Please note that related topic tags are currently available for selected content only.,False,neutral,0.007912392728030682,0.016652677208185196,0.9754348993301392,-0.008740284480154514,ecb_stmt_reg_v2.csv
ecb_stmt,ecb_stmt_20200910,2020-09-10,ECB,statement,ecb_statements,18,Directorate General Communications Reproduction is permitted provided that the source is acknowledged.,False,neutral,0.047414593398571014,0.06088154762983322,0.8917038440704346,-0.013466954231262207,ecb_stmt_reg_v2.csv
ecb_stmt,ecb_stmt_20201029,2020-10-29,ECB,statement,ecb_statements,1,"In the current environment of risks clearly tilted to the downside, the Governing Council will carefully assess the incoming information, including the dynamics of the pandemic, prospects for a rollout of vaccines and developments in the exchange rate.",True,dovish,0.001679719309322536,0.9956465363502502,0.0026737190783023834,-0.9939668170409277,ecb_stmt_reg_v2.csv
ecb_stmt,ecb_stmt_20201029,2020-10-29,ECB,statement,ecb_statements,2,The new round of Eurosystem staff macroeconomic projections in December will allow a thorough reassessment of the economic outlook and the balance of risks.,True,neutral,0.0007403237395919859,0.00454389862716198,0.9947158098220825,-0.0038035748875699937,ecb_stmt_reg_v2.csv
ecb_stmt,ecb_stmt_20201029,2020-10-29,ECB,statement,ecb_statements,3,"On the basis of this updated assessment, the Governing Council will recalibrate its instruments, as appropriate, to respond to the unfolding situation and to ensure that financing conditions remain favourable to support the economic recovery and counteract the negative impact of the pandemic on the projected inflation path.",True,dovish,0.04554181545972824,0.7433086633682251,0.21114949882030487,-0.6977668479084969,ecb_stmt_reg_v2.csv
ecb_stmt,ecb_stmt_20201029,2020-10-29,ECB,statement,ecb_statements,4,"This will foster the convergence of inflation towards its aim in a sustained manner, in line with its commitment to symmetry.",True,hawkish,0.9721143245697021,0.014595933258533478,0.013289747759699821,0.9575183913111687,ecb_stmt_reg_v2.csv
ecb_stmt,ecb_stmt_20201029,2020-10-29,ECB,statement,ecb_statements,5,"In the meantime, the Governing Council of the ECB took the following monetary policy decisions: (1) The interest rate on the main refinancing operations and the interest rates on the marginal lending facility and the deposit facility will remain unchanged at 0.00%, 0.25% and -0.50% respectively.",True,neutral,0.0013808624353259802,0.07113666087388992,0.927482545375824,-0.06975579843856394,ecb_stmt_reg_v2.csv
ecb_stmt,ecb_stmt_20201029,2020-10-29,ECB,statement,ecb_statements,6,"The Governing Council expects the key ECB interest rates to remain at their present or lower levels until it has seen the inflation outlook robustly converge to a level sufficiently close to, but below, 2% within its projection horizon, and such convergence has been consistently reflected in underlying inflation dynamics.",True,dovish,0.006322574336081743,0.8378551602363586,0.15582230687141418,-0.8315325859002769,ecb_stmt_reg_v2.csv
ecb_stmt,ecb_stmt_20201029,2020-10-29,ECB,statement,ecb_statements,7,"(2) The Governing Council will continue its purchases under the pandemic emergency purchase programme (PEPP) with a total envelope of €1,350 billion.",True,neutral,0.0018686505500227213,0.007191305980086327,0.9909400343894958,-0.005322655430063605,ecb_stmt_reg_v2.csv
ecb_stmt,ecb_stmt_20201029,2020-10-29,ECB,statement,ecb_statements,8,"These purchases contribute to easing the overall monetary policy stance, thereby helping to offset the downward impact of the pandemic on the projected path of inflation.",True,dovish,0.00023867776326369494,0.9994476437568665,0.00031373597448691726,-0.9992089659936028,ecb_stmt_reg_v2.csv
ecb_stmt,ecb_stmt_20201029,2020-10-29,ECB,statement,ecb_statements,9,"The purchases will continue to be conducted in a flexible manner over time, across asset classes and among jurisdictions.",True,neutral,0.0007433644495904446,0.012091390788555145,0.9871652722358704,-0.0113480263389647,ecb_stmt_reg_v2.csv
ecb_stmt,ecb_stmt_20201029,2020-10-29,ECB,statement,ecb_statements,10,This allows the Governing Council to effectively stave off risks to the smooth transmission of monetary policy.,True,neutral,0.12270713597536087,0.4195961356163025,0.45769670605659485,-0.2968889996409416,ecb_stmt_reg_v2.csv
ecb_stmt,ecb_stmt_20201029,2020-10-29,ECB,statement,ecb_statements,11,"The Governing Council will conduct net asset purchases under the PEPP until at least the end of June 2021 and, in any case, until it judges that the coronavirus crisis phase is over.",True,neutral,0.013602911494672298,0.11979420483112335,0.866602897644043,-0.10619129333645105,ecb_stmt_reg_v2.csv
ecb_stmt,ecb_stmt_20201029,2020-10-29,ECB,statement,ecb_statements,12,The Governing Council will reinvest the principal payments from maturing securities purchased under the PEPP until at least the end of 2022.,True,neutral,0.0014737279852852225,0.002851803321391344,0.9956744909286499,-0.0013780753361061215,ecb_stmt_reg_v2.csv
ecb_stmt,ecb_stmt_20201029,2020-10-29,ECB,statement,ecb_statements,13,"In any case, the future roll-off of the PEPP portfolio will be managed to avoid interference with the appropriate monetary policy stance.",True,neutral,0.001287967897951603,0.008818870410323143,0.9898931980133057,-0.00753090251237154,ecb_stmt_reg_v2.csv
ecb_stmt,ecb_stmt_20201029,2020-10-29,ECB,statement,ecb_statements,14,"(3) Net purchases under the asset purchase programme (APP) will continue at a monthly pace of €20 billion, together with the purchases under the additional €120 billion temporary envelope until the end of the year.",True,neutral,0.0008668873924762011,0.00090494827600196,0.9982281923294067,-3.806088352575898e-05,ecb_stmt_reg_v2.csv
ecb_stmt,ecb_stmt_20201029,2020-10-29,ECB,statement,ecb_statements,15,"The Governing Council continues to expect monthly net asset purchases under the APP to run for as long as necessary to reinforce the accommodative impact of its policy rates, and to end shortly before it starts raising the key ECB interest rates.",True,dovish,0.024912970140576363,0.9683027267456055,0.006784273777157068,-0.9433897566050291,ecb_stmt_reg_v2.csv
ecb_stmt,ecb_stmt_20201029,2020-10-29,ECB,statement,ecb_statements,16,"The Governing Council intends to continue reinvesting, in full, the principal payments from maturing securities purchased under the APP for an extended period of time past the date when it starts raising the key ECB interest rates, and in any case for as long as necessary to maintain favourable liquidity conditions and an ample degree of monetary accommodation.",True,dovish,0.01569526270031929,0.9691368937492371,0.015167868696153164,-0.9534416310489178,ecb_stmt_reg_v2.csv
ecb_stmt,ecb_stmt_20201029,2020-10-29,ECB,statement,ecb_statements,17,(4) The Governing Council will also continue to provide ample liquidity through its refinancing operations.,True,neutral,0.3087092936038971,0.33838921785354614,0.35290151834487915,-0.029679924249649048,ecb_stmt_reg_v2.csv
ecb_stmt,ecb_stmt_20201029,2020-10-29,ECB,statement,ecb_statements,18,"In particular, the third series of targeted longer-term refinancing operations (TLTRO III) remains an attractive source of funding for banks, supporting bank lending to firms and households.",False,hawkish,0.9463579654693604,0.03950200602412224,0.014139999635517597,0.9068559594452381,ecb_stmt_reg_v2.csv
ecb_stmt,ecb_stmt_20201029,2020-10-29,ECB,statement,ecb_statements,19,The President of the ECB will comment on the considerations underlying these decisions at a press conference starting at 14:30 CET today.,True,neutral,0.0007153104525059462,0.001840935554355383,0.9974437355995178,-0.0011256251018494368,ecb_stmt_reg_v2.csv
ecb_stmt,ecb_stmt_20201029,2020-10-29,ECB,statement,ecb_statements,20,Disclaimer Please note that related topic tags are currently available for selected content only.,False,neutral,0.007912392728030682,0.016652677208185196,0.9754348993301392,-0.008740284480154514,ecb_stmt_reg_v2.csv
ecb_stmt,ecb_stmt_20201029,2020-10-29,ECB,statement,ecb_statements,21,Directorate General Communications Reproduction is permitted provided that the source is acknowledged.,False,neutral,0.047414593398571014,0.06088154762983322,0.8917038440704346,-0.013466954231262207,ecb_stmt_reg_v2.csv
ecb_stmt,ecb_stmt_20201210,2020-12-10,ECB,statement,ecb_statements,1,"In view of the economic fallout from the resurgence of the pandemic, today the Governing Council recalibrated its monetary policy instruments as follows: First, the interest rate on the main refinancing operations and the interest rates on the marginal lending facility and the deposit facility will remain unchanged at 0.00 per cent, 0.25 per cent and -0.50 per cent respectively.",True,dovish,0.002484920434653759,0.5221196413040161,0.47539544105529785,-0.5196347208693624,ecb_stmt_reg_v2.csv
ecb_stmt,ecb_stmt_20201210,2020-12-10,ECB,statement,ecb_statements,2,"The Governing Council expects the key ECB interest rates to remain at their present or lower levels until it has seen the inflation outlook robustly converge to a level sufficiently close to, but below, 2 per cent within its projection horizon, and such convergence has been consistently reflected in underlying inflation dynamics.",True,dovish,0.00708853080868721,0.8620036244392395,0.13090787827968597,-0.8549150936305523,ecb_stmt_reg_v2.csv
ecb_stmt,ecb_stmt_20201210,2020-12-10,ECB,statement,ecb_statements,3,"Second, the Governing Council decided to increase the envelope of the pandemic emergency purchase programme (PEPP) by €500 billion to a total of €1,850 billion.",False,hawkish,0.9395008683204651,0.03765824809670448,0.02284088172018528,0.9018426202237606,ecb_stmt_reg_v2.csv
ecb_stmt,ecb_stmt_20201210,2020-12-10,ECB,statement,ecb_statements,4,It also extended the horizon for net purchases under the PEPP to at least the end of March 2022.,False,neutral,0.013016502372920513,0.0051122913137078285,0.9818712472915649,0.007904211059212685,ecb_stmt_reg_v2.csv
ecb_stmt,ecb_stmt_20201210,2020-12-10,ECB,statement,ecb_statements,5,"In any case, the Governing Council will conduct net purchases until it judges that the coronavirus crisis phase is over.",True,neutral,0.007969262078404427,0.17834970355033875,0.8136810660362244,-0.17038044147193432,ecb_stmt_reg_v2.csv
ecb_stmt,ecb_stmt_20201210,2020-12-10,ECB,statement,ecb_statements,6,The Governing Council also decided to extend the reinvestment of principal payments from maturing securities purchased under the PEPP until at least the end of 2023.,False,neutral,0.015535946004092693,0.05104000121355057,0.9334241151809692,-0.035504055209457874,ecb_stmt_reg_v2.csv
ecb_stmt,ecb_stmt_20201210,2020-12-10,ECB,statement,ecb_statements,7,"In any case, the future roll-off of the PEPP portfolio will be managed to avoid interference with the appropriate monetary policy stance.",True,neutral,0.001287967897951603,0.008818870410323143,0.9898931980133057,-0.00753090251237154,ecb_stmt_reg_v2.csv
ecb_stmt,ecb_stmt_20201210,2020-12-10,ECB,statement,ecb_statements,8,"Third, the Governing Council decided to further recalibrate the conditions of the third series of targeted longer-term refinancing operations (TLTRO III).",True,neutral,0.013849537819623947,0.018063202500343323,0.9680873155593872,-0.004213664680719376,ecb_stmt_reg_v2.csv
ecb_stmt,ecb_stmt_20201210,2020-12-10,ECB,statement,ecb_statements,9,"Specifically, it decided to extend the period over which considerably more favourable terms will apply by twelve months, to June 2022.",True,dovish,0.4295358657836914,0.4384356737136841,0.1320284903049469,-0.008899807929992676,ecb_stmt_reg_v2.csv
ecb_stmt,ecb_stmt_20201210,2020-12-10,ECB,statement,ecb_statements,10,Three additional operations will also be conducted between June and December 2021.,True,neutral,0.0017259623855352402,0.000866175047121942,0.997407853603363,0.0008597873384132981,ecb_stmt_reg_v2.csv
ecb_stmt,ecb_stmt_20201210,2020-12-10,ECB,statement,ecb_statements,11,"Moreover, the Governing Council decided to raise the total amount that counterparties will be entitled to borrow in TLTRO III operations from 50 per cent to 55 per cent of their stock of eligible loans.",True,hawkish,0.9780265092849731,0.004746520426124334,0.017226936295628548,0.9732799888588488,ecb_stmt_reg_v2.csv
ecb_stmt,ecb_stmt_20201210,2020-12-10,ECB,statement,ecb_statements,12,"In order to provide an incentive for banks to sustain the current level of bank lending, the recalibrated TLTRO III borrowing conditions will be made available only to banks that achieve a new lending performance target.",True,hawkish,0.8434648513793945,0.09091992676258087,0.0656151995062828,0.7525449246168137,ecb_stmt_reg_v2.csv
ecb_stmt,ecb_stmt_20201210,2020-12-10,ECB,statement,ecb_statements,13,"Fourth, the Governing Council decided to extend to June 2022 the duration of the set of collateral easing measures adopted by the Governing Council on 7 and 22 April 2020.",False,dovish,0.0031198537908494473,0.9326047301292419,0.06427538394927979,-0.9294848763383925,ecb_stmt_reg_v2.csv
ecb_stmt,ecb_stmt_20201210,2020-12-10,ECB,statement,ecb_statements,14,"The extension of these measures will continue to ensure that banks can make full use of the Eurosystem’s liquidity operations, most notably the recalibrated TLTROs.",True,neutral,0.09107930213212967,0.052764154970645905,0.8561565279960632,0.038315147161483765,ecb_stmt_reg_v2.csv
ecb_stmt,ecb_stmt_20201210,2020-12-10,ECB,statement,ecb_statements,15,"The Governing Council will reassess the collateral easing measures before June 2022, ensuring that Eurosystem counterparties’ participation in TLTRO III operations is not adversely affected.",True,neutral,0.0005821455270051956,0.08673620969057083,0.9126816391944885,-0.08615406416356564,ecb_stmt_reg_v2.csv
ecb_stmt,ecb_stmt_20201210,2020-12-10,ECB,statement,ecb_statements,16,"Fifth, the Governing Council also decided to offer four additional pandemic emergency longer-term refinancing operations (PELTROs) in 2021, which will continue to provide an effective liquidity backstop.",True,hawkish,0.8135056495666504,0.07693450152873993,0.10955975204706192,0.7365711480379105,ecb_stmt_reg_v2.csv
ecb_stmt,ecb_stmt_20201210,2020-12-10,ECB,statement,ecb_statements,17,"Sixth, net purchases under the asset purchase programme (APP) will continue at a monthly pace of €20 billion.",True,neutral,0.0008874813211150467,0.0008435390191152692,0.9982689619064331,4.3942301999777555e-05,ecb_stmt_reg_v2.csv
ecb_stmt,ecb_stmt_20201210,2020-12-10,ECB,statement,ecb_statements,18,"The Governing Council continues to expect monthly net asset purchases under the APP to run for as long as necessary to reinforce the accommodative impact of its policy rates, and to end shortly before it starts raising the key ECB interest rates.",True,dovish,0.024912970140576363,0.9683027267456055,0.006784273777157068,-0.9433897566050291,ecb_stmt_reg_v2.csv
ecb_stmt,ecb_stmt_20201210,2020-12-10,ECB,statement,ecb_statements,19,"The Governing Council also intends to continue reinvesting, in full, the principal payments from maturing securities purchased under the APP for an extended period of time past the date when it starts raising the key ECB interest rates, and in any case for as long as necessary to maintain favourable liquidity conditions and an ample degree of monetary accommodation.",True,dovish,0.013043601997196674,0.976258397102356,0.010697985999286175,-0.9632147951051593,ecb_stmt_reg_v2.csv
ecb_stmt,ecb_stmt_20201210,2020-12-10,ECB,statement,ecb_statements,20,"Seventh, the Eurosystem repo facility for central banks (EUREP) and all temporary swap and repo lines with non-euro area central banks will be extended until March 2022.",True,neutral,0.0077659972012043,0.0015578543534502387,0.9906761646270752,0.006208142847754061,ecb_stmt_reg_v2.csv
ecb_stmt,ecb_stmt_20201210,2020-12-10,ECB,statement,ecb_statements,21,"Finally, the Governing Council decided to continue conducting its regular lending operations as fixed rate tender procedures with full allotment at the prevailing conditions for as long as necessary.",False,neutral,0.004536458756774664,0.013946011662483215,0.9815175533294678,-0.009409552905708551,ecb_stmt_reg_v2.csv
ecb_stmt,ecb_stmt_20201210,2020-12-10,ECB,statement,ecb_statements,22,Separate press releases with further details of the measures taken by the Governing Council will be published this afternoon at 15:30 CET.,True,neutral,0.0025805162731558084,0.005976488813757896,0.9914429783821106,-0.003395972540602088,ecb_stmt_reg_v2.csv
ecb_stmt,ecb_stmt_20201210,2020-12-10,ECB,statement,ecb_statements,23,"The monetary policy measures taken today will contribute to preserving favourable financing conditions over the pandemic period, thereby supporting the flow of credit to all sectors of the economy, underpinning economic activity and safeguarding medium-term price stability.",True,dovish,0.32624176144599915,0.6172869205474854,0.056471291929483414,-0.2910451591014862,ecb_stmt_reg_v2.csv
ecb_stmt,ecb_stmt_20201210,2020-12-10,ECB,statement,ecb_statements,24,"At the same time, uncertainty remains high, including with regard to the dynamics of the pandemic and the timing of vaccine roll-outs.",False,neutral,0.004672519862651825,0.49511224031448364,0.5002151727676392,-0.4904397204518318,ecb_stmt_reg_v2.csv
ecb_stmt,ecb_stmt_20201210,2020-12-10,ECB,statement,ecb_statements,25,We will also continue to monitor developments in the exchange rate with regard to their possible implications for the medium-term inflation outlook.,True,neutral,0.0013699966948479414,0.0036734691821038723,0.9949564933776855,-0.002303472487255931,ecb_stmt_reg_v2.csv
ecb_stmt,ecb_stmt_20201210,2020-12-10,ECB,statement,ecb_statements,26,"The Governing Council therefore continues to stand ready to adjust all of its instruments, as appropriate, to ensure that inflation moves towards its aim in a sustained manner, in line with its commitment to symmetry.",False,hawkish,0.9497831463813782,0.01707608625292778,0.033140793442726135,0.9327070601284504,ecb_stmt_reg_v2.csv
ecb_stmt,ecb_stmt_20201210,2020-12-10,ECB,statement,ecb_statements,27,The President of the ECB will comment on the considerations underlying these decisions at a press conference starting at 14:30 CET today.,True,neutral,0.0007153104525059462,0.001840935554355383,0.9974437355995178,-0.0011256251018494368,ecb_stmt_reg_v2.csv
ecb_stmt,ecb_stmt_20201210,2020-12-10,ECB,statement,ecb_statements,28,Disclaimer Please note that related topic tags are currently available for selected content only.,False,neutral,0.007912392728030682,0.016652677208185196,0.9754348993301392,-0.008740284480154514,ecb_stmt_reg_v2.csv
ecb_stmt,ecb_stmt_20201210,2020-12-10,ECB,statement,ecb_statements,29,Directorate General Communications Reproduction is permitted provided that the source is acknowledged.,False,neutral,0.047414593398571014,0.06088154762983322,0.8917038440704346,-0.013466954231262207,ecb_stmt_reg_v2.csv
ecb_stmt,ecb_stmt_20210121,2021-01-21,ECB,statement,ecb_statements,1,The Governing Council decided to reconfirm its very accommodative monetary policy stance.,False,dovish,0.0003056237765122205,0.998642086982727,0.0010522467782720923,-0.9983364632062148,ecb_stmt_reg_v2.csv
ecb_stmt,ecb_stmt_20210121,2021-01-21,ECB,statement,ecb_statements,2,"First, the interest rate on the main refinancing operations and the interest rates on the marginal lending facility and the deposit facility will remain unchanged at 0.00%, 0.25% and -0.50% respectively.",True,neutral,0.001483582891523838,0.1104990541934967,0.8880172967910767,-0.10901547130197287,ecb_stmt_reg_v2.csv
ecb_stmt,ecb_stmt_20210121,2021-01-21,ECB,statement,ecb_statements,3,"The Governing Council expects the key ECB interest rates to remain at their present or lower levels until it has seen the inflation outlook robustly converge to a level sufficiently close to, but below, 2% within its projection horizon, and such convergence has been consistently reflected in underlying inflation dynamics.",True,dovish,0.006322574336081743,0.8378551602363586,0.15582230687141418,-0.8315325859002769,ecb_stmt_reg_v2.csv
ecb_stmt,ecb_stmt_20210121,2021-01-21,ECB,statement,ecb_statements,4,"Second, the Governing Council will continue the purchases under the pandemic emergency purchase programme (PEPP) with a total envelope of €1,850 billion.",True,neutral,0.005725225433707237,0.010530300438404083,0.9837445020675659,-0.004805075004696846,ecb_stmt_reg_v2.csv
ecb_stmt,ecb_stmt_20210121,2021-01-21,ECB,statement,ecb_statements,5,"The Governing Council will conduct net asset purchases under the PEPP until at least the end of March 2022 and, in any case, until it judges that the coronavirus crisis phase is over.",True,neutral,0.01054625678807497,0.14508983492851257,0.8443639278411865,-0.1345435781404376,ecb_stmt_reg_v2.csv
ecb_stmt,ecb_stmt_20210121,2021-01-21,ECB,statement,ecb_statements,6,The purchases under the PEPP will be conducted to preserve favourable financing conditions over the pandemic period.,True,neutral,0.05315704271197319,0.16680164635181427,0.7800413370132446,-0.11364460363984108,ecb_stmt_reg_v2.csv
ecb_stmt,ecb_stmt_20210121,2021-01-21,ECB,statement,ecb_statements,7,"If favourable financing conditions can be maintained with asset purchase flows that do not exhaust the envelope over the net purchase horizon of the PEPP, the envelope need not be used in full.",False,dovish,0.07355969399213791,0.7068316340446472,0.21960867941379547,-0.6332719400525093,ecb_stmt_reg_v2.csv
ecb_stmt,ecb_stmt_20210121,2021-01-21,ECB,statement,ecb_statements,8,"Equally, the envelope can be recalibrated if required to maintain favourable financing conditions to help counter the negative pandemic shock to the path of inflation.",True,dovish,0.10148072242736816,0.5673975944519043,0.3311217129230499,-0.46591687202453613,ecb_stmt_reg_v2.csv
ecb_stmt,ecb_stmt_20210121,2021-01-21,ECB,statement,ecb_statements,9,The Governing Council will continue to reinvest the principal payments from maturing securities purchased under the PEPP until at least the end of 2023.,True,neutral,0.0013422955526039004,0.002648699562996626,0.9960089325904846,-0.0013064040103927255,ecb_stmt_reg_v2.csv
ecb_stmt,ecb_stmt_20210121,2021-01-21,ECB,statement,ecb_statements,10,"In any case, the future roll-off of the PEPP portfolio will be managed to avoid interference with the appropriate monetary policy stance.",True,neutral,0.001287967897951603,0.008818870410323143,0.9898931980133057,-0.00753090251237154,ecb_stmt_reg_v2.csv
ecb_stmt,ecb_stmt_20210121,2021-01-21,ECB,statement,ecb_statements,11,"Third, net purchases under the asset purchase programme (APP) will continue at a monthly pace of €20 billion.",True,neutral,0.0010681943967938423,0.0008718347526155412,0.9980599284172058,0.0001963596441783011,ecb_stmt_reg_v2.csv
ecb_stmt,ecb_stmt_20210121,2021-01-21,ECB,statement,ecb_statements,12,"The Governing Council continues to expect monthly net asset purchases under the APP to run for as long as necessary to reinforce the accommodative impact of its policy rates, and to end shortly before it starts raising the key ECB interest rates.",True,dovish,0.024912970140576363,0.9683027267456055,0.006784273777157068,-0.9433897566050291,ecb_stmt_reg_v2.csv
ecb_stmt,ecb_stmt_20210121,2021-01-21,ECB,statement,ecb_statements,13,"The Governing Council also intends to continue reinvesting, in full, the principal payments from maturing securities purchased under the APP for an extended period of time past the date when it starts raising the key ECB interest rates, and in any case for as long as necessary to maintain favourable liquidity conditions and an ample degree of monetary accommodation.",True,dovish,0.013043601997196674,0.976258397102356,0.010697985999286175,-0.9632147951051593,ecb_stmt_reg_v2.csv
ecb_stmt,ecb_stmt_20210121,2021-01-21,ECB,statement,ecb_statements,14,"Finally, the Governing Council will continue to provide ample liquidity through its refinancing operations.",True,hawkish,0.42229947447776794,0.3636895716190338,0.21401096880435944,0.05860990285873413,ecb_stmt_reg_v2.csv
ecb_stmt,ecb_stmt_20210121,2021-01-21,ECB,statement,ecb_statements,15,"In particular, the third series of targeted longer-term refinancing operations (TLTRO III) remains an attractive source of funding for banks, supporting bank lending to firms and households.",False,hawkish,0.9463579654693604,0.03950200602412224,0.014139999635517597,0.9068559594452381,ecb_stmt_reg_v2.csv
ecb_stmt,ecb_stmt_20210121,2021-01-21,ECB,statement,ecb_statements,16,"The Governing Council continues to stand ready to adjust all of its instruments, as appropriate, to ensure that inflation moves towards its aim in a sustained manner, in line with its commitment to symmetry.",False,hawkish,0.9368593692779541,0.020002422854304314,0.043138161301612854,0.9168569464236498,ecb_stmt_reg_v2.csv
ecb_stmt,ecb_stmt_20210121,2021-01-21,ECB,statement,ecb_statements,17,The President of the ECB will comment on the considerations underlying these decisions at a press conference starting at 14:30 CET today.,True,neutral,0.0007153104525059462,0.001840935554355383,0.9974437355995178,-0.0011256251018494368,ecb_stmt_reg_v2.csv
ecb_stmt,ecb_stmt_20210121,2021-01-21,ECB,statement,ecb_statements,18,Disclaimer Please note that related topic tags are currently available for selected content only.,False,neutral,0.007912392728030682,0.016652677208185196,0.9754348993301392,-0.008740284480154514,ecb_stmt_reg_v2.csv
ecb_stmt,ecb_stmt_20210121,2021-01-21,ECB,statement,ecb_statements,19,Directorate General Communications Reproduction is permitted provided that the source is acknowledged.,False,neutral,0.047414593398571014,0.06088154762983322,0.8917038440704346,-0.013466954231262207,ecb_stmt_reg_v2.csv
ecb_stmt,ecb_stmt_20210311,2021-03-11,ECB,statement,ecb_statements,1,"The Governing Council took the following decisions: First, the Governing Council will continue to conduct net asset purchases under the pandemic emergency purchase programme (PEPP) with a total envelope of €1,850 billion until at least the end of March 2022 and, in any case, until it judges that the coronavirus crisis phase is over.",True,neutral,0.03151887655258179,0.0765758603811264,0.8919053077697754,-0.04505698382854462,ecb_stmt_reg_v2.csv
ecb_stmt,ecb_stmt_20210311,2021-03-11,ECB,statement,ecb_statements,2,"Based on a joint assessment of financing conditions and the inflation outlook, the Governing Council expects purchases under the PEPP over the next quarter to be conducted at a significantly higher pace than during the first months of this year.",True,hawkish,0.9986765384674072,0.0007881236379034817,0.0005353582673706114,0.9978884148295037,ecb_stmt_reg_v2.csv
ecb_stmt,ecb_stmt_20210311,2021-03-11,ECB,statement,ecb_statements,3,The Governing Council will purchase flexibly according to market conditions and with a view to preventing a tightening of financing conditions that is inconsistent with countering the downward impact of the pandemic on the projected path of inflation.,True,dovish,0.004293973091989756,0.9679507613182068,0.02775520645081997,-0.963656788226217,ecb_stmt_reg_v2.csv
ecb_stmt,ecb_stmt_20210311,2021-03-11,ECB,statement,ecb_statements,4,"In addition, the flexibility of purchases over time, across asset classes and among jurisdictions will continue to support the smooth transmission of monetary policy.",True,neutral,0.0625225380063057,0.1795070618391037,0.75797039270401,-0.116984523832798,ecb_stmt_reg_v2.csv
ecb_stmt,ecb_stmt_20210311,2021-03-11,ECB,statement,ecb_statements,5,"If favourable financing conditions can be maintained with asset purchase flows that do not exhaust the envelope over the net purchase horizon of the PEPP, the envelope need not be used in full.",False,dovish,0.07355969399213791,0.7068316340446472,0.21960867941379547,-0.6332719400525093,ecb_stmt_reg_v2.csv
ecb_stmt,ecb_stmt_20210311,2021-03-11,ECB,statement,ecb_statements,6,"Equally, the envelope can be recalibrated if required to maintain favourable financing conditions to help counter the negative pandemic shock to the path of inflation.",True,dovish,0.10148072242736816,0.5673975944519043,0.3311217129230499,-0.46591687202453613,ecb_stmt_reg_v2.csv
ecb_stmt,ecb_stmt_20210311,2021-03-11,ECB,statement,ecb_statements,7,The Governing Council will continue to reinvest the principal payments from maturing securities purchased under the PEPP until at least the end of 2023.,True,neutral,0.0013422955526039004,0.002648699562996626,0.9960089325904846,-0.0013064040103927255,ecb_stmt_reg_v2.csv
ecb_stmt,ecb_stmt_20210311,2021-03-11,ECB,statement,ecb_statements,8,"In any case, the future roll-off of the PEPP portfolio will be managed to avoid interference with the appropriate monetary policy stance.",True,neutral,0.001287967897951603,0.008818870410323143,0.9898931980133057,-0.00753090251237154,ecb_stmt_reg_v2.csv
ecb_stmt,ecb_stmt_20210311,2021-03-11,ECB,statement,ecb_statements,9,"Second, net purchases under the asset purchase programme (APP) will continue at a monthly pace of €20 billion.",True,neutral,0.0017907782457768917,0.001044551725499332,0.9971647262573242,0.0007462265202775598,ecb_stmt_reg_v2.csv
ecb_stmt,ecb_stmt_20210311,2021-03-11,ECB,statement,ecb_statements,10,"The Governing Council continues to expect monthly net asset purchases under the APP to run for as long as necessary to reinforce the accommodative impact of its policy rates, and to end shortly before it starts raising the key ECB interest rates.",True,dovish,0.024912970140576363,0.9683027267456055,0.006784273777157068,-0.9433897566050291,ecb_stmt_reg_v2.csv
ecb_stmt,ecb_stmt_20210311,2021-03-11,ECB,statement,ecb_statements,11,"The Governing Council also intends to continue reinvesting, in full, the principal payments from maturing securities purchased under the APP for an extended period of time past the date when it starts raising the key ECB interest rates, and in any case for as long as necessary to maintain favourable liquidity conditions and an ample degree of monetary accommodation.",True,dovish,0.013043601997196674,0.976258397102356,0.010697985999286175,-0.9632147951051593,ecb_stmt_reg_v2.csv
ecb_stmt,ecb_stmt_20210311,2021-03-11,ECB,statement,ecb_statements,12,"Third, the interest rate on the main refinancing operations and the interest rates on the marginal lending facility and the deposit facility will remain unchanged at 0.00%, 0.25% and -0.50% respectively.",True,neutral,0.0013606694992631674,0.07755177468061447,0.9210875630378723,-0.0761911051813513,ecb_stmt_reg_v2.csv
ecb_stmt,ecb_stmt_20210311,2021-03-11,ECB,statement,ecb_statements,13,"The Governing Council expects the key ECB interest rates to remain at their present or lower levels until it has seen the inflation outlook robustly converge to a level sufficiently close to, but below, 2% within its projection horizon, and such convergence has been consistently reflected in underlying inflation dynamics.",True,dovish,0.006322574336081743,0.8378551602363586,0.15582230687141418,-0.8315325859002769,ecb_stmt_reg_v2.csv
ecb_stmt,ecb_stmt_20210311,2021-03-11,ECB,statement,ecb_statements,14,"Finally, the Governing Council will continue to provide ample liquidity through its refinancing operations.",True,hawkish,0.42229947447776794,0.3636895716190338,0.21401096880435944,0.05860990285873413,ecb_stmt_reg_v2.csv
ecb_stmt,ecb_stmt_20210311,2021-03-11,ECB,statement,ecb_statements,15,"In particular, the third series of targeted longer-term refinancing operations (TLTRO III) remains an attractive source of funding for banks, supporting bank lending to firms and households.",False,hawkish,0.9463579654693604,0.03950200602412224,0.014139999635517597,0.9068559594452381,ecb_stmt_reg_v2.csv
ecb_stmt,ecb_stmt_20210311,2021-03-11,ECB,statement,ecb_statements,16,"The Governing Council stands ready to adjust all of its instruments, as appropriate, to ensure that inflation moves towards its aim in a sustained manner, in line with its commitment to symmetry.",False,hawkish,0.9775057435035706,0.012233092449605465,0.01026113610714674,0.9652726510539651,ecb_stmt_reg_v2.csv
ecb_stmt,ecb_stmt_20210311,2021-03-11,ECB,statement,ecb_statements,17,The President of the ECB will comment on the considerations underlying these decisions at a press conference starting at 14:30 CET today.,True,neutral,0.0007153104525059462,0.001840935554355383,0.9974437355995178,-0.0011256251018494368,ecb_stmt_reg_v2.csv
ecb_stmt,ecb_stmt_20210311,2021-03-11,ECB,statement,ecb_statements,18,Disclaimer Please note that related topic tags are currently available for selected content only.,False,neutral,0.007912392728030682,0.016652677208185196,0.9754348993301392,-0.008740284480154514,ecb_stmt_reg_v2.csv
ecb_stmt,ecb_stmt_20210311,2021-03-11,ECB,statement,ecb_statements,19,Directorate General Communications Reproduction is permitted provided that the source is acknowledged.,False,neutral,0.047414593398571014,0.06088154762983322,0.8917038440704346,-0.013466954231262207,ecb_stmt_reg_v2.csv
ecb_stmt,ecb_stmt_20210422,2021-04-22,ECB,statement,ecb_statements,1,"At today’s meeting, the Governing Council decided to reconfirm its very accommodative monetary policy stance: The interest rate on the main refinancing operations and the interest rates on the marginal lending facility and the deposit facility will remain unchanged at 0.00%, 0.25% and -0.50% respectively.",True,dovish,0.0002803557727020234,0.9982846975326538,0.0014349306002259254,-0.9980043417599518,ecb_stmt_reg_v2.csv
ecb_stmt,ecb_stmt_20210422,2021-04-22,ECB,statement,ecb_statements,2,"The Governing Council expects the key ECB interest rates to remain at their present or lower levels until it has seen the inflation outlook robustly converge to a level sufficiently close to, but below, 2% within its projection horizon, and such convergence has been consistently reflected in underlying inflation dynamics.",True,dovish,0.006322574336081743,0.8378551602363586,0.15582230687141418,-0.8315325859002769,ecb_stmt_reg_v2.csv
ecb_stmt,ecb_stmt_20210422,2021-04-22,ECB,statement,ecb_statements,3,"The Governing Council will continue to conduct net asset purchases under the pandemic emergency purchase programme (PEPP) with a total envelope of €1,850 billion until at least the end of March 2022 and, in any case, until it judges that the coronavirus crisis phase is over.",True,neutral,0.003248504363000393,0.02474115416407585,0.9720103740692139,-0.02149264980107546,ecb_stmt_reg_v2.csv
ecb_stmt,ecb_stmt_20210422,2021-04-22,ECB,statement,ecb_statements,4,"Since the incoming information confirmed the joint assessment of financing conditions and the inflation outlook carried out at the March monetary policy meeting, the Governing Council expects purchases under the PEPP over the current quarter to continue to be conducted at a significantly higher pace than during the first months of the year.",True,hawkish,0.9981173276901245,0.0008908194140531123,0.0009918417781591415,0.9972265082760714,ecb_stmt_reg_v2.csv
ecb_stmt,ecb_stmt_20210422,2021-04-22,ECB,statement,ecb_statements,5,The Governing Council will purchase flexibly according to market conditions and with a view to preventing a tightening of financing conditions that is inconsistent with countering the downward impact of the pandemic on the projected path of inflation.,True,dovish,0.004293973091989756,0.9679507613182068,0.02775520645081997,-0.963656788226217,ecb_stmt_reg_v2.csv
ecb_stmt,ecb_stmt_20210422,2021-04-22,ECB,statement,ecb_statements,6,"In addition, the flexibility of purchases over time, across asset classes and among jurisdictions will continue to support the smooth transmission of monetary policy.",True,neutral,0.0625225380063057,0.1795070618391037,0.75797039270401,-0.116984523832798,ecb_stmt_reg_v2.csv
ecb_stmt,ecb_stmt_20210422,2021-04-22,ECB,statement,ecb_statements,7,"If favourable financing conditions can be maintained with asset purchase flows that do not exhaust the envelope over the net purchase horizon of the PEPP, the envelope need not be used in full.",False,dovish,0.07355969399213791,0.7068316340446472,0.21960867941379547,-0.6332719400525093,ecb_stmt_reg_v2.csv
ecb_stmt,ecb_stmt_20210422,2021-04-22,ECB,statement,ecb_statements,8,"Equally, the envelope can be recalibrated if required to maintain favourable financing conditions to help counter the negative pandemic shock to the path of inflation.",True,dovish,0.10148072242736816,0.5673975944519043,0.3311217129230499,-0.46591687202453613,ecb_stmt_reg_v2.csv
ecb_stmt,ecb_stmt_20210422,2021-04-22,ECB,statement,ecb_statements,9,The Governing Council will continue to reinvest the principal payments from maturing securities purchased under the PEPP until at least the end of 2023.,True,neutral,0.0013422955526039004,0.002648699562996626,0.9960089325904846,-0.0013064040103927255,ecb_stmt_reg_v2.csv
ecb_stmt,ecb_stmt_20210422,2021-04-22,ECB,statement,ecb_statements,10,"In any case, the future roll-off of the PEPP portfolio will be managed to avoid interference with the appropriate monetary policy stance.",True,neutral,0.001287967897951603,0.008818870410323143,0.9898931980133057,-0.00753090251237154,ecb_stmt_reg_v2.csv
ecb_stmt,ecb_stmt_20210422,2021-04-22,ECB,statement,ecb_statements,11,Net purchases under the asset purchase programme (APP) will continue at a monthly pace of €20 billion.,True,neutral,0.000913754862267524,0.0009390850318595767,0.9981471300125122,-2.5330169592052698e-05,ecb_stmt_reg_v2.csv
ecb_stmt,ecb_stmt_20210422,2021-04-22,ECB,statement,ecb_statements,12,"The Governing Council continues to expect monthly net asset purchases under the APP to run for as long as necessary to reinforce the accommodative impact of its policy rates, and to end shortly before it starts raising the key ECB interest rates.",True,dovish,0.024912970140576363,0.9683027267456055,0.006784273777157068,-0.9433897566050291,ecb_stmt_reg_v2.csv
ecb_stmt,ecb_stmt_20210422,2021-04-22,ECB,statement,ecb_statements,13,"The Governing Council also intends to continue reinvesting, in full, the principal payments from maturing securities purchased under the APP for an extended period of time past the date when it starts raising the key ECB interest rates, and in any case for as long as necessary to maintain favourable liquidity conditions and an ample degree of monetary accommodation.",True,dovish,0.013043601997196674,0.976258397102356,0.010697985999286175,-0.9632147951051593,ecb_stmt_reg_v2.csv
ecb_stmt,ecb_stmt_20210422,2021-04-22,ECB,statement,ecb_statements,14,"Finally, the Governing Council will continue to provide ample liquidity through its refinancing operations.",True,hawkish,0.42229947447776794,0.3636895716190338,0.21401096880435944,0.05860990285873413,ecb_stmt_reg_v2.csv
ecb_stmt,ecb_stmt_20210422,2021-04-22,ECB,statement,ecb_statements,15,"In particular, the latest operation in the third series of targeted longer-term refinancing operations (TLTRO III) has registered a high take-up of funds.",False,hawkish,0.9092262983322144,0.049101658165454865,0.04167203977704048,0.8601246401667595,ecb_stmt_reg_v2.csv
ecb_stmt,ecb_stmt_20210422,2021-04-22,ECB,statement,ecb_statements,16,The funding obtained through TLTRO III plays a crucial role in supporting bank lending to firms and households.,False,neutral,0.139729306101799,0.13490229845046997,0.7253684401512146,0.0048270076513290405,ecb_stmt_reg_v2.csv
ecb_stmt,ecb_stmt_20210422,2021-04-22,ECB,statement,ecb_statements,17,"The Governing Council stands ready to adjust all of its instruments, as appropriate, to ensure that inflation moves towards its aim in a sustained manner, in line with its commitment to symmetry.",False,hawkish,0.9775057435035706,0.012233092449605465,0.01026113610714674,0.9652726510539651,ecb_stmt_reg_v2.csv
ecb_stmt,ecb_stmt_20210422,2021-04-22,ECB,statement,ecb_statements,18,The President of the ECB will comment on the considerations underlying these decisions at a press conference starting at 14:30 CET today.,True,neutral,0.0007153104525059462,0.001840935554355383,0.9974437355995178,-0.0011256251018494368,ecb_stmt_reg_v2.csv
ecb_stmt,ecb_stmt_20210422,2021-04-22,ECB,statement,ecb_statements,19,Disclaimer Please note that related topic tags are currently available for selected content only.,False,neutral,0.007912392728030682,0.016652677208185196,0.9754348993301392,-0.008740284480154514,ecb_stmt_reg_v2.csv
ecb_stmt,ecb_stmt_20210422,2021-04-22,ECB,statement,ecb_statements,20,Directorate General Communications Reproduction is permitted provided that the source is acknowledged.,False,neutral,0.047414593398571014,0.06088154762983322,0.8917038440704346,-0.013466954231262207,ecb_stmt_reg_v2.csv
ecb_stmt,ecb_stmt_20210610,2021-06-10,ECB,statement,ecb_statements,1,"At today’s meeting, the Governing Council decided to confirm its very accommodative monetary policy stance: The interest rate on the main refinancing operations and the interest rates on the marginal lending facility and the deposit facility will remain unchanged at 0.00%, 0.25% and -0.50% respectively.",True,dovish,0.0002423047844786197,0.9989053010940552,0.0008523599244654179,-0.9986629963095766,ecb_stmt_reg_v2.csv
ecb_stmt,ecb_stmt_20210610,2021-06-10,ECB,statement,ecb_statements,2,"The Governing Council expects the key ECB interest rates to remain at their present or lower levels until it has seen the inflation outlook robustly converge to a level sufficiently close to, but below, 2% within its projection horizon, and such convergence has been consistently reflected in underlying inflation dynamics.",True,dovish,0.006322574336081743,0.8378551602363586,0.15582230687141418,-0.8315325859002769,ecb_stmt_reg_v2.csv
ecb_stmt,ecb_stmt_20210610,2021-06-10,ECB,statement,ecb_statements,3,"The Governing Council will continue to conduct net asset purchases under the pandemic emergency purchase programme (PEPP) with a total envelope of €1,850 billion until at least the end of March 2022 and, in any case, until it judges that the coronavirus crisis phase is over.",True,neutral,0.003248504363000393,0.02474115416407585,0.9720103740692139,-0.02149264980107546,ecb_stmt_reg_v2.csv
ecb_stmt,ecb_stmt_20210610,2021-06-10,ECB,statement,ecb_statements,4,"Based on a joint assessment of financing conditions and the inflation outlook, the Governing Council expects net purchases under the PEPP over the coming quarter to continue to be conducted at a significantly higher pace than during the first months of the year.",True,hawkish,0.9987388253211975,0.0006834403029642999,0.0005777669139206409,0.9980553850182332,ecb_stmt_reg_v2.csv
ecb_stmt,ecb_stmt_20210610,2021-06-10,ECB,statement,ecb_statements,5,The Governing Council will purchase flexibly according to market conditions and with a view to preventing a tightening of financing conditions that is inconsistent with countering the downward impact of the pandemic on the projected path of inflation.,True,dovish,0.004293973091989756,0.9679507613182068,0.02775520645081997,-0.963656788226217,ecb_stmt_reg_v2.csv
ecb_stmt,ecb_stmt_20210610,2021-06-10,ECB,statement,ecb_statements,6,"In addition, the flexibility of purchases over time, across asset classes and among jurisdictions will continue to support the smooth transmission of monetary policy.",True,neutral,0.0625225380063057,0.1795070618391037,0.75797039270401,-0.116984523832798,ecb_stmt_reg_v2.csv
ecb_stmt,ecb_stmt_20210610,2021-06-10,ECB,statement,ecb_statements,7,"If favourable financing conditions can be maintained with asset purchase flows that do not exhaust the envelope over the net purchase horizon of the PEPP, the envelope need not be used in full.",False,dovish,0.07355969399213791,0.7068316340446472,0.21960867941379547,-0.6332719400525093,ecb_stmt_reg_v2.csv
ecb_stmt,ecb_stmt_20210610,2021-06-10,ECB,statement,ecb_statements,8,"Equally, the envelope can be recalibrated if required to maintain favourable financing conditions to help counter the negative pandemic shock to the path of inflation.",True,dovish,0.10148072242736816,0.5673975944519043,0.3311217129230499,-0.46591687202453613,ecb_stmt_reg_v2.csv
ecb_stmt,ecb_stmt_20210610,2021-06-10,ECB,statement,ecb_statements,9,The Governing Council will continue to reinvest the principal payments from maturing securities purchased under the PEPP until at least the end of 2023.,True,neutral,0.0013422955526039004,0.002648699562996626,0.9960089325904846,-0.0013064040103927255,ecb_stmt_reg_v2.csv
ecb_stmt,ecb_stmt_20210610,2021-06-10,ECB,statement,ecb_statements,10,"In any case, the future roll-off of the PEPP portfolio will be managed to avoid interference with the appropriate monetary policy stance.",True,neutral,0.001287967897951603,0.008818870410323143,0.9898931980133057,-0.00753090251237154,ecb_stmt_reg_v2.csv
ecb_stmt,ecb_stmt_20210610,2021-06-10,ECB,statement,ecb_statements,11,Net purchases under the asset purchase programme (APP) will continue at a monthly pace of €20 billion.,True,neutral,0.000913754862267524,0.0009390850318595767,0.9981471300125122,-2.5330169592052698e-05,ecb_stmt_reg_v2.csv
ecb_stmt,ecb_stmt_20210610,2021-06-10,ECB,statement,ecb_statements,12,"The Governing Council continues to expect monthly net asset purchases under the APP to run for as long as necessary to reinforce the accommodative impact of its policy rates, and to end shortly before it starts raising the key ECB interest rates.",True,dovish,0.024912970140576363,0.9683027267456055,0.006784273777157068,-0.9433897566050291,ecb_stmt_reg_v2.csv
ecb_stmt,ecb_stmt_20210610,2021-06-10,ECB,statement,ecb_statements,13,"The Governing Council also intends to continue reinvesting, in full, the principal payments from maturing securities purchased under the APP for an extended period of time past the date when it starts raising the key ECB interest rates, and in any case for as long as necessary to maintain favourable liquidity conditions and an ample degree of monetary accommodation.",True,dovish,0.013043601997196674,0.976258397102356,0.010697985999286175,-0.9632147951051593,ecb_stmt_reg_v2.csv
ecb_stmt,ecb_stmt_20210610,2021-06-10,ECB,statement,ecb_statements,14,"Finally, the Governing Council will continue to provide ample liquidity through its refinancing operations.",True,hawkish,0.42229947447776794,0.3636895716190338,0.21401096880435944,0.05860990285873413,ecb_stmt_reg_v2.csv
ecb_stmt,ecb_stmt_20210610,2021-06-10,ECB,statement,ecb_statements,15,The funding obtained through the third series of targeted longer-term refinancing operations (TLTRO III) plays a crucial role in supporting bank lending to firms and households.,False,hawkish,0.5725522041320801,0.15111976861953735,0.2763279378414154,0.4214324355125427,ecb_stmt_reg_v2.csv
ecb_stmt,ecb_stmt_20210610,2021-06-10,ECB,statement,ecb_statements,16,"The Governing Council stands ready to adjust all of its instruments, as appropriate, to ensure that inflation moves towards its aim in a sustained manner, in line with its commitment to symmetry.",False,hawkish,0.9775057435035706,0.012233092449605465,0.01026113610714674,0.9652726510539651,ecb_stmt_reg_v2.csv
ecb_stmt,ecb_stmt_20210610,2021-06-10,ECB,statement,ecb_statements,17,The President of the ECB will comment on the considerations underlying these decisions at a press conference starting at 14:30 CET today.,True,neutral,0.0007153104525059462,0.001840935554355383,0.9974437355995178,-0.0011256251018494368,ecb_stmt_reg_v2.csv
ecb_stmt,ecb_stmt_20210610,2021-06-10,ECB,statement,ecb_statements,18,Disclaimer Please note that related topic tags are currently available for selected content only.,False,neutral,0.007912392728030682,0.016652677208185196,0.9754348993301392,-0.008740284480154514,ecb_stmt_reg_v2.csv
ecb_stmt,ecb_stmt_20210610,2021-06-10,ECB,statement,ecb_statements,19,Directorate General Communications Reproduction is permitted provided that the source is acknowledged.,False,neutral,0.047414593398571014,0.06088154762983322,0.8917038440704346,-0.013466954231262207,ecb_stmt_reg_v2.csv
ecb_stmt,ecb_stmt_20210722,2021-07-22,ECB,statement,ecb_statements,1,"In its recent strategy review, the Governing Council agreed a symmetric inflation target of two per cent over the medium term.",True,neutral,0.04147723317146301,0.025503521785140038,0.9330192804336548,0.015973711386322975,ecb_stmt_reg_v2.csv
ecb_stmt,ecb_stmt_20210722,2021-07-22,ECB,statement,ecb_statements,2,The key ECB interest rates have been close to their lower bound for some time and the medium-term outlook for inflation is still well below the Governing Council’s target.,True,dovish,0.001327669364400208,0.9928826689720154,0.005789704155176878,-0.9915549996076152,ecb_stmt_reg_v2.csv
ecb_stmt,ecb_stmt_20210722,2021-07-22,ECB,statement,ecb_statements,3,"In these conditions, the Governing Council today revised its forward guidance on interest rates.",False,neutral,0.01251641009002924,0.4442451298236847,0.5432384610176086,-0.43172871973365545,ecb_stmt_reg_v2.csv
ecb_stmt,ecb_stmt_20210722,2021-07-22,ECB,statement,ecb_statements,4,It did so to underline its commitment to maintain a persistently accommodative monetary policy stance to meet its inflation target.,False,dovish,0.004115777555853128,0.987618625164032,0.008265526965260506,-0.9835028476081789,ecb_stmt_reg_v2.csv
ecb_stmt,ecb_stmt_20210722,2021-07-22,ECB,statement,ecb_statements,5,"In support of its symmetric two per cent inflation target and in line with its monetary policy strategy, the Governing Council expects the key ECB interest rates to remain at their present or lower levels until it sees inflation reaching two per cent well ahead of the end of its projection horizon and durably for the rest of the projection horizon, and it judges that realised progress in underlying inflation is sufficiently advanced to be consistent with inflation stabilising at two per cent over the medium term.",True,dovish,0.05669720470905304,0.8315336108207703,0.1117691770195961,-0.7748364061117172,ecb_stmt_reg_v2.csv
ecb_stmt,ecb_stmt_20210722,2021-07-22,ECB,statement,ecb_statements,6,This may also imply a transitory period in which inflation is moderately above target.,False,hawkish,0.6105044484138489,0.11053158342838287,0.27896395325660706,0.499972864985466,ecb_stmt_reg_v2.csv
ecb_stmt,ecb_stmt_20210722,2021-07-22,ECB,statement,ecb_statements,7,"Having confirmed its June assessment of financing conditions and the inflation outlook, the Governing Council continues to expect purchases under the pandemic emergency purchase programme (PEPP) over the current quarter to be conducted at a significantly higher pace than during the first months of the year.",True,hawkish,0.9963101744651794,0.0014717916492372751,0.002218068577349186,0.9948383828159422,ecb_stmt_reg_v2.csv
ecb_stmt,ecb_stmt_20210722,2021-07-22,ECB,statement,ecb_statements,8,"The Governing Council also confirmed its other measures to support its price stability mandate, namely the level of the key ECB interest rates, its purchases under the asset purchase programme (APP), its reinvestment policies and its longer-term refinancing operations.",False,dovish,0.011199407279491425,0.9507651925086975,0.03803539276123047,-0.9395657852292061,ecb_stmt_reg_v2.csv
ecb_stmt,ecb_stmt_20210722,2021-07-22,ECB,statement,ecb_statements,9,"Specifically: The interest rate on the main refinancing operations and the interest rates on the marginal lending facility and the deposit facility will remain unchanged at 0.00%, 0.25% and -0.50% respectively.",True,neutral,0.0013985822442919016,0.1144062727689743,0.8841952085494995,-0.1130076905246824,ecb_stmt_reg_v2.csv
ecb_stmt,ecb_stmt_20210722,2021-07-22,ECB,statement,ecb_statements,10,"In support of its symmetric two per cent inflation target and in line with its monetary policy strategy, the Governing Council expects the key ECB interest rates to remain at their present or lower levels until it sees inflation reaching two per cent well ahead of the end of its projection horizon and durably for the rest of the projection horizon, and it judges that realised progress in underlying inflation is sufficiently advanced to be consistent with inflation stabilising at two per cent over the medium term.",True,dovish,0.05669720470905304,0.8315336108207703,0.1117691770195961,-0.7748364061117172,ecb_stmt_reg_v2.csv
ecb_stmt,ecb_stmt_20210722,2021-07-22,ECB,statement,ecb_statements,11,This may also imply a transitory period in which inflation is moderately above target.,False,hawkish,0.6105044484138489,0.11053158342838287,0.27896395325660706,0.499972864985466,ecb_stmt_reg_v2.csv
ecb_stmt,ecb_stmt_20210722,2021-07-22,ECB,statement,ecb_statements,12,Net purchases under the APP will continue at a monthly pace of €20 billion.,True,neutral,0.0010369765805080533,0.0012655769241973758,0.9976974129676819,-0.00022860034368932247,ecb_stmt_reg_v2.csv
ecb_stmt,ecb_stmt_20210722,2021-07-22,ECB,statement,ecb_statements,13,"The Governing Council continues to expect monthly net asset purchases under the APP to run for as long as necessary to reinforce the accommodative impact of its policy rates, and to end shortly before it starts raising the key ECB interest rates.",True,dovish,0.024912970140576363,0.9683027267456055,0.006784273777157068,-0.9433897566050291,ecb_stmt_reg_v2.csv
ecb_stmt,ecb_stmt_20210722,2021-07-22,ECB,statement,ecb_statements,14,"The Governing Council also intends to continue reinvesting, in full, the principal payments from maturing securities purchased under the APP for an extended period of time past the date when it starts raising the key ECB interest rates, and in any case for as long as necessary to maintain favourable liquidity conditions and an ample degree of monetary accommodation.",True,dovish,0.013043601997196674,0.976258397102356,0.010697985999286175,-0.9632147951051593,ecb_stmt_reg_v2.csv
ecb_stmt,ecb_stmt_20210722,2021-07-22,ECB,statement,ecb_statements,15,"Pandemic emergency purchase programme (PEPP) The Governing Council will continue to conduct net asset purchases under the PEPP with a total envelope of €1,850 billion until at least the end of March 2022 and, in any case, until it judges that the coronavirus crisis phase is over.",True,neutral,0.0074737053364515305,0.3574318289756775,0.6350944638252258,-0.34995812363922596,ecb_stmt_reg_v2.csv
ecb_stmt,ecb_stmt_20210722,2021-07-22,ECB,statement,ecb_statements,16,"As the incoming information confirmed the joint assessment of financing conditions and the inflation outlook carried out at the June monetary policy meeting, the Governing Council continues to expect purchases under the PEPP over the current quarter to be conducted at a significantly higher pace than during the first months of the year.",True,hawkish,0.9973332285881042,0.001054980792105198,0.0016117984196171165,0.996278247795999,ecb_stmt_reg_v2.csv
ecb_stmt,ecb_stmt_20210722,2021-07-22,ECB,statement,ecb_statements,17,The Governing Council will purchase flexibly according to market conditions and with a view to preventing a tightening of financing conditions that is inconsistent with countering the downward impact of the pandemic on the projected path of inflation.,True,dovish,0.004293973091989756,0.9679507613182068,0.02775520645081997,-0.963656788226217,ecb_stmt_reg_v2.csv
ecb_stmt,ecb_stmt_20210722,2021-07-22,ECB,statement,ecb_statements,18,"In addition, the flexibility of purchases over time, across asset classes and among jurisdictions will continue to support the smooth transmission of monetary policy.",True,neutral,0.0625225380063057,0.1795070618391037,0.75797039270401,-0.116984523832798,ecb_stmt_reg_v2.csv
ecb_stmt,ecb_stmt_20210722,2021-07-22,ECB,statement,ecb_statements,19,"If favourable financing conditions can be maintained with asset purchase flows that do not exhaust the envelope over the net purchase horizon of the PEPP, the envelope need not be used in full.",False,dovish,0.07355969399213791,0.7068316340446472,0.21960867941379547,-0.6332719400525093,ecb_stmt_reg_v2.csv
ecb_stmt,ecb_stmt_20210722,2021-07-22,ECB,statement,ecb_statements,20,"Equally, the envelope can be recalibrated if required to maintain favourable financing conditions to help counter the negative pandemic shock to the path of inflation.",True,dovish,0.10148072242736816,0.5673975944519043,0.3311217129230499,-0.46591687202453613,ecb_stmt_reg_v2.csv
ecb_stmt,ecb_stmt_20210722,2021-07-22,ECB,statement,ecb_statements,21,The Governing Council will continue to reinvest the principal payments from maturing securities purchased under the PEPP until at least the end of 2023.,True,neutral,0.0013422955526039004,0.002648699562996626,0.9960089325904846,-0.0013064040103927255,ecb_stmt_reg_v2.csv
ecb_stmt,ecb_stmt_20210722,2021-07-22,ECB,statement,ecb_statements,22,"In any case, the future roll-off of the PEPP portfolio will be managed to avoid interference with the appropriate monetary policy stance.",True,neutral,0.001287967897951603,0.008818870410323143,0.9898931980133057,-0.00753090251237154,ecb_stmt_reg_v2.csv
ecb_stmt,ecb_stmt_20210722,2021-07-22,ECB,statement,ecb_statements,23,The Governing Council will continue to provide ample liquidity through its refinancing operations.,True,dovish,0.3378884196281433,0.34220531582832336,0.3199062943458557,-0.004316896200180054,ecb_stmt_reg_v2.csv
ecb_stmt,ecb_stmt_20210722,2021-07-22,ECB,statement,ecb_statements,24,"In particular, the third series of targeted longer-term refinancing operations (TLTRO III) remains an attractive source of funding for banks, supporting bank lending to firms and households.",False,hawkish,0.9463579654693604,0.03950200602412224,0.014139999635517597,0.9068559594452381,ecb_stmt_reg_v2.csv
ecb_stmt,ecb_stmt_20210722,2021-07-22,ECB,statement,ecb_statements,25,"The Governing Council stands ready to adjust all of its instruments, as appropriate, to ensure that inflation stabilises at its two per cent target over the medium term.",True,dovish,0.07772867381572723,0.8538098931312561,0.06846147030591965,-0.7760812193155289,ecb_stmt_reg_v2.csv
ecb_stmt,ecb_stmt_20210722,2021-07-22,ECB,statement,ecb_statements,26,The President of the ECB will comment on the considerations underlying these decisions at a press conference starting at 14:30 CET today.,True,neutral,0.0007153104525059462,0.001840935554355383,0.9974437355995178,-0.0011256251018494368,ecb_stmt_reg_v2.csv
ecb_stmt,ecb_stmt_20210722,2021-07-22,ECB,statement,ecb_statements,27,Disclaimer Please note that related topic tags are currently available for selected content only.,False,neutral,0.007912392728030682,0.016652677208185196,0.9754348993301392,-0.008740284480154514,ecb_stmt_reg_v2.csv
ecb_stmt,ecb_stmt_20210722,2021-07-22,ECB,statement,ecb_statements,28,Directorate General Communications Reproduction is permitted provided that the source is acknowledged.,False,neutral,0.047414593398571014,0.06088154762983322,0.8917038440704346,-0.013466954231262207,ecb_stmt_reg_v2.csv
ecb_stmt,ecb_stmt_20210909,2021-09-09,ECB,statement,ecb_statements,1,"Based on a joint assessment of financing conditions and the inflation outlook, the Governing Council judges that favourable financing conditions can be maintained with a moderately lower pace of net asset purchases under the pandemic emergency purchase programme (PEPP) than in the previous two quarters.",True,neutral,0.005262867547571659,0.44678717851638794,0.5479499697685242,-0.4415243109688163,ecb_stmt_reg_v2.csv
ecb_stmt,ecb_stmt_20210909,2021-09-09,ECB,statement,ecb_statements,2,"The Governing Council also confirmed its other measures, namely the level of the key ECB interest rates, its forward guidance on their likely future evolution, its purchases under the asset purchase programme (APP), its reinvestment policies and its longer-term refinancing operations.",True,neutral,0.0029942402616143227,0.005301446188241243,0.9917042851448059,-0.0023072059266269207,ecb_stmt_reg_v2.csv
ecb_stmt,ecb_stmt_20210909,2021-09-09,ECB,statement,ecb_statements,3,"Specifically: The interest rate on the main refinancing operations and the interest rates on the marginal lending facility and the deposit facility will remain unchanged at 0.00%, 0.25% and -0.50% respectively.",True,neutral,0.0013985822442919016,0.1144062727689743,0.8841952085494995,-0.1130076905246824,ecb_stmt_reg_v2.csv
ecb_stmt,ecb_stmt_20210909,2021-09-09,ECB,statement,ecb_statements,4,"In support of its symmetric two per cent inflation target and in line with its monetary policy strategy, the Governing Council expects the key ECB interest rates to remain at their present or lower levels until it sees inflation reaching two per cent well ahead of the end of its projection horizon and durably for the rest of the projection horizon, and it judges that realised progress in underlying inflation is sufficiently advanced to be consistent with inflation stabilising at two per cent over the medium term.",True,dovish,0.05669720470905304,0.8315336108207703,0.1117691770195961,-0.7748364061117172,ecb_stmt_reg_v2.csv
ecb_stmt,ecb_stmt_20210909,2021-09-09,ECB,statement,ecb_statements,5,This may also imply a transitory period in which inflation is moderately above target.,False,hawkish,0.6105044484138489,0.11053158342838287,0.27896395325660706,0.499972864985466,ecb_stmt_reg_v2.csv
ecb_stmt,ecb_stmt_20210909,2021-09-09,ECB,statement,ecb_statements,6,Net purchases under the APP will continue at a monthly pace of €20 billion.,True,neutral,0.0010369765805080533,0.0012655769241973758,0.9976974129676819,-0.00022860034368932247,ecb_stmt_reg_v2.csv
ecb_stmt,ecb_stmt_20210909,2021-09-09,ECB,statement,ecb_statements,7,"The Governing Council continues to expect monthly net asset purchases under the APP to run for as long as necessary to reinforce the accommodative impact of its policy rates, and to end shortly before it starts raising the key ECB interest rates.",True,dovish,0.024912970140576363,0.9683027267456055,0.006784273777157068,-0.9433897566050291,ecb_stmt_reg_v2.csv
ecb_stmt,ecb_stmt_20210909,2021-09-09,ECB,statement,ecb_statements,8,"The Governing Council also intends to continue reinvesting, in full, the principal payments from maturing securities purchased under the APP for an extended period of time past the date when it starts raising the key ECB interest rates, and in any case for as long as necessary to maintain favourable liquidity conditions and an ample degree of monetary accommodation.",True,dovish,0.013043601997196674,0.976258397102356,0.010697985999286175,-0.9632147951051593,ecb_stmt_reg_v2.csv
ecb_stmt,ecb_stmt_20210909,2021-09-09,ECB,statement,ecb_statements,9,"Pandemic emergency purchase programme (PEPP) The Governing Council will continue to conduct net asset purchases under the PEPP with a total envelope of €1,850 billion until at least the end of March 2022 and, in any case, until it judges that the coronavirus crisis phase is over.",True,neutral,0.0074737053364515305,0.3574318289756775,0.6350944638252258,-0.34995812363922596,ecb_stmt_reg_v2.csv
ecb_stmt,ecb_stmt_20210909,2021-09-09,ECB,statement,ecb_statements,10,"Based on a joint assessment of financing conditions and the inflation outlook, the Governing Council judges that favourable financing conditions can be maintained with a moderately lower pace of net asset purchases under the PEPP than in the previous two quarters.",True,neutral,0.005111264530569315,0.3823698163032532,0.6125189065933228,-0.37725855177268386,ecb_stmt_reg_v2.csv
ecb_stmt,ecb_stmt_20210909,2021-09-09,ECB,statement,ecb_statements,11,The Governing Council will purchase flexibly according to market conditions and with a view to preventing a tightening of financing conditions that is inconsistent with countering the downward impact of the pandemic on the projected path of inflation.,True,dovish,0.004293973091989756,0.9679507613182068,0.02775520645081997,-0.963656788226217,ecb_stmt_reg_v2.csv
ecb_stmt,ecb_stmt_20210909,2021-09-09,ECB,statement,ecb_statements,12,"In addition, the flexibility of purchases over time, across asset classes and among jurisdictions will continue to support the smooth transmission of monetary policy.",True,neutral,0.0625225380063057,0.1795070618391037,0.75797039270401,-0.116984523832798,ecb_stmt_reg_v2.csv
ecb_stmt,ecb_stmt_20210909,2021-09-09,ECB,statement,ecb_statements,13,"If favourable financing conditions can be maintained with asset purchase flows that do not exhaust the envelope over the net purchase horizon of the PEPP, the envelope need not be used in full.",False,dovish,0.07355969399213791,0.7068316340446472,0.21960867941379547,-0.6332719400525093,ecb_stmt_reg_v2.csv
ecb_stmt,ecb_stmt_20210909,2021-09-09,ECB,statement,ecb_statements,14,"Equally, the envelope can be recalibrated if required to maintain favourable financing conditions to help counter the negative pandemic shock to the path of inflation.",True,dovish,0.10148072242736816,0.5673975944519043,0.3311217129230499,-0.46591687202453613,ecb_stmt_reg_v2.csv
ecb_stmt,ecb_stmt_20210909,2021-09-09,ECB,statement,ecb_statements,15,The Governing Council will continue to reinvest the principal payments from maturing securities purchased under the PEPP until at least the end of 2023.,True,neutral,0.0013422955526039004,0.002648699562996626,0.9960089325904846,-0.0013064040103927255,ecb_stmt_reg_v2.csv
ecb_stmt,ecb_stmt_20210909,2021-09-09,ECB,statement,ecb_statements,16,"In any case, the future roll-off of the PEPP portfolio will be managed to avoid interference with the appropriate monetary policy stance.",True,neutral,0.001287967897951603,0.008818870410323143,0.9898931980133057,-0.00753090251237154,ecb_stmt_reg_v2.csv
ecb_stmt,ecb_stmt_20210909,2021-09-09,ECB,statement,ecb_statements,17,The Governing Council will continue to provide ample liquidity through its refinancing operations.,True,dovish,0.3378884196281433,0.34220531582832336,0.3199062943458557,-0.004316896200180054,ecb_stmt_reg_v2.csv
ecb_stmt,ecb_stmt_20210909,2021-09-09,ECB,statement,ecb_statements,18,"In particular, the third series of targeted longer-term refinancing operations (TLTRO III) remains an attractive source of funding for banks, supporting bank lending to firms and households.",False,hawkish,0.9463579654693604,0.03950200602412224,0.014139999635517597,0.9068559594452381,ecb_stmt_reg_v2.csv
ecb_stmt,ecb_stmt_20210909,2021-09-09,ECB,statement,ecb_statements,19,"The Governing Council stands ready to adjust all of its instruments, as appropriate, to ensure that inflation stabilises at its two per cent target over the medium term.",True,dovish,0.07772867381572723,0.8538098931312561,0.06846147030591965,-0.7760812193155289,ecb_stmt_reg_v2.csv
ecb_stmt,ecb_stmt_20210909,2021-09-09,ECB,statement,ecb_statements,20,The President of the ECB will comment on the considerations underlying these decisions at a press conference starting at 14:30 CET today.,True,neutral,0.0007153104525059462,0.001840935554355383,0.9974437355995178,-0.0011256251018494368,ecb_stmt_reg_v2.csv
ecb_stmt,ecb_stmt_20210909,2021-09-09,ECB,statement,ecb_statements,21,Disclaimer Please note that related topic tags are currently available for selected content only.,False,neutral,0.007912392728030682,0.016652677208185196,0.9754348993301392,-0.008740284480154514,ecb_stmt_reg_v2.csv
ecb_stmt,ecb_stmt_20210909,2021-09-09,ECB,statement,ecb_statements,22,Directorate General Communications Reproduction is permitted provided that the source is acknowledged.,False,neutral,0.047414593398571014,0.06088154762983322,0.8917038440704346,-0.013466954231262207,ecb_stmt_reg_v2.csv
ecb_stmt,ecb_stmt_20211028,2021-10-28,ECB,statement,ecb_statements,1,The Governing Council continues to judge that favourable financing conditions can be maintained with a moderately lower pace of net asset purchases under the pandemic emergency purchase programme (PEPP) than in the second and third quarters of this year.,False,dovish,0.002088445471599698,0.5402781367301941,0.4576334059238434,-0.5381896912585944,ecb_stmt_reg_v2.csv
ecb_stmt,ecb_stmt_20211028,2021-10-28,ECB,statement,ecb_statements,2,"The Governing Council also confirmed its other measures, namely the level of the key ECB interest rates, its forward guidance on their likely future evolution, its purchases under the asset purchase programme (APP), its reinvestment policies and its longer-term refinancing operations.",True,neutral,0.0029942402616143227,0.005301446188241243,0.9917042851448059,-0.0023072059266269207,ecb_stmt_reg_v2.csv
ecb_stmt,ecb_stmt_20211028,2021-10-28,ECB,statement,ecb_statements,3,"Specifically: The interest rate on the main refinancing operations and the interest rates on the marginal lending facility and the deposit facility will remain unchanged at 0.00%, 0.25% and -0.50% respectively.",True,neutral,0.0013985822442919016,0.1144062727689743,0.8841952085494995,-0.1130076905246824,ecb_stmt_reg_v2.csv
ecb_stmt,ecb_stmt_20211028,2021-10-28,ECB,statement,ecb_statements,4,"In support of its symmetric two per cent inflation target and in line with its monetary policy strategy, the Governing Council expects the key ECB interest rates to remain at their present or lower levels until it sees inflation reaching two per cent well ahead of the end of its projection horizon and durably for the rest of the projection horizon, and it judges that realised progress in underlying inflation is sufficiently advanced to be consistent with inflation stabilising at two per cent over the medium term.",True,dovish,0.05669720470905304,0.8315336108207703,0.1117691770195961,-0.7748364061117172,ecb_stmt_reg_v2.csv
ecb_stmt,ecb_stmt_20211028,2021-10-28,ECB,statement,ecb_statements,5,This may also imply a transitory period in which inflation is moderately above target.,False,hawkish,0.6105044484138489,0.11053158342838287,0.27896395325660706,0.499972864985466,ecb_stmt_reg_v2.csv
ecb_stmt,ecb_stmt_20211028,2021-10-28,ECB,statement,ecb_statements,6,Net purchases under the APP will continue at a monthly pace of €20 billion.,True,neutral,0.0010369765805080533,0.0012655769241973758,0.9976974129676819,-0.00022860034368932247,ecb_stmt_reg_v2.csv
ecb_stmt,ecb_stmt_20211028,2021-10-28,ECB,statement,ecb_statements,7,"The Governing Council continues to expect monthly net asset purchases under the APP to run for as long as necessary to reinforce the accommodative impact of its policy rates, and to end shortly before it starts raising the key ECB interest rates.",True,dovish,0.024912970140576363,0.9683027267456055,0.006784273777157068,-0.9433897566050291,ecb_stmt_reg_v2.csv
ecb_stmt,ecb_stmt_20211028,2021-10-28,ECB,statement,ecb_statements,8,"The Governing Council also intends to continue reinvesting, in full, the principal payments from maturing securities purchased under the APP for an extended period of time past the date when it starts raising the key ECB interest rates and, in any case, for as long as necessary to maintain favourable liquidity conditions and an ample degree of monetary accommodation.",True,dovish,0.010638554580509663,0.978449285030365,0.010912133380770683,-0.9678107304498553,ecb_stmt_reg_v2.csv
ecb_stmt,ecb_stmt_20211028,2021-10-28,ECB,statement,ecb_statements,9,"Pandemic emergency purchase programme (PEPP) The Governing Council will continue to conduct net asset purchases under the PEPP with a total envelope of €1,850 billion until at least the end of March 2022 and, in any case, until it judges that the coronavirus crisis phase is over.",True,neutral,0.0074737053364515305,0.3574318289756775,0.6350944638252258,-0.34995812363922596,ecb_stmt_reg_v2.csv
ecb_stmt,ecb_stmt_20211028,2021-10-28,ECB,statement,ecb_statements,10,The Governing Council continues to judge that favourable financing conditions can be maintained with a moderately lower pace of net asset purchases under the PEPP than in the second and third quarters of this year.,False,neutral,0.0026615350507199764,0.4906347393989563,0.5067037343978882,-0.4879732043482363,ecb_stmt_reg_v2.csv
ecb_stmt,ecb_stmt_20211028,2021-10-28,ECB,statement,ecb_statements,11,The Governing Council will purchase flexibly according to market conditions and with a view to preventing a tightening of financing conditions that is inconsistent with countering the downward impact of the pandemic on the projected path of inflation.,True,dovish,0.004293973091989756,0.9679507613182068,0.02775520645081997,-0.963656788226217,ecb_stmt_reg_v2.csv
ecb_stmt,ecb_stmt_20211028,2021-10-28,ECB,statement,ecb_statements,12,"In addition, the flexibility of purchases over time, across asset classes and among jurisdictions will continue to support the smooth transmission of monetary policy.",True,neutral,0.0625225380063057,0.1795070618391037,0.75797039270401,-0.116984523832798,ecb_stmt_reg_v2.csv
ecb_stmt,ecb_stmt_20211028,2021-10-28,ECB,statement,ecb_statements,13,"If favourable financing conditions can be maintained with asset purchase flows that do not exhaust the envelope over the net purchase horizon of the PEPP, the envelope need not be used in full.",False,dovish,0.07355969399213791,0.7068316340446472,0.21960867941379547,-0.6332719400525093,ecb_stmt_reg_v2.csv
ecb_stmt,ecb_stmt_20211028,2021-10-28,ECB,statement,ecb_statements,14,"Equally, the envelope can be recalibrated if required to maintain favourable financing conditions to help counter the negative pandemic shock to the path of inflation.",True,dovish,0.10148072242736816,0.5673975944519043,0.3311217129230499,-0.46591687202453613,ecb_stmt_reg_v2.csv
ecb_stmt,ecb_stmt_20211028,2021-10-28,ECB,statement,ecb_statements,15,The Governing Council will continue to reinvest the principal payments from maturing securities purchased under the PEPP until at least the end of 2023.,True,neutral,0.0013422955526039004,0.002648699562996626,0.9960089325904846,-0.0013064040103927255,ecb_stmt_reg_v2.csv
ecb_stmt,ecb_stmt_20211028,2021-10-28,ECB,statement,ecb_statements,16,"In any case, the future roll-off of the PEPP portfolio will be managed to avoid interference with the appropriate monetary policy stance.",True,neutral,0.001287967897951603,0.008818870410323143,0.9898931980133057,-0.00753090251237154,ecb_stmt_reg_v2.csv
ecb_stmt,ecb_stmt_20211028,2021-10-28,ECB,statement,ecb_statements,17,The Governing Council will continue to provide ample liquidity through its refinancing operations.,True,dovish,0.3378884196281433,0.34220531582832336,0.3199062943458557,-0.004316896200180054,ecb_stmt_reg_v2.csv
ecb_stmt,ecb_stmt_20211028,2021-10-28,ECB,statement,ecb_statements,18,"In particular, the third series of targeted longer-term refinancing operations (TLTRO III) remains an attractive source of funding for banks, supporting bank lending to firms and households.",False,hawkish,0.9463579654693604,0.03950200602412224,0.014139999635517597,0.9068559594452381,ecb_stmt_reg_v2.csv
ecb_stmt,ecb_stmt_20211028,2021-10-28,ECB,statement,ecb_statements,19,"The Governing Council stands ready to adjust all of its instruments, as appropriate, to ensure that inflation stabilises at its two per cent target over the medium term.",True,dovish,0.07772867381572723,0.8538098931312561,0.06846147030591965,-0.7760812193155289,ecb_stmt_reg_v2.csv
ecb_stmt,ecb_stmt_20211028,2021-10-28,ECB,statement,ecb_statements,20,The President of the ECB will comment on the considerations underlying these decisions at a press conference starting at 14:30 CET today.,True,neutral,0.0007153104525059462,0.001840935554355383,0.9974437355995178,-0.0011256251018494368,ecb_stmt_reg_v2.csv
ecb_stmt,ecb_stmt_20211028,2021-10-28,ECB,statement,ecb_statements,21,Disclaimer Please note that related topic tags are currently available for selected content only.,False,neutral,0.007912392728030682,0.016652677208185196,0.9754348993301392,-0.008740284480154514,ecb_stmt_reg_v2.csv
ecb_stmt,ecb_stmt_20211028,2021-10-28,ECB,statement,ecb_statements,22,Directorate General Communications Reproduction is permitted provided that the source is acknowledged.,False,neutral,0.047414593398571014,0.06088154762983322,0.8917038440704346,-0.013466954231262207,ecb_stmt_reg_v2.csv
ecb_stmt,ecb_stmt_20211216,2021-12-16,ECB,statement,ecb_statements,1,The Governing Council judges that the progress on economic recovery and towards its medium-term inflation target permits a step-by-step reduction in the pace of its asset purchases over the coming quarters.,False,dovish,0.001208073110319674,0.9941790103912354,0.00461296271532774,-0.9929709372809157,ecb_stmt_reg_v2.csv
ecb_stmt,ecb_stmt_20211216,2021-12-16,ECB,statement,ecb_statements,2,But monetary accommodation is still needed for inflation to stabilise at the 2% inflation target over the medium term.,True,dovish,0.001023142714984715,0.9940478205680847,0.00492904195562005,-0.9930246778531,ecb_stmt_reg_v2.csv
ecb_stmt,ecb_stmt_20211216,2021-12-16,ECB,statement,ecb_statements,3,"In view of the current uncertainty, the Governing Council needs to maintain flexibility and optionality in the conduct of monetary policy.",False,dovish,0.014550333842635155,0.8240531086921692,0.16139647364616394,-0.809502774849534,ecb_stmt_reg_v2.csv
ecb_stmt,ecb_stmt_20211216,2021-12-16,ECB,statement,ecb_statements,4,"With this is mind, the Governing Council took the following decisions: Pandemic emergency purchase programme (PEPP) In the first quarter of 2022, the Governing Council expects to conduct net asset purchases under the PEPP at a lower pace than in the previous quarter.",True,dovish,0.00229226634837687,0.9625442028045654,0.03516354411840439,-0.9602519364561886,ecb_stmt_reg_v2.csv
ecb_stmt,ecb_stmt_20211216,2021-12-16,ECB,statement,ecb_statements,5,It will discontinue net asset purchases under the PEPP at the end of March 2022.,True,neutral,0.001465371809899807,0.012365637347102165,0.9861689805984497,-0.010900265537202358,ecb_stmt_reg_v2.csv
ecb_stmt,ecb_stmt_20211216,2021-12-16,ECB,statement,ecb_statements,6,The Governing Council decided to extend the reinvestment horizon for the PEPP.,False,dovish,0.2366313338279724,0.3859706223011017,0.37739798426628113,-0.14933928847312927,ecb_stmt_reg_v2.csv
ecb_stmt,ecb_stmt_20211216,2021-12-16,ECB,statement,ecb_statements,7,It now intends to reinvest the principal payments from maturing securities purchased under the PEPP until at least the end of 2024.,True,neutral,0.006223954726010561,0.0027726723346859217,0.9910033941268921,0.0034512823913246393,ecb_stmt_reg_v2.csv
ecb_stmt,ecb_stmt_20211216,2021-12-16,ECB,statement,ecb_statements,8,"In any case, the future roll-off of the PEPP portfolio will be managed to avoid interference with the appropriate monetary policy stance.",True,neutral,0.001287967897951603,0.008818870410323143,0.9898931980133057,-0.00753090251237154,ecb_stmt_reg_v2.csv
ecb_stmt,ecb_stmt_20211216,2021-12-16,ECB,statement,ecb_statements,9,"The pandemic has shown that, under stressed conditions, flexibility in the design and conduct of asset purchases has helped to counter the impaired transmission of monetary policy and made efforts to achieve the Governing Council’s goal more effective.",False,dovish,0.013276475481688976,0.9546877145767212,0.032035768032073975,-0.9414112390950322,ecb_stmt_reg_v2.csv
ecb_stmt,ecb_stmt_20211216,2021-12-16,ECB,statement,ecb_statements,10,"Within our mandate, under stressed conditions, flexibility will remain an element of monetary policy whenever threats to monetary policy transmission jeopardise the attainment of price stability.",True,dovish,0.015701143071055412,0.7239977121353149,0.2603010833263397,-0.7082965690642595,ecb_stmt_reg_v2.csv
ecb_stmt,ecb_stmt_20211216,2021-12-16,ECB,statement,ecb_statements,11,"In particular, in the event of renewed market fragmentation related to the pandemic, PEPP reinvestments can be adjusted flexibly across time, asset classes and jurisdictions at any time.",False,neutral,0.002084786305204034,0.014613297767937183,0.9833019375801086,-0.01252851146273315,ecb_stmt_reg_v2.csv
ecb_stmt,ecb_stmt_20211216,2021-12-16,ECB,statement,ecb_statements,12,"This could include purchasing bonds issued by the Hellenic Republic over and above rollovers of redemptions in order to avoid an interruption of purchases in that jurisdiction, which could impair the transmission of monetary policy to the Greek economy while it is still recovering from the fallout of the pandemic.",False,neutral,0.011333338916301727,0.009469360113143921,0.9791972637176514,0.0018639788031578064,ecb_stmt_reg_v2.csv
ecb_stmt,ecb_stmt_20211216,2021-12-16,ECB,statement,ecb_statements,13,"Net purchases under the PEPP could also be resumed, if necessary, to counter negative shocks related to the pandemic.",False,hawkish,0.5166058540344238,0.3221806287765503,0.1612134873867035,0.19442522525787354,ecb_stmt_reg_v2.csv
ecb_stmt,ecb_stmt_20211216,2021-12-16,ECB,statement,ecb_statements,14,"In line with a step-by-step reduction in asset purchases and to ensure that the monetary policy stance remains consistent with inflation stabilising at its target over the medium term, the Governing Council decided on a monthly net purchase pace of €40 billion in the second quarter and €30 billion in the third quarter under the APP.",True,dovish,0.0014927709707990289,0.5854108333587646,0.41309645771980286,-0.5839180623879656,ecb_stmt_reg_v2.csv
ecb_stmt,ecb_stmt_20211216,2021-12-16,ECB,statement,ecb_statements,15,"From October 2022 onwards, the Governing Council will maintain net asset purchases under the APP at a monthly pace of €20 billion for as long as necessary to reinforce the accommodative impact of its policy rates.",True,dovish,0.0012226732214912772,0.996415913105011,0.002361372346058488,-0.9951932398835197,ecb_stmt_reg_v2.csv
ecb_stmt,ecb_stmt_20211216,2021-12-16,ECB,statement,ecb_statements,16,The Governing Council expects net purchases to end shortly before it starts raising the key ECB interest rates.,True,hawkish,0.9956665635108948,0.0014480375684797764,0.0028853965923190117,0.994218525942415,ecb_stmt_reg_v2.csv
ecb_stmt,ecb_stmt_20211216,2021-12-16,ECB,statement,ecb_statements,17,"The Governing Council also intends to continue reinvesting, in full, the principal payments from maturing securities purchased under the APP for an extended period of time past the date when it starts raising the key ECB interest rates and, in any case, for as long as necessary to maintain favourable liquidity conditions and an ample degree of monetary accommodation.",True,dovish,0.010638554580509663,0.978449285030365,0.010912133380770683,-0.9678107304498553,ecb_stmt_reg_v2.csv
ecb_stmt,ecb_stmt_20211216,2021-12-16,ECB,statement,ecb_statements,18,"The interest rate on the main refinancing operations and the interest rates on the marginal lending facility and the deposit facility will remain unchanged at 0.00%, 0.25% and -0.50% respectively.",True,neutral,0.0009599261684343219,0.09686893224716187,0.9021711349487305,-0.09590900607872754,ecb_stmt_reg_v2.csv
ecb_stmt,ecb_stmt_20211216,2021-12-16,ECB,statement,ecb_statements,19,"In support of its symmetric 2% inflation target and in line with its monetary policy strategy, the Governing Council expects the key ECB interest rates to remain at their present or lower levels until it sees inflation reaching 2% well ahead of the end of its projection horizon and durably for the rest of the projection horizon, and it judges that realised progress in underlying inflation is sufficiently advanced to be consistent with inflation stabilising at 2% over the medium term.",True,dovish,0.02997024729847908,0.9259953498840332,0.044034384191036224,-0.8960251025855541,ecb_stmt_reg_v2.csv
ecb_stmt,ecb_stmt_20211216,2021-12-16,ECB,statement,ecb_statements,20,This may also imply a transitory period in which inflation is moderately above target.,False,hawkish,0.6105044484138489,0.11053158342838287,0.27896395325660706,0.499972864985466,ecb_stmt_reg_v2.csv
ecb_stmt,ecb_stmt_20211216,2021-12-16,ECB,statement,ecb_statements,21,The Governing Council will continue to monitor bank funding conditions and ensure that the maturing of operations under the third series of targeted longer-term refinancing operations (TLTRO III) does not hamper the smooth transmission of its monetary policy.,True,neutral,0.0010225441073998809,0.003569029737263918,0.9954083561897278,-0.002546485629864037,ecb_stmt_reg_v2.csv
ecb_stmt,ecb_stmt_20211216,2021-12-16,ECB,statement,ecb_statements,22,The Governing Council will also regularly assess how targeted lending operations are contributing to its monetary policy stance.,True,neutral,0.001030484214425087,0.0016923574730753899,0.9972771406173706,-0.0006618732586503029,ecb_stmt_reg_v2.csv
ecb_stmt,ecb_stmt_20211216,2021-12-16,ECB,statement,ecb_statements,23,"As announced, it expects the special conditions applicable under TLTRO III to end in June next year.",True,neutral,0.0007455855957232416,0.001374022918753326,0.9978803992271423,-0.0006284373230300844,ecb_stmt_reg_v2.csv
ecb_stmt,ecb_stmt_20211216,2021-12-16,ECB,statement,ecb_statements,24,The Governing Council will also assess the appropriate calibration of its two-tier system for reserve remuneration so that the negative interest rate policy does not limit banks’ intermediation capacity in an environment of ample excess liquidity.,True,dovish,0.01364780031144619,0.5738384127616882,0.412513792514801,-0.560190612450242,ecb_stmt_reg_v2.csv
ecb_stmt,ecb_stmt_20211216,2021-12-16,ECB,statement,ecb_statements,25,"The Governing Council stands ready to adjust all of its instruments, as appropriate and in either direction, to ensure that inflation stabilises at its 2% target over the medium term.",True,dovish,0.10305409133434296,0.4819284677505493,0.41501742601394653,-0.37887437641620636,ecb_stmt_reg_v2.csv
ecb_stmt,ecb_stmt_20211216,2021-12-16,ECB,statement,ecb_statements,26,The President of the ECB will comment on the considerations underlying these decisions at a press conference starting at 14:30 CET today.,True,neutral,0.0007153104525059462,0.001840935554355383,0.9974437355995178,-0.0011256251018494368,ecb_stmt_reg_v2.csv
ecb_stmt,ecb_stmt_20211216,2021-12-16,ECB,statement,ecb_statements,27,Disclaimer Please note that related topic tags are currently available for selected content only.,False,neutral,0.007912392728030682,0.016652677208185196,0.9754348993301392,-0.008740284480154514,ecb_stmt_reg_v2.csv
ecb_stmt,ecb_stmt_20211216,2021-12-16,ECB,statement,ecb_statements,28,Directorate General Communications Reproduction is permitted provided that the source is acknowledged.,False,neutral,0.047414593398571014,0.06088154762983322,0.8917038440704346,-0.013466954231262207,ecb_stmt_reg_v2.csv
ecb_stmt,ecb_stmt_20220203,2022-02-03,ECB,statement,ecb_statements,1,The Governing Council confirmed the decisions taken at its monetary policy meeting last December.,False,neutral,0.0017505375435575843,0.0023236190900206566,0.9959259033203125,-0.0005730815464630723,ecb_stmt_reg_v2.csv
ecb_stmt,ecb_stmt_20220203,2022-02-03,ECB,statement,ecb_statements,2,"Pandemic emergency purchase programme (PEPP) In the first quarter of 2022, the Governing Council is conducting net asset purchases under the PEPP at a lower pace than in the previous quarter.",False,dovish,0.0009100586175918579,0.9960530400276184,0.0030368834268301725,-0.9951429814100266,ecb_stmt_reg_v2.csv
ecb_stmt,ecb_stmt_20220203,2022-02-03,ECB,statement,ecb_statements,3,It will discontinue net asset purchases under the PEPP at the end of March 2022.,True,neutral,0.001465371809899807,0.012365637347102165,0.9861689805984497,-0.010900265537202358,ecb_stmt_reg_v2.csv
ecb_stmt,ecb_stmt_20220203,2022-02-03,ECB,statement,ecb_statements,4,The Governing Council intends to reinvest the principal payments from maturing securities purchased under the PEPP until at least the end of 2024.,True,neutral,0.0032824156805872917,0.002982842270284891,0.9937347769737244,0.0002995734103024006,ecb_stmt_reg_v2.csv
ecb_stmt,ecb_stmt_20220203,2022-02-03,ECB,statement,ecb_statements,5,"In any case, the future roll-off of the PEPP portfolio will be managed to avoid interference with the appropriate monetary policy stance.",True,neutral,0.001287967897951603,0.008818870410323143,0.9898931980133057,-0.00753090251237154,ecb_stmt_reg_v2.csv
ecb_stmt,ecb_stmt_20220203,2022-02-03,ECB,statement,ecb_statements,6,"The pandemic has shown that, under stressed conditions, flexibility in the design and conduct of asset purchases has helped to counter the impaired transmission of monetary policy and made the Governing Council’s efforts to achieve its goal more effective.",False,dovish,0.010817389003932476,0.9671164155006409,0.022066164761781693,-0.9562990264967084,ecb_stmt_reg_v2.csv
ecb_stmt,ecb_stmt_20220203,2022-02-03,ECB,statement,ecb_statements,7,"Within the Governing Council’s mandate, under stressed conditions, flexibility will remain an element of monetary policy whenever threats to monetary policy transmission jeopardise the attainment of price stability.",True,neutral,0.023775411769747734,0.32154712080955505,0.6546774506568909,-0.2977717090398073,ecb_stmt_reg_v2.csv
ecb_stmt,ecb_stmt_20220203,2022-02-03,ECB,statement,ecb_statements,8,"In particular, in the event of renewed market fragmentation related to the pandemic, PEPP reinvestments can be adjusted flexibly across time, asset classes and jurisdictions at any time.",False,neutral,0.002084786305204034,0.014613297767937183,0.9833019375801086,-0.01252851146273315,ecb_stmt_reg_v2.csv
ecb_stmt,ecb_stmt_20220203,2022-02-03,ECB,statement,ecb_statements,9,"This could include purchasing bonds issued by the Hellenic Republic over and above rollovers of redemptions in order to avoid an interruption of purchases in that jurisdiction, which could impair the transmission of monetary policy to the Greek economy while it is still recovering from the fallout from the pandemic.",False,neutral,0.010422508232295513,0.010181070305407047,0.979396402835846,0.00024143792688846588,ecb_stmt_reg_v2.csv
ecb_stmt,ecb_stmt_20220203,2022-02-03,ECB,statement,ecb_statements,10,"Net purchases under the PEPP could also be resumed, if necessary, to counter negative shocks related to the pandemic.",False,hawkish,0.5166058540344238,0.3221806287765503,0.1612134873867035,0.19442522525787354,ecb_stmt_reg_v2.csv
ecb_stmt,ecb_stmt_20220203,2022-02-03,ECB,statement,ecb_statements,11,"In line with the step-by-step reduction in asset purchases decided on in December 2021 and to ensure that the monetary policy stance remains consistent with inflation stabilising at the Governing Council’s target over the medium term, monthly net purchases under the APP will amount to €40 billion in the second quarter of 2022 and €30 billion in the third quarter.",True,neutral,0.00269525870680809,0.4801561236381531,0.5171485543251038,-0.477460864931345,ecb_stmt_reg_v2.csv
ecb_stmt,ecb_stmt_20220203,2022-02-03,ECB,statement,ecb_statements,12,"From October onwards, the Governing Council will maintain net asset purchases under the APP at a monthly pace of €20 billion for as long as necessary to reinforce the accommodative impact of its policy rates.",True,dovish,0.0012253756867721677,0.9966697096824646,0.0021048898342996836,-0.9954443339956924,ecb_stmt_reg_v2.csv
ecb_stmt,ecb_stmt_20220203,2022-02-03,ECB,statement,ecb_statements,13,The Governing Council expects net purchases to end shortly before it starts raising the key ECB interest rates.,True,hawkish,0.9956665635108948,0.0014480375684797764,0.0028853965923190117,0.994218525942415,ecb_stmt_reg_v2.csv
ecb_stmt,ecb_stmt_20220203,2022-02-03,ECB,statement,ecb_statements,14,"The Governing Council also intends to continue reinvesting, in full, the principal payments from maturing securities purchased under the APP for an extended period of time past the date when it starts raising the key ECB interest rates and, in any case, for as long as necessary to maintain favourable liquidity conditions and an ample degree of monetary accommodation.",True,dovish,0.010638554580509663,0.978449285030365,0.010912133380770683,-0.9678107304498553,ecb_stmt_reg_v2.csv
ecb_stmt,ecb_stmt_20220203,2022-02-03,ECB,statement,ecb_statements,15,"The interest rate on the main refinancing operations and the interest rates on the marginal lending facility and the deposit facility will remain unchanged at 0.00%, 0.25% and -0.50% respectively.",True,neutral,0.0009599261684343219,0.09686893224716187,0.9021711349487305,-0.09590900607872754,ecb_stmt_reg_v2.csv
ecb_stmt,ecb_stmt_20220203,2022-02-03,ECB,statement,ecb_statements,16,"In support of its symmetric 2% inflation target and in line with its monetary policy strategy, the Governing Council expects the key ECB interest rates to remain at their present or lower levels until it sees inflation reaching 2% well ahead of the end of its projection horizon and durably for the rest of the projection horizon, and it judges that realised progress in underlying inflation is sufficiently advanced to be consistent with inflation stabilising at 2% over the medium term.",True,dovish,0.02997024729847908,0.9259953498840332,0.044034384191036224,-0.8960251025855541,ecb_stmt_reg_v2.csv
ecb_stmt,ecb_stmt_20220203,2022-02-03,ECB,statement,ecb_statements,17,This may also imply a transitory period in which inflation is moderately above target.,False,hawkish,0.6105044484138489,0.11053158342838287,0.27896395325660706,0.499972864985466,ecb_stmt_reg_v2.csv
ecb_stmt,ecb_stmt_20220203,2022-02-03,ECB,statement,ecb_statements,18,The Governing Council will continue to monitor bank funding conditions and ensure that the maturing of operations under the third series of targeted longer-term refinancing operations (TLTRO III) does not hamper the smooth transmission of its monetary policy.,True,neutral,0.0010225441073998809,0.003569029737263918,0.9954083561897278,-0.002546485629864037,ecb_stmt_reg_v2.csv
ecb_stmt,ecb_stmt_20220203,2022-02-03,ECB,statement,ecb_statements,19,The Governing Council will also regularly assess how targeted lending operations are contributing to its monetary policy stance.,True,neutral,0.001030484214425087,0.0016923574730753899,0.9972771406173706,-0.0006618732586503029,ecb_stmt_reg_v2.csv
ecb_stmt,ecb_stmt_20220203,2022-02-03,ECB,statement,ecb_statements,20,"As announced, it expects the special conditions applicable under TLTRO III to end in June this year.",True,neutral,0.0009025274193845689,0.0015932933893054724,0.9975041747093201,-0.0006907659699209034,ecb_stmt_reg_v2.csv
ecb_stmt,ecb_stmt_20220203,2022-02-03,ECB,statement,ecb_statements,21,The Governing Council will also assess the appropriate calibration of its two-tier system for reserve remuneration so that the negative interest rate policy does not limit banks’ intermediation capacity in an environment of ample excess liquidity.,True,dovish,0.01364780031144619,0.5738384127616882,0.412513792514801,-0.560190612450242,ecb_stmt_reg_v2.csv
ecb_stmt,ecb_stmt_20220203,2022-02-03,ECB,statement,ecb_statements,22,"The Governing Council stands ready to adjust all of its instruments, as appropriate, to ensure that inflation stabilises at its 2% target over the medium term.",True,dovish,0.09045273810625076,0.828545093536377,0.08100216090679169,-0.7380923554301262,ecb_stmt_reg_v2.csv
ecb_stmt,ecb_stmt_20220203,2022-02-03,ECB,statement,ecb_statements,23,The President of the ECB will comment on the considerations underlying these decisions at a press conference starting at 14:30 CET today.,True,neutral,0.0007153104525059462,0.001840935554355383,0.9974437355995178,-0.0011256251018494368,ecb_stmt_reg_v2.csv
ecb_stmt,ecb_stmt_20220203,2022-02-03,ECB,statement,ecb_statements,24,Disclaimer Please note that related topic tags are currently available for selected content only.,False,neutral,0.007912392728030682,0.016652677208185196,0.9754348993301392,-0.008740284480154514,ecb_stmt_reg_v2.csv
ecb_stmt,ecb_stmt_20220203,2022-02-03,ECB,statement,ecb_statements,25,Directorate General Communications Reproduction is permitted provided that the source is acknowledged.,False,neutral,0.047414593398571014,0.06088154762983322,0.8917038440704346,-0.013466954231262207,ecb_stmt_reg_v2.csv
ecb_stmt,ecb_stmt_20220310,2022-03-10,ECB,statement,ecb_statements,1,The Russian invasion of Ukraine is a watershed for Europe.,False,hawkish,0.6328542828559875,0.1902029663324356,0.17694275081157684,0.44265131652355194,ecb_stmt_reg_v2.csv
ecb_stmt,ecb_stmt_20220310,2022-03-10,ECB,statement,ecb_statements,2,The Governing Council expresses its full support to the people of Ukraine.,False,dovish,0.01106877252459526,0.9847708344459534,0.004160403739660978,-0.9737020619213581,ecb_stmt_reg_v2.csv
ecb_stmt,ecb_stmt_20220310,2022-03-10,ECB,statement,ecb_statements,3,It will ensure smooth liquidity conditions and implement the sanctions decided by the European Union and European governments.,True,neutral,0.08105722814798355,0.039158448576927185,0.879784345626831,0.041898779571056366,ecb_stmt_reg_v2.csv
ecb_stmt,ecb_stmt_20220310,2022-03-10,ECB,statement,ecb_statements,4,The Governing Council will take whatever action is needed to fulfil the ECB’s mandate to pursue price stability and to safeguard financial stability.,True,dovish,0.025087380781769753,0.8471657633781433,0.1277468502521515,-0.8220783825963736,ecb_stmt_reg_v2.csv
ecb_stmt,ecb_stmt_20220310,2022-03-10,ECB,statement,ecb_statements,5,"Based on its updated assessment and taking into account the uncertain environment, the Governing Council today revised the purchase schedule for its APP for the coming months.",False,dovish,0.0033370244782418013,0.7960713505744934,0.20059159398078918,-0.7927343260962516,ecb_stmt_reg_v2.csv
ecb_stmt,ecb_stmt_20220310,2022-03-10,ECB,statement,ecb_statements,6,"Monthly net purchases under the APP will amount to €40 billion in April, €30 billion in May and €20 billion in June.",True,neutral,0.0013820186723023653,0.004684449639171362,0.9939334988594055,-0.0033024309668689966,ecb_stmt_reg_v2.csv
ecb_stmt,ecb_stmt_20220310,2022-03-10,ECB,statement,ecb_statements,7,The calibration of net purchases for the third quarter will be data-dependent and reflect its evolving assessment of the outlook.,True,neutral,0.0006434776005335152,0.0022724324371665716,0.9970841407775879,-0.0016289548366330564,ecb_stmt_reg_v2.csv
ecb_stmt,ecb_stmt_20220310,2022-03-10,ECB,statement,ecb_statements,8,"If the incoming data support the expectation that the medium-term inflation outlook will not weaken even after the end of its net asset purchases, the Governing Council will conclude net purchases under the APP in the third quarter.",True,neutral,0.04284694418311119,0.004551453981548548,0.9526016116142273,0.03829549020156264,ecb_stmt_reg_v2.csv
ecb_stmt,ecb_stmt_20220310,2022-03-10,ECB,statement,ecb_statements,9,"If the medium-term inflation outlook changes and if financing conditions become inconsistent with further progress towards the 2% target, the Governing Council stands ready to revise its schedule for net asset purchases in terms of size and/or duration.",True,hawkish,0.7139376401901245,0.04119250923395157,0.24486993253231049,0.6727451309561729,ecb_stmt_reg_v2.csv
ecb_stmt,ecb_stmt_20220310,2022-03-10,ECB,statement,ecb_statements,10,"The Governing Council also intends to continue reinvesting, in full, the principal payments from maturing securities purchased under the APP for an extended period of time past the date when it starts raising the key ECB interest rates and, in any case, for as long as necessary to maintain favourable liquidity conditions and an ample degree of monetary accommodation.",True,dovish,0.010638554580509663,0.978449285030365,0.010912133380770683,-0.9678107304498553,ecb_stmt_reg_v2.csv
ecb_stmt,ecb_stmt_20220310,2022-03-10,ECB,statement,ecb_statements,11,"The interest rate on the main refinancing operations and the interest rates on the marginal lending facility and the deposit facility will remain unchanged at 0.00%, 0.25% and -0.50% respectively.",True,neutral,0.0009599261684343219,0.09686893224716187,0.9021711349487305,-0.09590900607872754,ecb_stmt_reg_v2.csv
ecb_stmt,ecb_stmt_20220310,2022-03-10,ECB,statement,ecb_statements,12,Any adjustments to the key ECB interest rates will take place some time after the end of the Governing Council’s net purchases under the APP and will be gradual.,True,neutral,0.0007217138190753758,0.010441085323691368,0.9888371825218201,-0.009719371504615992,ecb_stmt_reg_v2.csv
ecb_stmt,ecb_stmt_20220310,2022-03-10,ECB,statement,ecb_statements,13,The path for the key ECB interest rates will continue to be determined by the Governing Council’s forward guidance and by its strategic commitment to stabilise inflation at 2% over the medium term.,True,neutral,0.006579776294529438,0.01307267602533102,0.9803475141525269,-0.006492899730801582,ecb_stmt_reg_v2.csv
ecb_stmt,ecb_stmt_20220310,2022-03-10,ECB,statement,ecb_statements,14,"Accordingly, the Governing Council expects the key ECB interest rates to remain at their present levels until it sees inflation reaching 2% well ahead of the end of its projection horizon and durably for the rest of the projection horizon, and it judges that realised progress in underlying inflation is sufficiently advanced to be consistent with inflation stabilising at 2% over the medium term.",True,neutral,0.008537594228982925,0.39176061749458313,0.5997017621994019,-0.3832230232656002,ecb_stmt_reg_v2.csv
ecb_stmt,ecb_stmt_20220310,2022-03-10,ECB,statement,ecb_statements,15,"Pandemic emergency purchase programme (PEPP) In the first quarter of 2022, the Governing Council is conducting net asset purchases under the PEPP at a lower pace than in the previous quarter.",False,dovish,0.0009100586175918579,0.9960530400276184,0.0030368834268301725,-0.9951429814100266,ecb_stmt_reg_v2.csv
ecb_stmt,ecb_stmt_20220310,2022-03-10,ECB,statement,ecb_statements,16,It will discontinue net asset purchases under the PEPP at the end of March 2022.,True,neutral,0.001465371809899807,0.012365637347102165,0.9861689805984497,-0.010900265537202358,ecb_stmt_reg_v2.csv
ecb_stmt,ecb_stmt_20220310,2022-03-10,ECB,statement,ecb_statements,17,The Governing Council intends to reinvest the principal payments from maturing securities purchased under the PEPP until at least the end of 2024.,True,neutral,0.0032824156805872917,0.002982842270284891,0.9937347769737244,0.0002995734103024006,ecb_stmt_reg_v2.csv
ecb_stmt,ecb_stmt_20220310,2022-03-10,ECB,statement,ecb_statements,18,"In any case, the future roll-off of the PEPP portfolio will be managed to avoid interference with the appropriate monetary policy stance.",True,neutral,0.001287967897951603,0.008818870410323143,0.9898931980133057,-0.00753090251237154,ecb_stmt_reg_v2.csv
ecb_stmt,ecb_stmt_20220310,2022-03-10,ECB,statement,ecb_statements,19,"The pandemic has shown that, under stressed conditions, flexibility in the design and conduct of asset purchases has helped to counter the impaired transmission of monetary policy and made the Governing Council’s efforts to achieve its goal more effective.",False,dovish,0.010817389003932476,0.9671164155006409,0.022066164761781693,-0.9562990264967084,ecb_stmt_reg_v2.csv
ecb_stmt,ecb_stmt_20220310,2022-03-10,ECB,statement,ecb_statements,20,"Within the Governing Council’s mandate, under stressed conditions, flexibility will remain an element of monetary policy whenever threats to monetary policy transmission jeopardise the attainment of price stability.",True,neutral,0.023775411769747734,0.32154712080955505,0.6546774506568909,-0.2977717090398073,ecb_stmt_reg_v2.csv
ecb_stmt,ecb_stmt_20220310,2022-03-10,ECB,statement,ecb_statements,21,"In particular, in the event of renewed market fragmentation related to the pandemic, PEPP reinvestments can be adjusted flexibly across time, asset classes and jurisdictions at any time.",False,neutral,0.002084786305204034,0.014613297767937183,0.9833019375801086,-0.01252851146273315,ecb_stmt_reg_v2.csv
ecb_stmt,ecb_stmt_20220310,2022-03-10,ECB,statement,ecb_statements,22,"This could include purchasing bonds issued by the Hellenic Republic over and above rollovers of redemptions in order to avoid an interruption of purchases in that jurisdiction, which could impair the transmission of monetary policy to the Greek economy while it is still recovering from the fallout from the pandemic.",False,neutral,0.010422508232295513,0.010181070305407047,0.979396402835846,0.00024143792688846588,ecb_stmt_reg_v2.csv
ecb_stmt,ecb_stmt_20220310,2022-03-10,ECB,statement,ecb_statements,23,"Net purchases under the PEPP could also be resumed, if necessary, to counter negative shocks related to the pandemic.",False,hawkish,0.5166058540344238,0.3221806287765503,0.1612134873867035,0.19442522525787354,ecb_stmt_reg_v2.csv
ecb_stmt,ecb_stmt_20220310,2022-03-10,ECB,statement,ecb_statements,24,The Governing Council will continue to monitor bank funding conditions and ensure that the maturing of operations under the third series of targeted longer-term refinancing operations (TLTRO III) does not hamper the smooth transmission of its monetary policy.,True,neutral,0.0010225441073998809,0.003569029737263918,0.9954083561897278,-0.002546485629864037,ecb_stmt_reg_v2.csv
ecb_stmt,ecb_stmt_20220310,2022-03-10,ECB,statement,ecb_statements,25,The Governing Council will also regularly assess how targeted lending operations are contributing to its monetary policy stance.,True,neutral,0.001030484214425087,0.0016923574730753899,0.9972771406173706,-0.0006618732586503029,ecb_stmt_reg_v2.csv
ecb_stmt,ecb_stmt_20220310,2022-03-10,ECB,statement,ecb_statements,26,"As announced, it expects the special conditions applicable under TLTRO III to end in June this year.",True,neutral,0.0009025274193845689,0.0015932933893054724,0.9975041747093201,-0.0006907659699209034,ecb_stmt_reg_v2.csv
ecb_stmt,ecb_stmt_20220310,2022-03-10,ECB,statement,ecb_statements,27,The Governing Council will also assess the appropriate calibration of its two-tier system for reserve remuneration so that the negative interest rate policy does not limit banks’ intermediation capacity in an environment of ample excess liquidity.,True,dovish,0.01364780031144619,0.5738384127616882,0.412513792514801,-0.560190612450242,ecb_stmt_reg_v2.csv
ecb_stmt,ecb_stmt_20220310,2022-03-10,ECB,statement,ecb_statements,28,"Liquidity lines with non-euro area central banks In view of the highly uncertain environment caused by the Russian invasion of Ukraine and the risk of regional spillovers that could adversely affect euro area financial markets, the Governing Council decided to extend the Eurosystem repo facility for central banks (EUREP) until 15 January 2023.",True,dovish,0.014257913455367088,0.9802237153053284,0.005518428981304169,-0.9659658018499613,ecb_stmt_reg_v2.csv
ecb_stmt,ecb_stmt_20220310,2022-03-10,ECB,statement,ecb_statements,29,EUREP will therefore continue to complement the regular euro liquidity-providing arrangements for non-euro area central banks.,True,neutral,0.0016051310813054442,0.0012998748570680618,0.9970950484275818,0.0003052562242373824,ecb_stmt_reg_v2.csv
ecb_stmt,ecb_stmt_20220310,2022-03-10,ECB,statement,ecb_statements,30,"Together, these form a comprehensive set of backstop facilities to address possible euro liquidity needs in the event of market dysfunctions outside the euro area that could adversely affect the smooth transmission of the ECB’s monetary policy.",False,neutral,0.02226814441382885,0.21418261528015137,0.763549268245697,-0.19191447086632252,ecb_stmt_reg_v2.csv
ecb_stmt,ecb_stmt_20220310,2022-03-10,ECB,statement,ecb_statements,31,Requests from non-euro area central banks for individual euro liquidity lines will be assessed by the Governing Council on a case-by-case basis.,True,neutral,0.0012430588249117136,0.0014335488667711616,0.9973233938217163,-0.00019049004185944796,ecb_stmt_reg_v2.csv
ecb_stmt,ecb_stmt_20220310,2022-03-10,ECB,statement,ecb_statements,32,"The Governing Council stands ready to adjust all of its instruments, as appropriate, to ensure that inflation stabilises at its 2% target over the medium term.",True,dovish,0.09045273810625076,0.828545093536377,0.08100216090679169,-0.7380923554301262,ecb_stmt_reg_v2.csv
ecb_stmt,ecb_stmt_20220310,2022-03-10,ECB,statement,ecb_statements,33,The President of the ECB will comment on the considerations underlying these decisions at a press conference starting at 14:30 CET today.,True,neutral,0.0007153104525059462,0.001840935554355383,0.9974437355995178,-0.0011256251018494368,ecb_stmt_reg_v2.csv
ecb_stmt,ecb_stmt_20220310,2022-03-10,ECB,statement,ecb_statements,34,Disclaimer Please note that related topic tags are currently available for selected content only.,False,neutral,0.007912392728030682,0.016652677208185196,0.9754348993301392,-0.008740284480154514,ecb_stmt_reg_v2.csv
ecb_stmt,ecb_stmt_20220310,2022-03-10,ECB,statement,ecb_statements,35,Directorate General Communications Reproduction is permitted provided that the source is acknowledged.,False,neutral,0.047414593398571014,0.06088154762983322,0.8917038440704346,-0.013466954231262207,ecb_stmt_reg_v2.csv
ecb_stmt,ecb_stmt_20220414,2022-04-14,ECB,statement,ecb_statements,1,Russia’s aggression in Ukraine is causing enormous suffering.,False,hawkish,0.5686090588569641,0.20958854258060455,0.22180239856243134,0.35902051627635956,ecb_stmt_reg_v2.csv
ecb_stmt,ecb_stmt_20220414,2022-04-14,ECB,statement,ecb_statements,2,"It is also affecting the economy, in Europe and beyond.",False,neutral,0.003396045183762908,0.003985918592661619,0.9926180243492126,-0.0005898734088987112,ecb_stmt_reg_v2.csv
ecb_stmt,ecb_stmt_20220414,2022-04-14,ECB,statement,ecb_statements,3,The conflict and the associated uncertainty are weighing heavily on the confidence of businesses and consumers.,False,dovish,0.001527701155282557,0.9964836835861206,0.001988610252737999,-0.994955982430838,ecb_stmt_reg_v2.csv
ecb_stmt,ecb_stmt_20220414,2022-04-14,ECB,statement,ecb_statements,4,Trade disruptions are leading to new shortages of materials and inputs.,False,neutral,0.07375144958496094,0.30449947714805603,0.6217491030693054,-0.2307480275630951,ecb_stmt_reg_v2.csv
ecb_stmt,ecb_stmt_20220414,2022-04-14,ECB,statement,ecb_statements,5,Surging energy and commodity prices are reducing demand and holding back production.,False,dovish,0.004614417906850576,0.9906153678894043,0.004770202562212944,-0.9860009499825537,ecb_stmt_reg_v2.csv
ecb_stmt,ecb_stmt_20220414,2022-04-14,ECB,statement,ecb_statements,6,"How the economy develops will crucially depend on how the conflict evolves, on the impact of current sanctions and on possible further measures.",True,neutral,0.00869894027709961,0.014869824051856995,0.9764311909675598,-0.006170883774757385,ecb_stmt_reg_v2.csv
ecb_stmt,ecb_stmt_20220414,2022-04-14,ECB,statement,ecb_statements,7,"At the same time, economic activity is still being supported by the reopening of the economy after the crisis phase of the pandemic.",False,neutral,0.03177087381482124,0.26368647813796997,0.7045426964759827,-0.23191560432314873,ecb_stmt_reg_v2.csv
ecb_stmt,ecb_stmt_20220414,2022-04-14,ECB,statement,ecb_statements,8,"Inflation has increased significantly and will remain high over the coming months, mainly because of the sharp rise in energy costs.",True,hawkish,0.9867298007011414,0.006984635256230831,0.006285491399466991,0.9797451654449105,ecb_stmt_reg_v2.csv
ecb_stmt,ecb_stmt_20220414,2022-04-14,ECB,statement,ecb_statements,9,Inflation pressures have intensified across many sectors.,False,hawkish,0.9947594404220581,0.0029511312022805214,0.0022893829736858606,0.9918083092197776,ecb_stmt_reg_v2.csv
ecb_stmt,ecb_stmt_20220414,2022-04-14,ECB,statement,ecb_statements,10,At today’s meeting the Governing Council judged that the incoming data since its last meeting reinforce its expectation that net asset purchases under its asset purchase programme should be concluded in the third quarter.,False,neutral,0.006972813047468662,0.015155838802456856,0.977871298789978,-0.008183025754988194,ecb_stmt_reg_v2.csv
ecb_stmt,ecb_stmt_20220414,2022-04-14,ECB,statement,ecb_statements,11,"Looking ahead, the ECB’s monetary policy will depend on the incoming data and the Governing Council’s evolving assessment of the outlook.",True,neutral,0.001159426523372531,0.0028031340334564447,0.9960374236106873,-0.0016437075100839138,ecb_stmt_reg_v2.csv
ecb_stmt,ecb_stmt_20220414,2022-04-14,ECB,statement,ecb_statements,12,"In the current conditions of high uncertainty, the Governing Council will maintain optionality, gradualism and flexibility in the conduct of monetary policy.",True,dovish,0.001347746467217803,0.7273803949356079,0.27127185463905334,-0.7260326484683901,ecb_stmt_reg_v2.csv
ecb_stmt,ecb_stmt_20220414,2022-04-14,ECB,statement,ecb_statements,13,The Governing Council will take whatever action is needed to fulfil the ECB’s mandate to pursue price stability and to contribute to safeguarding financial stability.,True,dovish,0.013673991896212101,0.9300349950790405,0.05629100650548935,-0.9163610031828284,ecb_stmt_reg_v2.csv
ecb_stmt,ecb_stmt_20220414,2022-04-14,ECB,statement,ecb_statements,14,"Monthly net purchases under the APP will amount to €40 billion in April, €30 billion in May and €20 billion in June.",True,neutral,0.0013820186723023653,0.004684449639171362,0.9939334988594055,-0.0033024309668689966,ecb_stmt_reg_v2.csv
ecb_stmt,ecb_stmt_20220414,2022-04-14,ECB,statement,ecb_statements,15,At today’s meeting the Governing Council judged that the incoming data since its last meeting reinforce its expectation that net asset purchases under the APP should be concluded in the third quarter.,False,neutral,0.009154988452792168,0.021705813705921173,0.9691392183303833,-0.012550825253129005,ecb_stmt_reg_v2.csv
ecb_stmt,ecb_stmt_20220414,2022-04-14,ECB,statement,ecb_statements,16,The calibration of net purchases for the third quarter will be data-dependent and reflect the Governing Council’s evolving assessment of the outlook.,True,neutral,0.0007680076523683965,0.002967164618894458,0.9962648153305054,-0.0021991569665260613,ecb_stmt_reg_v2.csv
ecb_stmt,ecb_stmt_20220414,2022-04-14,ECB,statement,ecb_statements,17,"The Governing Council also intends to continue reinvesting, in full, the principal payments from maturing securities purchased under the APP for an extended period of time past the date when it starts raising the key ECB interest rates and, in any case, for as long as necessary to maintain favourable liquidity conditions and an ample degree of monetary accommodation.",True,dovish,0.010638554580509663,0.978449285030365,0.010912133380770683,-0.9678107304498553,ecb_stmt_reg_v2.csv
ecb_stmt,ecb_stmt_20220414,2022-04-14,ECB,statement,ecb_statements,18,"The interest rate on the main refinancing operations and the interest rates on the marginal lending facility and the deposit facility will remain unchanged at 0.00%, 0.25% and -0.50% respectively.",True,neutral,0.0009599261684343219,0.09686893224716187,0.9021711349487305,-0.09590900607872754,ecb_stmt_reg_v2.csv
ecb_stmt,ecb_stmt_20220414,2022-04-14,ECB,statement,ecb_statements,19,Any adjustments to the key ECB interest rates will take place some time after the end of the Governing Council’s net purchases under the APP and will be gradual.,True,neutral,0.0007217138190753758,0.010441085323691368,0.9888371825218201,-0.009719371504615992,ecb_stmt_reg_v2.csv
ecb_stmt,ecb_stmt_20220414,2022-04-14,ECB,statement,ecb_statements,20,The path for the key ECB interest rates will continue to be determined by the Governing Council’s forward guidance and by its strategic commitment to stabilise inflation at 2% over the medium term.,True,neutral,0.006579776294529438,0.01307267602533102,0.9803475141525269,-0.006492899730801582,ecb_stmt_reg_v2.csv
ecb_stmt,ecb_stmt_20220414,2022-04-14,ECB,statement,ecb_statements,21,"Accordingly, the Governing Council expects the key ECB interest rates to remain at their present levels until it sees inflation reaching 2% well ahead of the end of its projection horizon and durably for the rest of the projection horizon, and it judges that realised progress in underlying inflation is sufficiently advanced to be consistent with inflation stabilising at 2% over the medium term.",True,neutral,0.008537594228982925,0.39176061749458313,0.5997017621994019,-0.3832230232656002,ecb_stmt_reg_v2.csv
ecb_stmt,ecb_stmt_20220414,2022-04-14,ECB,statement,ecb_statements,22,Pandemic emergency purchase programme (PEPP) The Governing Council intends to reinvest the principal payments from maturing securities purchased under the PEPP until at least the end of 2024.,True,neutral,0.015582479536533356,0.0743398442864418,0.910077691078186,-0.05875736474990845,ecb_stmt_reg_v2.csv
ecb_stmt,ecb_stmt_20220414,2022-04-14,ECB,statement,ecb_statements,23,"In any case, the future roll-off of the PEPP portfolio will be managed to avoid interference with the appropriate monetary policy stance.",True,neutral,0.001287967897951603,0.008818870410323143,0.9898931980133057,-0.00753090251237154,ecb_stmt_reg_v2.csv
ecb_stmt,ecb_stmt_20220414,2022-04-14,ECB,statement,ecb_statements,24,"In the event of renewed market fragmentation related to the pandemic, PEPP reinvestments can be adjusted flexibly across time, asset classes and jurisdictions at any time.",False,neutral,0.0014087337767705321,0.010845030657947063,0.9877462387084961,-0.009436296881176531,ecb_stmt_reg_v2.csv
ecb_stmt,ecb_stmt_20220414,2022-04-14,ECB,statement,ecb_statements,25,"This could include purchasing bonds issued by the Hellenic Republic over and above rollovers of redemptions in order to avoid an interruption of purchases in that jurisdiction, which could impair the transmission of monetary policy to the Greek economy while it is still recovering from the fallout from the pandemic.",False,neutral,0.010422508232295513,0.010181070305407047,0.979396402835846,0.00024143792688846588,ecb_stmt_reg_v2.csv
ecb_stmt,ecb_stmt_20220414,2022-04-14,ECB,statement,ecb_statements,26,"Net purchases under the PEPP could also be resumed, if necessary, to counter negative shocks related to the pandemic.",False,hawkish,0.5166058540344238,0.3221806287765503,0.1612134873867035,0.19442522525787354,ecb_stmt_reg_v2.csv
ecb_stmt,ecb_stmt_20220414,2022-04-14,ECB,statement,ecb_statements,27,The Governing Council will continue to monitor bank funding conditions and ensure that the maturing of operations under the third series of targeted longer-term refinancing operations (TLTRO III) does not hamper the smooth transmission of its monetary policy.,True,neutral,0.0010225441073998809,0.003569029737263918,0.9954083561897278,-0.002546485629864037,ecb_stmt_reg_v2.csv
ecb_stmt,ecb_stmt_20220414,2022-04-14,ECB,statement,ecb_statements,28,The Governing Council will also regularly assess how targeted lending operations are contributing to its monetary policy stance.,True,neutral,0.001030484214425087,0.0016923574730753899,0.9972771406173706,-0.0006618732586503029,ecb_stmt_reg_v2.csv
ecb_stmt,ecb_stmt_20220414,2022-04-14,ECB,statement,ecb_statements,29,"As announced, it expects the special conditions applicable under TLTRO III to end in June this year.",True,neutral,0.0009025274193845689,0.0015932933893054724,0.9975041747093201,-0.0006907659699209034,ecb_stmt_reg_v2.csv
ecb_stmt,ecb_stmt_20220414,2022-04-14,ECB,statement,ecb_statements,30,The Governing Council will also assess the appropriate calibration of its two-tier system for reserve remuneration so that the negative interest rate policy does not limit banks’ intermediation capacity in an environment of ample excess liquidity.,True,dovish,0.01364780031144619,0.5738384127616882,0.412513792514801,-0.560190612450242,ecb_stmt_reg_v2.csv
ecb_stmt,ecb_stmt_20220414,2022-04-14,ECB,statement,ecb_statements,31,"The Governing Council stands ready to adjust all of its instruments within its mandate, incorporating flexibility if warranted, to ensure that inflation stabilises at its 2% target over the medium term.",True,dovish,0.10600776225328445,0.797187864780426,0.09680435061454773,-0.6911801025271416,ecb_stmt_reg_v2.csv
ecb_stmt,ecb_stmt_20220414,2022-04-14,ECB,statement,ecb_statements,32,"The pandemic has shown that, under stressed conditions, flexibility in the design and conduct of asset purchases has helped to counter the impaired transmission of monetary policy and made the Governing Council’s efforts to achieve its goal more effective.",False,dovish,0.010817389003932476,0.9671164155006409,0.022066164761781693,-0.9562990264967084,ecb_stmt_reg_v2.csv
ecb_stmt,ecb_stmt_20220414,2022-04-14,ECB,statement,ecb_statements,33,"Within the Governing Council’s mandate, under stressed conditions, flexibility will remain an element of monetary policy whenever threats to monetary policy transmission jeopardise the attainment of price stability.",True,neutral,0.023775411769747734,0.32154712080955505,0.6546774506568909,-0.2977717090398073,ecb_stmt_reg_v2.csv
ecb_stmt,ecb_stmt_20220414,2022-04-14,ECB,statement,ecb_statements,34,The President of the ECB will comment on the considerations underlying these decisions at a press conference starting at 14:30 CET today.,True,neutral,0.0007153104525059462,0.001840935554355383,0.9974437355995178,-0.0011256251018494368,ecb_stmt_reg_v2.csv
ecb_stmt,ecb_stmt_20220414,2022-04-14,ECB,statement,ecb_statements,35,Disclaimer Please note that related topic tags are currently available for selected content only.,False,neutral,0.007912392728030682,0.016652677208185196,0.9754348993301392,-0.008740284480154514,ecb_stmt_reg_v2.csv
ecb_stmt,ecb_stmt_20220414,2022-04-14,ECB,statement,ecb_statements,36,Directorate General Communications Reproduction is permitted provided that the source is acknowledged.,False,neutral,0.047414593398571014,0.06088154762983322,0.8917038440704346,-0.013466954231262207,ecb_stmt_reg_v2.csv
ecb_stmt,ecb_stmt_20220609,2022-06-09,ECB,statement,ecb_statements,1,High inflation is a major challenge for all of us.,False,dovish,0.03948380425572395,0.9547384977340698,0.005777757614850998,-0.9152546934783459,ecb_stmt_reg_v2.csv
ecb_stmt,ecb_stmt_20220609,2022-06-09,ECB,statement,ecb_statements,2,The Governing Council will make sure that inflation returns to its 2% target over the medium term.,True,hawkish,0.9906304478645325,0.006319588050246239,0.00304999016225338,0.9843108598142862,ecb_stmt_reg_v2.csv
ecb_stmt,ecb_stmt_20220609,2022-06-09,ECB,statement,ecb_statements,3,"In May inflation again rose significantly, mainly because of surging energy and food prices, including due to the impact of the war.",False,hawkish,0.5870192050933838,0.2855320870876312,0.1274486929178238,0.30148711800575256,ecb_stmt_reg_v2.csv
ecb_stmt,ecb_stmt_20220609,2022-06-09,ECB,statement,ecb_statements,4,"But inflation pressures have broadened and intensified, with prices for many goods and services increasing strongly.",False,hawkish,0.6349672675132751,0.2428966462612152,0.12213610857725143,0.39207062125205994,ecb_stmt_reg_v2.csv
ecb_stmt,ecb_stmt_20220609,2022-06-09,ECB,statement,ecb_statements,5,Eurosystem staff have revised their baseline inflation projections up significantly.,True,hawkish,0.9990639686584473,0.000658757402561605,0.0002773058076854795,0.9984052112558857,ecb_stmt_reg_v2.csv
ecb_stmt,ecb_stmt_20220609,2022-06-09,ECB,statement,ecb_statements,6,These projections indicate that inflation will remain undesirably elevated for some time.,True,dovish,0.11576297879219055,0.7899383306503296,0.09429862350225449,-0.674175351858139,ecb_stmt_reg_v2.csv
ecb_stmt,ecb_stmt_20220609,2022-06-09,ECB,statement,ecb_statements,7,"However, moderating energy costs, the easing of supply disruptions related to the pandemic and the normalisation of monetary policy are expected to lead to a decline in inflation.",True,dovish,0.0028509299736469984,0.9866594672203064,0.010489550419151783,-0.9838085372466594,ecb_stmt_reg_v2.csv
ecb_stmt,ecb_stmt_20220609,2022-06-09,ECB,statement,ecb_statements,8,"The new staff projections foresee annual inflation at 6.8% in 2022, before it is projected to decline to 3.5% in 2023 and 2.1% in 2024 – higher than in the March projections.",True,dovish,0.020078035071492195,0.7600738406181335,0.2198481261730194,-0.7399958055466413,ecb_stmt_reg_v2.csv
ecb_stmt,ecb_stmt_20220609,2022-06-09,ECB,statement,ecb_statements,9,This means that headline inflation at the end of the projection horizon is projected to be slightly above the Governing Council’s target.,True,hawkish,0.7542201280593872,0.060950327664613724,0.18482959270477295,0.6932698003947735,ecb_stmt_reg_v2.csv
ecb_stmt,ecb_stmt_20220609,2022-06-09,ECB,statement,ecb_statements,10,"Inflation excluding energy and food is projected to average 3.3% in 2022, 2.8% in 2023 and 2.3% in 2024 – also above the March projections.",True,hawkish,0.5213217735290527,0.018163856118917465,0.4605143368244171,0.5031579174101353,ecb_stmt_reg_v2.csv
ecb_stmt,ecb_stmt_20220609,2022-06-09,ECB,statement,ecb_statements,11,Russia’s unjustified aggression towards Ukraine continues to weigh on the economy in Europe and beyond.,False,dovish,0.040072426199913025,0.9265763759613037,0.03335123136639595,-0.8865039497613907,ecb_stmt_reg_v2.csv
ecb_stmt,ecb_stmt_20220609,2022-06-09,ECB,statement,ecb_statements,12,"It is disrupting trade, is leading to shortages of materials, and is contributing to high energy and commodity prices.",False,dovish,0.3142816424369812,0.4475575387477875,0.23816072940826416,-0.13327589631080627,ecb_stmt_reg_v2.csv
ecb_stmt,ecb_stmt_20220609,2022-06-09,ECB,statement,ecb_statements,13,"These factors will continue to weigh on confidence and dampen growth, especially in the near term.",True,dovish,0.000898713362403214,0.9971762895584106,0.0019250032491981983,-0.9962775761960074,ecb_stmt_reg_v2.csv
ecb_stmt,ecb_stmt_20220609,2022-06-09,ECB,statement,ecb_statements,14,"However, the conditions are in place for the economy to continue to grow on account of the ongoing reopening of the economy, a strong labour market, fiscal support and savings built up during the pandemic.",False,hawkish,0.5810559391975403,0.3409186601638794,0.07802540063858032,0.2401372790336609,ecb_stmt_reg_v2.csv
ecb_stmt,ecb_stmt_20220609,2022-06-09,ECB,statement,ecb_statements,15,"Once current headwinds abate, economic activity is expected to pick up again.",True,dovish,0.02607889473438263,0.9148348569869995,0.059086207300424576,-0.8887559622526169,ecb_stmt_reg_v2.csv
ecb_stmt,ecb_stmt_20220609,2022-06-09,ECB,statement,ecb_statements,16,"This outlook is broadly reflected in the Eurosystem staff projections, which foresee annual real GDP growth at 2.8% in 2022, 2.1% in 2023 and 2.1% in 2024.",True,neutral,0.0033963099122047424,0.0058454186655581,0.9907582998275757,-0.0024491087533533573,ecb_stmt_reg_v2.csv
ecb_stmt,ecb_stmt_20220609,2022-06-09,ECB,statement,ecb_statements,17,"Compared with the March projections, the outlook has been revised down significantly for 2022 and 2023, while for 2024 it has been revised up.",True,dovish,0.004377448931336403,0.9925665855407715,0.0030559515580534935,-0.9881891366094351,ecb_stmt_reg_v2.csv
ecb_stmt,ecb_stmt_20220609,2022-06-09,ECB,statement,ecb_statements,18,"On the basis of its updated assessment, the Governing Council decided to take further steps in normalising its monetary policy.",True,dovish,0.006081485189497471,0.7967117428779602,0.1972067803144455,-0.7906302576884627,ecb_stmt_reg_v2.csv
ecb_stmt,ecb_stmt_20220609,2022-06-09,ECB,statement,ecb_statements,19,"Throughout this process, the Governing Council will maintain optionality, data-dependence, gradualism and flexibility in the conduct of monetary policy.",True,neutral,0.0009268784197047353,0.18710771203041077,0.8119653463363647,-0.18618083361070603,ecb_stmt_reg_v2.csv
ecb_stmt,ecb_stmt_20220609,2022-06-09,ECB,statement,ecb_statements,20,Asset purchase programme (APP) and pandemic emergency purchase programme (PEPP) The Governing Council decided to end net asset purchases under its asset purchase programme (APP) as of 1 July 2022.,False,neutral,0.0020722663030028343,0.08511259406805038,0.9128152132034302,-0.08304032776504755,ecb_stmt_reg_v2.csv
ecb_stmt,ecb_stmt_20220609,2022-06-09,ECB,statement,ecb_statements,21,"The Governing Council intends to continue reinvesting, in full, the principal payments from maturing securities purchased under the APP for an extended period of time past the date when it starts raising the key ECB interest rates and, in any case, for as long as necessary to maintain ample liquidity conditions and an appropriate monetary policy stance.",True,neutral,0.09556344151496887,0.1773197203874588,0.7271168231964111,-0.08175627887248993,ecb_stmt_reg_v2.csv
ecb_stmt,ecb_stmt_20220609,2022-06-09,ECB,statement,ecb_statements,22,"As concerns the pandemic emergency purchase programme (PEPP), the Governing Council intends to reinvest the principal payments from maturing securities purchased under the programme until at least the end of 2024.",True,neutral,0.016630515456199646,0.029938040301203728,0.9534314274787903,-0.013307524845004082,ecb_stmt_reg_v2.csv
ecb_stmt,ecb_stmt_20220609,2022-06-09,ECB,statement,ecb_statements,23,"In any case, the future roll-off of the PEPP portfolio will be managed to avoid interference with the appropriate monetary policy stance.",True,neutral,0.001287967897951603,0.008818870410323143,0.9898931980133057,-0.00753090251237154,ecb_stmt_reg_v2.csv
ecb_stmt,ecb_stmt_20220609,2022-06-09,ECB,statement,ecb_statements,24,"In the event of renewed market fragmentation related to the pandemic, PEPP reinvestments can be adjusted flexibly across time, asset classes and jurisdictions at any time.",False,neutral,0.0014087337767705321,0.010845030657947063,0.9877462387084961,-0.009436296881176531,ecb_stmt_reg_v2.csv
ecb_stmt,ecb_stmt_20220609,2022-06-09,ECB,statement,ecb_statements,25,"This could include purchasing bonds issued by the Hellenic Republic over and above rollovers of redemptions in order to avoid an interruption of purchases in that jurisdiction, which could impair the transmission of monetary policy to the Greek economy while it is still recovering from the fallout from the pandemic.",False,neutral,0.010422508232295513,0.010181070305407047,0.979396402835846,0.00024143792688846588,ecb_stmt_reg_v2.csv
ecb_stmt,ecb_stmt_20220609,2022-06-09,ECB,statement,ecb_statements,26,"Net purchases under the PEPP could also be resumed, if necessary, to counter negative shocks related to the pandemic.",False,hawkish,0.5166058540344238,0.3221806287765503,0.1612134873867035,0.19442522525787354,ecb_stmt_reg_v2.csv
ecb_stmt,ecb_stmt_20220609,2022-06-09,ECB,statement,ecb_statements,27,"The Governing Council undertook a careful review of the conditions which, according to its forward guidance, should be satisfied before it starts raising the key ECB interest rates.",False,hawkish,0.5761606693267822,0.11873792856931686,0.3051014542579651,0.45742274075746536,ecb_stmt_reg_v2.csv
ecb_stmt,ecb_stmt_20220609,2022-06-09,ECB,statement,ecb_statements,28,"As a result of this assessment, the Governing Council concluded that those conditions have been satisfied.",False,neutral,0.010336636565625668,0.023067595437169075,0.9665957689285278,-0.012730958871543407,ecb_stmt_reg_v2.csv
ecb_stmt,ecb_stmt_20220609,2022-06-09,ECB,statement,ecb_statements,29,"Accordingly, and in line with the Governing Council’s policy sequencing, the Governing Council intends to raise the key ECB interest rates by 25 basis points at its July monetary policy meeting.",True,hawkish,0.9993986487388611,0.000309460680000484,0.000291849224595353,0.9990891880588606,ecb_stmt_reg_v2.csv
ecb_stmt,ecb_stmt_20220609,2022-06-09,ECB,statement,ecb_statements,30,"In the meantime, the Governing Council decided to leave the interest rate on the main refinancing operations and the interest rates on the marginal lending facility and the deposit facility unchanged at 0.00%, 0.25% and -0.50% respectively.",False,neutral,0.0006237374036572874,0.16294357180595398,0.836432695388794,-0.1623198344022967,ecb_stmt_reg_v2.csv
ecb_stmt,ecb_stmt_20220609,2022-06-09,ECB,statement,ecb_statements,31,"Looking further ahead, the Governing Council expects to raise the key ECB interest rates again in September.",True,hawkish,0.9991253614425659,0.00042535190004855394,0.0004492611042223871,0.9987000095425174,ecb_stmt_reg_v2.csv
ecb_stmt,ecb_stmt_20220609,2022-06-09,ECB,statement,ecb_statements,32,The calibration of this rate increase will depend on the updated medium-term inflation outlook.,True,neutral,0.15608569979667664,0.01036052405834198,0.8335537910461426,0.14572517573833466,ecb_stmt_reg_v2.csv
ecb_stmt,ecb_stmt_20220609,2022-06-09,ECB,statement,ecb_statements,33,"If the medium-term inflation outlook persists or deteriorates, a larger increment will be appropriate at the September meeting.",True,hawkish,0.9869123101234436,0.0032408353872597218,0.009846926666796207,0.9836714747361839,ecb_stmt_reg_v2.csv
ecb_stmt,ecb_stmt_20220609,2022-06-09,ECB,statement,ecb_statements,34,"Beyond September, based on its current assessment, the Governing Council anticipates that a gradual but sustained path of further increases in interest rates will be appropriate.",True,hawkish,0.9872092604637146,0.002687555504962802,0.010103185661137104,0.9845217049587518,ecb_stmt_reg_v2.csv
ecb_stmt,ecb_stmt_20220609,2022-06-09,ECB,statement,ecb_statements,35,"In line with the Governing Council’s commitment to its 2% medium-term target, the pace at which the Governing Council adjusts its monetary policy will depend on the incoming data and how it assesses inflation to develop in the medium term.",True,neutral,0.004930364899337292,0.004631648771464825,0.9904379844665527,0.00029871612787246704,ecb_stmt_reg_v2.csv
ecb_stmt,ecb_stmt_20220609,2022-06-09,ECB,statement,ecb_statements,36,The Governing Council will continue to monitor bank funding conditions and ensure that the maturing of operations under the third series of targeted longer-term refinancing operations (TLTRO III) does not hamper the smooth transmission of its monetary policy.,True,neutral,0.0010225441073998809,0.003569029737263918,0.9954083561897278,-0.002546485629864037,ecb_stmt_reg_v2.csv
ecb_stmt,ecb_stmt_20220609,2022-06-09,ECB,statement,ecb_statements,37,The Governing Council will also regularly assess how targeted lending operations are contributing to its monetary policy stance.,True,neutral,0.001030484214425087,0.0016923574730753899,0.9972771406173706,-0.0006618732586503029,ecb_stmt_reg_v2.csv
ecb_stmt,ecb_stmt_20220609,2022-06-09,ECB,statement,ecb_statements,38,"As announced previously, the special conditions applicable under TLTRO III will end on 23 June 2022.",True,neutral,0.000962124380748719,0.0020407994743436575,0.996997058391571,-0.0010786750935949385,ecb_stmt_reg_v2.csv
ecb_stmt,ecb_stmt_20220609,2022-06-09,ECB,statement,ecb_statements,39,"The Governing Council stands ready to adjust all of its instruments, incorporating flexibility if warranted, to ensure that inflation stabilises at its 2% target over the medium term.",True,dovish,0.13074800372123718,0.7865886688232422,0.08266331255435944,-0.655840665102005,ecb_stmt_reg_v2.csv
ecb_stmt,ecb_stmt_20220609,2022-06-09,ECB,statement,ecb_statements,40,"The pandemic has shown that, under stressed conditions, flexibility in the design and conduct of asset purchases has helped to counter the impaired transmission of monetary policy and made the Governing Council’s efforts to achieve its goal more effective.",False,dovish,0.010817389003932476,0.9671164155006409,0.022066164761781693,-0.9562990264967084,ecb_stmt_reg_v2.csv
ecb_stmt,ecb_stmt_20220609,2022-06-09,ECB,statement,ecb_statements,41,"Within the ECB’s mandate, under stressed conditions, flexibility will remain an element of monetary policy whenever threats to monetary policy transmission jeopardise the attainment of price stability.",True,dovish,0.01657543145120144,0.5599895715713501,0.4234349727630615,-0.5434141401201487,ecb_stmt_reg_v2.csv
ecb_stmt,ecb_stmt_20220609,2022-06-09,ECB,statement,ecb_statements,42,The President of the ECB will comment on the considerations underlying these decisions at a press conference starting at 14:30 CET today.,True,neutral,0.0007153104525059462,0.001840935554355383,0.9974437355995178,-0.0011256251018494368,ecb_stmt_reg_v2.csv
ecb_stmt,ecb_stmt_20220609,2022-06-09,ECB,statement,ecb_statements,43,Disclaimer Please note that related topic tags are currently available for selected content only.,False,neutral,0.007912392728030682,0.016652677208185196,0.9754348993301392,-0.008740284480154514,ecb_stmt_reg_v2.csv
ecb_stmt,ecb_stmt_20220609,2022-06-09,ECB,statement,ecb_statements,44,Directorate General Communications Reproduction is permitted provided that the source is acknowledged.,False,neutral,0.047414593398571014,0.06088154762983322,0.8917038440704346,-0.013466954231262207,ecb_stmt_reg_v2.csv
ecb_stmt,ecb_stmt_20220721,2022-07-21,ECB,statement,ecb_statements,1,"Today, in line with the Governing Council’s strong commitment to its price stability mandate, the Governing Council took further key steps to make sure inflation returns to its 2% target over the medium term.",True,dovish,0.23373843729496002,0.7369484901428223,0.029312992468476295,-0.5032100528478622,ecb_stmt_reg_v2.csv
ecb_stmt,ecb_stmt_20220721,2022-07-21,ECB,statement,ecb_statements,2,The Governing Council decided to raise the three key ECB interest rates by 50 basis points and approved the Transmission Protection Instrument (TPI).,False,hawkish,0.9993841052055359,0.0002947089378722012,0.0003211556177120656,0.9990893962676637,ecb_stmt_reg_v2.csv
ecb_stmt,ecb_stmt_20220721,2022-07-21,ECB,statement,ecb_statements,3,The Governing Council judged that it is appropriate to take a larger first step on its policy rate normalisation path than signalled at its previous meeting.,True,dovish,0.0860537514090538,0.7222804427146912,0.19166582822799683,-0.6362266913056374,ecb_stmt_reg_v2.csv
ecb_stmt,ecb_stmt_20220721,2022-07-21,ECB,statement,ecb_statements,4,This decision is based on the Governing Council’s updated assessment of inflation risks and the reinforced support provided by the TPI for the effective transmission of monetary policy.,True,neutral,0.22717183828353882,0.017706802114844322,0.7551213502883911,0.2094650361686945,ecb_stmt_reg_v2.csv
ecb_stmt,ecb_stmt_20220721,2022-07-21,ECB,statement,ecb_statements,5,It will support the return of inflation to the Governing Council’s medium-term target by strengthening the anchoring of inflation expectations and by ensuring that demand conditions adjust to deliver its inflation target in the medium term.,True,hawkish,0.9972221851348877,0.0017493956256657839,0.0010284166783094406,0.9954727895092219,ecb_stmt_reg_v2.csv
ecb_stmt,ecb_stmt_20220721,2022-07-21,ECB,statement,ecb_statements,6,"At the Governing Council’s upcoming meetings, further normalisation of interest rates will be appropriate.",True,dovish,0.0035261232405900955,0.9184606075286865,0.07801324874162674,-0.9149344842880964,ecb_stmt_reg_v2.csv
ecb_stmt,ecb_stmt_20220721,2022-07-21,ECB,statement,ecb_statements,7,The frontloading today of the exit from negative interest rates allows the Governing Council to make a transition to a meeting-by-meeting approach to interest rate decisions.,False,hawkish,0.6069800853729248,0.37212812900543213,0.020891770720481873,0.23485195636749268,ecb_stmt_reg_v2.csv
ecb_stmt,ecb_stmt_20220721,2022-07-21,ECB,statement,ecb_statements,8,The Governing Council’s future policy rate path will continue to be data-dependent and will help to deliver on its 2% inflation target over the medium term.,True,neutral,0.03319447487592697,0.019192736595869064,0.9476128220558167,0.014001738280057907,ecb_stmt_reg_v2.csv
ecb_stmt,ecb_stmt_20220721,2022-07-21,ECB,statement,ecb_statements,9,"In the context of its policy normalisation, the Governing Council will evaluate options for remunerating excess liquidity holdings.",True,neutral,0.0009840865386649966,0.008702809922397137,0.9903131127357483,-0.00771872338373214,ecb_stmt_reg_v2.csv
ecb_stmt,ecb_stmt_20220721,2022-07-21,ECB,statement,ecb_statements,10,The Governing Council assessed that the establishment of the TPI is necessary to support the effective transmission of monetary policy.,False,neutral,0.028131738305091858,0.022826313972473145,0.9490419030189514,0.005305424332618713,ecb_stmt_reg_v2.csv
ecb_stmt,ecb_stmt_20220721,2022-07-21,ECB,statement,ecb_statements,11,"In particular, as the Governing Council continues normalising monetary policy, the TPI will ensure that the monetary policy stance is transmitted smoothly across all euro area countries.",True,neutral,0.025848539546132088,0.1840384602546692,0.7901130318641663,-0.1581899207085371,ecb_stmt_reg_v2.csv
ecb_stmt,ecb_stmt_20220721,2022-07-21,ECB,statement,ecb_statements,12,The singleness of the Governing Council’s monetary policy is a precondition for the ECB to be able to deliver on its price stability mandate.,False,neutral,0.0875808447599411,0.12290719151496887,0.7895119190216064,-0.03532634675502777,ecb_stmt_reg_v2.csv
ecb_stmt,ecb_stmt_20220721,2022-07-21,ECB,statement,ecb_statements,13,"The TPI will be an addition to the Governing Council’s toolkit and can be activated to counter unwarranted, disorderly market dynamics that pose a serious threat to the transmission of monetary policy across the euro area.",True,hawkish,0.7237786054611206,0.14632828533649445,0.12989312410354614,0.5774503201246262,ecb_stmt_reg_v2.csv
ecb_stmt,ecb_stmt_20220721,2022-07-21,ECB,statement,ecb_statements,14,The scale of TPI purchases depends on the severity of the risks facing policy transmission.,True,neutral,0.014429716393351555,0.030607430264353752,0.9549628496170044,-0.016177713871002197,ecb_stmt_reg_v2.csv
ecb_stmt,ecb_stmt_20220721,2022-07-21,ECB,statement,ecb_statements,15,Purchases are not restricted ex ante.,False,neutral,0.007218807004392147,0.0028967915568500757,0.9898843765258789,0.004322015447542071,ecb_stmt_reg_v2.csv
ecb_stmt,ecb_stmt_20220721,2022-07-21,ECB,statement,ecb_statements,16,"By safeguarding the transmission mechanism, the TPI will allow the Governing Council to more effectively deliver on its price stability mandate.",True,dovish,0.21109028160572052,0.5103508830070496,0.2785589098930359,-0.29926060140132904,ecb_stmt_reg_v2.csv
ecb_stmt,ecb_stmt_20220721,2022-07-21,ECB,statement,ecb_statements,17,"In any event, the flexibility in reinvestments of redemptions coming due in the pandemic emergency purchase programme (PEPP) portfolio remains the first line of defence to counter risks to the transmission mechanism related to the pandemic.",True,neutral,0.01652439869940281,0.05535806715488434,0.9281175136566162,-0.03883366845548153,ecb_stmt_reg_v2.csv
ecb_stmt,ecb_stmt_20220721,2022-07-21,ECB,statement,ecb_statements,18,The details of the TPI are described in a separate press release to be published at 15:45 CET.,False,neutral,0.0009976107394322753,0.0028923258651047945,0.9961101412773132,-0.0018947151256725192,ecb_stmt_reg_v2.csv
ecb_stmt,ecb_stmt_20220721,2022-07-21,ECB,statement,ecb_statements,19,The Governing Council decided to raise the three key ECB interest rates by 50 basis points.,False,hawkish,0.9993334412574768,0.00033458491088822484,0.00033198113669641316,0.9989988563465886,ecb_stmt_reg_v2.csv
ecb_stmt,ecb_stmt_20220721,2022-07-21,ECB,statement,ecb_statements,20,"Accordingly, the interest rate on the main refinancing operations and the interest rates on the marginal lending facility and the deposit facility will be increased to 0.50%, 0.75% and 0.00% respectively, with effect from 27 July 2022.",True,hawkish,0.9983869194984436,0.0008772452711127698,0.0007358346483670175,0.9975096742273308,ecb_stmt_reg_v2.csv
ecb_stmt,ecb_stmt_20220721,2022-07-21,ECB,statement,ecb_statements,21,"At the Governing Council’s upcoming meetings, further normalisation of interest rates will be appropriate.",True,dovish,0.0035261232405900955,0.9184606075286865,0.07801324874162674,-0.9149344842880964,ecb_stmt_reg_v2.csv
ecb_stmt,ecb_stmt_20220721,2022-07-21,ECB,statement,ecb_statements,22,The frontloading today of the exit from negative interest rates allows the Governing Council to make a transition to a meeting-by-meeting approach to interest rate decisions.,False,hawkish,0.6069800853729248,0.37212812900543213,0.020891770720481873,0.23485195636749268,ecb_stmt_reg_v2.csv
ecb_stmt,ecb_stmt_20220721,2022-07-21,ECB,statement,ecb_statements,23,The Governing Council’s future policy rate path will continue to be data-dependent and will help to deliver on its 2% inflation target over the medium term.,True,neutral,0.03319447487592697,0.019192736595869064,0.9476128220558167,0.014001738280057907,ecb_stmt_reg_v2.csv
ecb_stmt,ecb_stmt_20220721,2022-07-21,ECB,statement,ecb_statements,24,"Asset purchase programme (APP) and pandemic emergency purchase programme (PEPP) The Governing Council intends to continue reinvesting, in full, the principal payments from maturing securities purchased under the APP for an extended period of time past the date when it starts raising the key ECB interest rates and, in any case, for as long as necessary to maintain ample liquidity conditions and an appropriate monetary policy stance.",True,neutral,0.10342305153608322,0.3897431492805481,0.5068338513374329,-0.2863200977444649,ecb_stmt_reg_v2.csv
ecb_stmt,ecb_stmt_20220721,2022-07-21,ECB,statement,ecb_statements,25,"As concerns the PEPP, the Governing Council intends to reinvest the principal payments from maturing securities purchased under the programme until at least the end of 2024.",True,neutral,0.00514942966401577,0.005846476182341576,0.9890040755271912,-0.0006970465183258057,ecb_stmt_reg_v2.csv
ecb_stmt,ecb_stmt_20220721,2022-07-21,ECB,statement,ecb_statements,26,"In any case, the future roll-off of the PEPP portfolio will be managed to avoid interference with the appropriate monetary policy stance.",True,neutral,0.001287967897951603,0.008818870410323143,0.9898931980133057,-0.00753090251237154,ecb_stmt_reg_v2.csv
ecb_stmt,ecb_stmt_20220721,2022-07-21,ECB,statement,ecb_statements,27,"Redemptions coming due in the PEPP portfolio are being reinvested flexibly, with a view to countering risks to the transmission mechanism related to the pandemic.",True,neutral,0.014980903826653957,0.04450686648488045,0.9405122399330139,-0.02952596265822649,ecb_stmt_reg_v2.csv
ecb_stmt,ecb_stmt_20220721,2022-07-21,ECB,statement,ecb_statements,28,The Governing Council will continue to monitor bank funding conditions and ensure that the maturing of operations under the third series of targeted longer-term refinancing operations (TLTRO III) does not hamper the smooth transmission of its monetary policy.,True,neutral,0.0010225441073998809,0.003569029737263918,0.9954083561897278,-0.002546485629864037,ecb_stmt_reg_v2.csv
ecb_stmt,ecb_stmt_20220721,2022-07-21,ECB,statement,ecb_statements,29,The Governing Council will also regularly assess how targeted lending operations are contributing to its monetary policy stance.,True,neutral,0.001030484214425087,0.0016923574730753899,0.9972771406173706,-0.0006618732586503029,ecb_stmt_reg_v2.csv
ecb_stmt,ecb_stmt_20220721,2022-07-21,ECB,statement,ecb_statements,30,The Governing Council stands ready to adjust all of its instruments within its mandate to ensure that inflation stabilises at its 2% target over the medium term.,True,dovish,0.11982746422290802,0.838700532913208,0.041471969336271286,-0.7188730686903,ecb_stmt_reg_v2.csv
ecb_stmt,ecb_stmt_20220721,2022-07-21,ECB,statement,ecb_statements,31,The Governing Council’s new TPI will safeguard the smooth transmission of its monetary policy stance throughout the euro area.,True,neutral,0.009685654193162918,0.019565559923648834,0.970748782157898,-0.009879905730485916,ecb_stmt_reg_v2.csv
ecb_stmt,ecb_stmt_20220721,2022-07-21,ECB,statement,ecb_statements,32,The President of the ECB will comment on the considerations underlying these decisions at a press conference starting at 14:45 CET today.,True,neutral,0.0006565111107192934,0.0017398408381268382,0.9976036548614502,-0.0010833297274075449,ecb_stmt_reg_v2.csv
ecb_stmt,ecb_stmt_20220721,2022-07-21,ECB,statement,ecb_statements,33,Disclaimer Please note that related topic tags are currently available for selected content only.,False,neutral,0.007912392728030682,0.016652677208185196,0.9754348993301392,-0.008740284480154514,ecb_stmt_reg_v2.csv
ecb_stmt,ecb_stmt_20220721,2022-07-21,ECB,statement,ecb_statements,34,Directorate General Communications Reproduction is permitted provided that the source is acknowledged.,False,neutral,0.047414593398571014,0.06088154762983322,0.8917038440704346,-0.013466954231262207,ecb_stmt_reg_v2.csv
ecb_stmt,ecb_stmt_20220908,2022-09-08,ECB,statement,ecb_statements,1,The Governing Council today decided to raise the three key ECB interest rates by 75 basis points.,False,hawkish,0.9993754029273987,0.00032876868499442935,0.0002958598197437823,0.9990466342424043,ecb_stmt_reg_v2.csv
ecb_stmt,ecb_stmt_20220908,2022-09-08,ECB,statement,ecb_statements,2,This major step frontloads the transition from the prevailing highly accommodative level of policy rates towards levels that will ensure the timely return of inflation to the ECB’s 2% medium-term target.,True,hawkish,0.9944149851799011,0.0043813190422952175,0.0012036488624289632,0.9900336661376059,ecb_stmt_reg_v2.csv
ecb_stmt,ecb_stmt_20220908,2022-09-08,ECB,statement,ecb_statements,3,"Based on its current assessment, over the next several meetings the Governing Council expects to raise interest rates further to dampen demand and guard against the risk of a persistent upward shift in inflation expectations.",True,hawkish,0.9985383749008179,0.0011992341605946422,0.00026240976876579225,0.9973391407402232,ecb_stmt_reg_v2.csv
ecb_stmt,ecb_stmt_20220908,2022-09-08,ECB,statement,ecb_statements,4,The Governing Council will regularly re-evaluate its policy path in light of incoming information and the evolving inflation outlook.,True,neutral,0.0011954793008044362,0.007273308467119932,0.9915311932563782,-0.006077829166315496,ecb_stmt_reg_v2.csv
ecb_stmt,ecb_stmt_20220908,2022-09-08,ECB,statement,ecb_statements,5,The Governing Council’s future policy rate decisions will continue to be data-dependent and follow a meeting-by-meeting approach.,True,neutral,0.0007951689185574651,0.0013928419211879373,0.997812032699585,-0.0005976730026304722,ecb_stmt_reg_v2.csv
ecb_stmt,ecb_stmt_20220908,2022-09-08,ECB,statement,ecb_statements,6,"The Governing Council took today’s decision, and expects to raise interest rates further, because inflation remains far too high and is likely to stay above target for an extended period.",True,hawkish,0.9993034601211548,0.000374706054572016,0.0003217575140297413,0.9989287540665828,ecb_stmt_reg_v2.csv
ecb_stmt,ecb_stmt_20220908,2022-09-08,ECB,statement,ecb_statements,7,"According to Eurostat’s flash estimate, inflation reached 9.1% in August.",False,neutral,0.05002439767122269,0.047547515481710434,0.9024280905723572,0.002476882189512253,ecb_stmt_reg_v2.csv
ecb_stmt,ecb_stmt_20220908,2022-09-08,ECB,statement,ecb_statements,8,"Soaring energy and food prices, demand pressures in some sectors owing to the reopening of the economy, and supply bottlenecks are still driving up inflation.",False,hawkish,0.6284123659133911,0.3035837411880493,0.068003810942173,0.3248286247253418,ecb_stmt_reg_v2.csv
ecb_stmt,ecb_stmt_20220908,2022-09-08,ECB,statement,ecb_statements,9,Price pressures have continued to strengthen and broaden across the economy and inflation may rise further in the near term.,True,hawkish,0.9765907526016235,0.013574443757534027,0.00983476173132658,0.9630163088440895,ecb_stmt_reg_v2.csv
ecb_stmt,ecb_stmt_20220908,2022-09-08,ECB,statement,ecb_statements,10,"As the current drivers of inflation fade over time and the normalisation of monetary policy works its way through to the economy and price-setting, inflation will come down.",True,dovish,0.02482191100716591,0.9306681156158447,0.044509876519441605,-0.9058462046086788,ecb_stmt_reg_v2.csv
ecb_stmt,ecb_stmt_20220908,2022-09-08,ECB,statement,ecb_statements,11,"Looking ahead, ECB staff have significantly revised up their inflation projections and inflation is now expected to average 8.1% in 2022, 5.5% in 2023 and 2.3% in 2024.",True,hawkish,0.9973130822181702,0.001525989267975092,0.0011609114008024335,0.9957870929501951,ecb_stmt_reg_v2.csv
ecb_stmt,ecb_stmt_20220908,2022-09-08,ECB,statement,ecb_statements,12,"After a rebound in the first half of 2022, recent data point to a substantial slowdown in euro area economic growth, with the economy expected to stagnate later in the year and in the first quarter of 2023.",True,dovish,0.0010508415289223194,0.9914819002151489,0.007467265240848064,-0.9904310586862266,ecb_stmt_reg_v2.csv
ecb_stmt,ecb_stmt_20220908,2022-09-08,ECB,statement,ecb_statements,13,"Very high energy prices are reducing the purchasing power of people’s incomes and, although supply bottlenecks are easing, they are still constraining economic activity.",False,dovish,0.026626110076904297,0.9030863046646118,0.07028760761022568,-0.8764601945877075,ecb_stmt_reg_v2.csv
ecb_stmt,ecb_stmt_20220908,2022-09-08,ECB,statement,ecb_statements,14,"In addition, the adverse geopolitical situation, especially Russia’s unjustified aggression towards Ukraine, is weighing on the confidence of businesses and consumers.",False,dovish,0.006665475200861692,0.9892441034317017,0.004090470261871815,-0.98257862823084,ecb_stmt_reg_v2.csv
ecb_stmt,ecb_stmt_20220908,2022-09-08,ECB,statement,ecb_statements,15,"This outlook is reflected in the latest staff projections for economic growth, which have been revised down markedly for the remainder of the current year and throughout 2023.",True,dovish,0.0004475140885915607,0.9991353154182434,0.0004171289911027998,-0.9986878013296518,ecb_stmt_reg_v2.csv
ecb_stmt,ecb_stmt_20220908,2022-09-08,ECB,statement,ecb_statements,16,"Staff now expect the economy to grow by 3.1% in 2022, 0.9% in 2023 and 1.9% in 2024.",True,hawkish,0.9373953938484192,0.031332869082689285,0.03127172961831093,0.9060625247657299,ecb_stmt_reg_v2.csv
ecb_stmt,ecb_stmt_20220908,2022-09-08,ECB,statement,ecb_statements,17,The lasting vulnerabilities caused by the pandemic still pose a risk to the smooth transmission of monetary policy.,True,dovish,0.10907577723264694,0.5523120164871216,0.3386121690273285,-0.44323623925447464,ecb_stmt_reg_v2.csv
ecb_stmt,ecb_stmt_20220908,2022-09-08,ECB,statement,ecb_statements,18,"The Governing Council will therefore continue applying flexibility in reinvesting redemptions coming due in the pandemic emergency purchase programme portfolio, with a view to countering risks to the transmission mechanism related to the pandemic.",True,neutral,0.010679318569600582,0.09850534796714783,0.8908153176307678,-0.08782602939754725,ecb_stmt_reg_v2.csv
ecb_stmt,ecb_stmt_20220908,2022-09-08,ECB,statement,ecb_statements,19,The Governing Council decided to raise the three key ECB interest rates by 75 basis points.,False,hawkish,0.9993314743041992,0.0003319804382044822,0.0003365504089742899,0.9989994938659947,ecb_stmt_reg_v2.csv
ecb_stmt,ecb_stmt_20220908,2022-09-08,ECB,statement,ecb_statements,20,"Accordingly, the interest rate on the main refinancing operations and the interest rates on the marginal lending facility and the deposit facility will be increased to 1.25%, 1.50% and 0.75% respectively, with effect from 14 September 2022.",True,hawkish,0.998894989490509,0.0005589855718426406,0.0005460366955958307,0.9983360039186664,ecb_stmt_reg_v2.csv
ecb_stmt,ecb_stmt_20220908,2022-09-08,ECB,statement,ecb_statements,21,"Following the raising of the deposit facility rate to above zero, the two-tier system for the remuneration of excess reserves is no longer necessary.",False,hawkish,0.9390590190887451,0.014957754872739315,0.04598323628306389,0.9241012642160058,ecb_stmt_reg_v2.csv
ecb_stmt,ecb_stmt_20220908,2022-09-08,ECB,statement,ecb_statements,22,The Governing Council therefore decided today to suspend the two-tier system by setting the multiplier to zero.,False,dovish,0.008289973251521587,0.7498921155929565,0.2418178915977478,-0.741602142341435,ecb_stmt_reg_v2.csv
ecb_stmt,ecb_stmt_20220908,2022-09-08,ECB,statement,ecb_statements,23,"Asset purchase programme (APP) and pandemic emergency purchase programme (PEPP) The Governing Council intends to continue reinvesting, in full, the principal payments from maturing securities purchased under the APP for an extended period of time past the date when it started raising the key ECB interest rates and, in any case, for as long as necessary to maintain ample liquidity conditions and an appropriate monetary policy stance.",True,neutral,0.2919982671737671,0.12672646343708038,0.5812752842903137,0.1652718037366867,ecb_stmt_reg_v2.csv
ecb_stmt,ecb_stmt_20220908,2022-09-08,ECB,statement,ecb_statements,24,"As concerns the PEPP, the Governing Council intends to reinvest the principal payments from maturing securities purchased under the programme until at least the end of 2024.",True,neutral,0.00514942966401577,0.005846476182341576,0.9890040755271912,-0.0006970465183258057,ecb_stmt_reg_v2.csv
ecb_stmt,ecb_stmt_20220908,2022-09-08,ECB,statement,ecb_statements,25,"In any case, the future roll-off of the PEPP portfolio will be managed to avoid interference with the appropriate monetary policy stance.",True,neutral,0.001287967897951603,0.008818870410323143,0.9898931980133057,-0.00753090251237154,ecb_stmt_reg_v2.csv
ecb_stmt,ecb_stmt_20220908,2022-09-08,ECB,statement,ecb_statements,26,"Redemptions coming due in the PEPP portfolio are being reinvested flexibly, with a view to countering risks to the monetary policy transmission mechanism related to the pandemic.",True,neutral,0.0031261430121958256,0.008896861225366592,0.9879770278930664,-0.005770718213170767,ecb_stmt_reg_v2.csv
ecb_stmt,ecb_stmt_20220908,2022-09-08,ECB,statement,ecb_statements,27,The Governing Council will continue to monitor bank funding conditions and ensure that the maturing of operations under the third series of targeted longer-term refinancing operations (TLTRO III) does not hamper the smooth transmission of its monetary policy.,True,neutral,0.0010225441073998809,0.003569029737263918,0.9954083561897278,-0.002546485629864037,ecb_stmt_reg_v2.csv
ecb_stmt,ecb_stmt_20220908,2022-09-08,ECB,statement,ecb_statements,28,The Governing Council will also regularly assess how targeted lending operations are contributing to its monetary policy stance.,True,neutral,0.001030484214425087,0.0016923574730753899,0.9972771406173706,-0.0006618732586503029,ecb_stmt_reg_v2.csv
ecb_stmt,ecb_stmt_20220908,2022-09-08,ECB,statement,ecb_statements,29,The Governing Council stands ready to adjust all of its instruments within its mandate to ensure that inflation stabilises at its 2% target over the medium term.,True,dovish,0.11982746422290802,0.838700532913208,0.041471969336271286,-0.7188730686903,ecb_stmt_reg_v2.csv
ecb_stmt,ecb_stmt_20220908,2022-09-08,ECB,statement,ecb_statements,30,"The Transmission Protection Instrument is available to counter unwarranted, disorderly market dynamics that pose a serious threat to the transmission of monetary policy across all euro area countries, thus allowing the Governing Council to more effectively deliver on its price stability mandate.",False,neutral,0.18263264000415802,0.32909414172172546,0.4882732629776001,-0.14646150171756744,ecb_stmt_reg_v2.csv
ecb_stmt,ecb_stmt_20220908,2022-09-08,ECB,statement,ecb_statements,31,The President of the ECB will comment on the considerations underlying these decisions at a press conference starting at 14:45 CET today.,True,neutral,0.0006565111107192934,0.0017398408381268382,0.9976036548614502,-0.0010833297274075449,ecb_stmt_reg_v2.csv
ecb_stmt,ecb_stmt_20220908,2022-09-08,ECB,statement,ecb_statements,32,Disclaimer Please note that related topic tags are currently available for selected content only.,False,neutral,0.007912392728030682,0.016652677208185196,0.9754348993301392,-0.008740284480154514,ecb_stmt_reg_v2.csv
ecb_stmt,ecb_stmt_20220908,2022-09-08,ECB,statement,ecb_statements,33,Directorate General Communications Reproduction is permitted provided that the source is acknowledged.,False,neutral,0.047414593398571014,0.06088154762983322,0.8917038440704346,-0.013466954231262207,ecb_stmt_reg_v2.csv
ecb_stmt,ecb_stmt_20221027,2022-10-27,ECB,statement,ecb_statements,1,The Governing Council today decided to raise the three key ECB interest rates by 75 basis points.,False,hawkish,0.9993754029273987,0.00032876868499442935,0.0002958598197437823,0.9990466342424043,ecb_stmt_reg_v2.csv
ecb_stmt,ecb_stmt_20221027,2022-10-27,ECB,statement,ecb_statements,2,"With this third major policy rate increase in a row, the Governing Council has made substantial progress in withdrawing monetary policy accommodation.",False,hawkish,0.9928576350212097,0.004553160630166531,0.0025892506819218397,0.9883044743910432,ecb_stmt_reg_v2.csv
ecb_stmt,ecb_stmt_20221027,2022-10-27,ECB,statement,ecb_statements,3,"The Governing Council took today’s decision, and expects to raise interest rates further, to ensure the timely return of inflation to its 2% medium-term inflation target.",True,hawkish,0.9990719556808472,0.00044140935642644763,0.0004866907838732004,0.9986305463244207,ecb_stmt_reg_v2.csv
ecb_stmt,ecb_stmt_20221027,2022-10-27,ECB,statement,ecb_statements,4,"The Governing Council will base the future policy rate path on the evolving outlook for inflation and the economy, following its meeting-by-meeting approach.",True,neutral,0.01746639423072338,0.005332153756171465,0.9772014617919922,0.012134240474551916,ecb_stmt_reg_v2.csv
ecb_stmt,ecb_stmt_20221027,2022-10-27,ECB,statement,ecb_statements,5,Inflation remains far too high and will stay above the target for an extended period.,True,hawkish,0.9584082365036011,0.031186364591121674,0.010405396111309528,0.9272218719124794,ecb_stmt_reg_v2.csv
ecb_stmt,ecb_stmt_20221027,2022-10-27,ECB,statement,ecb_statements,6,"In September, euro area inflation reached 9.9%.",False,neutral,0.45998284220695496,0.07823403924703598,0.46178320050239563,0.381748802959919,ecb_stmt_reg_v2.csv
ecb_stmt,ecb_stmt_20221027,2022-10-27,ECB,statement,ecb_statements,7,"In recent months, soaring energy and food prices, supply bottlenecks and the post-pandemic recovery in demand have led to a broadening of price pressures and an increase in inflation.",False,hawkish,0.4664115011692047,0.4338950514793396,0.0996934026479721,0.03251644968986511,ecb_stmt_reg_v2.csv
ecb_stmt,ecb_stmt_20221027,2022-10-27,ECB,statement,ecb_statements,8,The Governing Council’s monetary policy is aimed at reducing support for demand and guarding against the risk of a persistent upward shift in inflation expectations.,True,dovish,0.0026541126426309347,0.9960970878601074,0.0012488262727856636,-0.9934429752174765,ecb_stmt_reg_v2.csv
ecb_stmt,ecb_stmt_20221027,2022-10-27,ECB,statement,ecb_statements,9,The Governing Council also decided to change the terms and conditions of the third series of targeted longer-term refinancing operations (TLTRO III).,False,neutral,0.4023570716381073,0.18894964456558228,0.40869325399398804,0.21340742707252502,ecb_stmt_reg_v2.csv
ecb_stmt,ecb_stmt_20221027,2022-10-27,ECB,statement,ecb_statements,10,"During the acute phase of the pandemic, this instrument played a key role in countering downside risks to price stability.",True,hawkish,0.48657143115997314,0.4113379716873169,0.10209057480096817,0.07523345947265625,ecb_stmt_reg_v2.csv
ecb_stmt,ecb_stmt_20221027,2022-10-27,ECB,statement,ecb_statements,11,"Today, in view of the unexpected and extraordinary rise in inflation, it needs to be recalibrated to ensure that it is consistent with the broader monetary policy normalisation process and to reinforce the transmission of policy rate increases to bank lending conditions.",False,dovish,0.050447918474674225,0.9412521123886108,0.008299986831843853,-0.8908041939139366,ecb_stmt_reg_v2.csv
ecb_stmt,ecb_stmt_20221027,2022-10-27,ECB,statement,ecb_statements,12,The Governing Council therefore decided to adjust the interest rates applicable to TLTRO III from 23 November 2022 and to offer banks additional voluntary early repayment dates.,False,dovish,0.2047462910413742,0.4950130879878998,0.3002406060695648,-0.2902667969465256,ecb_stmt_reg_v2.csv
ecb_stmt,ecb_stmt_20221027,2022-10-27,ECB,statement,ecb_statements,13,"Finally, in order to align the remuneration of minimum reserves held by credit institutions with the Eurosystem more closely with money market conditions, the Governing Council decided to set the remuneration of minimum reserves at the ECB’s deposit facility rate.",False,neutral,0.0629035085439682,0.024062735959887505,0.9130337238311768,0.038840772584080696,ecb_stmt_reg_v2.csv
ecb_stmt,ecb_stmt_20221027,2022-10-27,ECB,statement,ecb_statements,14,The details of the changes to the TLTRO III terms and conditions are described in a separate press release to be published at 15:45 CET.,False,neutral,0.002104070270434022,0.003558234078809619,0.9943376779556274,-0.001454163808375597,ecb_stmt_reg_v2.csv
ecb_stmt,ecb_stmt_20221027,2022-10-27,ECB,statement,ecb_statements,15,"Another technical press release, detailing the change to the remuneration of minimum reserves, will also be published at 15:45 CET.",True,neutral,0.0010702876606956124,0.0008650541421957314,0.9980646371841431,0.00020523351849988103,ecb_stmt_reg_v2.csv
ecb_stmt,ecb_stmt_20221027,2022-10-27,ECB,statement,ecb_statements,16,The Governing Council decided to raise the three key ECB interest rates by 75 basis points.,False,hawkish,0.9993314743041992,0.0003319804382044822,0.0003365504089742899,0.9989994938659947,ecb_stmt_reg_v2.csv
ecb_stmt,ecb_stmt_20221027,2022-10-27,ECB,statement,ecb_statements,17,"Accordingly, the interest rate on the main refinancing operations and the interest rates on the marginal lending facility and the deposit facility will be increased to 2.00%, 2.25% and 1.50% respectively, with effect from 2 November 2022.",True,hawkish,0.9990596771240234,0.0004866848175879568,0.0004536401538643986,0.9985729923064355,ecb_stmt_reg_v2.csv
ecb_stmt,ecb_stmt_20221027,2022-10-27,ECB,statement,ecb_statements,18,"Asset purchase programme (APP) and pandemic emergency purchase programme (PEPP) The Governing Council intends to continue reinvesting, in full, the principal payments from maturing securities purchased under the APP for an extended period of time past the date when it started raising the key ECB interest rates and, in any case, for as long as necessary to maintain ample liquidity conditions and an appropriate monetary policy stance.",True,neutral,0.2919982671737671,0.12672646343708038,0.5812752842903137,0.1652718037366867,ecb_stmt_reg_v2.csv
ecb_stmt,ecb_stmt_20221027,2022-10-27,ECB,statement,ecb_statements,19,"As concerns the PEPP, the Governing Council intends to reinvest the principal payments from maturing securities purchased under the programme until at least the end of 2024.",True,neutral,0.00514942966401577,0.005846476182341576,0.9890040755271912,-0.0006970465183258057,ecb_stmt_reg_v2.csv
ecb_stmt,ecb_stmt_20221027,2022-10-27,ECB,statement,ecb_statements,20,"In any case, the future roll-off of the PEPP portfolio will be managed to avoid interference with the appropriate monetary policy stance.",True,neutral,0.001287967897951603,0.008818870410323143,0.9898931980133057,-0.00753090251237154,ecb_stmt_reg_v2.csv
ecb_stmt,ecb_stmt_20221027,2022-10-27,ECB,statement,ecb_statements,21,"The Governing Council will continue applying flexibility in reinvesting redemptions coming due in the PEPP portfolio, with a view to countering risks to the monetary policy transmission mechanism related to the pandemic.",True,neutral,0.004952158313244581,0.013740275986492634,0.9813076257705688,-0.008788117673248053,ecb_stmt_reg_v2.csv
ecb_stmt,ecb_stmt_20221027,2022-10-27,ECB,statement,ecb_statements,22,The Governing Council decided to adjust the interest rates applicable to TLTRO III.,False,neutral,0.029014846310019493,0.017157183960080147,0.953827977180481,0.011857662349939346,ecb_stmt_reg_v2.csv
ecb_stmt,ecb_stmt_20221027,2022-10-27,ECB,statement,ecb_statements,23,"From 23 November 2022 until the maturity date or early repayment date of each respective outstanding TLTRO III operation, the interest rate on TLTRO III operations will be indexed to the average applicable key ECB interest rates over this period.",True,neutral,0.0013763096649199724,0.0010328235803171992,0.9975908398628235,0.0003434860846027732,ecb_stmt_reg_v2.csv
ecb_stmt,ecb_stmt_20221027,2022-10-27,ECB,statement,ecb_statements,24,The Governing Council also decided to offer banks additional voluntary early repayment dates.,False,dovish,0.0485045425593853,0.8035428524017334,0.14795257151126862,-0.7550383098423481,ecb_stmt_reg_v2.csv
ecb_stmt,ecb_stmt_20221027,2022-10-27,ECB,statement,ecb_statements,25,"In any case, the Governing Council will regularly assess how targeted lending operations are contributing to its monetary policy stance.",True,neutral,0.0008238159934990108,0.0011282243067398667,0.998047947883606,-0.00030440831324085593,ecb_stmt_reg_v2.csv
ecb_stmt,ecb_stmt_20221027,2022-10-27,ECB,statement,ecb_statements,26,The Governing Council stands ready to adjust all of its instruments within its mandate to ensure that inflation stabilises at its 2% target over the medium term.,True,dovish,0.11982746422290802,0.838700532913208,0.041471969336271286,-0.7188730686903,ecb_stmt_reg_v2.csv
ecb_stmt,ecb_stmt_20221027,2022-10-27,ECB,statement,ecb_statements,27,"The Transmission Protection Instrument is available to counter unwarranted, disorderly market dynamics that pose a serious threat to the transmission of monetary policy across all euro area countries, thus allowing the Governing Council to more effectively deliver on its price stability mandate.",False,neutral,0.18263264000415802,0.32909414172172546,0.4882732629776001,-0.14646150171756744,ecb_stmt_reg_v2.csv
ecb_stmt,ecb_stmt_20221027,2022-10-27,ECB,statement,ecb_statements,28,The President of the ECB will comment on the considerations underlying these decisions at a press conference starting at 14:45 CET today.,True,neutral,0.0006565111107192934,0.0017398408381268382,0.9976036548614502,-0.0010833297274075449,ecb_stmt_reg_v2.csv
ecb_stmt,ecb_stmt_20221027,2022-10-27,ECB,statement,ecb_statements,29,Disclaimer Please note that related topic tags are currently available for selected content only.,False,neutral,0.007912392728030682,0.016652677208185196,0.9754348993301392,-0.008740284480154514,ecb_stmt_reg_v2.csv
ecb_stmt,ecb_stmt_20221027,2022-10-27,ECB,statement,ecb_statements,30,Directorate General Communications Reproduction is permitted provided that the source is acknowledged.,False,neutral,0.047414593398571014,0.06088154762983322,0.8917038440704346,-0.013466954231262207,ecb_stmt_reg_v2.csv
ecb_stmt,ecb_stmt_20221215,2022-12-15,ECB,statement,ecb_statements,1,"The Governing Council today decided to raise the three key ECB interest rates by 50 basis points and, based on the substantial upward revision to the inflation outlook, expects to raise them further.",True,hawkish,0.9995385408401489,0.00027420526021160185,0.00018735732010100037,0.9992643355799373,ecb_stmt_reg_v2.csv
ecb_stmt,ecb_stmt_20221215,2022-12-15,ECB,statement,ecb_statements,2,"In particular, the Governing Council judges that interest rates will still have to rise significantly at a steady pace to reach levels that are sufficiently restrictive to ensure a timely return of inflation to the 2% medium-term target.",True,hawkish,0.9939106702804565,0.0028634811751544476,0.0032257921993732452,0.9910471891053021,ecb_stmt_reg_v2.csv
ecb_stmt,ecb_stmt_20221215,2022-12-15,ECB,statement,ecb_statements,3,Keeping interest rates at restrictive levels will over time reduce inflation by dampening demand and will also guard against the risk of a persistent upward shift in inflation expectations.,True,hawkish,0.7303467988967896,0.22824817895889282,0.04140502214431763,0.5020986199378967,ecb_stmt_reg_v2.csv
ecb_stmt,ecb_stmt_20221215,2022-12-15,ECB,statement,ecb_statements,4,The Governing Council’s future policy rate decisions will continue to be data-dependent and follow a meeting-by-meeting approach.,True,neutral,0.0007951689185574651,0.0013928419211879373,0.997812032699585,-0.0005976730026304722,ecb_stmt_reg_v2.csv
ecb_stmt,ecb_stmt_20221215,2022-12-15,ECB,statement,ecb_statements,5,The key ECB interest rates are the Governing Council’s primary tool for setting the monetary policy stance.,False,neutral,0.0021093266550451517,0.001068954705260694,0.9968217611312866,0.0010403719497844577,ecb_stmt_reg_v2.csv
ecb_stmt,ecb_stmt_20221215,2022-12-15,ECB,statement,ecb_statements,6,The Governing Council today also discussed principles for normalising the Eurosystem’s monetary policy securities holdings.,False,neutral,0.0008358899503946304,0.009947329759597778,0.9892167448997498,-0.009111439809203148,ecb_stmt_reg_v2.csv
ecb_stmt,ecb_stmt_20221215,2022-12-15,ECB,statement,ecb_statements,7,"From the beginning of March 2023 onwards, the asset purchase programme (APP) portfolio will decline at a measured and predictable pace, as the Eurosystem will not reinvest all of the principal payments from maturing securities.",True,dovish,0.014707698486745358,0.9392759799957275,0.04601631686091423,-0.9245682815089822,ecb_stmt_reg_v2.csv
ecb_stmt,ecb_stmt_20221215,2022-12-15,ECB,statement,ecb_statements,8,The decline will amount to €15 billion per month on average until the end of the second quarter of 2023 and its subsequent pace will be determined over time.,True,dovish,0.04987895116209984,0.8901901841163635,0.05993093550205231,-0.8403112329542637,ecb_stmt_reg_v2.csv
ecb_stmt,ecb_stmt_20221215,2022-12-15,ECB,statement,ecb_statements,9,At its February meeting the Governing Council will announce the detailed parameters for reducing the APP holdings.,True,neutral,0.005580477882176638,0.035546332597732544,0.9588731527328491,-0.029965854715555906,ecb_stmt_reg_v2.csv
ecb_stmt,ecb_stmt_20221215,2022-12-15,ECB,statement,ecb_statements,10,"The Governing Council will regularly reassess the pace of the APP portfolio reduction to ensure it remains consistent with the overall monetary policy strategy and stance, to preserve market functioning, and to maintain firm control over short-term money market conditions.",True,neutral,0.0024072015658020973,0.009236762300133705,0.9883560538291931,-0.006829560734331608,ecb_stmt_reg_v2.csv
ecb_stmt,ecb_stmt_20221215,2022-12-15,ECB,statement,ecb_statements,11,"By the end of 2023, the Governing Council will also review its operational framework for steering short-term interest rates, which will provide information regarding the endpoint of the balance sheet normalisation process.",True,neutral,0.0019133808091282845,0.0030516076367348433,0.9950349926948547,-0.0011382268276065588,ecb_stmt_reg_v2.csv
ecb_stmt,ecb_stmt_20221215,2022-12-15,ECB,statement,ecb_statements,12,"The Governing Council decided to raise interest rates today, and expects to raise them significantly further, because inflation remains far too high and is projected to stay above the target for too long.",True,hawkish,0.9994670748710632,0.00032560358522459865,0.00020737086015287787,0.9991414712858386,ecb_stmt_reg_v2.csv
ecb_stmt,ecb_stmt_20221215,2022-12-15,ECB,statement,ecb_statements,13,"According to Eurostat’s flash estimate, inflation was 10.0% in November, slightly lower than the 10.6% recorded in October.",False,neutral,0.0014468107838183641,0.3772236406803131,0.6213296055793762,-0.37577682989649475,ecb_stmt_reg_v2.csv
ecb_stmt,ecb_stmt_20221215,2022-12-15,ECB,statement,ecb_statements,14,The decline resulted mainly from lower energy price inflation.,False,dovish,0.04808376729488373,0.8606693148612976,0.09124696254730225,-0.8125855475664139,ecb_stmt_reg_v2.csv
ecb_stmt,ecb_stmt_20221215,2022-12-15,ECB,statement,ecb_statements,15,Food price inflation and underlying price pressures across the economy have strengthened and will persist for some time.,True,hawkish,0.7305125594139099,0.1647597849369049,0.10472769290208817,0.565752774477005,ecb_stmt_reg_v2.csv
ecb_stmt,ecb_stmt_20221215,2022-12-15,ECB,statement,ecb_statements,16,"Amid exceptional uncertainty, Eurosystem staff have significantly revised up their inflation projections.",True,hawkish,0.9976752400398254,0.0018022244330495596,0.0005224324413575232,0.9958730156067759,ecb_stmt_reg_v2.csv
ecb_stmt,ecb_stmt_20221215,2022-12-15,ECB,statement,ecb_statements,17,"They now see average inflation reaching 8.4% in 2022 before decreasing to 6.3% in 2023, with inflation expected to decline markedly over the course of the year.",True,dovish,0.007433888968080282,0.9576167464256287,0.03494938090443611,-0.9501828574575484,ecb_stmt_reg_v2.csv
ecb_stmt,ecb_stmt_20221215,2022-12-15,ECB,statement,ecb_statements,18,Inflation is then projected to average 3.4% in 2024 and 2.3% in 2025.,True,neutral,0.016650257632136345,0.009008494205772877,0.9743412733078003,0.007641763426363468,ecb_stmt_reg_v2.csv
ecb_stmt,ecb_stmt_20221215,2022-12-15,ECB,statement,ecb_statements,19,"Inflation excluding energy and food is projected to be 3.9% on average in 2022 and to rise to 4.2% in 2023, before falling to 2.8% in 2024 and 2.4% in 2025.",True,neutral,0.010221600532531738,0.31922921538352966,0.6705491542816162,-0.3090076148509979,ecb_stmt_reg_v2.csv
ecb_stmt,ecb_stmt_20221215,2022-12-15,ECB,statement,ecb_statements,20,"The euro area economy may contract in the current quarter and the next quarter, owing to the energy crisis, high uncertainty, weakening global economic activity and tighter financing conditions.",False,dovish,0.004540502559393644,0.9891310334205627,0.006328536197543144,-0.9845905308611691,ecb_stmt_reg_v2.csv
ecb_stmt,ecb_stmt_20221215,2022-12-15,ECB,statement,ecb_statements,21,"According to the latest Eurosystem staff projections, a recession would be relatively short-lived and shallow.",True,neutral,0.0028798775747418404,0.012053903192281723,0.9850661754608154,-0.009174025617539883,ecb_stmt_reg_v2.csv
ecb_stmt,ecb_stmt_20221215,2022-12-15,ECB,statement,ecb_statements,22,Growth is nonetheless expected to be subdued next year and has been revised down significantly compared with the previous projections.,True,dovish,0.0008016790961846709,0.9981527328491211,0.0010455866577103734,-0.9973510537529364,ecb_stmt_reg_v2.csv
ecb_stmt,ecb_stmt_20221215,2022-12-15,ECB,statement,ecb_statements,23,"Beyond the near term, growth is projected to recover as the current headwinds fade.",True,dovish,0.17070159316062927,0.687781810760498,0.14151659607887268,-0.5170802175998688,ecb_stmt_reg_v2.csv
ecb_stmt,ecb_stmt_20221215,2022-12-15,ECB,statement,ecb_statements,24,"Overall, the Eurosystem staff projections now see the economy growing by 3.4% in 2022, 0.5% in 2023, 1.9% in 2024 and 1.8% in 2025.",True,neutral,0.212433323264122,0.2095487415790558,0.5780178904533386,0.002884581685066223,ecb_stmt_reg_v2.csv
ecb_stmt,ecb_stmt_20221215,2022-12-15,ECB,statement,ecb_statements,25,The Governing Council decided to raise the three key ECB interest rates by 50 basis points.,False,hawkish,0.9993334412574768,0.00033458491088822484,0.00033198113669641316,0.9989988563465886,ecb_stmt_reg_v2.csv
ecb_stmt,ecb_stmt_20221215,2022-12-15,ECB,statement,ecb_statements,26,"Accordingly, the interest rate on the main refinancing operations and the interest rates on the marginal lending facility and the deposit facility will be increased to 2.50%, 2.75% and 2.00% respectively, with effect from 21 December 2022.",True,hawkish,0.9990164637565613,0.0005090240738354623,0.00047446260577999055,0.9985074396827258,ecb_stmt_reg_v2.csv
ecb_stmt,ecb_stmt_20221215,2022-12-15,ECB,statement,ecb_statements,27,"Asset purchase programme (APP) and pandemic emergency purchase programme (PEPP) The Governing Council intends to continue reinvesting, in full, the principal payments from maturing securities purchased under the APP until the end of February 2023.",True,neutral,0.005210771691054106,0.03609549254179001,0.9586937427520752,-0.030884720850735903,ecb_stmt_reg_v2.csv
ecb_stmt,ecb_stmt_20221215,2022-12-15,ECB,statement,ecb_statements,28,"Subsequently, the APP portfolio will decline at a measured and predictable pace, as the Eurosystem will not reinvest all of the principal payments from maturing securities.",True,dovish,0.014674779959022999,0.9436022043228149,0.041722994297742844,-0.9289274243637919,ecb_stmt_reg_v2.csv
ecb_stmt,ecb_stmt_20221215,2022-12-15,ECB,statement,ecb_statements,29,The decline will amount to €15 billion per month on average until the end of the second quarter of 2023 and its subsequent pace will be determined over time.,True,dovish,0.04987895116209984,0.8901901841163635,0.05993093550205231,-0.8403112329542637,ecb_stmt_reg_v2.csv
ecb_stmt,ecb_stmt_20221215,2022-12-15,ECB,statement,ecb_statements,30,"As concerns the PEPP, the Governing Council intends to reinvest the principal payments from maturing securities purchased under the programme until at least the end of 2024.",True,neutral,0.00514942966401577,0.005846476182341576,0.9890040755271912,-0.0006970465183258057,ecb_stmt_reg_v2.csv
ecb_stmt,ecb_stmt_20221215,2022-12-15,ECB,statement,ecb_statements,31,"In any case, the future roll-off of the PEPP portfolio will be managed to avoid interference with the appropriate monetary policy stance.",True,neutral,0.001287967897951603,0.008818870410323143,0.9898931980133057,-0.00753090251237154,ecb_stmt_reg_v2.csv
ecb_stmt,ecb_stmt_20221215,2022-12-15,ECB,statement,ecb_statements,32,"The Governing Council will continue applying flexibility in reinvesting redemptions coming due in the PEPP portfolio, with a view to countering risks to the monetary policy transmission mechanism related to the pandemic.",True,neutral,0.004952158313244581,0.013740275986492634,0.9813076257705688,-0.008788117673248053,ecb_stmt_reg_v2.csv
ecb_stmt,ecb_stmt_20221215,2022-12-15,ECB,statement,ecb_statements,33,"As banks are repaying the amounts borrowed under the targeted longer-term refinancing operations, the Governing Council will regularly assess how targeted lending operations are contributing to its monetary policy stance.",True,neutral,0.0009242430096492171,0.0012340262765064836,0.9978417158126831,-0.0003097832668572664,ecb_stmt_reg_v2.csv
ecb_stmt,ecb_stmt_20221215,2022-12-15,ECB,statement,ecb_statements,34,The Governing Council stands ready to adjust all of its instruments within its mandate to ensure that inflation returns to its 2% target over the medium term.,True,hawkish,0.9779472947120667,0.016695568338036537,0.005357109475880861,0.9612517263740301,ecb_stmt_reg_v2.csv
ecb_stmt,ecb_stmt_20221215,2022-12-15,ECB,statement,ecb_statements,35,"The Transmission Protection Instrument is available to counter unwarranted, disorderly market dynamics that pose a serious threat to the transmission of monetary policy across all euro area countries, thus allowing the Governing Council to more effectively deliver on its price stability mandate.",False,neutral,0.18263264000415802,0.32909414172172546,0.4882732629776001,-0.14646150171756744,ecb_stmt_reg_v2.csv
ecb_stmt,ecb_stmt_20221215,2022-12-15,ECB,statement,ecb_statements,36,The President of the ECB will comment on the considerations underlying these decisions at a press conference starting at 14:45 CET today.,True,neutral,0.0006565111107192934,0.0017398408381268382,0.9976036548614502,-0.0010833297274075449,ecb_stmt_reg_v2.csv
ecb_stmt,ecb_stmt_20221215,2022-12-15,ECB,statement,ecb_statements,37,Disclaimer Please note that related topic tags are currently available for selected content only.,False,neutral,0.007912392728030682,0.016652677208185196,0.9754348993301392,-0.008740284480154514,ecb_stmt_reg_v2.csv
ecb_stmt,ecb_stmt_20221215,2022-12-15,ECB,statement,ecb_statements,38,Directorate General Communications Reproduction is permitted provided that the source is acknowledged.,False,neutral,0.047414593398571014,0.06088154762983322,0.8917038440704346,-0.013466954231262207,ecb_stmt_reg_v2.csv
ecb_stmt,ecb_stmt_20230202,2023-02-02,ECB,statement,ecb_statements,1,The Governing Council will stay the course in raising interest rates significantly at a steady pace and in keeping them at levels that are sufficiently restrictive to ensure a timely return of inflation to its 2% medium-term target.,True,hawkish,0.9967811703681946,0.0009866523323580623,0.002232158090919256,0.9957945180358365,ecb_stmt_reg_v2.csv
ecb_stmt,ecb_stmt_20230202,2023-02-02,ECB,statement,ecb_statements,2,"Accordingly, the Governing Council today decided to raise the three key ECB interest rates by 50 basis points and it expects to raise them further.",True,hawkish,0.99919193983078,0.0003674175823107362,0.00044060093932785094,0.9988245222484693,ecb_stmt_reg_v2.csv
ecb_stmt,ecb_stmt_20230202,2023-02-02,ECB,statement,ecb_statements,3,"In view of the underlying inflation pressures, the Governing Council intends to raise interest rates by another 50 basis points at its next monetary policy meeting in March and it will then evaluate the subsequent path of its monetary policy.",True,hawkish,0.9993752837181091,0.000334598938934505,0.00029013733728788793,0.9990406847791746,ecb_stmt_reg_v2.csv
ecb_stmt,ecb_stmt_20230202,2023-02-02,ECB,statement,ecb_statements,4,Keeping interest rates at restrictive levels will over time reduce inflation by dampening demand and will also guard against the risk of a persistent upward shift in inflation expectations.,True,hawkish,0.7303467988967896,0.22824817895889282,0.04140502214431763,0.5020986199378967,ecb_stmt_reg_v2.csv
ecb_stmt,ecb_stmt_20230202,2023-02-02,ECB,statement,ecb_statements,5,"In any event, the Governing Council’s future policy rate decisions will continue to be data-dependent and follow a meeting-by-meeting approach.",True,neutral,0.0008330587879754603,0.0016795414267107844,0.9974873661994934,-0.0008464826387353241,ecb_stmt_reg_v2.csv
ecb_stmt,ecb_stmt_20230202,2023-02-02,ECB,statement,ecb_statements,6,The Governing Council today also decided on the modalities for reducing the Eurosystem’s holdings of securities under the asset purchase programme (APP).,False,neutral,0.001751479459926486,0.0076080807484686375,0.9906404614448547,-0.0058566012885421515,ecb_stmt_reg_v2.csv
ecb_stmt,ecb_stmt_20230202,2023-02-02,ECB,statement,ecb_statements,7,"As communicated in December, the APP portfolio will decline by €15 billion per month on average from the beginning of March until the end of June 2023, and the subsequent pace of portfolio reduction will be determined over time.",True,dovish,0.18184372782707214,0.6199942231178284,0.1981620490550995,-0.4381504952907562,ecb_stmt_reg_v2.csv
ecb_stmt,ecb_stmt_20230202,2023-02-02,ECB,statement,ecb_statements,8,Partial reinvestments will be conducted broadly in line with current practice.,True,neutral,0.0016739759594202042,0.0022003997582942247,0.9961256384849548,-0.0005264237988740206,ecb_stmt_reg_v2.csv
ecb_stmt,ecb_stmt_20230202,2023-02-02,ECB,statement,ecb_statements,9,"In particular, the remaining reinvestment amounts will be allocated proportionally to the share of redemptions across each constituent programme of the APP and, under the public sector purchase programme (PSPP), to the share of redemptions of each jurisdiction and across national and supranational issuers.",True,neutral,0.0011025244602933526,0.002403436228632927,0.9964940547943115,-0.0013009117683395743,ecb_stmt_reg_v2.csv
ecb_stmt,ecb_stmt_20230202,2023-02-02,ECB,statement,ecb_statements,10,"For the Eurosystem’s corporate bond purchases, the remaining reinvestments will be tilted more strongly towards issuers with a better climate performance.",True,hawkish,0.4857017993927002,0.3390745222568512,0.17522373795509338,0.146627277135849,ecb_stmt_reg_v2.csv
ecb_stmt,ecb_stmt_20230202,2023-02-02,ECB,statement,ecb_statements,11,"Without prejudice to the ECB’s price stability objective, this approach will support the gradual decarbonisation of the Eurosystem’s corporate bond holdings, in line with the goals of the Paris Agreement.",True,neutral,0.0075198812410235405,0.4160202443599701,0.5764598846435547,-0.40850036311894655,ecb_stmt_reg_v2.csv
ecb_stmt,ecb_stmt_20230202,2023-02-02,ECB,statement,ecb_statements,12,The detailed modalities for reducing the APP holdings are described in a separate press release to be published at 15:45 CET.,False,neutral,0.0005355158937163651,0.004388515371829271,0.9950759410858154,-0.0038529994781129062,ecb_stmt_reg_v2.csv
ecb_stmt,ecb_stmt_20230202,2023-02-02,ECB,statement,ecb_statements,13,The Governing Council decided to raise the three key ECB interest rates by 50 basis points.,False,hawkish,0.9993334412574768,0.00033458491088822484,0.00033198113669641316,0.9989988563465886,ecb_stmt_reg_v2.csv
ecb_stmt,ecb_stmt_20230202,2023-02-02,ECB,statement,ecb_statements,14,"Accordingly, the interest rate on the main refinancing operations and the interest rates on the marginal lending facility and the deposit facility will be increased to 3.00%, 3.25% and 2.50% respectively, with effect from 8 February 2023.",True,hawkish,0.9990243911743164,0.0005011363537050784,0.00047446636017411947,0.9985232548206113,ecb_stmt_reg_v2.csv
ecb_stmt,ecb_stmt_20230202,2023-02-02,ECB,statement,ecb_statements,15,"Asset purchase programme (APP) and pandemic emergency purchase programme (PEPP) The Governing Council intends to continue reinvesting, in full, the principal payments from maturing securities purchased under the APP until the end of February 2023.",True,neutral,0.005210771691054106,0.03609549254179001,0.9586937427520752,-0.030884720850735903,ecb_stmt_reg_v2.csv
ecb_stmt,ecb_stmt_20230202,2023-02-02,ECB,statement,ecb_statements,16,"Subsequently, the APP portfolio will decline at a measured and predictable pace, as the Eurosystem will not reinvest all of the principal payments from maturing securities.",True,dovish,0.014674779959022999,0.9436022043228149,0.041722994297742844,-0.9289274243637919,ecb_stmt_reg_v2.csv
ecb_stmt,ecb_stmt_20230202,2023-02-02,ECB,statement,ecb_statements,17,The decline will amount to €15 billion per month on average until the end of June 2023 and its subsequent pace will be determined over time.,True,dovish,0.08074646443128586,0.8075852394104004,0.11166830360889435,-0.7268387749791145,ecb_stmt_reg_v2.csv
ecb_stmt,ecb_stmt_20230202,2023-02-02,ECB,statement,ecb_statements,18,"As concerns the PEPP, the Governing Council intends to reinvest the principal payments from maturing securities purchased under the programme until at least the end of 2024.",True,neutral,0.00514942966401577,0.005846476182341576,0.9890040755271912,-0.0006970465183258057,ecb_stmt_reg_v2.csv
ecb_stmt,ecb_stmt_20230202,2023-02-02,ECB,statement,ecb_statements,19,"In any case, the future roll-off of the PEPP portfolio will be managed to avoid interference with the appropriate monetary policy stance.",True,neutral,0.001287967897951603,0.008818870410323143,0.9898931980133057,-0.00753090251237154,ecb_stmt_reg_v2.csv
ecb_stmt,ecb_stmt_20230202,2023-02-02,ECB,statement,ecb_statements,20,"The Governing Council will continue applying flexibility in reinvesting redemptions coming due in the PEPP portfolio, with a view to countering risks to the monetary policy transmission mechanism related to the pandemic.",True,neutral,0.004952158313244581,0.013740275986492634,0.9813076257705688,-0.008788117673248053,ecb_stmt_reg_v2.csv
ecb_stmt,ecb_stmt_20230202,2023-02-02,ECB,statement,ecb_statements,21,"As banks are repaying the amounts borrowed under the targeted longer-term refinancing operations, the Governing Council will regularly assess how targeted lending operations are contributing to its monetary policy stance.",True,neutral,0.0009242430096492171,0.0012340262765064836,0.9978417158126831,-0.0003097832668572664,ecb_stmt_reg_v2.csv
ecb_stmt,ecb_stmt_20230202,2023-02-02,ECB,statement,ecb_statements,22,The Governing Council stands ready to adjust all of its instruments within its mandate to ensure that inflation returns to its 2% target over the medium term.,True,hawkish,0.9779472947120667,0.016695568338036537,0.005357109475880861,0.9612517263740301,ecb_stmt_reg_v2.csv
ecb_stmt,ecb_stmt_20230202,2023-02-02,ECB,statement,ecb_statements,23,"The Transmission Protection Instrument is available to counter unwarranted, disorderly market dynamics that pose a serious threat to the transmission of monetary policy across all euro area countries, thus allowing the Governing Council to more effectively deliver on its price stability mandate.",False,neutral,0.18263264000415802,0.32909414172172546,0.4882732629776001,-0.14646150171756744,ecb_stmt_reg_v2.csv
ecb_stmt,ecb_stmt_20230202,2023-02-02,ECB,statement,ecb_statements,24,The President of the ECB will comment on the considerations underlying these decisions at a press conference starting at 14:45 CET today.,True,neutral,0.0006565111107192934,0.0017398408381268382,0.9976036548614502,-0.0010833297274075449,ecb_stmt_reg_v2.csv
ecb_stmt,ecb_stmt_20230202,2023-02-02,ECB,statement,ecb_statements,25,Disclaimer Please note that related topic tags are currently available for selected content only.,False,neutral,0.007912392728030682,0.016652677208185196,0.9754348993301392,-0.008740284480154514,ecb_stmt_reg_v2.csv
ecb_stmt,ecb_stmt_20230202,2023-02-02,ECB,statement,ecb_statements,26,Directorate General Communications Reproduction is permitted provided that the source is acknowledged.,False,neutral,0.047414593398571014,0.06088154762983322,0.8917038440704346,-0.013466954231262207,ecb_stmt_reg_v2.csv
ecb_stmt,ecb_stmt_20230316,2023-03-16,ECB,statement,ecb_statements,1,Inflation is projected to remain too high for too long.,True,hawkish,0.6720894575119019,0.23249486088752747,0.09541570395231247,0.4395945966243744,ecb_stmt_reg_v2.csv
ecb_stmt,ecb_stmt_20230316,2023-03-16,ECB,statement,ecb_statements,2,"Therefore, the Governing Council today decided to increase the three key ECB interest rates by 50 basis points, in line with its determination to ensure the timely return of inflation to the 2% medium-term target.",False,hawkish,0.9992938041687012,0.00036034779623150826,0.00034586695255711675,0.9989334563724697,ecb_stmt_reg_v2.csv
ecb_stmt,ecb_stmt_20230316,2023-03-16,ECB,statement,ecb_statements,3,"The elevated level of uncertainty reinforces the importance of a data-dependent approach to the Governing Council’s policy rate decisions, which will be determined by its assessment of the inflation outlook in light of the incoming economic and financial data, the dynamics of underlying inflation, and the strength of monetary policy transmission.",True,dovish,0.06487255543470383,0.8838090300559998,0.05131841078400612,-0.8189364746212959,ecb_stmt_reg_v2.csv
ecb_stmt,ecb_stmt_20230316,2023-03-16,ECB,statement,ecb_statements,4,The Governing Council is monitoring current market tensions closely and stands ready to respond as necessary to preserve price stability and financial stability in the euro area.,False,dovish,0.20506462454795837,0.42614108324050903,0.36879435181617737,-0.22107645869255066,ecb_stmt_reg_v2.csv
ecb_stmt,ecb_stmt_20230316,2023-03-16,ECB,statement,ecb_statements,5,"The euro area banking sector is resilient, with strong capital and liquidity positions.",False,dovish,0.20294901728630066,0.40047135949134827,0.3965795636177063,-0.1975223422050476,ecb_stmt_reg_v2.csv
ecb_stmt,ecb_stmt_20230316,2023-03-16,ECB,statement,ecb_statements,6,"In any case, the ECB’s policy toolkit is fully equipped to provide liquidity support to the euro area financial system if needed and to preserve the smooth transmission of monetary policy.",False,neutral,0.00966040138155222,0.05007605254650116,0.940263569355011,-0.04041565116494894,ecb_stmt_reg_v2.csv
ecb_stmt,ecb_stmt_20230316,2023-03-16,ECB,statement,ecb_statements,7,The new ECB staff macroeconomic projections were finalised in early March before the recent emergence of financial market tensions.,True,neutral,0.0019046609522774816,0.0056585692800581455,0.9924367070198059,-0.003753908327780664,ecb_stmt_reg_v2.csv
ecb_stmt,ecb_stmt_20230316,2023-03-16,ECB,statement,ecb_statements,8,"As such, these tensions imply additional uncertainty around the baseline assessments of inflation and growth.",False,dovish,0.004114593844860792,0.9635215997695923,0.03236378729343414,-0.9594070059247315,ecb_stmt_reg_v2.csv
ecb_stmt,ecb_stmt_20230316,2023-03-16,ECB,statement,ecb_statements,9,"Prior to these latest developments, the baseline path for headline inflation had already been revised down, mainly owing to a smaller contribution from energy prices than previously expected.",True,dovish,0.0006954288110136986,0.9966019988059998,0.002702548634260893,-0.9959065699949861,ecb_stmt_reg_v2.csv
ecb_stmt,ecb_stmt_20230316,2023-03-16,ECB,statement,ecb_statements,10,"ECB staff now see inflation averaging 5.3% in 2023, 2.9% in 2024 and 2.1% in 2025.",False,neutral,0.015251553617417812,0.09573610872030258,0.889012336730957,-0.08048455510288477,ecb_stmt_reg_v2.csv
ecb_stmt,ecb_stmt_20230316,2023-03-16,ECB,statement,ecb_statements,11,"At the same time, underlying price pressures remain strong.",False,hawkish,0.5062016844749451,0.17172260582447052,0.3220757246017456,0.33447907865047455,ecb_stmt_reg_v2.csv
ecb_stmt,ecb_stmt_20230316,2023-03-16,ECB,statement,ecb_statements,12,"Inflation excluding energy and food continued to increase in February and ECB staff expect it to average 4.6% in 2023, which is higher than foreseen in the December projections.",True,hawkish,0.9863733649253845,0.006255668587982655,0.007370978593826294,0.9801176963374019,ecb_stmt_reg_v2.csv
ecb_stmt,ecb_stmt_20230316,2023-03-16,ECB,statement,ecb_statements,13,"Subsequently, it is projected to come down to 2.5% in 2024 and 2.2% in 2025, as the upward pressures from past supply shocks and the reopening of the economy fade out and as tighter monetary policy increasingly dampens demand.",True,dovish,0.0070480708964169025,0.9864969253540039,0.006455053575336933,-0.979448854457587,ecb_stmt_reg_v2.csv
ecb_stmt,ecb_stmt_20230316,2023-03-16,ECB,statement,ecb_statements,14,The baseline projections for growth in 2023 have been revised up to an average of 1.0% as a result of both the decline in energy prices and the economy’s greater resilience to the challenging international environment.,True,hawkish,0.987060010433197,0.006722587160766125,0.006217376794666052,0.9803374232724309,ecb_stmt_reg_v2.csv
ecb_stmt,ecb_stmt_20230316,2023-03-16,ECB,statement,ecb_statements,15,"ECB staff then expect growth to pick up further, to 1.6%, in both 2024 and 2025, underpinned by a robust labour market, improving confidence and a recovery in real incomes.",True,hawkish,0.9982269406318665,0.0010154740884900093,0.0007575899362564087,0.9972114665433764,ecb_stmt_reg_v2.csv
ecb_stmt,ecb_stmt_20230316,2023-03-16,ECB,statement,ecb_statements,16,"At the same time, the pick-up in growth in 2024 and 2025 is weaker than projected in December, owing to the tightening of monetary policy.",True,hawkish,0.9775750041007996,0.00938926637172699,0.013035704381763935,0.9681857377290726,ecb_stmt_reg_v2.csv
ecb_stmt,ecb_stmt_20230316,2023-03-16,ECB,statement,ecb_statements,17,The Governing Council decided to raise the three key ECB interest rates by 50 basis points.,False,hawkish,0.9993334412574768,0.00033458491088822484,0.00033198113669641316,0.9989988563465886,ecb_stmt_reg_v2.csv
ecb_stmt,ecb_stmt_20230316,2023-03-16,ECB,statement,ecb_statements,18,"Accordingly, the interest rate on the main refinancing operations and the interest rates on the marginal lending facility and the deposit facility will be increased to 3.50%, 3.75% and 3.00% respectively, with effect from 22 March 2023.",True,hawkish,0.9990209937095642,0.0004895259044133127,0.0004895259044133127,0.9985314678051509,ecb_stmt_reg_v2.csv
ecb_stmt,ecb_stmt_20230316,2023-03-16,ECB,statement,ecb_statements,19,"Asset purchase programme (APP) and pandemic emergency purchase programme (PEPP) The APP portfolio is declining at a measured and predictable pace, as the Eurosystem does not reinvest all of the principal payments from maturing securities.",False,dovish,0.0043611424043774605,0.865037739276886,0.13060115277767181,-0.8606765968725085,ecb_stmt_reg_v2.csv
ecb_stmt,ecb_stmt_20230316,2023-03-16,ECB,statement,ecb_statements,20,The decline will amount to €15 billion per month on average until the end of June 2023 and its subsequent pace will be determined over time.,True,dovish,0.08074646443128586,0.8075852394104004,0.11166830360889435,-0.7268387749791145,ecb_stmt_reg_v2.csv
ecb_stmt,ecb_stmt_20230316,2023-03-16,ECB,statement,ecb_statements,21,"As concerns the PEPP, the Governing Council intends to reinvest the principal payments from maturing securities purchased under the programme until at least the end of 2024.",True,neutral,0.00514942966401577,0.005846476182341576,0.9890040755271912,-0.0006970465183258057,ecb_stmt_reg_v2.csv
ecb_stmt,ecb_stmt_20230316,2023-03-16,ECB,statement,ecb_statements,22,"In any case, the future roll-off of the PEPP portfolio will be managed to avoid interference with the appropriate monetary policy stance.",True,neutral,0.001287967897951603,0.008818870410323143,0.9898931980133057,-0.00753090251237154,ecb_stmt_reg_v2.csv
ecb_stmt,ecb_stmt_20230316,2023-03-16,ECB,statement,ecb_statements,23,"The Governing Council will continue applying flexibility in reinvesting redemptions coming due in the PEPP portfolio, with a view to countering risks to the monetary policy transmission mechanism related to the pandemic.",True,neutral,0.004952158313244581,0.013740275986492634,0.9813076257705688,-0.008788117673248053,ecb_stmt_reg_v2.csv
ecb_stmt,ecb_stmt_20230316,2023-03-16,ECB,statement,ecb_statements,24,"As banks are repaying the amounts borrowed under the targeted longer-term refinancing operations, the Governing Council will regularly assess how targeted lending operations are contributing to its monetary policy stance.",True,neutral,0.0009242430096492171,0.0012340262765064836,0.9978417158126831,-0.0003097832668572664,ecb_stmt_reg_v2.csv
ecb_stmt,ecb_stmt_20230316,2023-03-16,ECB,statement,ecb_statements,25,The Governing Council stands ready to adjust all of its instruments within its mandate to ensure that inflation returns to its 2% target over the medium term and to preserve the smooth functioning of monetary policy transmission.,True,hawkish,0.8762261271476746,0.11055972427129745,0.013214151374995708,0.7656664028763771,ecb_stmt_reg_v2.csv
ecb_stmt,ecb_stmt_20230316,2023-03-16,ECB,statement,ecb_statements,26,The ECB’s policy toolkit is fully equipped to provide liquidity support to the euro area financial system if needed.,False,neutral,0.029047781601548195,0.06332238763570786,0.9076298475265503,-0.03427460603415966,ecb_stmt_reg_v2.csv
ecb_stmt,ecb_stmt_20230316,2023-03-16,ECB,statement,ecb_statements,27,"Moreover, the Transmission Protection Instrument is available to counter unwarranted, disorderly market dynamics that pose a serious threat to the transmission of monetary policy across all euro area countries, thus allowing the Governing Council to more effectively deliver on its price stability mandate.",False,neutral,0.27088093757629395,0.30545324087142944,0.423665851354599,-0.0345723032951355,ecb_stmt_reg_v2.csv
ecb_stmt,ecb_stmt_20230316,2023-03-16,ECB,statement,ecb_statements,28,The President of the ECB will comment on the considerations underlying these decisions at a press conference starting at 14:45 CET today.,True,neutral,0.0006565111107192934,0.0017398408381268382,0.9976036548614502,-0.0010833297274075449,ecb_stmt_reg_v2.csv
ecb_stmt,ecb_stmt_20230316,2023-03-16,ECB,statement,ecb_statements,29,Disclaimer Please note that related topic tags are currently available for selected content only.,False,neutral,0.007912392728030682,0.016652677208185196,0.9754348993301392,-0.008740284480154514,ecb_stmt_reg_v2.csv
ecb_stmt,ecb_stmt_20230316,2023-03-16,ECB,statement,ecb_statements,30,Directorate General Communications Reproduction is permitted provided that the source is acknowledged.,False,neutral,0.047414593398571014,0.06088154762983322,0.8917038440704346,-0.013466954231262207,ecb_stmt_reg_v2.csv
ecb_stmt,ecb_stmt_20230504,2023-05-04,ECB,statement,ecb_statements,1,The inflation outlook continues to be too high for too long.,True,hawkish,0.8821708559989929,0.08645568788051605,0.031373389065265656,0.7957151681184769,ecb_stmt_reg_v2.csv
ecb_stmt,ecb_stmt_20230504,2023-05-04,ECB,statement,ecb_statements,2,"In light of the ongoing high inflation pressures, the Governing Council today decided to raise the three key ECB interest rates by 25 basis points.",False,hawkish,0.9992108941078186,0.0005613508983515203,0.00022769394854549319,0.9986495432094671,ecb_stmt_reg_v2.csv
ecb_stmt,ecb_stmt_20230504,2023-05-04,ECB,statement,ecb_statements,3,"Overall, the incoming information broadly supports the assessment of the medium-term inflation outlook that the Governing Council formed at its previous meeting.",True,neutral,0.024637173861265182,0.008382376283407211,0.9669803977012634,0.01625479757785797,ecb_stmt_reg_v2.csv
ecb_stmt,ecb_stmt_20230504,2023-05-04,ECB,statement,ecb_statements,4,"Headline inflation has declined over recent months, but underlying price pressures remain strong.",False,neutral,0.004627272021025419,0.023112323135137558,0.9722604155540466,-0.01848505111411214,ecb_stmt_reg_v2.csv
ecb_stmt,ecb_stmt_20230504,2023-05-04,ECB,statement,ecb_statements,5,"At the same time, the past rate increases are being transmitted forcefully to euro area financing and monetary conditions, while the lags and strength of transmission to the real economy remain uncertain.",False,hawkish,0.7471697330474854,0.011411844752728939,0.24141842126846313,0.7357578882947564,ecb_stmt_reg_v2.csv
ecb_stmt,ecb_stmt_20230504,2023-05-04,ECB,statement,ecb_statements,6,The Governing Council’s future decisions will ensure that the policy rates will be brought to levels sufficiently restrictive to achieve a timely return of inflation to the 2% medium-term target and will be kept at those levels for as long as necessary.,True,hawkish,0.8874438405036926,0.10659991204738617,0.00595623767003417,0.7808439284563065,ecb_stmt_reg_v2.csv
ecb_stmt,ecb_stmt_20230504,2023-05-04,ECB,statement,ecb_statements,7,The Governing Council will continue to follow a data-dependent approach to determining the appropriate level and duration of restriction.,True,neutral,0.009335426613688469,0.03656351566314697,0.9541010856628418,-0.027228089049458504,ecb_stmt_reg_v2.csv
ecb_stmt,ecb_stmt_20230504,2023-05-04,ECB,statement,ecb_statements,8,"In particular, the Governing Council’s policy rate decisions will continue to be based on its assessment of the inflation outlook in light of the incoming economic and financial data, the dynamics of underlying inflation, and the strength of monetary policy transmission.",True,neutral,0.006131338886916637,0.0022380403243005276,0.9916306138038635,0.00389329856261611,ecb_stmt_reg_v2.csv
ecb_stmt,ecb_stmt_20230504,2023-05-04,ECB,statement,ecb_statements,9,The key ECB interest rates remain the Governing Council’s primary tool for setting the monetary policy stance.,False,neutral,0.00137667718809098,0.000766236160416156,0.9978570938110352,0.000610441027674824,ecb_stmt_reg_v2.csv
ecb_stmt,ecb_stmt_20230504,2023-05-04,ECB,statement,ecb_statements,10,"In parallel, the Governing Council will keep reducing the Eurosystem’s asset purchase programme (APP) portfolio at a measured and predictable pace.",True,neutral,0.0018493587849661708,0.05132003128528595,0.9468305706977844,-0.04947067250031978,ecb_stmt_reg_v2.csv
ecb_stmt,ecb_stmt_20230504,2023-05-04,ECB,statement,ecb_statements,11,"In line with these principles, the Governing Council expects to discontinue the reinvestments under the APP as of July 2023.",True,neutral,0.003073095576837659,0.3618537485599518,0.6350731253623962,-0.3587806529831141,ecb_stmt_reg_v2.csv
ecb_stmt,ecb_stmt_20230504,2023-05-04,ECB,statement,ecb_statements,12,The Governing Council decided to raise the three key ECB interest rates by 25 basis points.,False,hawkish,0.999285876750946,0.00034451577812433243,0.00036961151636205614,0.9989413609728217,ecb_stmt_reg_v2.csv
ecb_stmt,ecb_stmt_20230504,2023-05-04,ECB,statement,ecb_statements,13,"Accordingly, the interest rate on the main refinancing operations and the interest rates on the marginal lending facility and the deposit facility will be increased to 3.75%, 4.00% and 3.25% respectively, with effect from 10 May 2023.",True,hawkish,0.9988797903060913,0.0005633611581288278,0.000556797836907208,0.9983164291479625,ecb_stmt_reg_v2.csv
ecb_stmt,ecb_stmt_20230504,2023-05-04,ECB,statement,ecb_statements,14,"Asset purchase programme (APP) and pandemic emergency purchase programme (PEPP) The APP portfolio is declining at a measured and predictable pace, as the Eurosystem does not reinvest all of the principal payments from maturing securities.",False,dovish,0.0043611424043774605,0.865037739276886,0.13060115277767181,-0.8606765968725085,ecb_stmt_reg_v2.csv
ecb_stmt,ecb_stmt_20230504,2023-05-04,ECB,statement,ecb_statements,15,The decline will amount to €15 billion per month on average until the end of June 2023.,True,dovish,0.09178977459669113,0.8070043325424194,0.10120591521263123,-0.7152145579457283,ecb_stmt_reg_v2.csv
ecb_stmt,ecb_stmt_20230504,2023-05-04,ECB,statement,ecb_statements,16,The Governing Council expects to discontinue the reinvestments under the APP as of July 2023.,True,neutral,0.0014908830635249615,0.3595021367073059,0.6390069723129272,-0.35801125364378095,ecb_stmt_reg_v2.csv
ecb_stmt,ecb_stmt_20230504,2023-05-04,ECB,statement,ecb_statements,17,"As concerns the PEPP, the Governing Council intends to reinvest the principal payments from maturing securities purchased under the programme until at least the end of 2024.",True,neutral,0.00514942966401577,0.005846476182341576,0.9890040755271912,-0.0006970465183258057,ecb_stmt_reg_v2.csv
ecb_stmt,ecb_stmt_20230504,2023-05-04,ECB,statement,ecb_statements,18,"In any case, the future roll-off of the PEPP portfolio will be managed to avoid interference with the appropriate monetary policy stance.",True,neutral,0.001287967897951603,0.008818870410323143,0.9898931980133057,-0.00753090251237154,ecb_stmt_reg_v2.csv
ecb_stmt,ecb_stmt_20230504,2023-05-04,ECB,statement,ecb_statements,19,"The Governing Council will continue applying flexibility in reinvesting redemptions coming due in the PEPP portfolio, with a view to countering risks to the monetary policy transmission mechanism related to the pandemic.",True,neutral,0.004952158313244581,0.013740275986492634,0.9813076257705688,-0.008788117673248053,ecb_stmt_reg_v2.csv
ecb_stmt,ecb_stmt_20230504,2023-05-04,ECB,statement,ecb_statements,20,"As banks are repaying the amounts borrowed under the targeted longer-term refinancing operations, the Governing Council will regularly assess how targeted lending operations are contributing to its monetary policy stance.",True,neutral,0.0009242430096492171,0.0012340262765064836,0.9978417158126831,-0.0003097832668572664,ecb_stmt_reg_v2.csv
ecb_stmt,ecb_stmt_20230504,2023-05-04,ECB,statement,ecb_statements,21,The Governing Council stands ready to adjust all of its instruments within its mandate to ensure that inflation returns to its 2% target over the medium term and to preserve the smooth functioning of monetary policy transmission.,True,hawkish,0.8762261271476746,0.11055972427129745,0.013214151374995708,0.7656664028763771,ecb_stmt_reg_v2.csv
ecb_stmt,ecb_stmt_20230504,2023-05-04,ECB,statement,ecb_statements,22,The ECB’s policy toolkit is fully equipped to provide liquidity support to the euro area financial system if needed.,False,neutral,0.029047781601548195,0.06332238763570786,0.9076298475265503,-0.03427460603415966,ecb_stmt_reg_v2.csv
ecb_stmt,ecb_stmt_20230504,2023-05-04,ECB,statement,ecb_statements,23,"Moreover, the Transmission Protection Instrument is available to counter unwarranted, disorderly market dynamics that pose a serious threat to the transmission of monetary policy across all euro area countries, thus allowing the Governing Council to more effectively deliver on its price stability mandate.",False,neutral,0.27088093757629395,0.30545324087142944,0.423665851354599,-0.0345723032951355,ecb_stmt_reg_v2.csv
ecb_stmt,ecb_stmt_20230504,2023-05-04,ECB,statement,ecb_statements,24,The President of the ECB will comment on the considerations underlying these decisions at a press conference starting at 14:45 CET today.,True,neutral,0.0006565111107192934,0.0017398408381268382,0.9976036548614502,-0.0010833297274075449,ecb_stmt_reg_v2.csv
ecb_stmt,ecb_stmt_20230504,2023-05-04,ECB,statement,ecb_statements,25,Disclaimer Please note that related topic tags are currently available for selected content only.,False,neutral,0.007912392728030682,0.016652677208185196,0.9754348993301392,-0.008740284480154514,ecb_stmt_reg_v2.csv
ecb_stmt,ecb_stmt_20230504,2023-05-04,ECB,statement,ecb_statements,26,Directorate General Communications Reproduction is permitted provided that the source is acknowledged.,False,neutral,0.047414593398571014,0.06088154762983322,0.8917038440704346,-0.013466954231262207,ecb_stmt_reg_v2.csv
ecb_stmt,ecb_stmt_20230615,2023-06-15,ECB,statement,ecb_statements,1,Inflation has been coming down but is projected to remain too high for too long.,True,dovish,0.0016210338799282908,0.9331191182136536,0.06525982916355133,-0.9314980843337253,ecb_stmt_reg_v2.csv
ecb_stmt,ecb_stmt_20230615,2023-06-15,ECB,statement,ecb_statements,2,The Governing Council is determined to ensure that inflation returns to its 2% medium-term target in a timely manner.,False,hawkish,0.9909754395484924,0.005858129821717739,0.003166402690112591,0.9851173097267747,ecb_stmt_reg_v2.csv
ecb_stmt,ecb_stmt_20230615,2023-06-15,ECB,statement,ecb_statements,3,It therefore today decided to raise the three key ECB interest rates by 25 basis points.,False,hawkish,0.9994324445724487,0.00032559229293838143,0.00024195965670514852,0.9991068522795103,ecb_stmt_reg_v2.csv
ecb_stmt,ecb_stmt_20230615,2023-06-15,ECB,statement,ecb_statements,4,"The rate increase today reflects the Governing Council’s updated assessment of the inflation outlook, the dynamics of underlying inflation, and the strength of monetary policy transmission.",True,hawkish,0.9978018403053284,0.0011890239547938108,0.0010091116419062018,0.9966128163505346,ecb_stmt_reg_v2.csv
ecb_stmt,ecb_stmt_20230615,2023-06-15,ECB,statement,ecb_statements,5,"According to the June macroeconomic projections, Eurosystem staff expect headline inflation to average 5.4% in 2023, 3.0% in 2024 and 2.2% in 2025.",True,neutral,0.002821181667968631,0.03501268848776817,0.9621661901473999,-0.03219150681979954,ecb_stmt_reg_v2.csv
ecb_stmt,ecb_stmt_20230615,2023-06-15,ECB,statement,ecb_statements,6,"Indicators of underlying price pressures remain strong, although some show tentative signs of softening.",False,neutral,0.05774487927556038,0.12780021131038666,0.8144548535346985,-0.07005533203482628,ecb_stmt_reg_v2.csv
ecb_stmt,ecb_stmt_20230615,2023-06-15,ECB,statement,ecb_statements,7,"Staff have revised up their projections for inflation excluding energy and food, especially for this year and next year, owing to past upward surprises and the implications of the robust labour market for the speed of disinflation.",True,hawkish,0.9976505637168884,0.0016505460953339934,0.0006988852401264012,0.9960000176215544,ecb_stmt_reg_v2.csv
ecb_stmt,ecb_stmt_20230615,2023-06-15,ECB,statement,ecb_statements,8,"They now see it reaching 5.1% in 2023, before it declines to 3.0% in 2024 and 2.3% in 2025.",False,dovish,0.004682808183133602,0.49814456701278687,0.4971725642681122,-0.49346175882965326,ecb_stmt_reg_v2.csv
ecb_stmt,ecb_stmt_20230615,2023-06-15,ECB,statement,ecb_statements,9,Staff have slightly lowered their economic growth projections for this year and next year.,True,dovish,0.00045276005403138697,0.9990708827972412,0.00047634553629904985,-0.9986181227432098,ecb_stmt_reg_v2.csv
ecb_stmt,ecb_stmt_20230615,2023-06-15,ECB,statement,ecb_statements,10,"They now expect the economy to grow by 0.9% in 2023, 1.5% in 2024 and 1.6% in 2025.",True,hawkish,0.6560186147689819,0.12338268011808395,0.2205987423658371,0.532635934650898,ecb_stmt_reg_v2.csv
ecb_stmt,ecb_stmt_20230615,2023-06-15,ECB,statement,ecb_statements,11,"At the same time, the Governing Council’s past rate increases are being transmitted forcefully to financing conditions and are gradually having an impact across the economy.",False,hawkish,0.9740322232246399,0.0037872479297220707,0.022180594503879547,0.9702449752949178,ecb_stmt_reg_v2.csv
ecb_stmt,ecb_stmt_20230615,2023-06-15,ECB,statement,ecb_statements,12,Borrowing costs have increased steeply and growth in loans is slowing.,False,hawkish,0.6623545289039612,0.27076998353004456,0.06687546521425247,0.3915845453739166,ecb_stmt_reg_v2.csv
ecb_stmt,ecb_stmt_20230615,2023-06-15,ECB,statement,ecb_statements,13,"Tighter financing conditions are a key reason why inflation is projected to decline further towards target, as they are expected to increasingly dampen demand.",True,dovish,0.0015618869801983237,0.9971279501914978,0.0013101131189614534,-0.9955660632112995,ecb_stmt_reg_v2.csv
ecb_stmt,ecb_stmt_20230615,2023-06-15,ECB,statement,ecb_statements,14,The Governing Council’s future decisions will ensure that the key ECB interest rates will be brought to levels sufficiently restrictive to achieve a timely return of inflation to the 2% medium-term target and will be kept at those levels for as long as necessary.,True,hawkish,0.9884376525878906,0.009949206374585629,0.0016130985459312797,0.978488446213305,ecb_stmt_reg_v2.csv
ecb_stmt,ecb_stmt_20230615,2023-06-15,ECB,statement,ecb_statements,15,The Governing Council will continue to follow a data-dependent approach to determining the appropriate level and duration of restriction.,True,neutral,0.009335426613688469,0.03656351566314697,0.9541010856628418,-0.027228089049458504,ecb_stmt_reg_v2.csv
ecb_stmt,ecb_stmt_20230615,2023-06-15,ECB,statement,ecb_statements,16,"In particular, its interest rate decisions will continue to be based on its assessment of the inflation outlook in light of the incoming economic and financial data, the dynamics of underlying inflation, and the strength of monetary policy transmission.",True,neutral,0.003216555342078209,0.001839911099523306,0.9949435591697693,0.001376644242554903,ecb_stmt_reg_v2.csv
ecb_stmt,ecb_stmt_20230615,2023-06-15,ECB,statement,ecb_statements,17,The Governing Council confirms that it will discontinue the reinvestments under the asset purchase programme as of July 2023.,True,dovish,0.006500245537608862,0.8389838337898254,0.15451589226722717,-0.8324835882522166,ecb_stmt_reg_v2.csv
ecb_stmt,ecb_stmt_20230615,2023-06-15,ECB,statement,ecb_statements,18,The Governing Council decided to raise the three key ECB interest rates by 25 basis points.,False,hawkish,0.999285876750946,0.00034451577812433243,0.00036961151636205614,0.9989413609728217,ecb_stmt_reg_v2.csv
ecb_stmt,ecb_stmt_20230615,2023-06-15,ECB,statement,ecb_statements,19,"Accordingly, the interest rate on the main refinancing operations and the interest rates on the marginal lending facility and the deposit facility will be increased to 4.00%, 4.25% and 3.50% respectively, with effect from 21 June 2023.",True,hawkish,0.9990434050559998,0.0004885817179456353,0.00046803258010186255,0.9985548233380541,ecb_stmt_reg_v2.csv
ecb_stmt,ecb_stmt_20230615,2023-06-15,ECB,statement,ecb_statements,20,"Asset purchase programme (APP) and pandemic emergency purchase programme (PEPP) The APP portfolio is declining at a measured and predictable pace, as the Eurosystem does not reinvest all of the principal payments from maturing securities.",False,dovish,0.0043611424043774605,0.865037739276886,0.13060115277767181,-0.8606765968725085,ecb_stmt_reg_v2.csv
ecb_stmt,ecb_stmt_20230615,2023-06-15,ECB,statement,ecb_statements,21,The decline will amount to €15 billion per month on average until the end of June 2023.,True,dovish,0.09178977459669113,0.8070043325424194,0.10120591521263123,-0.7152145579457283,ecb_stmt_reg_v2.csv
ecb_stmt,ecb_stmt_20230615,2023-06-15,ECB,statement,ecb_statements,22,The Governing Council will discontinue the reinvestments under the APP as of July 2023.,True,neutral,0.002790244296193123,0.49032798409461975,0.5068817138671875,-0.48753773979842663,ecb_stmt_reg_v2.csv
ecb_stmt,ecb_stmt_20230615,2023-06-15,ECB,statement,ecb_statements,23,"As concerns the PEPP, the Governing Council intends to reinvest the principal payments from maturing securities purchased under the programme until at least the end of 2024.",True,neutral,0.00514942966401577,0.005846476182341576,0.9890040755271912,-0.0006970465183258057,ecb_stmt_reg_v2.csv
ecb_stmt,ecb_stmt_20230615,2023-06-15,ECB,statement,ecb_statements,24,"In any case, the future roll-off of the PEPP portfolio will be managed to avoid interference with the appropriate monetary policy stance.",True,neutral,0.001287967897951603,0.008818870410323143,0.9898931980133057,-0.00753090251237154,ecb_stmt_reg_v2.csv
ecb_stmt,ecb_stmt_20230615,2023-06-15,ECB,statement,ecb_statements,25,"The Governing Council will continue applying flexibility in reinvesting redemptions coming due in the PEPP portfolio, with a view to countering risks to the monetary policy transmission mechanism related to the pandemic.",True,neutral,0.004952158313244581,0.013740275986492634,0.9813076257705688,-0.008788117673248053,ecb_stmt_reg_v2.csv
ecb_stmt,ecb_stmt_20230615,2023-06-15,ECB,statement,ecb_statements,26,"As banks are repaying the amounts borrowed under the targeted longer-term refinancing operations, the Governing Council will regularly assess how targeted lending operations and their ongoing repayment are contributing to its monetary policy stance.",True,neutral,0.0006481671589426696,0.000868803879711777,0.9984830021858215,-0.00022063672076910734,ecb_stmt_reg_v2.csv
ecb_stmt,ecb_stmt_20230615,2023-06-15,ECB,statement,ecb_statements,27,The Governing Council stands ready to adjust all of its instruments within its mandate to ensure that inflation returns to its 2% target over the medium term and to preserve the smooth functioning of monetary policy transmission.,True,hawkish,0.8762261271476746,0.11055972427129745,0.013214151374995708,0.7656664028763771,ecb_stmt_reg_v2.csv
ecb_stmt,ecb_stmt_20230615,2023-06-15,ECB,statement,ecb_statements,28,"Moreover, the Transmission Protection Instrument is available to counter unwarranted, disorderly market dynamics that pose a serious threat to the transmission of monetary policy across all euro area countries, thus allowing the Governing Council to more effectively deliver on its price stability mandate.",False,neutral,0.27088093757629395,0.30545324087142944,0.423665851354599,-0.0345723032951355,ecb_stmt_reg_v2.csv
ecb_stmt,ecb_stmt_20230615,2023-06-15,ECB,statement,ecb_statements,29,The President of the ECB will comment on the considerations underlying these decisions at a press conference starting at 14:45 CET today.,True,neutral,0.0006565111107192934,0.0017398408381268382,0.9976036548614502,-0.0010833297274075449,ecb_stmt_reg_v2.csv
ecb_stmt,ecb_stmt_20230615,2023-06-15,ECB,statement,ecb_statements,30,Disclaimer Please note that related topic tags are currently available for selected content only.,False,neutral,0.007912392728030682,0.016652677208185196,0.9754348993301392,-0.008740284480154514,ecb_stmt_reg_v2.csv
ecb_stmt,ecb_stmt_20230615,2023-06-15,ECB,statement,ecb_statements,31,Directorate General Communications Reproduction is permitted provided that the source is acknowledged.,False,neutral,0.047414593398571014,0.06088154762983322,0.8917038440704346,-0.013466954231262207,ecb_stmt_reg_v2.csv
ecb_stmt,ecb_stmt_20230727,2023-07-27,ECB,statement,ecb_statements,1,Inflation continues to decline but is still expected to remain too high for too long.,True,dovish,0.0038275711704045534,0.5719584226608276,0.42421406507492065,-0.5681308514904231,ecb_stmt_reg_v2.csv
ecb_stmt,ecb_stmt_20230727,2023-07-27,ECB,statement,ecb_statements,2,The Governing Council is determined to ensure that inflation returns to its 2% medium-term target in a timely manner.,False,hawkish,0.9909754395484924,0.005858129821717739,0.003166402690112591,0.9851173097267747,ecb_stmt_reg_v2.csv
ecb_stmt,ecb_stmt_20230727,2023-07-27,ECB,statement,ecb_statements,3,It therefore today decided to raise the three key ECB interest rates by 25 basis points.,False,hawkish,0.9994324445724487,0.00032559229293838143,0.00024195965670514852,0.9991068522795103,ecb_stmt_reg_v2.csv
ecb_stmt,ecb_stmt_20230727,2023-07-27,ECB,statement,ecb_statements,4,"The rate increase today reflects the Governing Council’s assessment of the inflation outlook, the dynamics of underlying inflation, and the strength of monetary policy transmission.",True,hawkish,0.9976881742477417,0.001132231904193759,0.0011796365724876523,0.9965559423435479,ecb_stmt_reg_v2.csv
ecb_stmt,ecb_stmt_20230727,2023-07-27,ECB,statement,ecb_statements,5,The developments since the last meeting support the expectation that inflation will drop further over the remainder of the year but will stay above target for an extended period.,True,dovish,0.0063676489517092705,0.7819393873214722,0.2116928994655609,-0.7755717383697629,ecb_stmt_reg_v2.csv
ecb_stmt,ecb_stmt_20230727,2023-07-27,ECB,statement,ecb_statements,6,"While some measures show signs of easing, underlying inflation remains high overall.",False,neutral,0.0023202351294457912,0.17564252018928528,0.8220372200012207,-0.1733222850598395,ecb_stmt_reg_v2.csv
ecb_stmt,ecb_stmt_20230727,2023-07-27,ECB,statement,ecb_statements,7,"The past rate increases continue to be transmitted forcefully: financing conditions have tightened again and are increasingly dampening demand, which is an important factor in bringing inflation back to target.",False,hawkish,0.978085458278656,0.015747644007205963,0.006166866049170494,0.96233781427145,ecb_stmt_reg_v2.csv
ecb_stmt,ecb_stmt_20230727,2023-07-27,ECB,statement,ecb_statements,8,The Governing Council’s future decisions will ensure that the key ECB interest rates will be set at sufficiently restrictive levels for as long as necessary to achieve a timely return of inflation to the 2% medium-term target.,True,hawkish,0.9913744330406189,0.005894928704947233,0.002730708569288254,0.9854795043356717,ecb_stmt_reg_v2.csv
ecb_stmt,ecb_stmt_20230727,2023-07-27,ECB,statement,ecb_statements,9,The Governing Council will continue to follow a data-dependent approach to determining the appropriate level and duration of restriction.,True,neutral,0.009335426613688469,0.03656351566314697,0.9541010856628418,-0.027228089049458504,ecb_stmt_reg_v2.csv
ecb_stmt,ecb_stmt_20230727,2023-07-27,ECB,statement,ecb_statements,10,"In particular, its interest rate decisions will continue to be based on its assessment of the inflation outlook in light of the incoming economic and financial data, the dynamics of underlying inflation, and the strength of monetary policy transmission.",True,neutral,0.003216555342078209,0.001839911099523306,0.9949435591697693,0.001376644242554903,ecb_stmt_reg_v2.csv
ecb_stmt,ecb_stmt_20230727,2023-07-27,ECB,statement,ecb_statements,11,The Governing Council also decided to set the remuneration of minimum reserves at 0%.,False,dovish,0.05577084794640541,0.7564777731895447,0.18775133788585663,-0.7007069252431393,ecb_stmt_reg_v2.csv
ecb_stmt,ecb_stmt_20230727,2023-07-27,ECB,statement,ecb_statements,12,This decision will preserve the effectiveness of monetary policy by maintaining the current degree of control over the monetary policy stance and ensuring the full pass-through of the interest rate decisions to money markets.,True,neutral,0.10598857700824738,0.16224581003189087,0.731765627861023,-0.056257233023643494,ecb_stmt_reg_v2.csv
ecb_stmt,ecb_stmt_20230727,2023-07-27,ECB,statement,ecb_statements,13,"At the same time, it will improve the efficiency of monetary policy by reducing the overall amount of interest that needs to be paid on reserves in order to implement the appropriate stance.",True,dovish,0.19494423270225525,0.547803521156311,0.2572523057460785,-0.3528592884540558,ecb_stmt_reg_v2.csv
ecb_stmt,ecb_stmt_20230727,2023-07-27,ECB,statement,ecb_statements,14,The details of the change to the remuneration of minimum reserves are provided in a separate press release to be published at 15:45 CET.,False,neutral,0.0011013597249984741,0.0015112721594050527,0.9973874092102051,-0.00040991243440657854,ecb_stmt_reg_v2.csv
ecb_stmt,ecb_stmt_20230727,2023-07-27,ECB,statement,ecb_statements,15,The Governing Council decided to raise the three key ECB interest rates by 25 basis points.,False,hawkish,0.999285876750946,0.00034451577812433243,0.00036961151636205614,0.9989413609728217,ecb_stmt_reg_v2.csv
ecb_stmt,ecb_stmt_20230727,2023-07-27,ECB,statement,ecb_statements,16,"Accordingly, the interest rate on the main refinancing operations and the interest rates on the marginal lending facility and the deposit facility will be increased to 4.25%, 4.50% and 3.75% respectively, with effect from 2 August 2023.",True,hawkish,0.9990301132202148,0.0004972394090145826,0.0004726193437818438,0.9985328738112003,ecb_stmt_reg_v2.csv
ecb_stmt,ecb_stmt_20230727,2023-07-27,ECB,statement,ecb_statements,17,"Asset purchase programme (APP) and pandemic emergency purchase programme (PEPP) The APP portfolio is declining at a measured and predictable pace, as the Eurosystem no longer reinvests the principal payments from maturing securities.",False,dovish,0.004060480277985334,0.9639388918876648,0.0320005901157856,-0.9598784116096795,ecb_stmt_reg_v2.csv
ecb_stmt,ecb_stmt_20230727,2023-07-27,ECB,statement,ecb_statements,18,"As concerns the PEPP, the Governing Council intends to reinvest the principal payments from maturing securities purchased under the programme until at least the end of 2024.",True,neutral,0.00514942966401577,0.005846476182341576,0.9890040755271912,-0.0006970465183258057,ecb_stmt_reg_v2.csv
ecb_stmt,ecb_stmt_20230727,2023-07-27,ECB,statement,ecb_statements,19,"In any case, the future roll-off of the PEPP portfolio will be managed to avoid interference with the appropriate monetary policy stance.",True,neutral,0.001287967897951603,0.008818870410323143,0.9898931980133057,-0.00753090251237154,ecb_stmt_reg_v2.csv
ecb_stmt,ecb_stmt_20230727,2023-07-27,ECB,statement,ecb_statements,20,"The Governing Council will continue applying flexibility in reinvesting redemptions coming due in the PEPP portfolio, with a view to countering risks to the monetary policy transmission mechanism related to the pandemic.",True,neutral,0.004952158313244581,0.013740275986492634,0.9813076257705688,-0.008788117673248053,ecb_stmt_reg_v2.csv
ecb_stmt,ecb_stmt_20230727,2023-07-27,ECB,statement,ecb_statements,21,"As banks are repaying the amounts borrowed under the targeted longer-term refinancing operations, the Governing Council will regularly assess how targeted lending operations and their ongoing repayment are contributing to its monetary policy stance.",True,neutral,0.0006481671589426696,0.000868803879711777,0.9984830021858215,-0.00022063672076910734,ecb_stmt_reg_v2.csv
ecb_stmt,ecb_stmt_20230727,2023-07-27,ECB,statement,ecb_statements,22,The Governing Council stands ready to adjust all of its instruments within its mandate to ensure that inflation returns to its 2% target over the medium term and to preserve the smooth functioning of monetary policy transmission.,True,hawkish,0.8762261271476746,0.11055972427129745,0.013214151374995708,0.7656664028763771,ecb_stmt_reg_v2.csv
ecb_stmt,ecb_stmt_20230727,2023-07-27,ECB,statement,ecb_statements,23,"Moreover, the Transmission Protection Instrument is available to counter unwarranted, disorderly market dynamics that pose a serious threat to the transmission of monetary policy across all euro area countries, thus allowing the Governing Council to more effectively deliver on its price stability mandate.",False,neutral,0.27088093757629395,0.30545324087142944,0.423665851354599,-0.0345723032951355,ecb_stmt_reg_v2.csv
ecb_stmt,ecb_stmt_20230727,2023-07-27,ECB,statement,ecb_statements,24,The President of the ECB will comment on the considerations underlying these decisions at a press conference starting at 14:45 CET today.,True,neutral,0.0006565111107192934,0.0017398408381268382,0.9976036548614502,-0.0010833297274075449,ecb_stmt_reg_v2.csv
ecb_stmt,ecb_stmt_20230727,2023-07-27,ECB,statement,ecb_statements,25,Disclaimer Please note that related topic tags are currently available for selected content only.,False,neutral,0.007912392728030682,0.016652677208185196,0.9754348993301392,-0.008740284480154514,ecb_stmt_reg_v2.csv
ecb_stmt,ecb_stmt_20230727,2023-07-27,ECB,statement,ecb_statements,26,Directorate General Communications Reproduction is permitted provided that the source is acknowledged.,False,neutral,0.047414593398571014,0.06088154762983322,0.8917038440704346,-0.013466954231262207,ecb_stmt_reg_v2.csv
ecb_stmt,ecb_stmt_20230914,2023-09-14,ECB,statement,ecb_statements,1,Inflation continues to decline but is still expected to remain too high for too long.,True,dovish,0.0038275711704045534,0.5719584226608276,0.42421406507492065,-0.5681308514904231,ecb_stmt_reg_v2.csv
ecb_stmt,ecb_stmt_20230914,2023-09-14,ECB,statement,ecb_statements,2,The Governing Council is determined to ensure that inflation returns to its 2% medium-term target in a timely manner.,False,hawkish,0.9909754395484924,0.005858129821717739,0.003166402690112591,0.9851173097267747,ecb_stmt_reg_v2.csv
ecb_stmt,ecb_stmt_20230914,2023-09-14,ECB,statement,ecb_statements,3,"In order to reinforce progress towards its target, the Governing Council today decided to raise the three key ECB interest rates by 25 basis points.",False,hawkish,0.9991313219070435,0.0005242177285254002,0.0003444625181145966,0.9986071041785181,ecb_stmt_reg_v2.csv
ecb_stmt,ecb_stmt_20230914,2023-09-14,ECB,statement,ecb_statements,4,"The rate increase today reflects the Governing Council’s assessment of the inflation outlook in light of the incoming economic and financial data, the dynamics of underlying inflation, and the strength of monetary policy transmission.",True,hawkish,0.9982201457023621,0.0009670750005170703,0.0008127698092721403,0.997253070701845,ecb_stmt_reg_v2.csv
ecb_stmt,ecb_stmt_20230914,2023-09-14,ECB,statement,ecb_statements,5,"The September ECB staff macroeconomic projections for the euro area see average inflation at 5.6% in 2023, 3.2% in 2024 and 2.1% in 2025.",True,neutral,0.0039061654824763536,0.019529597833752632,0.9765642285346985,-0.015623432351276278,ecb_stmt_reg_v2.csv
ecb_stmt,ecb_stmt_20230914,2023-09-14,ECB,statement,ecb_statements,6,This is an upward revision for 2023 and 2024 and a downward revision for 2025.,False,hawkish,0.6041519045829773,0.09780533611774445,0.29804274439811707,0.5063465684652328,ecb_stmt_reg_v2.csv
ecb_stmt,ecb_stmt_20230914,2023-09-14,ECB,statement,ecb_statements,7,The upward revision for 2023 and 2024 mainly reflects a higher path for energy prices.,True,hawkish,0.9974390268325806,0.0015869780909270048,0.0009738971712067723,0.9958520487416536,ecb_stmt_reg_v2.csv
ecb_stmt,ecb_stmt_20230914,2023-09-14,ECB,statement,ecb_statements,8,"Underlying price pressures remain high, even though most indicators have started to ease.",False,dovish,0.08980344980955124,0.6270227432250977,0.2831738293170929,-0.5372192934155464,ecb_stmt_reg_v2.csv
ecb_stmt,ecb_stmt_20230914,2023-09-14,ECB,statement,ecb_statements,9,"ECB staff have slightly revised down the projected path for inflation excluding energy and food, to an average of 5.1% in 2023, 2.9% in 2024 and 2.2% in 2025.",True,dovish,0.0004876885795965791,0.9972172379493713,0.0022950388956815004,-0.9967295493697748,ecb_stmt_reg_v2.csv
ecb_stmt,ecb_stmt_20230914,2023-09-14,ECB,statement,ecb_statements,10,The Governing Council’s past interest rate increases continue to be transmitted forcefully.,False,hawkish,0.9979307651519775,0.0012832985958084464,0.0007859984179958701,0.9966474665561691,ecb_stmt_reg_v2.csv
ecb_stmt,ecb_stmt_20230914,2023-09-14,ECB,statement,ecb_statements,11,"Financing conditions have tightened further and are increasingly dampening demand, which is an important factor in bringing inflation back to target.",True,dovish,0.029146097600460052,0.9400694966316223,0.03078441508114338,-0.9109233990311623,ecb_stmt_reg_v2.csv
ecb_stmt,ecb_stmt_20230914,2023-09-14,ECB,statement,ecb_statements,12,"With the increasing impact of this tightening on domestic demand and the weakening international trade environment, ECB staff have lowered their economic growth projections significantly.",True,dovish,0.0004662988940253854,0.9992384314537048,0.00029524206183850765,-0.9987721325596794,ecb_stmt_reg_v2.csv
ecb_stmt,ecb_stmt_20230914,2023-09-14,ECB,statement,ecb_statements,13,"They now expect the euro area economy to expand by 0.7% in 2023, 1.0% in 2024 and 1.5% in 2025.",True,hawkish,0.9471011757850647,0.03011922724545002,0.022779634222388268,0.9169819485396147,ecb_stmt_reg_v2.csv
ecb_stmt,ecb_stmt_20230914,2023-09-14,ECB,statement,ecb_statements,14,"Based on its current assessment, the Governing Council considers that the key ECB interest rates have reached levels that, maintained for a sufficiently long duration, will make a substantial contribution to the timely return of inflation to the target.",True,hawkish,0.9893583655357361,0.00665323669090867,0.003988378215581179,0.9827051288448274,ecb_stmt_reg_v2.csv
ecb_stmt,ecb_stmt_20230914,2023-09-14,ECB,statement,ecb_statements,15,The Governing Council’s future decisions will ensure that the key ECB interest rates will be set at sufficiently restrictive levels for as long as necessary.,True,hawkish,0.982520580291748,0.00827926304191351,0.009200177155435085,0.9742413172498345,ecb_stmt_reg_v2.csv
ecb_stmt,ecb_stmt_20230914,2023-09-14,ECB,statement,ecb_statements,16,The Governing Council will continue to follow a data-dependent approach to determining the appropriate level and duration of restriction.,True,neutral,0.009335426613688469,0.03656351566314697,0.9541010856628418,-0.027228089049458504,ecb_stmt_reg_v2.csv
ecb_stmt,ecb_stmt_20230914,2023-09-14,ECB,statement,ecb_statements,17,"In particular, the Governing Council’s interest rate decisions will be based on its assessment of the inflation outlook in light of the incoming economic and financial data, the dynamics of underlying inflation, and the strength of monetary policy transmission.",True,neutral,0.011421146802604198,0.0027581723406910896,0.9858207106590271,0.008662974461913109,ecb_stmt_reg_v2.csv
ecb_stmt,ecb_stmt_20230914,2023-09-14,ECB,statement,ecb_statements,18,The Governing Council decided to raise the three key ECB interest rates by 25 basis points.,False,hawkish,0.999285876750946,0.00034451577812433243,0.00036961151636205614,0.9989413609728217,ecb_stmt_reg_v2.csv
ecb_stmt,ecb_stmt_20230914,2023-09-14,ECB,statement,ecb_statements,19,"Accordingly, the interest rate on the main refinancing operations and the interest rates on the marginal lending facility and the deposit facility will be increased to 4.50%, 4.75% and 4.00% respectively, with effect from 20 September 2023.",True,hawkish,0.9990358352661133,0.0004933726158924401,0.00047077942872419953,0.9985424626502208,ecb_stmt_reg_v2.csv
ecb_stmt,ecb_stmt_20230914,2023-09-14,ECB,statement,ecb_statements,20,"Asset purchase programme (APP) and pandemic emergency purchase programme (PEPP) The APP portfolio is declining at a measured and predictable pace, as the Eurosystem no longer reinvests the principal payments from maturing securities.",False,dovish,0.004060480277985334,0.9639388918876648,0.0320005901157856,-0.9598784116096795,ecb_stmt_reg_v2.csv
ecb_stmt,ecb_stmt_20230914,2023-09-14,ECB,statement,ecb_statements,21,"As concerns the PEPP, the Governing Council intends to reinvest the principal payments from maturing securities purchased under the programme until at least the end of 2024.",True,neutral,0.00514942966401577,0.005846476182341576,0.9890040755271912,-0.0006970465183258057,ecb_stmt_reg_v2.csv
ecb_stmt,ecb_stmt_20230914,2023-09-14,ECB,statement,ecb_statements,22,"In any case, the future roll-off of the PEPP portfolio will be managed to avoid interference with the appropriate monetary policy stance.",True,neutral,0.001287967897951603,0.008818870410323143,0.9898931980133057,-0.00753090251237154,ecb_stmt_reg_v2.csv
ecb_stmt,ecb_stmt_20230914,2023-09-14,ECB,statement,ecb_statements,23,"The Governing Council will continue applying flexibility in reinvesting redemptions coming due in the PEPP portfolio, with a view to countering risks to the monetary policy transmission mechanism related to the pandemic.",True,neutral,0.004952158313244581,0.013740275986492634,0.9813076257705688,-0.008788117673248053,ecb_stmt_reg_v2.csv
ecb_stmt,ecb_stmt_20230914,2023-09-14,ECB,statement,ecb_statements,24,"As banks are repaying the amounts borrowed under the targeted longer-term refinancing operations, the Governing Council will regularly assess how targeted lending operations and their ongoing repayment are contributing to its monetary policy stance.",True,neutral,0.0006481671589426696,0.000868803879711777,0.9984830021858215,-0.00022063672076910734,ecb_stmt_reg_v2.csv
ecb_stmt,ecb_stmt_20230914,2023-09-14,ECB,statement,ecb_statements,25,The Governing Council stands ready to adjust all of its instruments within its mandate to ensure that inflation returns to its 2% target over the medium term and to preserve the smooth functioning of monetary policy transmission.,True,hawkish,0.8762261271476746,0.11055972427129745,0.013214151374995708,0.7656664028763771,ecb_stmt_reg_v2.csv
ecb_stmt,ecb_stmt_20230914,2023-09-14,ECB,statement,ecb_statements,26,"Moreover, the Transmission Protection Instrument is available to counter unwarranted, disorderly market dynamics that pose a serious threat to the transmission of monetary policy across all euro area countries, thus allowing the Governing Council to more effectively deliver on its price stability mandate.",False,neutral,0.27088093757629395,0.30545324087142944,0.423665851354599,-0.0345723032951355,ecb_stmt_reg_v2.csv
ecb_stmt,ecb_stmt_20230914,2023-09-14,ECB,statement,ecb_statements,27,The President of the ECB will comment on the considerations underlying these decisions at a press conference starting at 14:45 CET today.,True,neutral,0.0006565111107192934,0.0017398408381268382,0.9976036548614502,-0.0010833297274075449,ecb_stmt_reg_v2.csv
ecb_stmt,ecb_stmt_20230914,2023-09-14,ECB,statement,ecb_statements,28,Disclaimer Please note that related topic tags are currently available for selected content only.,False,neutral,0.007912392728030682,0.016652677208185196,0.9754348993301392,-0.008740284480154514,ecb_stmt_reg_v2.csv
ecb_stmt,ecb_stmt_20230914,2023-09-14,ECB,statement,ecb_statements,29,Directorate General Communications Reproduction is permitted provided that the source is acknowledged.,False,neutral,0.047414593398571014,0.06088154762983322,0.8917038440704346,-0.013466954231262207,ecb_stmt_reg_v2.csv
ecb_stmt,ecb_stmt_20231026,2023-10-26,ECB,statement,ecb_statements,1,The Governing Council today decided to keep the three key ECB interest rates unchanged.,False,neutral,0.0003547308733686805,0.0023865627590566874,0.997258722782135,-0.002031831885688007,ecb_stmt_reg_v2.csv
ecb_stmt,ecb_stmt_20231026,2023-10-26,ECB,statement,ecb_statements,2,The incoming information has broadly confirmed its previous assessment of the medium-term inflation outlook.,True,neutral,0.0049182577058672905,0.005144233349710703,0.9899375438690186,-0.0002259756438434124,ecb_stmt_reg_v2.csv
ecb_stmt,ecb_stmt_20231026,2023-10-26,ECB,statement,ecb_statements,3,"Inflation is still expected to stay too high for too long, and domestic price pressures remain strong.",True,neutral,0.37331637740135193,0.24674707651138306,0.3799365758895874,0.12656930088996887,ecb_stmt_reg_v2.csv
ecb_stmt,ecb_stmt_20231026,2023-10-26,ECB,statement,ecb_statements,4,"At the same time, inflation dropped markedly in September, including due to strong base effects, and most measures of underlying inflation have continued to ease.",False,dovish,0.0007088377606123686,0.9981178641319275,0.0011732499115169048,-0.9974090263713151,ecb_stmt_reg_v2.csv
ecb_stmt,ecb_stmt_20231026,2023-10-26,ECB,statement,ecb_statements,5,The Governing Council’s past interest rate increases continue to be transmitted forcefully into financing conditions.,False,hawkish,0.9958860874176025,0.002014775760471821,0.0020991310011595488,0.9938713116571307,ecb_stmt_reg_v2.csv
ecb_stmt,ecb_stmt_20231026,2023-10-26,ECB,statement,ecb_statements,6,This is increasingly dampening demand and thereby helps push down inflation.,False,dovish,0.0037320053670555353,0.9931981563568115,0.003069864120334387,-0.989466150989756,ecb_stmt_reg_v2.csv
ecb_stmt,ecb_stmt_20231026,2023-10-26,ECB,statement,ecb_statements,7,The Governing Council is determined to ensure that inflation returns to its 2% medium-term target in a timely manner.,False,hawkish,0.9909754395484924,0.005858129821717739,0.003166402690112591,0.9851173097267747,ecb_stmt_reg_v2.csv
ecb_stmt,ecb_stmt_20231026,2023-10-26,ECB,statement,ecb_statements,8,"Based on its current assessment, the Governing Council considers that the key ECB interest rates are at levels that, maintained for a sufficiently long duration, will make a substantial contribution to this goal.",True,hawkish,0.9731549024581909,0.012154879979789257,0.014690247364342213,0.9610000224784017,ecb_stmt_reg_v2.csv
ecb_stmt,ecb_stmt_20231026,2023-10-26,ECB,statement,ecb_statements,9,The Governing Council’s future decisions will ensure that its policy rates will be set at sufficiently restrictive levels for as long as necessary.,True,neutral,0.2369992583990097,0.2738521099090576,0.48914864659309387,-0.03685285151004791,ecb_stmt_reg_v2.csv
ecb_stmt,ecb_stmt_20231026,2023-10-26,ECB,statement,ecb_statements,10,The Governing Council will continue to follow a data-dependent approach to determining the appropriate level and duration of restriction.,True,neutral,0.009335426613688469,0.03656351566314697,0.9541010856628418,-0.027228089049458504,ecb_stmt_reg_v2.csv
ecb_stmt,ecb_stmt_20231026,2023-10-26,ECB,statement,ecb_statements,11,"In particular, the Governing Council’s interest rate decisions will be based on its assessment of the inflation outlook in light of the incoming economic and financial data, the dynamics of underlying inflation and the strength of monetary policy transmission.",True,neutral,0.010850711725652218,0.0028140407521277666,0.986335277557373,0.008036670973524451,ecb_stmt_reg_v2.csv
ecb_stmt,ecb_stmt_20231026,2023-10-26,ECB,statement,ecb_statements,12,"The interest rate on the main refinancing operations and the interest rates on the marginal lending facility and the deposit facility will remain unchanged at 4.50%, 4.75% and 4.00% respectively.",True,neutral,0.0010414293501526117,0.0028308983892202377,0.9961276650428772,-0.001789469039067626,ecb_stmt_reg_v2.csv
ecb_stmt,ecb_stmt_20231026,2023-10-26,ECB,statement,ecb_statements,13,"Asset purchase programme (APP) and pandemic emergency purchase programme (PEPP) The APP portfolio is declining at a measured and predictable pace, as the Eurosystem no longer reinvests the principal payments from maturing securities.",False,dovish,0.004060480277985334,0.9639388918876648,0.0320005901157856,-0.9598784116096795,ecb_stmt_reg_v2.csv
ecb_stmt,ecb_stmt_20231026,2023-10-26,ECB,statement,ecb_statements,14,"As concerns the PEPP, the Governing Council intends to reinvest the principal payments from maturing securities purchased under the programme until at least the end of 2024.",True,neutral,0.00514942966401577,0.005846476182341576,0.9890040755271912,-0.0006970465183258057,ecb_stmt_reg_v2.csv
ecb_stmt,ecb_stmt_20231026,2023-10-26,ECB,statement,ecb_statements,15,"In any case, the future roll-off of the PEPP portfolio will be managed to avoid interference with the appropriate monetary policy stance.",True,neutral,0.001287967897951603,0.008818870410323143,0.9898931980133057,-0.00753090251237154,ecb_stmt_reg_v2.csv
ecb_stmt,ecb_stmt_20231026,2023-10-26,ECB,statement,ecb_statements,16,"The Governing Council will continue applying flexibility in reinvesting redemptions coming due in the PEPP portfolio, with a view to countering risks to the monetary policy transmission mechanism related to the pandemic.",True,neutral,0.004952158313244581,0.013740275986492634,0.9813076257705688,-0.008788117673248053,ecb_stmt_reg_v2.csv
ecb_stmt,ecb_stmt_20231026,2023-10-26,ECB,statement,ecb_statements,17,"As banks are repaying the amounts borrowed under the targeted longer-term refinancing operations, the Governing Council will regularly assess how targeted lending operations and their ongoing repayment are contributing to its monetary policy stance.",True,neutral,0.0006481671589426696,0.000868803879711777,0.9984830021858215,-0.00022063672076910734,ecb_stmt_reg_v2.csv
ecb_stmt,ecb_stmt_20231026,2023-10-26,ECB,statement,ecb_statements,18,The Governing Council stands ready to adjust all of its instruments within its mandate to ensure that inflation returns to its 2% target over the medium term and to preserve the smooth functioning of monetary policy transmission.,True,hawkish,0.8762261271476746,0.11055972427129745,0.013214151374995708,0.7656664028763771,ecb_stmt_reg_v2.csv
ecb_stmt,ecb_stmt_20231026,2023-10-26,ECB,statement,ecb_statements,19,"Moreover, the Transmission Protection Instrument is available to counter unwarranted, disorderly market dynamics that pose a serious threat to the transmission of monetary policy across all euro area countries, thus allowing the Governing Council to more effectively deliver on its price stability mandate.",False,neutral,0.27088093757629395,0.30545324087142944,0.423665851354599,-0.0345723032951355,ecb_stmt_reg_v2.csv
ecb_stmt,ecb_stmt_20231026,2023-10-26,ECB,statement,ecb_statements,20,The President of the ECB will comment on the considerations underlying these decisions at a press conference starting at 14:45 CET today.,True,neutral,0.0006565111107192934,0.0017398408381268382,0.9976036548614502,-0.0010833297274075449,ecb_stmt_reg_v2.csv
ecb_stmt,ecb_stmt_20231026,2023-10-26,ECB,statement,ecb_statements,21,Disclaimer Please note that related topic tags are currently available for selected content only.,False,neutral,0.007912392728030682,0.016652677208185196,0.9754348993301392,-0.008740284480154514,ecb_stmt_reg_v2.csv
ecb_stmt,ecb_stmt_20231026,2023-10-26,ECB,statement,ecb_statements,22,Directorate General Communications Reproduction is permitted provided that the source is acknowledged.,False,neutral,0.047414593398571014,0.06088154762983322,0.8917038440704346,-0.013466954231262207,ecb_stmt_reg_v2.csv
ecb_stmt,ecb_stmt_20231214,2023-12-14,ECB,statement,ecb_statements,1,The Governing Council today decided to keep the three key ECB interest rates unchanged.,False,neutral,0.0003547308733686805,0.0023865627590566874,0.997258722782135,-0.002031831885688007,ecb_stmt_reg_v2.csv
ecb_stmt,ecb_stmt_20231214,2023-12-14,ECB,statement,ecb_statements,2,"While inflation has dropped in recent months, it is likely to pick up again temporarily in the near term.",True,neutral,0.007661770563572645,0.03292561694979668,0.9594126343727112,-0.02526384638622403,ecb_stmt_reg_v2.csv
ecb_stmt,ecb_stmt_20231214,2023-12-14,ECB,statement,ecb_statements,3,"According to the latest Eurosystem staff projections for the euro area, inflation is expected to decline gradually over the course of next year, before approaching the Governing Council’s 2% target in 2025.",True,dovish,0.0010069438721984625,0.9612630605697632,0.037729982286691666,-0.9602561166975647,ecb_stmt_reg_v2.csv
ecb_stmt,ecb_stmt_20231214,2023-12-14,ECB,statement,ecb_statements,4,"Overall, staff expect headline inflation to average 5.4% in 2023, 2.7% in 2024, 2.1% in 2025 and 1.9% in 2026.",True,neutral,0.004232789855450392,0.03787409886717796,0.9578930735588074,-0.03364130901172757,ecb_stmt_reg_v2.csv
ecb_stmt,ecb_stmt_20231214,2023-12-14,ECB,statement,ecb_statements,5,"Compared with the September staff projections, this amounts to a downward revision for 2023 and especially for 2024.",True,dovish,0.0014902354450896382,0.9970425963401794,0.001467131543904543,-0.9955523608950898,ecb_stmt_reg_v2.csv
ecb_stmt,ecb_stmt_20231214,2023-12-14,ECB,statement,ecb_statements,6,Underlying inflation has eased further.,True,dovish,0.0004990032175555825,0.9986653923988342,0.0008356730686500669,-0.9981663891812786,ecb_stmt_reg_v2.csv
ecb_stmt,ecb_stmt_20231214,2023-12-14,ECB,statement,ecb_statements,7,"But domestic price pressures remain elevated, primarily owing to strong growth in unit labour costs.",False,hawkish,0.6293304562568665,0.25827670097351074,0.112392857670784,0.3710537552833557,ecb_stmt_reg_v2.csv
ecb_stmt,ecb_stmt_20231214,2023-12-14,ECB,statement,ecb_statements,8,"Eurosystem staff expect inflation excluding energy and food to average 5.0% in 2023, 2.7% in 2024, 2.3% in 2025 and 2.1% in 2026.",True,neutral,0.003037074115127325,0.05385971441864967,0.9431032538414001,-0.05082264030352235,ecb_stmt_reg_v2.csv
ecb_stmt,ecb_stmt_20231214,2023-12-14,ECB,statement,ecb_statements,9,The past interest rate increases continue to be transmitted forcefully to the economy.,False,hawkish,0.9862998127937317,0.008286797441542149,0.005413426551967859,0.9780130153521895,ecb_stmt_reg_v2.csv
ecb_stmt,ecb_stmt_20231214,2023-12-14,ECB,statement,ecb_statements,10,"Tighter financing conditions are dampening demand, and this is helping to push down inflation.",False,dovish,0.002584837842732668,0.9931032061576843,0.004311912227421999,-0.9905183683149517,ecb_stmt_reg_v2.csv
ecb_stmt,ecb_stmt_20231214,2023-12-14,ECB,statement,ecb_statements,11,Eurosystem staff expect economic growth to remain subdued in the near term.,True,dovish,0.0004970644367858768,0.9851177334785461,0.014385181479156017,-0.9846206690417603,ecb_stmt_reg_v2.csv
ecb_stmt,ecb_stmt_20231214,2023-12-14,ECB,statement,ecb_statements,12,"Beyond that, the economy is expected to recover because of rising real incomes – as people benefit from falling inflation and growing wages – and improving foreign demand.",True,dovish,0.14427509903907776,0.6145809888839722,0.24114391207695007,-0.4703058898448944,ecb_stmt_reg_v2.csv
ecb_stmt,ecb_stmt_20231214,2023-12-14,ECB,statement,ecb_statements,13,"Eurosystem staff therefore see growth picking up from an average of 0.6% for 2023 to 0.8% for 2024, and to 1.5% for both 2025 and 2026.",False,hawkish,0.9940062165260315,0.0031606159172952175,0.0028331580106168985,0.9908456006087363,ecb_stmt_reg_v2.csv
ecb_stmt,ecb_stmt_20231214,2023-12-14,ECB,statement,ecb_statements,14,The Governing Council is determined to ensure that inflation returns to its 2% medium-term target in a timely manner.,False,hawkish,0.9909754395484924,0.005858129821717739,0.003166402690112591,0.9851173097267747,ecb_stmt_reg_v2.csv
ecb_stmt,ecb_stmt_20231214,2023-12-14,ECB,statement,ecb_statements,15,"Based on its current assessment, the Governing Council considers that the key ECB interest rates are at levels that, maintained for a sufficiently long duration, will make a substantial contribution to this goal.",True,hawkish,0.9731549024581909,0.012154879979789257,0.014690247364342213,0.9610000224784017,ecb_stmt_reg_v2.csv
ecb_stmt,ecb_stmt_20231214,2023-12-14,ECB,statement,ecb_statements,16,The Governing Council’s future decisions will ensure that its policy rates will be set at sufficiently restrictive levels for as long as necessary.,True,neutral,0.2369992583990097,0.2738521099090576,0.48914864659309387,-0.03685285151004791,ecb_stmt_reg_v2.csv
ecb_stmt,ecb_stmt_20231214,2023-12-14,ECB,statement,ecb_statements,17,The Governing Council will continue to follow a data-dependent approach to determining the appropriate level and duration of restriction.,True,neutral,0.009335426613688469,0.03656351566314697,0.9541010856628418,-0.027228089049458504,ecb_stmt_reg_v2.csv
ecb_stmt,ecb_stmt_20231214,2023-12-14,ECB,statement,ecb_statements,18,"In particular, its interest rate decisions will be based on its assessment of the inflation outlook in light of the incoming economic and financial data, the dynamics of underlying inflation and the strength of monetary policy transmission.",True,neutral,0.006398617755621672,0.0022681686095893383,0.9913332462310791,0.004130449146032333,ecb_stmt_reg_v2.csv
ecb_stmt,ecb_stmt_20231214,2023-12-14,ECB,statement,ecb_statements,19,The key ECB interest rates are the primary tool for setting the monetary policy stance.,False,neutral,0.0020255278795957565,0.0006771429325453937,0.9972973465919495,0.0013483849470503628,ecb_stmt_reg_v2.csv
ecb_stmt,ecb_stmt_20231214,2023-12-14,ECB,statement,ecb_statements,20,The Governing Council also decided today to advance the normalisation of the Eurosystem’s balance sheet.,False,dovish,0.22499427199363708,0.40622010827064514,0.36878564953804016,-0.18122583627700806,ecb_stmt_reg_v2.csv
ecb_stmt,ecb_stmt_20231214,2023-12-14,ECB,statement,ecb_statements,21,"It intends to continue to reinvest, in full, the principal payments from maturing securities purchased under the pandemic emergency purchase programme (PEPP) during the first half of 2024.",True,hawkish,0.552926242351532,0.0409361757338047,0.4061375558376312,0.5119900666177273,ecb_stmt_reg_v2.csv
ecb_stmt,ecb_stmt_20231214,2023-12-14,ECB,statement,ecb_statements,22,"Over the second half of the year, it intends to reduce the PEPP portfolio by €7.5 billion per month on average.",True,dovish,0.19762833416461945,0.6417010426521301,0.1606706976890564,-0.4440727084875107,ecb_stmt_reg_v2.csv
ecb_stmt,ecb_stmt_20231214,2023-12-14,ECB,statement,ecb_statements,23,The Governing Council intends to discontinue reinvestments under the PEPP at the end of 2024.,True,dovish,0.004284142516553402,0.5390893816947937,0.4566265344619751,-0.5348052391782403,ecb_stmt_reg_v2.csv
ecb_stmt,ecb_stmt_20231214,2023-12-14,ECB,statement,ecb_statements,24,"The interest rate on the main refinancing operations and the interest rates on the marginal lending facility and the deposit facility will remain unchanged at 4.50%, 4.75% and 4.00% respectively.",True,neutral,0.0010414293501526117,0.0028308983892202377,0.9961276650428772,-0.001789469039067626,ecb_stmt_reg_v2.csv
ecb_stmt,ecb_stmt_20231214,2023-12-14,ECB,statement,ecb_statements,25,"Asset purchase programme (APP) and pandemic emergency purchase programme (PEPP) The APP portfolio is declining at a measured and predictable pace, as the Eurosystem no longer reinvests the principal payments from maturing securities.",False,dovish,0.004060480277985334,0.9639388918876648,0.0320005901157856,-0.9598784116096795,ecb_stmt_reg_v2.csv
ecb_stmt,ecb_stmt_20231214,2023-12-14,ECB,statement,ecb_statements,26,"The Governing Council intends to continue to reinvest, in full, the principal payments from maturing securities purchased under the PEPP during the first half of 2024.",True,neutral,0.05981552228331566,0.018118424341082573,0.9220660328865051,0.041697097942233086,ecb_stmt_reg_v2.csv
ecb_stmt,ecb_stmt_20231214,2023-12-14,ECB,statement,ecb_statements,27,"Over the second half of the year, it intends to reduce the PEPP portfolio by €7.5 billion per month on average.",True,dovish,0.19762833416461945,0.6417010426521301,0.1606706976890564,-0.4440727084875107,ecb_stmt_reg_v2.csv
ecb_stmt,ecb_stmt_20231214,2023-12-14,ECB,statement,ecb_statements,28,The Governing Council intends to discontinue reinvestments under the PEPP at the end of 2024.,True,dovish,0.004284142516553402,0.5390893816947937,0.4566265344619751,-0.5348052391782403,ecb_stmt_reg_v2.csv
ecb_stmt,ecb_stmt_20231214,2023-12-14,ECB,statement,ecb_statements,29,"The Governing Council will continue applying flexibility in reinvesting redemptions coming due in the PEPP portfolio, with a view to countering risks to the monetary policy transmission mechanism related to the pandemic.",True,neutral,0.004952158313244581,0.013740275986492634,0.9813076257705688,-0.008788117673248053,ecb_stmt_reg_v2.csv
ecb_stmt,ecb_stmt_20231214,2023-12-14,ECB,statement,ecb_statements,30,"As banks are repaying the amounts borrowed under the targeted longer-term refinancing operations, the Governing Council will regularly assess how targeted lending operations and their ongoing repayment are contributing to its monetary policy stance.",True,neutral,0.0006481671589426696,0.000868803879711777,0.9984830021858215,-0.00022063672076910734,ecb_stmt_reg_v2.csv
ecb_stmt,ecb_stmt_20231214,2023-12-14,ECB,statement,ecb_statements,31,The Governing Council stands ready to adjust all of its instruments within its mandate to ensure that inflation returns to its 2% target over the medium term and to preserve the smooth functioning of monetary policy transmission.,True,hawkish,0.8762261271476746,0.11055972427129745,0.013214151374995708,0.7656664028763771,ecb_stmt_reg_v2.csv
ecb_stmt,ecb_stmt_20231214,2023-12-14,ECB,statement,ecb_statements,32,"Moreover, the Transmission Protection Instrument is available to counter unwarranted, disorderly market dynamics that pose a serious threat to the transmission of monetary policy across all euro area countries, thus allowing the Governing Council to more effectively deliver on its price stability mandate.",False,neutral,0.27088093757629395,0.30545324087142944,0.423665851354599,-0.0345723032951355,ecb_stmt_reg_v2.csv
ecb_stmt,ecb_stmt_20231214,2023-12-14,ECB,statement,ecb_statements,33,The President of the ECB will comment on the considerations underlying these decisions at a press conference starting at 14:45 CET today.,True,neutral,0.0006565111107192934,0.0017398408381268382,0.9976036548614502,-0.0010833297274075449,ecb_stmt_reg_v2.csv
ecb_stmt,ecb_stmt_20231214,2023-12-14,ECB,statement,ecb_statements,34,Disclaimer Please note that related topic tags are currently available for selected content only.,False,neutral,0.007912392728030682,0.016652677208185196,0.9754348993301392,-0.008740284480154514,ecb_stmt_reg_v2.csv
ecb_stmt,ecb_stmt_20231214,2023-12-14,ECB,statement,ecb_statements,35,Directorate General Communications Reproduction is permitted provided that the source is acknowledged.,False,neutral,0.047414593398571014,0.06088154762983322,0.8917038440704346,-0.013466954231262207,ecb_stmt_reg_v2.csv
ecb_stmt,ecb_stmt_20240125,2024-01-25,ECB,statement,ecb_statements,1,The Governing Council today decided to keep the three key ECB interest rates unchanged.,False,neutral,0.0003547308733686805,0.0023865627590566874,0.997258722782135,-0.002031831885688007,ecb_stmt_reg_v2.csv
ecb_stmt,ecb_stmt_20240125,2024-01-25,ECB,statement,ecb_statements,2,The incoming information has broadly confirmed its previous assessment of the medium-term inflation outlook.,True,neutral,0.0049182577058672905,0.005144233349710703,0.9899375438690186,-0.0002259756438434124,ecb_stmt_reg_v2.csv
ecb_stmt,ecb_stmt_20240125,2024-01-25,ECB,statement,ecb_statements,3,"Aside from an energy-related upward base effect on headline inflation, the declining trend in underlying inflation has continued, and the past interest rate increases keep being transmitted forcefully into financing conditions.",False,dovish,0.06804049760103226,0.5554133057594299,0.376546174287796,-0.4873728081583977,ecb_stmt_reg_v2.csv
ecb_stmt,ecb_stmt_20240125,2024-01-25,ECB,statement,ecb_statements,4,"Tight financing conditions are dampening demand, and this is helping to push down inflation.",False,dovish,0.002729026135057211,0.9927006959915161,0.004570258781313896,-0.9899716698564589,ecb_stmt_reg_v2.csv
ecb_stmt,ecb_stmt_20240125,2024-01-25,ECB,statement,ecb_statements,5,The Governing Council is determined to ensure that inflation returns to its 2% medium-term target in a timely manner.,False,hawkish,0.9909754395484924,0.005858129821717739,0.003166402690112591,0.9851173097267747,ecb_stmt_reg_v2.csv
ecb_stmt,ecb_stmt_20240125,2024-01-25,ECB,statement,ecb_statements,6,"Based on its current assessment, the Governing Council considers that the key ECB interest rates are at levels that, maintained for a sufficiently long duration, will make a substantial contribution to this goal.",True,hawkish,0.9731549024581909,0.012154879979789257,0.014690247364342213,0.9610000224784017,ecb_stmt_reg_v2.csv
ecb_stmt,ecb_stmt_20240125,2024-01-25,ECB,statement,ecb_statements,7,The Governing Council’s future decisions will ensure that its policy rates will be set at sufficiently restrictive levels for as long as necessary.,True,neutral,0.2369992583990097,0.2738521099090576,0.48914864659309387,-0.03685285151004791,ecb_stmt_reg_v2.csv
ecb_stmt,ecb_stmt_20240125,2024-01-25,ECB,statement,ecb_statements,8,The Governing Council will continue to follow a data-dependent approach to determining the appropriate level and duration of restriction.,True,neutral,0.009335426613688469,0.03656351566314697,0.9541010856628418,-0.027228089049458504,ecb_stmt_reg_v2.csv
ecb_stmt,ecb_stmt_20240125,2024-01-25,ECB,statement,ecb_statements,9,"In particular, the Governing Council’s interest rate decisions will be based on its assessment of the inflation outlook in light of the incoming economic and financial data, the dynamics of underlying inflation and the strength of monetary policy transmission.",True,neutral,0.010850711725652218,0.0028140407521277666,0.986335277557373,0.008036670973524451,ecb_stmt_reg_v2.csv
ecb_stmt,ecb_stmt_20240125,2024-01-25,ECB,statement,ecb_statements,10,"The interest rate on the main refinancing operations and the interest rates on the marginal lending facility and the deposit facility will remain unchanged at 4.50%, 4.75% and 4.00% respectively.",True,neutral,0.0010414293501526117,0.0028308983892202377,0.9961276650428772,-0.001789469039067626,ecb_stmt_reg_v2.csv
ecb_stmt,ecb_stmt_20240125,2024-01-25,ECB,statement,ecb_statements,11,"Asset purchase programme (APP) and pandemic emergency purchase programme (PEPP) The APP portfolio is declining at a measured and predictable pace, as the Eurosystem no longer reinvests the principal payments from maturing securities.",False,dovish,0.004060480277985334,0.9639388918876648,0.0320005901157856,-0.9598784116096795,ecb_stmt_reg_v2.csv
ecb_stmt,ecb_stmt_20240125,2024-01-25,ECB,statement,ecb_statements,12,"The Governing Council intends to continue to reinvest, in full, the principal payments from maturing securities purchased under the PEPP during the first half of 2024.",True,neutral,0.05981552228331566,0.018118424341082573,0.9220660328865051,0.041697097942233086,ecb_stmt_reg_v2.csv
ecb_stmt,ecb_stmt_20240125,2024-01-25,ECB,statement,ecb_statements,13,"Over the second half of the year, it intends to reduce the PEPP portfolio by €7.5 billion per month on average.",True,dovish,0.19762833416461945,0.6417010426521301,0.1606706976890564,-0.4440727084875107,ecb_stmt_reg_v2.csv
ecb_stmt,ecb_stmt_20240125,2024-01-25,ECB,statement,ecb_statements,14,The Governing Council intends to discontinue reinvestments under the PEPP at the end of 2024.,True,dovish,0.004284142516553402,0.5390893816947937,0.4566265344619751,-0.5348052391782403,ecb_stmt_reg_v2.csv
ecb_stmt,ecb_stmt_20240125,2024-01-25,ECB,statement,ecb_statements,15,"The Governing Council will continue applying flexibility in reinvesting redemptions coming due in the PEPP portfolio, with a view to countering risks to the monetary policy transmission mechanism related to the pandemic.",True,neutral,0.004952158313244581,0.013740275986492634,0.9813076257705688,-0.008788117673248053,ecb_stmt_reg_v2.csv
ecb_stmt,ecb_stmt_20240125,2024-01-25,ECB,statement,ecb_statements,16,"As banks are repaying the amounts borrowed under the targeted longer-term refinancing operations, the Governing Council will regularly assess how targeted lending operations and their ongoing repayment are contributing to its monetary policy stance.",True,neutral,0.0006481671589426696,0.000868803879711777,0.9984830021858215,-0.00022063672076910734,ecb_stmt_reg_v2.csv
ecb_stmt,ecb_stmt_20240125,2024-01-25,ECB,statement,ecb_statements,17,The Governing Council stands ready to adjust all of its instruments within its mandate to ensure that inflation returns to its 2% target over the medium term and to preserve the smooth functioning of monetary policy transmission.,True,hawkish,0.8762261271476746,0.11055972427129745,0.013214151374995708,0.7656664028763771,ecb_stmt_reg_v2.csv
ecb_stmt,ecb_stmt_20240125,2024-01-25,ECB,statement,ecb_statements,18,"Moreover, the Transmission Protection Instrument is available to counter unwarranted, disorderly market dynamics that pose a serious threat to the transmission of monetary policy across all euro area countries, thus allowing the Governing Council to more effectively deliver on its price stability mandate.",False,neutral,0.27088093757629395,0.30545324087142944,0.423665851354599,-0.0345723032951355,ecb_stmt_reg_v2.csv
ecb_stmt,ecb_stmt_20240125,2024-01-25,ECB,statement,ecb_statements,19,The President of the ECB will comment on the considerations underlying these decisions at a press conference starting at 14:45 CET today.,True,neutral,0.0006565111107192934,0.0017398408381268382,0.9976036548614502,-0.0010833297274075449,ecb_stmt_reg_v2.csv
ecb_stmt,ecb_stmt_20240125,2024-01-25,ECB,statement,ecb_statements,20,Disclaimer Please note that related topic tags are currently available for selected content only.,False,neutral,0.007912392728030682,0.016652677208185196,0.9754348993301392,-0.008740284480154514,ecb_stmt_reg_v2.csv
ecb_stmt,ecb_stmt_20240125,2024-01-25,ECB,statement,ecb_statements,21,Directorate General Communications Reproduction is permitted provided that the source is acknowledged.,False,neutral,0.047414593398571014,0.06088154762983322,0.8917038440704346,-0.013466954231262207,ecb_stmt_reg_v2.csv
ecb_stmt,ecb_stmt_20240307,2024-03-07,ECB,statement,ecb_statements,1,The Governing Council today decided to keep the three key ECB interest rates unchanged.,False,neutral,0.0003547308733686805,0.0023865627590566874,0.997258722782135,-0.002031831885688007,ecb_stmt_reg_v2.csv
ecb_stmt,ecb_stmt_20240307,2024-03-07,ECB,statement,ecb_statements,2,"Since the last Governing Council meeting in January, inflation has declined further.",True,dovish,0.00077088363468647,0.998044490814209,0.001184676424600184,-0.9972736071795225,ecb_stmt_reg_v2.csv
ecb_stmt,ecb_stmt_20240307,2024-03-07,ECB,statement,ecb_statements,3,"In the latest ECB staff projections, inflation has been revised down, in particular for 2024 which mainly reflects a lower contribution from energy prices.",True,dovish,0.00036885286681354046,0.9991844892501831,0.0004466628597583622,-0.9988156363833696,ecb_stmt_reg_v2.csv
ecb_stmt,ecb_stmt_20240307,2024-03-07,ECB,statement,ecb_statements,4,"Staff now project inflation to average 2.3% in 2024, 2.0% in 2025 and 1.9% in 2026.",True,neutral,0.011938000097870827,0.008649149909615517,0.9794129133224487,0.00328885018825531,ecb_stmt_reg_v2.csv
ecb_stmt,ecb_stmt_20240307,2024-03-07,ECB,statement,ecb_statements,5,"The projections for inflation excluding energy and food have also been revised down and average 2.6% for 2024, 2.1% for 2025 and 2.0% for 2026.",True,dovish,0.00043698702938854694,0.99876868724823,0.0007943782838992774,-0.9983317002188414,ecb_stmt_reg_v2.csv
ecb_stmt,ecb_stmt_20240307,2024-03-07,ECB,statement,ecb_statements,6,"Although most measures of underlying inflation have eased further, domestic price pressures remain high, in part owing to strong growth in wages.",True,neutral,0.0029035352636128664,0.25832289457321167,0.7387736439704895,-0.2554193593095988,ecb_stmt_reg_v2.csv
ecb_stmt,ecb_stmt_20240307,2024-03-07,ECB,statement,ecb_statements,7,"Financing conditions are restrictive and the past interest rate increases continue to weigh on demand, which is helping push down inflation.",False,dovish,0.11146222054958344,0.7866530418395996,0.10188472270965576,-0.6751908212900162,ecb_stmt_reg_v2.csv
ecb_stmt,ecb_stmt_20240307,2024-03-07,ECB,statement,ecb_statements,8,"Staff have revised down their growth projection for 2024 to 0.6%, with economic activity expected to remain subdued in the near term.",True,dovish,0.0003254643816035241,0.9990398287773132,0.0006347441230900586,-0.9987143643957097,ecb_stmt_reg_v2.csv
ecb_stmt,ecb_stmt_20240307,2024-03-07,ECB,statement,ecb_statements,9,"Thereafter, staff expect the economy to pick up and to grow at 1.5% in 2025 and 1.6% in 2026, supported initially by consumption and later also by investment.",True,hawkish,0.9782724380493164,0.011478498578071594,0.01024914626032114,0.9667939394712448,ecb_stmt_reg_v2.csv
ecb_stmt,ecb_stmt_20240307,2024-03-07,ECB,statement,ecb_statements,10,The Governing Council is determined to ensure that inflation returns to its 2% medium-term target in a timely manner.,False,hawkish,0.9909754395484924,0.005858129821717739,0.003166402690112591,0.9851173097267747,ecb_stmt_reg_v2.csv
ecb_stmt,ecb_stmt_20240307,2024-03-07,ECB,statement,ecb_statements,11,"Based on its current assessment, the Governing Council considers that the key ECB interest rates are at levels that, maintained for a sufficiently long duration, will make a substantial contribution to this goal.",True,hawkish,0.9731549024581909,0.012154879979789257,0.014690247364342213,0.9610000224784017,ecb_stmt_reg_v2.csv
ecb_stmt,ecb_stmt_20240307,2024-03-07,ECB,statement,ecb_statements,12,The Governing Council’s future decisions will ensure that policy rates will be set at sufficiently restrictive levels for as long as necessary.,True,neutral,0.2598637342453003,0.24796371161937714,0.4921725392341614,0.011900022625923157,ecb_stmt_reg_v2.csv
ecb_stmt,ecb_stmt_20240307,2024-03-07,ECB,statement,ecb_statements,13,The Governing Council will continue to follow a data-dependent approach to determining the appropriate level and duration of restriction.,True,neutral,0.009335426613688469,0.03656351566314697,0.9541010856628418,-0.027228089049458504,ecb_stmt_reg_v2.csv
ecb_stmt,ecb_stmt_20240307,2024-03-07,ECB,statement,ecb_statements,14,"In particular, the Governing Council’s interest rate decisions will be based on its assessment of the inflation outlook in light of the incoming economic and financial data, the dynamics of underlying inflation and the strength of monetary policy transmission.",True,neutral,0.010850711725652218,0.0028140407521277666,0.986335277557373,0.008036670973524451,ecb_stmt_reg_v2.csv
ecb_stmt,ecb_stmt_20240307,2024-03-07,ECB,statement,ecb_statements,15,"The interest rate on the main refinancing operations and the interest rates on the marginal lending facility and the deposit facility will remain unchanged at 4.50%, 4.75% and 4.00% respectively.",True,neutral,0.0010414293501526117,0.0028308983892202377,0.9961276650428772,-0.001789469039067626,ecb_stmt_reg_v2.csv
ecb_stmt,ecb_stmt_20240307,2024-03-07,ECB,statement,ecb_statements,16,"Asset purchase programme (APP) and pandemic emergency purchase programme (PEPP) The APP portfolio is declining at a measured and predictable pace, as the Eurosystem no longer reinvests the principal payments from maturing securities.",False,dovish,0.004060480277985334,0.9639388918876648,0.0320005901157856,-0.9598784116096795,ecb_stmt_reg_v2.csv
ecb_stmt,ecb_stmt_20240307,2024-03-07,ECB,statement,ecb_statements,17,"The Governing Council intends to continue to reinvest, in full, the principal payments from maturing securities purchased under the PEPP during the first half of 2024.",True,neutral,0.05981552228331566,0.018118424341082573,0.9220660328865051,0.041697097942233086,ecb_stmt_reg_v2.csv
ecb_stmt,ecb_stmt_20240307,2024-03-07,ECB,statement,ecb_statements,18,"Over the second half of the year, it intends to reduce the PEPP portfolio by €7.5 billion per month on average.",True,dovish,0.19762833416461945,0.6417010426521301,0.1606706976890564,-0.4440727084875107,ecb_stmt_reg_v2.csv
ecb_stmt,ecb_stmt_20240307,2024-03-07,ECB,statement,ecb_statements,19,The Governing Council intends to discontinue reinvestments under the PEPP at the end of 2024.,True,dovish,0.004284142516553402,0.5390893816947937,0.4566265344619751,-0.5348052391782403,ecb_stmt_reg_v2.csv
ecb_stmt,ecb_stmt_20240307,2024-03-07,ECB,statement,ecb_statements,20,"The Governing Council will continue applying flexibility in reinvesting redemptions coming due in the PEPP portfolio, with a view to countering risks to the monetary policy transmission mechanism related to the pandemic.",True,neutral,0.004952158313244581,0.013740275986492634,0.9813076257705688,-0.008788117673248053,ecb_stmt_reg_v2.csv
ecb_stmt,ecb_stmt_20240307,2024-03-07,ECB,statement,ecb_statements,21,"As banks are repaying the amounts borrowed under the targeted longer-term refinancing operations, the Governing Council will regularly assess how targeted lending operations and their ongoing repayment are contributing to its monetary policy stance.",True,neutral,0.0006481671589426696,0.000868803879711777,0.9984830021858215,-0.00022063672076910734,ecb_stmt_reg_v2.csv
ecb_stmt,ecb_stmt_20240307,2024-03-07,ECB,statement,ecb_statements,22,The Governing Council stands ready to adjust all of its instruments within its mandate to ensure that inflation returns to its 2% target over the medium term and to preserve the smooth functioning of monetary policy transmission.,True,hawkish,0.8762261271476746,0.11055972427129745,0.013214151374995708,0.7656664028763771,ecb_stmt_reg_v2.csv
ecb_stmt,ecb_stmt_20240307,2024-03-07,ECB,statement,ecb_statements,23,"Moreover, the Transmission Protection Instrument is available to counter unwarranted, disorderly market dynamics that pose a serious threat to the transmission of monetary policy across all euro area countries, thus allowing the Governing Council to more effectively deliver on its price stability mandate.",False,neutral,0.27088093757629395,0.30545324087142944,0.423665851354599,-0.0345723032951355,ecb_stmt_reg_v2.csv
ecb_stmt,ecb_stmt_20240307,2024-03-07,ECB,statement,ecb_statements,24,The President of the ECB will comment on the considerations underlying these decisions at a press conference starting at 14:45 CET today.,True,neutral,0.0006565111107192934,0.0017398408381268382,0.9976036548614502,-0.0010833297274075449,ecb_stmt_reg_v2.csv
ecb_stmt,ecb_stmt_20240307,2024-03-07,ECB,statement,ecb_statements,25,Disclaimer Please note that related topic tags are currently available for selected content only.,False,neutral,0.007912392728030682,0.016652677208185196,0.9754348993301392,-0.008740284480154514,ecb_stmt_reg_v2.csv
ecb_stmt,ecb_stmt_20240307,2024-03-07,ECB,statement,ecb_statements,26,Directorate General Communications Reproduction is permitted provided that the source is acknowledged.,False,neutral,0.047414593398571014,0.06088154762983322,0.8917038440704346,-0.013466954231262207,ecb_stmt_reg_v2.csv
ecb_stmt,ecb_stmt_20240411,2024-04-11,ECB,statement,ecb_statements,1,The Governing Council today decided to keep the three key ECB interest rates unchanged.,False,neutral,0.0003547308733686805,0.0023865627590566874,0.997258722782135,-0.002031831885688007,ecb_stmt_reg_v2.csv
ecb_stmt,ecb_stmt_20240411,2024-04-11,ECB,statement,ecb_statements,2,The incoming information has broadly confirmed the Governing Council’s previous assessment of the medium-term inflation outlook.,True,neutral,0.0057340399362146854,0.007080595009028912,0.9871853590011597,-0.0013465550728142262,ecb_stmt_reg_v2.csv
ecb_stmt,ecb_stmt_20240411,2024-04-11,ECB,statement,ecb_statements,3,"Inflation has continued to fall, led by lower food and goods price inflation.",False,dovish,0.0005396502674557269,0.9988489151000977,0.0006115038995631039,-0.9983092648326419,ecb_stmt_reg_v2.csv
ecb_stmt,ecb_stmt_20240411,2024-04-11,ECB,statement,ecb_statements,4,"Most measures of underlying inflation are easing, wage growth is gradually moderating, and firms are absorbing part of the rise in labour costs in their profits.",False,dovish,0.0007033812580630183,0.9923708438873291,0.006925797089934349,-0.9916674626292661,ecb_stmt_reg_v2.csv
ecb_stmt,ecb_stmt_20240411,2024-04-11,ECB,statement,ecb_statements,5,"Financing conditions remain restrictive and the past interest rate increases continue to weigh on demand, which is helping to push down inflation.",False,dovish,0.07223861664533615,0.726739764213562,0.20102159678936005,-0.6545011475682259,ecb_stmt_reg_v2.csv
ecb_stmt,ecb_stmt_20240411,2024-04-11,ECB,statement,ecb_statements,6,But domestic price pressures are strong and are keeping services price inflation high.,False,dovish,0.3039981424808502,0.5865442752838135,0.1094575896859169,-0.28254613280296326,ecb_stmt_reg_v2.csv
ecb_stmt,ecb_stmt_20240411,2024-04-11,ECB,statement,ecb_statements,7,The Governing Council is determined to ensure that inflation returns to its 2% medium-term target in a timely manner.,False,hawkish,0.9909754395484924,0.005858129821717739,0.003166402690112591,0.9851173097267747,ecb_stmt_reg_v2.csv
ecb_stmt,ecb_stmt_20240411,2024-04-11,ECB,statement,ecb_statements,8,It considers that the key ECB interest rates are at levels that are making a substantial contribution to the ongoing disinflation process.,False,dovish,0.019863398745656013,0.9636370539665222,0.016499530524015427,-0.9437736552208662,ecb_stmt_reg_v2.csv
ecb_stmt,ecb_stmt_20240411,2024-04-11,ECB,statement,ecb_statements,9,The Governing Council’s future decisions will ensure that its policy rates will stay sufficiently restrictive for as long as necessary.,True,neutral,0.12160281836986542,0.4370541274547577,0.44134312868118286,-0.3154513090848923,ecb_stmt_reg_v2.csv
ecb_stmt,ecb_stmt_20240411,2024-04-11,ECB,statement,ecb_statements,10,"If the Governing Council’s updated assessment of the inflation outlook, the dynamics of underlying inflation and the strength of monetary policy transmission were to further increase its confidence that inflation is converging to the target in a sustained manner, it would be appropriate to reduce the current level of monetary policy restriction.",True,hawkish,0.4860539436340332,0.4465729594230652,0.06737306714057922,0.03948098421096802,ecb_stmt_reg_v2.csv
ecb_stmt,ecb_stmt_20240411,2024-04-11,ECB,statement,ecb_statements,11,"In any event, the Governing Council will continue to follow a data-dependent and meeting-by-meeting approach to determining the appropriate level and duration of restriction, and it is not pre-committing to a particular rate path.",True,neutral,0.0009186405222862959,0.020755585283041,0.9783257842063904,-0.019836944760754704,ecb_stmt_reg_v2.csv
ecb_stmt,ecb_stmt_20240411,2024-04-11,ECB,statement,ecb_statements,12,"The interest rate on the main refinancing operations and the interest rates on the marginal lending facility and the deposit facility will remain unchanged at 4.50%, 4.75% and 4.00% respectively.",True,neutral,0.0010414293501526117,0.0028308983892202377,0.9961276650428772,-0.001789469039067626,ecb_stmt_reg_v2.csv
ecb_stmt,ecb_stmt_20240411,2024-04-11,ECB,statement,ecb_statements,13,"Asset purchase programme (APP) and pandemic emergency purchase programme (PEPP) The APP portfolio is declining at a measured and predictable pace, as the Eurosystem no longer reinvests the principal payments from maturing securities.",False,dovish,0.004060480277985334,0.9639388918876648,0.0320005901157856,-0.9598784116096795,ecb_stmt_reg_v2.csv
ecb_stmt,ecb_stmt_20240411,2024-04-11,ECB,statement,ecb_statements,14,"The Governing Council intends to continue to reinvest, in full, the principal payments from maturing securities purchased under the PEPP during the first half of 2024.",True,neutral,0.05981552228331566,0.018118424341082573,0.9220660328865051,0.041697097942233086,ecb_stmt_reg_v2.csv
ecb_stmt,ecb_stmt_20240411,2024-04-11,ECB,statement,ecb_statements,15,"Over the second half of the year, it intends to reduce the PEPP portfolio by €7.5 billion per month on average.",True,dovish,0.19762833416461945,0.6417010426521301,0.1606706976890564,-0.4440727084875107,ecb_stmt_reg_v2.csv
ecb_stmt,ecb_stmt_20240411,2024-04-11,ECB,statement,ecb_statements,16,The Governing Council intends to discontinue reinvestments under the PEPP at the end of 2024.,True,dovish,0.004284142516553402,0.5390893816947937,0.4566265344619751,-0.5348052391782403,ecb_stmt_reg_v2.csv
ecb_stmt,ecb_stmt_20240411,2024-04-11,ECB,statement,ecb_statements,17,"The Governing Council will continue applying flexibility in reinvesting redemptions coming due in the PEPP portfolio, with a view to countering risks to the monetary policy transmission mechanism related to the pandemic.",True,neutral,0.004952158313244581,0.013740275986492634,0.9813076257705688,-0.008788117673248053,ecb_stmt_reg_v2.csv
ecb_stmt,ecb_stmt_20240411,2024-04-11,ECB,statement,ecb_statements,18,"As banks are repaying the amounts borrowed under the targeted longer-term refinancing operations, the Governing Council will regularly assess how targeted lending operations and their ongoing repayment are contributing to its monetary policy stance.",True,neutral,0.0006481671589426696,0.000868803879711777,0.9984830021858215,-0.00022063672076910734,ecb_stmt_reg_v2.csv
ecb_stmt,ecb_stmt_20240411,2024-04-11,ECB,statement,ecb_statements,19,The Governing Council stands ready to adjust all of its instruments within its mandate to ensure that inflation returns to its 2% target over the medium term and to preserve the smooth functioning of monetary policy transmission.,True,hawkish,0.8762261271476746,0.11055972427129745,0.013214151374995708,0.7656664028763771,ecb_stmt_reg_v2.csv
ecb_stmt,ecb_stmt_20240411,2024-04-11,ECB,statement,ecb_statements,20,"Moreover, the Transmission Protection Instrument is available to counter unwarranted, disorderly market dynamics that pose a serious threat to the transmission of monetary policy across all euro area countries, thus allowing the Governing Council to more effectively deliver on its price stability mandate.",False,neutral,0.27088093757629395,0.30545324087142944,0.423665851354599,-0.0345723032951355,ecb_stmt_reg_v2.csv
ecb_stmt,ecb_stmt_20240411,2024-04-11,ECB,statement,ecb_statements,21,The President of the ECB will comment on the considerations underlying these decisions at a press conference starting at 14:45 CET today.,True,neutral,0.0006565111107192934,0.0017398408381268382,0.9976036548614502,-0.0010833297274075449,ecb_stmt_reg_v2.csv
ecb_stmt,ecb_stmt_20240411,2024-04-11,ECB,statement,ecb_statements,22,Disclaimer Please note that related topic tags are currently available for selected content only.,False,neutral,0.007912392728030682,0.016652677208185196,0.9754348993301392,-0.008740284480154514,ecb_stmt_reg_v2.csv
ecb_stmt,ecb_stmt_20240411,2024-04-11,ECB,statement,ecb_statements,23,Directorate General Communications Reproduction is permitted provided that the source is acknowledged.,False,neutral,0.047414593398571014,0.06088154762983322,0.8917038440704346,-0.013466954231262207,ecb_stmt_reg_v2.csv
ecb_stmt,ecb_stmt_20240606,2024-06-06,ECB,statement,ecb_statements,1,The Governing Council today decided to lower the three key ECB interest rates by 25 basis points.,False,dovish,0.00031373233650811017,0.99943608045578,0.0002501292328815907,-0.9991223481192719,ecb_stmt_reg_v2.csv
ecb_stmt,ecb_stmt_20240606,2024-06-06,ECB,statement,ecb_statements,2,"Based on an updated assessment of the inflation outlook, the dynamics of underlying inflation and the strength of monetary policy transmission, it is now appropriate to moderate the degree of monetary policy restriction after nine months of holding rates steady.",True,dovish,0.0012044375762343407,0.9853963255882263,0.013399165123701096,-0.984191888011992,ecb_stmt_reg_v2.csv
ecb_stmt,ecb_stmt_20240606,2024-06-06,ECB,statement,ecb_statements,3,"Since the Governing Council meeting in September 2023, inflation has fallen by more than 2.5 percentage points and the inflation outlook has improved markedly.",True,dovish,0.06552765518426895,0.9107861518859863,0.023686233907938004,-0.8452584967017174,ecb_stmt_reg_v2.csv
ecb_stmt,ecb_stmt_20240606,2024-06-06,ECB,statement,ecb_statements,4,"Underlying inflation has also eased, reinforcing the signs that price pressures have weakened, and inflation expectations have declined at all horizons.",False,dovish,0.0005291820270940661,0.9987912774085999,0.0006794831133447587,-0.9982620953815058,ecb_stmt_reg_v2.csv
ecb_stmt,ecb_stmt_20240606,2024-06-06,ECB,statement,ecb_statements,5,Monetary policy has kept financing conditions restrictive.,False,hawkish,0.46102991700172424,0.18410275876522064,0.3548673689365387,0.2769271582365036,ecb_stmt_reg_v2.csv
ecb_stmt,ecb_stmt_20240606,2024-06-06,ECB,statement,ecb_statements,6,"By dampening demand and keeping inflation expectations well anchored, this has made a major contribution to bringing inflation back down.",False,dovish,0.003665987867861986,0.9929302334785461,0.0034037549048662186,-0.9892642456106842,ecb_stmt_reg_v2.csv
ecb_stmt,ecb_stmt_20240606,2024-06-06,ECB,statement,ecb_statements,7,"At the same time, despite the progress over recent quarters, domestic price pressures remain strong as wage growth is elevated, and inflation is likely to stay above target well into next year.",True,neutral,0.3152772784233093,0.17893922328948975,0.5057834982872009,0.13633805513381958,ecb_stmt_reg_v2.csv
ecb_stmt,ecb_stmt_20240606,2024-06-06,ECB,statement,ecb_statements,8,The latest Eurosystem staff projections for both headline and core inflation have been revised up for 2024 and 2025 compared with the March projections.,True,hawkish,0.9986448884010315,0.0007579069933854043,0.000597216363530606,0.9978869814076461,ecb_stmt_reg_v2.csv
ecb_stmt,ecb_stmt_20240606,2024-06-06,ECB,statement,ecb_statements,9,"Staff now see headline inflation averaging 2.5% in 2024, 2.2% in 2025 and 1.9% in 2026.",False,neutral,0.02338293381035328,0.018569819629192352,0.9580472707748413,0.004813114181160927,ecb_stmt_reg_v2.csv
ecb_stmt,ecb_stmt_20240606,2024-06-06,ECB,statement,ecb_statements,10,"For inflation excluding energy and food, staff project an average of 2.8% in 2024, 2.2% in 2025 and 2.0% in 2026.",True,neutral,0.0029901950620114803,0.018183495849370956,0.9788262844085693,-0.015193300787359476,ecb_stmt_reg_v2.csv
ecb_stmt,ecb_stmt_20240606,2024-06-06,ECB,statement,ecb_statements,11,"Economic growth is expected to pick up to 0.9% in 2024, 1.4% in 2025 and 1.6% in 2026.",True,hawkish,0.8818865418434143,0.014521322213113308,0.1035921722650528,0.867365219630301,ecb_stmt_reg_v2.csv
ecb_stmt,ecb_stmt_20240606,2024-06-06,ECB,statement,ecb_statements,12,The Governing Council is determined to ensure that inflation returns to its 2% medium-term target in a timely manner.,False,hawkish,0.9909754395484924,0.005858129821717739,0.003166402690112591,0.9851173097267747,ecb_stmt_reg_v2.csv
ecb_stmt,ecb_stmt_20240606,2024-06-06,ECB,statement,ecb_statements,13,It will keep policy rates sufficiently restrictive for as long as necessary to achieve this aim.,True,dovish,0.3640507757663727,0.45573100447654724,0.18021821975708008,-0.09168022871017456,ecb_stmt_reg_v2.csv
ecb_stmt,ecb_stmt_20240606,2024-06-06,ECB,statement,ecb_statements,14,The Governing Council will continue to follow a data-dependent and meeting-by-meeting approach to determining the appropriate level and duration of restriction.,True,neutral,0.008105335757136345,0.07853298634290695,0.913361668586731,-0.07042765058577061,ecb_stmt_reg_v2.csv
ecb_stmt,ecb_stmt_20240606,2024-06-06,ECB,statement,ecb_statements,15,"In particular, its interest rate decisions will be based on its assessment of the inflation outlook in light of the incoming economic and financial data, the dynamics of underlying inflation and the strength of monetary policy transmission.",True,neutral,0.006398617755621672,0.0022681686095893383,0.9913332462310791,0.004130449146032333,ecb_stmt_reg_v2.csv
ecb_stmt,ecb_stmt_20240606,2024-06-06,ECB,statement,ecb_statements,16,The Governing Council is not pre-committing to a particular rate path.,True,neutral,0.0006284217815846205,0.004469919949769974,0.9949016571044922,-0.0038414981681853533,ecb_stmt_reg_v2.csv
ecb_stmt,ecb_stmt_20240606,2024-06-06,ECB,statement,ecb_statements,17,The Governing Council today also confirmed that it will reduce the Eurosystem’s holdings of securities under the pandemic emergency purchase programme (PEPP) by €7.5 billion per month on average over the second half of the year.,True,dovish,0.12359912693500519,0.583928108215332,0.292472779750824,-0.46032898128032684,ecb_stmt_reg_v2.csv
ecb_stmt,ecb_stmt_20240606,2024-06-06,ECB,statement,ecb_statements,18,The modalities for reducing the PEPP holdings will be broadly in line with those followed under the asset purchase programme (APP).,True,neutral,0.0007825980428606272,0.0036613529082387686,0.9955560564994812,-0.0028787548653781414,ecb_stmt_reg_v2.csv
ecb_stmt,ecb_stmt_20240606,2024-06-06,ECB,statement,ecb_statements,19,The Governing Council decided to lower the three key ECB interest rates by 25 basis points.,False,dovish,0.0003346080775372684,0.9994027018547058,0.0002626368950586766,-0.9990680937771685,ecb_stmt_reg_v2.csv
ecb_stmt,ecb_stmt_20240606,2024-06-06,ECB,statement,ecb_statements,20,"Accordingly, the interest rate on the main refinancing operations and the interest rates on the marginal lending facility and the deposit facility will be decreased to 4.25%, 4.50% and 3.75% respectively, with effect from 12 June 2024.",True,dovish,0.0010555596090853214,0.9978805184364319,0.001063838484697044,-0.9968249588273466,ecb_stmt_reg_v2.csv
ecb_stmt,ecb_stmt_20240606,2024-06-06,ECB,statement,ecb_statements,21,"Asset purchase programme (APP) and pandemic emergency purchase programme (PEPP) The APP portfolio is declining at a measured and predictable pace, as the Eurosystem no longer reinvests the principal payments from maturing securities.",False,dovish,0.004060480277985334,0.9639388918876648,0.0320005901157856,-0.9598784116096795,ecb_stmt_reg_v2.csv
ecb_stmt,ecb_stmt_20240606,2024-06-06,ECB,statement,ecb_statements,22,"The Governing Council will continue to reinvest, in full, the principal payments from maturing securities purchased under the PEPP until the end of June 2024.",True,neutral,0.0017203660681843758,0.0021620409097522497,0.9961175918579102,-0.00044167484156787395,ecb_stmt_reg_v2.csv
ecb_stmt,ecb_stmt_20240606,2024-06-06,ECB,statement,ecb_statements,23,"Over the second half of the year, it will reduce the PEPP portfolio by €7.5 billion per month on average.",True,dovish,0.09812550246715546,0.8041315674781799,0.0977429524064064,-0.7060060650110245,ecb_stmt_reg_v2.csv
ecb_stmt,ecb_stmt_20240606,2024-06-06,ECB,statement,ecb_statements,24,The Governing Council intends to discontinue reinvestments under the PEPP at the end of 2024.,True,dovish,0.004284142516553402,0.5390893816947937,0.4566265344619751,-0.5348052391782403,ecb_stmt_reg_v2.csv
ecb_stmt,ecb_stmt_20240606,2024-06-06,ECB,statement,ecb_statements,25,"The Governing Council will continue applying flexibility in reinvesting redemptions coming due in the PEPP portfolio, with a view to countering risks to the monetary policy transmission mechanism related to the pandemic.",True,neutral,0.004952158313244581,0.013740275986492634,0.9813076257705688,-0.008788117673248053,ecb_stmt_reg_v2.csv
ecb_stmt,ecb_stmt_20240606,2024-06-06,ECB,statement,ecb_statements,26,"As banks are repaying the amounts borrowed under the targeted longer-term refinancing operations, the Governing Council will regularly assess how targeted lending operations and their ongoing repayment are contributing to its monetary policy stance.",True,neutral,0.0006481671589426696,0.000868803879711777,0.9984830021858215,-0.00022063672076910734,ecb_stmt_reg_v2.csv
ecb_stmt,ecb_stmt_20240606,2024-06-06,ECB,statement,ecb_statements,27,The Governing Council stands ready to adjust all of its instruments within its mandate to ensure that inflation returns to its 2% target over the medium term and to preserve the smooth functioning of monetary policy transmission.,True,hawkish,0.8762261271476746,0.11055972427129745,0.013214151374995708,0.7656664028763771,ecb_stmt_reg_v2.csv
ecb_stmt,ecb_stmt_20240606,2024-06-06,ECB,statement,ecb_statements,28,"Moreover, the Transmission Protection Instrument is available to counter unwarranted, disorderly market dynamics that pose a serious threat to the transmission of monetary policy across all euro area countries, thus allowing the Governing Council to more effectively deliver on its price stability mandate.",False,neutral,0.27088093757629395,0.30545324087142944,0.423665851354599,-0.0345723032951355,ecb_stmt_reg_v2.csv
ecb_stmt,ecb_stmt_20240606,2024-06-06,ECB,statement,ecb_statements,29,The President of the ECB will comment on the considerations underlying these decisions at a press conference starting at 14:45 CET today.,True,neutral,0.0006565111107192934,0.0017398408381268382,0.9976036548614502,-0.0010833297274075449,ecb_stmt_reg_v2.csv
ecb_stmt,ecb_stmt_20240606,2024-06-06,ECB,statement,ecb_statements,30,Disclaimer Please note that related topic tags are currently available for selected content only.,False,neutral,0.007912392728030682,0.016652677208185196,0.9754348993301392,-0.008740284480154514,ecb_stmt_reg_v2.csv
ecb_stmt,ecb_stmt_20240606,2024-06-06,ECB,statement,ecb_statements,31,Directorate General Communications Reproduction is permitted provided that the source is acknowledged.,False,neutral,0.047414593398571014,0.06088154762983322,0.8917038440704346,-0.013466954231262207,ecb_stmt_reg_v2.csv
ecb_stmt,ecb_stmt_20240718,2024-07-18,ECB,statement,ecb_statements,1,The Governing Council today decided to keep the three key ECB interest rates unchanged.,False,neutral,0.0003547308733686805,0.0023865627590566874,0.997258722782135,-0.002031831885688007,ecb_stmt_reg_v2.csv
ecb_stmt,ecb_stmt_20240718,2024-07-18,ECB,statement,ecb_statements,2,The incoming information broadly supports the Governing Council’s previous assessment of the medium-term inflation outlook.,True,hawkish,0.6979687809944153,0.12645955383777618,0.17557169497013092,0.5715092271566391,ecb_stmt_reg_v2.csv
ecb_stmt,ecb_stmt_20240718,2024-07-18,ECB,statement,ecb_statements,3,"While some measures of underlying inflation ticked up in May owing to one-off factors, most measures were either stable or edged down in June.",False,neutral,0.0006099212332628667,0.1270323395729065,0.8723576664924622,-0.12642241833964363,ecb_stmt_reg_v2.csv
ecb_stmt,ecb_stmt_20240718,2024-07-18,ECB,statement,ecb_statements,4,"In line with expectations, the inflationary impact of high wage growth has been buffered by profits.",False,hawkish,0.5507593154907227,0.11058992892503738,0.33865082263946533,0.44016938656568527,ecb_stmt_reg_v2.csv
ecb_stmt,ecb_stmt_20240718,2024-07-18,ECB,statement,ecb_statements,5,Monetary policy is keeping financing conditions restrictive.,False,hawkish,0.47075438499450684,0.15830010175704956,0.370945543050766,0.3124542832374573,ecb_stmt_reg_v2.csv
ecb_stmt,ecb_stmt_20240718,2024-07-18,ECB,statement,ecb_statements,6,"At the same time, domestic price pressures are still high, services inflation is elevated and headline inflation is likely to remain above the target well into next year.",True,neutral,0.07569638639688492,0.42634376883506775,0.49795979261398315,-0.35064738243818283,ecb_stmt_reg_v2.csv
ecb_stmt,ecb_stmt_20240718,2024-07-18,ECB,statement,ecb_statements,7,The Governing Council is determined to ensure that inflation returns to its 2% medium-term target in a timely manner.,False,hawkish,0.9909754395484924,0.005858129821717739,0.003166402690112591,0.9851173097267747,ecb_stmt_reg_v2.csv
ecb_stmt,ecb_stmt_20240718,2024-07-18,ECB,statement,ecb_statements,8,It will keep policy rates sufficiently restrictive for as long as necessary to achieve this aim.,True,dovish,0.3640507757663727,0.45573100447654724,0.18021821975708008,-0.09168022871017456,ecb_stmt_reg_v2.csv
ecb_stmt,ecb_stmt_20240718,2024-07-18,ECB,statement,ecb_statements,9,The Governing Council will continue to follow a data-dependent and meeting-by-meeting approach to determining the appropriate level and duration of restriction.,True,neutral,0.008105335757136345,0.07853298634290695,0.913361668586731,-0.07042765058577061,ecb_stmt_reg_v2.csv
ecb_stmt,ecb_stmt_20240718,2024-07-18,ECB,statement,ecb_statements,10,"In particular, its interest rate decisions will be based on its assessment of the inflation outlook in light of the incoming economic and financial data, the dynamics of underlying inflation and the strength of monetary policy transmission.",True,neutral,0.006398617755621672,0.0022681686095893383,0.9913332462310791,0.004130449146032333,ecb_stmt_reg_v2.csv
ecb_stmt,ecb_stmt_20240718,2024-07-18,ECB,statement,ecb_statements,11,The Governing Council is not pre-committing to a particular rate path.,True,neutral,0.0006284217815846205,0.004469919949769974,0.9949016571044922,-0.0038414981681853533,ecb_stmt_reg_v2.csv
ecb_stmt,ecb_stmt_20240718,2024-07-18,ECB,statement,ecb_statements,12,"The interest rate on the main refinancing operations and the interest rates on the marginal lending facility and the deposit facility will remain unchanged at 4.25%, 4.50% and 3.75% respectively.",True,neutral,0.0009689377620816231,0.002787334844470024,0.9962437748908997,-0.001818397082388401,ecb_stmt_reg_v2.csv
ecb_stmt,ecb_stmt_20240718,2024-07-18,ECB,statement,ecb_statements,13,"Asset purchase programme (APP) and pandemic emergency purchase programme (PEPP) The APP portfolio is declining at a measured and predictable pace, as the Eurosystem no longer reinvests the principal payments from maturing securities.",False,dovish,0.004060480277985334,0.9639388918876648,0.0320005901157856,-0.9598784116096795,ecb_stmt_reg_v2.csv
ecb_stmt,ecb_stmt_20240718,2024-07-18,ECB,statement,ecb_statements,14,"The Eurosystem no longer reinvests all of the principal payments from maturing securities purchased under the PEPP, reducing the PEPP portfolio by €7.5 billion per month on average.",False,dovish,0.05335467681288719,0.7028100490570068,0.24383528530597687,-0.6494553722441196,ecb_stmt_reg_v2.csv
ecb_stmt,ecb_stmt_20240718,2024-07-18,ECB,statement,ecb_statements,15,The Governing Council intends to discontinue reinvestments under the PEPP at the end of 2024.,True,dovish,0.004284142516553402,0.5390893816947937,0.4566265344619751,-0.5348052391782403,ecb_stmt_reg_v2.csv
ecb_stmt,ecb_stmt_20240718,2024-07-18,ECB,statement,ecb_statements,16,"The Governing Council will continue applying flexibility in reinvesting redemptions coming due in the PEPP portfolio, with a view to countering risks to the monetary policy transmission mechanism related to the pandemic.",True,neutral,0.004952158313244581,0.013740275986492634,0.9813076257705688,-0.008788117673248053,ecb_stmt_reg_v2.csv
ecb_stmt,ecb_stmt_20240718,2024-07-18,ECB,statement,ecb_statements,17,"As banks are repaying the amounts borrowed under the targeted longer-term refinancing operations, the Governing Council will regularly assess how targeted lending operations and their ongoing repayment are contributing to its monetary policy stance.",True,neutral,0.0006481671589426696,0.000868803879711777,0.9984830021858215,-0.00022063672076910734,ecb_stmt_reg_v2.csv
ecb_stmt,ecb_stmt_20240718,2024-07-18,ECB,statement,ecb_statements,18,The Governing Council stands ready to adjust all of its instruments within its mandate to ensure that inflation returns to its 2% target over the medium term and to preserve the smooth functioning of monetary policy transmission.,True,hawkish,0.8762261271476746,0.11055972427129745,0.013214151374995708,0.7656664028763771,ecb_stmt_reg_v2.csv
ecb_stmt,ecb_stmt_20240718,2024-07-18,ECB,statement,ecb_statements,19,"Moreover, the Transmission Protection Instrument is available to counter unwarranted, disorderly market dynamics that pose a serious threat to the transmission of monetary policy across all euro area countries, thus allowing the Governing Council to more effectively deliver on its price stability mandate.",False,neutral,0.27088093757629395,0.30545324087142944,0.423665851354599,-0.0345723032951355,ecb_stmt_reg_v2.csv
ecb_stmt,ecb_stmt_20240718,2024-07-18,ECB,statement,ecb_statements,20,The President of the ECB will comment on the considerations underlying these decisions at a press conference starting at 14:45 CET today.,True,neutral,0.0006565111107192934,0.0017398408381268382,0.9976036548614502,-0.0010833297274075449,ecb_stmt_reg_v2.csv
ecb_stmt,ecb_stmt_20240718,2024-07-18,ECB,statement,ecb_statements,21,Disclaimer Please note that related topic tags are currently available for selected content only.,False,neutral,0.007912392728030682,0.016652677208185196,0.9754348993301392,-0.008740284480154514,ecb_stmt_reg_v2.csv
ecb_stmt,ecb_stmt_20240718,2024-07-18,ECB,statement,ecb_statements,22,Directorate General Communications Reproduction is permitted provided that the source is acknowledged.,False,neutral,0.047414593398571014,0.06088154762983322,0.8917038440704346,-0.013466954231262207,ecb_stmt_reg_v2.csv
ecb_stmt,ecb_stmt_20240912,2024-09-12,ECB,statement,ecb_statements,1,The Governing Council today decided to lower the deposit facility rate – the rate through which it steers the monetary policy stance – by 25 basis points.,False,dovish,0.0007132139871828258,0.9984129667282104,0.0008738480391912162,-0.9976997527410276,ecb_stmt_reg_v2.csv
ecb_stmt,ecb_stmt_20240912,2024-09-12,ECB,statement,ecb_statements,2,"Based on the Governing Council’s updated assessment of the inflation outlook, the dynamics of underlying inflation and the strength of monetary policy transmission, it is now appropriate to take another step in moderating the degree of monetary policy restriction.",True,dovish,0.0010962976375594735,0.9908660650253296,0.008037565276026726,-0.9897697673877701,ecb_stmt_reg_v2.csv
ecb_stmt,ecb_stmt_20240912,2024-09-12,ECB,statement,ecb_statements,3,"Recent inflation data have come in broadly as expected, and the latest ECB staff projections confirm the previous inflation outlook.",True,neutral,0.0012476994888857007,0.0016083482187241316,0.9971439242362976,-0.0003606487298384309,ecb_stmt_reg_v2.csv
ecb_stmt,ecb_stmt_20240912,2024-09-12,ECB,statement,ecb_statements,4,"Staff see headline inflation averaging 2.5% in 2024, 2.2% in 2025 and 1.9% in 2026, as in the June projections.",True,neutral,0.006359503138810396,0.02174627035856247,0.9718942642211914,-0.015386767219752073,ecb_stmt_reg_v2.csv
ecb_stmt,ecb_stmt_20240912,2024-09-12,ECB,statement,ecb_statements,5,"Inflation is expected to rise again in the latter part of this year, partly because previous sharp falls in energy prices will drop out of the annual rates.",True,hawkish,0.8424679636955261,0.0826856940984726,0.07484633475542068,0.7597822695970535,ecb_stmt_reg_v2.csv
ecb_stmt,ecb_stmt_20240912,2024-09-12,ECB,statement,ecb_statements,6,Inflation should then decline towards our target over the second half of next year.,False,dovish,0.0007602529367431998,0.9978305101394653,0.001409286167472601,-0.9970702572027221,ecb_stmt_reg_v2.csv
ecb_stmt,ecb_stmt_20240912,2024-09-12,ECB,statement,ecb_statements,7,"For core inflation, the projections for 2024 and 2025 have been revised up slightly, as services inflation has been higher than expected.",True,hawkish,0.9771241545677185,0.011962558142840862,0.010913328267633915,0.9651615964248776,ecb_stmt_reg_v2.csv
ecb_stmt,ecb_stmt_20240912,2024-09-12,ECB,statement,ecb_statements,8,"At the same time, staff continue to expect a rapid decline in core inflation, from 2.9% this year to 2.3% in 2025 and 2.0% in 2026.",True,dovish,0.003716290695592761,0.9928867220878601,0.0033969648648053408,-0.9891704313922673,ecb_stmt_reg_v2.csv
ecb_stmt,ecb_stmt_20240912,2024-09-12,ECB,statement,ecb_statements,9,Domestic inflation remains high as wages are still rising at an elevated pace.,False,hawkish,0.47903814911842346,0.23714108765125275,0.2838207185268402,0.24189706146717072,ecb_stmt_reg_v2.csv
ecb_stmt,ecb_stmt_20240912,2024-09-12,ECB,statement,ecb_statements,10,"However, labour cost pressures are moderating, and profits are partially buffering the impact of higher wages on inflation.",False,neutral,0.004723144229501486,0.16528159379959106,0.8299952745437622,-0.16055844957008958,ecb_stmt_reg_v2.csv
ecb_stmt,ecb_stmt_20240912,2024-09-12,ECB,statement,ecb_statements,11,"Financing conditions remain restrictive, and economic activity is still subdued, reflecting weak private consumption and investment.",False,dovish,0.0931197926402092,0.4879128336906433,0.4189673662185669,-0.3947930410504341,ecb_stmt_reg_v2.csv
ecb_stmt,ecb_stmt_20240912,2024-09-12,ECB,statement,ecb_statements,12,"Staff project that the economy will grow by 0.8% in 2024, rising to 1.3% in 2025 and 1.5% in 2026.",True,hawkish,0.4995112717151642,0.19033512473106384,0.3101535737514496,0.30917614698410034,ecb_stmt_reg_v2.csv
ecb_stmt,ecb_stmt_20240912,2024-09-12,ECB,statement,ecb_statements,13,"This is a slight downward revision compared with the June projections, mainly owing to a weaker contribution from domestic demand over the next few quarters.",True,dovish,0.0007940405048429966,0.9983440041542053,0.0008619228028692305,-0.9975499636493623,ecb_stmt_reg_v2.csv
ecb_stmt,ecb_stmt_20240912,2024-09-12,ECB,statement,ecb_statements,14,The Governing Council is determined to ensure that inflation returns to its 2% medium-term target in a timely manner.,False,hawkish,0.9909754395484924,0.005858129821717739,0.003166402690112591,0.9851173097267747,ecb_stmt_reg_v2.csv
ecb_stmt,ecb_stmt_20240912,2024-09-12,ECB,statement,ecb_statements,15,It will keep policy rates sufficiently restrictive for as long as necessary to achieve this aim.,True,dovish,0.3640507757663727,0.45573100447654724,0.18021821975708008,-0.09168022871017456,ecb_stmt_reg_v2.csv
ecb_stmt,ecb_stmt_20240912,2024-09-12,ECB,statement,ecb_statements,16,The Governing Council will continue to follow a data-dependent and meeting-by-meeting approach to determining the appropriate level and duration of restriction.,True,neutral,0.008105335757136345,0.07853298634290695,0.913361668586731,-0.07042765058577061,ecb_stmt_reg_v2.csv
ecb_stmt,ecb_stmt_20240912,2024-09-12,ECB,statement,ecb_statements,17,"In particular, its interest rate decisions will be based on its assessment of the inflation outlook in light of the incoming economic and financial data, the dynamics of underlying inflation and the strength of monetary policy transmission.",True,neutral,0.006398617755621672,0.0022681686095893383,0.9913332462310791,0.004130449146032333,ecb_stmt_reg_v2.csv
ecb_stmt,ecb_stmt_20240912,2024-09-12,ECB,statement,ecb_statements,18,The Governing Council is not pre-committing to a particular rate path.,True,neutral,0.0006284217815846205,0.004469919949769974,0.9949016571044922,-0.0038414981681853533,ecb_stmt_reg_v2.csv
ecb_stmt,ecb_stmt_20240912,2024-09-12,ECB,statement,ecb_statements,19,"As announced on 13 March 2024, some changes to the operational framework for implementing monetary policy will take effect from 18 September.",True,neutral,0.00031859290902502835,0.0004963461542502046,0.9991850852966309,-0.00017775324522517622,ecb_stmt_reg_v2.csv
ecb_stmt,ecb_stmt_20240912,2024-09-12,ECB,statement,ecb_statements,20,"In particular, the spread between the interest rate on the main refinancing operations and the deposit facility rate will be set at 15 basis points.",True,neutral,0.0020126367453485727,0.0012135941069573164,0.9967737793922424,0.0007990426383912563,ecb_stmt_reg_v2.csv
ecb_stmt,ecb_stmt_20240912,2024-09-12,ECB,statement,ecb_statements,21,The spread between the rate on the marginal lending facility and the rate on the main refinancing operations will remain unchanged at 25 basis points.,True,neutral,0.0007157117943279445,0.001280888100154698,0.998003363609314,-0.0005651763058267534,ecb_stmt_reg_v2.csv
ecb_stmt,ecb_stmt_20240912,2024-09-12,ECB,statement,ecb_statements,22,The Governing Council decided to lower the deposit facility rate by 25 basis points.,False,dovish,0.0005913553177379072,0.9985482096672058,0.0008604168542660773,-0.9979568543494679,ecb_stmt_reg_v2.csv
ecb_stmt,ecb_stmt_20240912,2024-09-12,ECB,statement,ecb_statements,23,The deposit facility rate is the rate through which the Governing Council steers the monetary policy stance.,False,neutral,0.0011299855541437864,0.0012146675726398826,0.9976553916931152,-8.468201849609613e-05,ecb_stmt_reg_v2.csv
ecb_stmt,ecb_stmt_20240912,2024-09-12,ECB,statement,ecb_statements,24,"In addition, as announced on 13 March 2024 following the operational framework review, the spread between the interest rate on the main refinancing operations and the deposit facility rate will be set at 15 basis points.",True,neutral,0.019677316769957542,0.0018814720679074526,0.9784411787986755,0.01779584470205009,ecb_stmt_reg_v2.csv
ecb_stmt,ecb_stmt_20240912,2024-09-12,ECB,statement,ecb_statements,25,The spread between the rate on the marginal lending facility and the rate on the main refinancing operations will remain unchanged at 25 basis points.,True,neutral,0.0007157117943279445,0.001280888100154698,0.998003363609314,-0.0005651763058267534,ecb_stmt_reg_v2.csv
ecb_stmt,ecb_stmt_20240912,2024-09-12,ECB,statement,ecb_statements,26,"Accordingly, the deposit facility rate will be decreased to 3.50%.",True,dovish,0.0009686233242973685,0.9978675246238708,0.00116382772102952,-0.9968989012995735,ecb_stmt_reg_v2.csv
ecb_stmt,ecb_stmt_20240912,2024-09-12,ECB,statement,ecb_statements,27,The interest rates on the main refinancing operations and the marginal lending facility will be decreased to 3.65% and 3.90% respectively.,True,dovish,0.0007548420690000057,0.9984990954399109,0.0007460478809662163,-0.9977442533709109,ecb_stmt_reg_v2.csv
ecb_stmt,ecb_stmt_20240912,2024-09-12,ECB,statement,ecb_statements,28,The changes will take effect from 18 September 2024.,True,neutral,0.0012708777794614434,0.0027062587905675173,0.9960228800773621,-0.0014353810111060739,ecb_stmt_reg_v2.csv
ecb_stmt,ecb_stmt_20240912,2024-09-12,ECB,statement,ecb_statements,29,"Asset purchase programme (APP) and pandemic emergency purchase programme (PEPP) The APP portfolio is declining at a measured and predictable pace, as the Eurosystem no longer reinvests the principal payments from maturing securities.",False,dovish,0.004060480277985334,0.9639388918876648,0.0320005901157856,-0.9598784116096795,ecb_stmt_reg_v2.csv
ecb_stmt,ecb_stmt_20240912,2024-09-12,ECB,statement,ecb_statements,30,"The Eurosystem no longer reinvests all of the principal payments from maturing securities purchased under the PEPP, reducing the PEPP portfolio by €7.5 billion per month on average.",False,dovish,0.05335467681288719,0.7028100490570068,0.24383528530597687,-0.6494553722441196,ecb_stmt_reg_v2.csv
ecb_stmt,ecb_stmt_20240912,2024-09-12,ECB,statement,ecb_statements,31,The Governing Council intends to discontinue reinvestments under the PEPP at the end of 2024.,True,dovish,0.004284142516553402,0.5390893816947937,0.4566265344619751,-0.5348052391782403,ecb_stmt_reg_v2.csv
ecb_stmt,ecb_stmt_20240912,2024-09-12,ECB,statement,ecb_statements,32,"The Governing Council will continue applying flexibility in reinvesting redemptions coming due in the PEPP portfolio, with a view to countering risks to the monetary policy transmission mechanism related to the pandemic.",True,neutral,0.004952158313244581,0.013740275986492634,0.9813076257705688,-0.008788117673248053,ecb_stmt_reg_v2.csv
ecb_stmt,ecb_stmt_20240912,2024-09-12,ECB,statement,ecb_statements,33,"As banks are repaying the amounts borrowed under the targeted longer-term refinancing operations, the Governing Council will regularly assess how targeted lending operations and their ongoing repayment are contributing to its monetary policy stance.",True,neutral,0.0006481671589426696,0.000868803879711777,0.9984830021858215,-0.00022063672076910734,ecb_stmt_reg_v2.csv
ecb_stmt,ecb_stmt_20240912,2024-09-12,ECB,statement,ecb_statements,34,The Governing Council stands ready to adjust all of its instruments within its mandate to ensure that inflation returns to its 2% target over the medium term and to preserve the smooth functioning of monetary policy transmission.,True,hawkish,0.8762261271476746,0.11055972427129745,0.013214151374995708,0.7656664028763771,ecb_stmt_reg_v2.csv
ecb_stmt,ecb_stmt_20240912,2024-09-12,ECB,statement,ecb_statements,35,"Moreover, the Transmission Protection Instrument is available to counter unwarranted, disorderly market dynamics that pose a serious threat to the transmission of monetary policy across all euro area countries, thus allowing the Governing Council to more effectively deliver on its price stability mandate.",False,neutral,0.27088093757629395,0.30545324087142944,0.423665851354599,-0.0345723032951355,ecb_stmt_reg_v2.csv
ecb_stmt,ecb_stmt_20240912,2024-09-12,ECB,statement,ecb_statements,36,The President of the ECB will comment on the considerations underlying these decisions at a press conference starting at 14:45 CET today.,True,neutral,0.0006565111107192934,0.0017398408381268382,0.9976036548614502,-0.0010833297274075449,ecb_stmt_reg_v2.csv
ecb_stmt,ecb_stmt_20240912,2024-09-12,ECB,statement,ecb_statements,37,Disclaimer Please note that related topic tags are currently available for selected content only.,False,neutral,0.007912392728030682,0.016652677208185196,0.9754348993301392,-0.008740284480154514,ecb_stmt_reg_v2.csv
ecb_stmt,ecb_stmt_20240912,2024-09-12,ECB,statement,ecb_statements,38,Directorate General Communications Reproduction is permitted provided that the source is acknowledged.,False,neutral,0.047414593398571014,0.06088154762983322,0.8917038440704346,-0.013466954231262207,ecb_stmt_reg_v2.csv
ecb_stmt,ecb_stmt_20241017,2024-10-17,ECB,statement,ecb_statements,1,The Governing Council today decided to lower the three key ECB interest rates by 25 basis points.,False,dovish,0.00031373233650811017,0.99943608045578,0.0002501292328815907,-0.9991223481192719,ecb_stmt_reg_v2.csv
ecb_stmt,ecb_stmt_20241017,2024-10-17,ECB,statement,ecb_statements,2,"In particular, the decision to lower the deposit facility rate – the rate through which the Governing Council steers the monetary policy stance – is based on its updated assessment of the inflation outlook, the dynamics of underlying inflation and the strength of monetary policy transmission.",True,dovish,0.0011680100578814745,0.9975491762161255,0.0012828080216422677,-0.996381166158244,ecb_stmt_reg_v2.csv
ecb_stmt,ecb_stmt_20241017,2024-10-17,ECB,statement,ecb_statements,3,The incoming information on inflation shows that the disinflationary process is well on track.,False,dovish,0.0015432924265041947,0.9891130328178406,0.009343670681118965,-0.9875697403913364,ecb_stmt_reg_v2.csv
ecb_stmt,ecb_stmt_20241017,2024-10-17,ECB,statement,ecb_statements,4,The inflation outlook is also affected by recent downside surprises in indicators of economic activity.,True,dovish,0.0010034784208983183,0.994171679019928,0.004824875388294458,-0.9931682005990297,ecb_stmt_reg_v2.csv
ecb_stmt,ecb_stmt_20241017,2024-10-17,ECB,statement,ecb_statements,5,"Meanwhile, financing conditions remain restrictive.",False,neutral,0.17639580368995667,0.2006649374961853,0.6229392886161804,-0.024269133806228638,ecb_stmt_reg_v2.csv
ecb_stmt,ecb_stmt_20241017,2024-10-17,ECB,statement,ecb_statements,6,"Inflation is expected to rise in the coming months, before declining to target in the course of next year.",True,neutral,0.0628260150551796,0.036219146102666855,0.9009547829627991,0.02660686895251274,ecb_stmt_reg_v2.csv
ecb_stmt,ecb_stmt_20241017,2024-10-17,ECB,statement,ecb_statements,7,"Domestic inflation remains high, as wages are still rising at an elevated pace.",False,hawkish,0.42525961995124817,0.22629518806934357,0.34844520688056946,0.1989644318819046,ecb_stmt_reg_v2.csv
ecb_stmt,ecb_stmt_20241017,2024-10-17,ECB,statement,ecb_statements,8,"At the same time, labour cost pressures are set to continue easing gradually, with profits partially buffering their impact on inflation.",False,dovish,0.0036200033500790596,0.644897997379303,0.3514820337295532,-0.6412779940292239,ecb_stmt_reg_v2.csv
ecb_stmt,ecb_stmt_20241017,2024-10-17,ECB,statement,ecb_statements,9,The Governing Council is determined to ensure that inflation returns to its 2% medium-term target in a timely manner.,False,hawkish,0.9909754395484924,0.005858129821717739,0.003166402690112591,0.9851173097267747,ecb_stmt_reg_v2.csv
ecb_stmt,ecb_stmt_20241017,2024-10-17,ECB,statement,ecb_statements,10,It will keep policy rates sufficiently restrictive for as long as necessary to achieve this aim.,True,dovish,0.3640507757663727,0.45573100447654724,0.18021821975708008,-0.09168022871017456,ecb_stmt_reg_v2.csv
ecb_stmt,ecb_stmt_20241017,2024-10-17,ECB,statement,ecb_statements,11,The Governing Council will continue to follow a data-dependent and meeting-by-meeting approach to determining the appropriate level and duration of restriction.,True,neutral,0.008105335757136345,0.07853298634290695,0.913361668586731,-0.07042765058577061,ecb_stmt_reg_v2.csv
ecb_stmt,ecb_stmt_20241017,2024-10-17,ECB,statement,ecb_statements,12,"In particular, its interest rate decisions will be based on its assessment of the inflation outlook in light of the incoming economic and financial data, the dynamics of underlying inflation and the strength of monetary policy transmission.",True,neutral,0.006398617755621672,0.0022681686095893383,0.9913332462310791,0.004130449146032333,ecb_stmt_reg_v2.csv
ecb_stmt,ecb_stmt_20241017,2024-10-17,ECB,statement,ecb_statements,13,The Governing Council is not pre-committing to a particular rate path.,True,neutral,0.0006284217815846205,0.004469919949769974,0.9949016571044922,-0.0038414981681853533,ecb_stmt_reg_v2.csv
ecb_stmt,ecb_stmt_20241017,2024-10-17,ECB,statement,ecb_statements,14,The Governing Council today decided to lower the three key ECB interest rates by 25 basis points.,False,dovish,0.00031373233650811017,0.99943608045578,0.0002501292328815907,-0.9991223481192719,ecb_stmt_reg_v2.csv
ecb_stmt,ecb_stmt_20241017,2024-10-17,ECB,statement,ecb_statements,15,"Accordingly, the interest rates on the deposit facility, the main refinancing operations and the marginal lending facility will be decreased to 3.25%, 3.40% and 3.65% respectively, with effect from 23 October 2024.",True,dovish,0.0008097336976788938,0.998383641242981,0.0008065769798122346,-0.9975739075453021,ecb_stmt_reg_v2.csv
ecb_stmt,ecb_stmt_20241017,2024-10-17,ECB,statement,ecb_statements,16,"Asset purchase programme (APP) and pandemic emergency purchase programme (PEPP) The APP portfolio is declining at a measured and predictable pace, as the Eurosystem no longer reinvests the principal payments from maturing securities.",False,dovish,0.004060480277985334,0.9639388918876648,0.0320005901157856,-0.9598784116096795,ecb_stmt_reg_v2.csv
ecb_stmt,ecb_stmt_20241017,2024-10-17,ECB,statement,ecb_statements,17,"The Eurosystem no longer reinvests all of the principal payments from maturing securities purchased under the PEPP, reducing the PEPP portfolio by €7.5 billion per month on average.",False,dovish,0.05335467681288719,0.7028100490570068,0.24383528530597687,-0.6494553722441196,ecb_stmt_reg_v2.csv
ecb_stmt,ecb_stmt_20241017,2024-10-17,ECB,statement,ecb_statements,18,The Governing Council intends to discontinue reinvestments under the PEPP at the end of 2024.,True,dovish,0.004284142516553402,0.5390893816947937,0.4566265344619751,-0.5348052391782403,ecb_stmt_reg_v2.csv
ecb_stmt,ecb_stmt_20241017,2024-10-17,ECB,statement,ecb_statements,19,"The Governing Council will continue applying flexibility in reinvesting redemptions coming due in the PEPP portfolio, with a view to countering risks to the monetary policy transmission mechanism related to the pandemic.",True,neutral,0.004952158313244581,0.013740275986492634,0.9813076257705688,-0.008788117673248053,ecb_stmt_reg_v2.csv
ecb_stmt,ecb_stmt_20241017,2024-10-17,ECB,statement,ecb_statements,20,"As banks are repaying the amounts borrowed under the targeted longer-term refinancing operations, the Governing Council will regularly assess how targeted lending operations and their ongoing repayment are contributing to its monetary policy stance.",True,neutral,0.0006481671589426696,0.000868803879711777,0.9984830021858215,-0.00022063672076910734,ecb_stmt_reg_v2.csv
ecb_stmt,ecb_stmt_20241017,2024-10-17,ECB,statement,ecb_statements,21,The Governing Council stands ready to adjust all of its instruments within its mandate to ensure that inflation returns to its 2% target over the medium term and to preserve the smooth functioning of monetary policy transmission.,True,hawkish,0.8762261271476746,0.11055972427129745,0.013214151374995708,0.7656664028763771,ecb_stmt_reg_v2.csv
ecb_stmt,ecb_stmt_20241017,2024-10-17,ECB,statement,ecb_statements,22,"Moreover, the Transmission Protection Instrument is available to counter unwarranted, disorderly market dynamics that pose a serious threat to the transmission of monetary policy across all euro area countries, thus allowing the Governing Council to more effectively deliver on its price stability mandate.",False,neutral,0.27088093757629395,0.30545324087142944,0.423665851354599,-0.0345723032951355,ecb_stmt_reg_v2.csv
ecb_stmt,ecb_stmt_20241017,2024-10-17,ECB,statement,ecb_statements,23,The President of the ECB will comment on the considerations underlying these decisions at a press conference starting at 14:45 CET today.,True,neutral,0.0006565111107192934,0.0017398408381268382,0.9976036548614502,-0.0010833297274075449,ecb_stmt_reg_v2.csv
ecb_stmt,ecb_stmt_20241017,2024-10-17,ECB,statement,ecb_statements,24,Disclaimer Please note that related topic tags are currently available for selected content only.,False,neutral,0.007912392728030682,0.016652677208185196,0.9754348993301392,-0.008740284480154514,ecb_stmt_reg_v2.csv
ecb_stmt,ecb_stmt_20241017,2024-10-17,ECB,statement,ecb_statements,25,Directorate General Communications Reproduction is permitted provided that the source is acknowledged.,False,neutral,0.047414593398571014,0.06088154762983322,0.8917038440704346,-0.013466954231262207,ecb_stmt_reg_v2.csv
ecb_stmt,ecb_stmt_20241212,2024-12-12,ECB,statement,ecb_statements,1,The Governing Council today decided to lower the three key ECB interest rates by 25 basis points.,False,dovish,0.00031373233650811017,0.99943608045578,0.0002501292328815907,-0.9991223481192719,ecb_stmt_reg_v2.csv
ecb_stmt,ecb_stmt_20241212,2024-12-12,ECB,statement,ecb_statements,2,"In particular, the decision to lower the deposit facility rate – the rate through which the Governing Council steers the monetary policy stance – is based on its updated assessment of the inflation outlook, the dynamics of underlying inflation and the strength of monetary policy transmission.",True,dovish,0.0011680100578814745,0.9975491762161255,0.0012828080216422677,-0.996381166158244,ecb_stmt_reg_v2.csv
ecb_stmt,ecb_stmt_20241212,2024-12-12,ECB,statement,ecb_statements,3,The disinflation process is well on track.,False,dovish,0.0025648975279182196,0.9825593829154968,0.014875728636980057,-0.9799944853875786,ecb_stmt_reg_v2.csv
ecb_stmt,ecb_stmt_20241212,2024-12-12,ECB,statement,ecb_statements,4,"Staff see headline inflation averaging 2.4% in 2024, 2.1% in 2025, 1.9% in 2026 and 2.1% in 2027 when the expanded EU Emissions Trading System becomes operational.",False,neutral,0.03701631724834442,0.08264724165201187,0.8803364634513855,-0.04563092440366745,ecb_stmt_reg_v2.csv
ecb_stmt,ecb_stmt_20241212,2024-12-12,ECB,statement,ecb_statements,5,"For inflation excluding energy and food, staff project an average of 2.9% in 2024, 2.3% in 2025 and 1.9% in both 2026 and 2027.",True,neutral,0.0030417023226618767,0.13862234354019165,0.8583359718322754,-0.13558064121752977,ecb_stmt_reg_v2.csv
ecb_stmt,ecb_stmt_20241212,2024-12-12,ECB,statement,ecb_statements,6,Most measures of underlying inflation suggest that inflation will settle at around the Governing Council’s 2% medium-term target on a sustained basis.,True,neutral,0.0007149658049456775,0.1597578227519989,0.8395271897315979,-0.15904285694705322,ecb_stmt_reg_v2.csv
ecb_stmt,ecb_stmt_20241212,2024-12-12,ECB,statement,ecb_statements,7,"Domestic inflation has edged down but remains high, mostly because wages and prices in certain sectors are still adjusting to the past inflation surge with a substantial delay.",False,neutral,0.000725841848179698,0.4157826602458954,0.5834915041923523,-0.4150568183977157,ecb_stmt_reg_v2.csv
ecb_stmt,ecb_stmt_20241212,2024-12-12,ECB,statement,ecb_statements,8,"Financing conditions are easing, as the Governing Council’s recent interest rate cuts gradually make new borrowing less expensive for firms and households.",False,dovish,0.0008953730575740337,0.9973584413528442,0.0017462208634242415,-0.9964630682952702,ecb_stmt_reg_v2.csv
ecb_stmt,ecb_stmt_20241212,2024-12-12,ECB,statement,ecb_statements,9,But they continue to be tight because monetary policy remains restrictive and past interest rate hikes are still transmitting to the outstanding stock of credit.,False,hawkish,0.6375237107276917,0.22379186749458313,0.13868439197540283,0.4137318432331085,ecb_stmt_reg_v2.csv
ecb_stmt,ecb_stmt_20241212,2024-12-12,ECB,statement,ecb_statements,10,Staff now expect a slower economic recovery than in the September projections.,True,dovish,0.00116570177488029,0.9955777525901794,0.0032565456349402666,-0.9944120508152992,ecb_stmt_reg_v2.csv
ecb_stmt,ecb_stmt_20241212,2024-12-12,ECB,statement,ecb_statements,11,"Although growth picked up in the third quarter of this year, survey indicators suggest it has slowed in the current quarter.",False,dovish,0.007509867660701275,0.7883203029632568,0.2041698694229126,-0.7808104353025556,ecb_stmt_reg_v2.csv
ecb_stmt,ecb_stmt_20241212,2024-12-12,ECB,statement,ecb_statements,12,"Staff see the economy growing by 0.7% in 2024, 1.1% in 2025, 1.4% in 2026 and 1.3% in 2027.",False,neutral,0.2977360188961029,0.2897050678730011,0.412558913230896,0.008030951023101807,ecb_stmt_reg_v2.csv
ecb_stmt,ecb_stmt_20241212,2024-12-12,ECB,statement,ecb_statements,13,The projected recovery rests mainly on rising real incomes – which should allow households to consume more – and firms increasing investment.,True,dovish,0.22521130740642548,0.4861758351325989,0.28861281275749207,-0.2609645277261734,ecb_stmt_reg_v2.csv
ecb_stmt,ecb_stmt_20241212,2024-12-12,ECB,statement,ecb_statements,14,"Over time, the gradually fading effects of restrictive monetary policy should support a pick-up in domestic demand.",False,dovish,0.005616195499897003,0.9830830693244934,0.011300795711576939,-0.9774668738245964,ecb_stmt_reg_v2.csv
ecb_stmt,ecb_stmt_20241212,2024-12-12,ECB,statement,ecb_statements,15,The Governing Council is determined to ensure that inflation stabilises sustainably at its 2% medium-term target.,False,dovish,0.15270023047924042,0.7884573936462402,0.05884243920445442,-0.6357571631669998,ecb_stmt_reg_v2.csv
ecb_stmt,ecb_stmt_20241212,2024-12-12,ECB,statement,ecb_statements,16,It will follow a data-dependent and meeting-by-meeting approach to determining the appropriate monetary policy stance.,True,neutral,0.0006590168341062963,0.0018338749650865793,0.9975071549415588,-0.001174858130980283,ecb_stmt_reg_v2.csv
ecb_stmt,ecb_stmt_20241212,2024-12-12,ECB,statement,ecb_statements,17,"In particular, the Governing Council’s interest rate decisions will be based on its assessment of the inflation outlook in light of the incoming economic and financial data, the dynamics of underlying inflation and the strength of monetary policy transmission.",True,neutral,0.010850711725652218,0.0028140407521277666,0.986335277557373,0.008036670973524451,ecb_stmt_reg_v2.csv
ecb_stmt,ecb_stmt_20241212,2024-12-12,ECB,statement,ecb_statements,18,The Governing Council is not pre-committing to a particular rate path.,True,neutral,0.0006284217815846205,0.004469919949769974,0.9949016571044922,-0.0038414981681853533,ecb_stmt_reg_v2.csv
ecb_stmt,ecb_stmt_20241212,2024-12-12,ECB,statement,ecb_statements,19,The Governing Council today decided to lower the three key ECB interest rates by 25 basis points.,False,dovish,0.00031373233650811017,0.99943608045578,0.0002501292328815907,-0.9991223481192719,ecb_stmt_reg_v2.csv
ecb_stmt,ecb_stmt_20241212,2024-12-12,ECB,statement,ecb_statements,20,"Accordingly, the interest rates on the deposit facility, the main refinancing operations and the marginal lending facility will be decreased to 3.00%, 3.15% and 3.40% respectively, with effect from 18 December 2024.",True,dovish,0.0008289148681797087,0.9983582496643066,0.0008128822082653642,-0.9975293347961269,ecb_stmt_reg_v2.csv
ecb_stmt,ecb_stmt_20241212,2024-12-12,ECB,statement,ecb_statements,21,"Asset purchase programme (APP) and pandemic emergency purchase programme (PEPP) The APP portfolio is declining at a measured and predictable pace, as the Eurosystem no longer reinvests the principal payments from maturing securities.",False,dovish,0.004060480277985334,0.9639388918876648,0.0320005901157856,-0.9598784116096795,ecb_stmt_reg_v2.csv
ecb_stmt,ecb_stmt_20241212,2024-12-12,ECB,statement,ecb_statements,22,"The Eurosystem no longer reinvests all of the principal payments from maturing securities purchased under the PEPP, reducing the PEPP portfolio by €7.5 billion per month on average.",False,dovish,0.05335467681288719,0.7028100490570068,0.24383528530597687,-0.6494553722441196,ecb_stmt_reg_v2.csv
ecb_stmt,ecb_stmt_20241212,2024-12-12,ECB,statement,ecb_statements,23,The Governing Council will discontinue reinvestments under the PEPP at the end of 2024.,True,neutral,0.0018127035582438111,0.37754377722740173,0.6206434965133667,-0.3757310736691579,ecb_stmt_reg_v2.csv
ecb_stmt,ecb_stmt_20241212,2024-12-12,ECB,statement,ecb_statements,24,"Banks will repay the remaining amounts borrowed under the targeted longer-term refinancing operations this month, which concludes this part of the balance sheet normalisation process.",True,neutral,0.0030247666873037815,0.005864652805030346,0.9911105632781982,-0.0028398861177265644,ecb_stmt_reg_v2.csv
ecb_stmt,ecb_stmt_20241212,2024-12-12,ECB,statement,ecb_statements,25,The Governing Council stands ready to adjust all of its instruments within its mandate to ensure that inflation stabilises sustainably at its 2% target over the medium term and to preserve the smooth functioning of monetary policy transmission.,True,dovish,0.05535448342561722,0.9030246138572693,0.04162085801362991,-0.8476701304316521,ecb_stmt_reg_v2.csv
ecb_stmt,ecb_stmt_20241212,2024-12-12,ECB,statement,ecb_statements,26,"Moreover, the Transmission Protection Instrument is available to counter unwarranted, disorderly market dynamics that pose a serious threat to the transmission of monetary policy across all euro area countries, thus allowing the Governing Council to more effectively deliver on its price stability mandate.",False,neutral,0.27088093757629395,0.30545324087142944,0.423665851354599,-0.0345723032951355,ecb_stmt_reg_v2.csv
ecb_stmt,ecb_stmt_20241212,2024-12-12,ECB,statement,ecb_statements,27,The President of the ECB will comment on the considerations underlying these decisions at a press conference starting at 14:45 CET today.,True,neutral,0.0006565111107192934,0.0017398408381268382,0.9976036548614502,-0.0010833297274075449,ecb_stmt_reg_v2.csv
ecb_stmt,ecb_stmt_20241212,2024-12-12,ECB,statement,ecb_statements,28,Disclaimer Please note that related topic tags are currently available for selected content only.,False,neutral,0.007912392728030682,0.016652677208185196,0.9754348993301392,-0.008740284480154514,ecb_stmt_reg_v2.csv
ecb_stmt,ecb_stmt_20241212,2024-12-12,ECB,statement,ecb_statements,29,Directorate General Communications Reproduction is permitted provided that the source is acknowledged.,False,neutral,0.047414593398571014,0.06088154762983322,0.8917038440704346,-0.013466954231262207,ecb_stmt_reg_v2.csv
ecb_stmt,ecb_stmt_20250130,2025-01-30,ECB,statement,ecb_statements,1,The Governing Council today decided to lower the three key ECB interest rates by 25 basis points.,False,dovish,0.00031373233650811017,0.99943608045578,0.0002501292328815907,-0.9991223481192719,ecb_stmt_reg_v2.csv
ecb_stmt,ecb_stmt_20250130,2025-01-30,ECB,statement,ecb_statements,2,"In particular, the decision to lower the deposit facility rate – the rate through which the Governing Council steers the monetary policy stance – is based on its updated assessment of the inflation outlook, the dynamics of underlying inflation and the strength of monetary policy transmission.",True,dovish,0.0011680100578814745,0.9975491762161255,0.0012828080216422677,-0.996381166158244,ecb_stmt_reg_v2.csv
ecb_stmt,ecb_stmt_20250130,2025-01-30,ECB,statement,ecb_statements,3,The disinflation process is well on track.,False,dovish,0.0025648975279182196,0.9825593829154968,0.014875728636980057,-0.9799944853875786,ecb_stmt_reg_v2.csv
ecb_stmt,ecb_stmt_20250130,2025-01-30,ECB,statement,ecb_statements,4,Inflation has continued to develop broadly in line with the staff projections and is set to return to the Governing Council’s 2% medium-term target in the course of this year.,True,neutral,0.0036654563155025244,0.007418901193886995,0.9889156818389893,-0.003753444878384471,ecb_stmt_reg_v2.csv
ecb_stmt,ecb_stmt_20250130,2025-01-30,ECB,statement,ecb_statements,5,Most measures of underlying inflation suggest that inflation will settle at around the target on a sustained basis.,True,neutral,0.001039341208525002,0.04478040337562561,0.9541802406311035,-0.04374106216710061,ecb_stmt_reg_v2.csv
ecb_stmt,ecb_stmt_20250130,2025-01-30,ECB,statement,ecb_statements,6,"Domestic inflation remains high, mostly because wages and prices in certain sectors are still adjusting to the past inflation surge with a substantial delay.",False,dovish,0.12266519665718079,0.6241630911827087,0.2531717121601105,-0.501497894525528,ecb_stmt_reg_v2.csv
ecb_stmt,ecb_stmt_20250130,2025-01-30,ECB,statement,ecb_statements,7,"But wage growth is moderating as expected, and profits are partially buffering the impact on inflation.",True,dovish,0.001989045413210988,0.7137032151222229,0.28430771827697754,-0.7117141697090119,ecb_stmt_reg_v2.csv
ecb_stmt,ecb_stmt_20250130,2025-01-30,ECB,statement,ecb_statements,8,The Governing Council’s recent interest rate cuts are gradually making new borrowing less expensive for firms and households.,False,dovish,0.020682252943515778,0.9229875802993774,0.05633010342717171,-0.9023053273558617,ecb_stmt_reg_v2.csv
ecb_stmt,ecb_stmt_20250130,2025-01-30,ECB,statement,ecb_statements,9,"At the same time, financing conditions continue to be tight, also because monetary policy remains restrictive and past interest rate hikes are still transmitting to the stock of credit, with some maturing loans being rolled over at higher rates.",False,hawkish,0.7241530418395996,0.12316419929265976,0.15268273651599884,0.6009888425469398,ecb_stmt_reg_v2.csv
ecb_stmt,ecb_stmt_20250130,2025-01-30,ECB,statement,ecb_statements,10,The economy is still facing headwinds but rising real incomes and the gradually fading effects of restrictive monetary policy should support a pick-up in demand over time.,False,dovish,0.0042366390116512775,0.8461065292358398,0.14965690672397614,-0.8418698902241886,ecb_stmt_reg_v2.csv
ecb_stmt,ecb_stmt_20250130,2025-01-30,ECB,statement,ecb_statements,11,The Governing Council is determined to ensure that inflation stabilises sustainably at its 2% medium-term target.,False,dovish,0.15270023047924042,0.7884573936462402,0.05884243920445442,-0.6357571631669998,ecb_stmt_reg_v2.csv
ecb_stmt,ecb_stmt_20250130,2025-01-30,ECB,statement,ecb_statements,12,It will follow a data-dependent and meeting-by-meeting approach to determining the appropriate monetary policy stance.,True,neutral,0.0006590168341062963,0.0018338749650865793,0.9975071549415588,-0.001174858130980283,ecb_stmt_reg_v2.csv
ecb_stmt,ecb_stmt_20250130,2025-01-30,ECB,statement,ecb_statements,13,"In particular, the Governing Council’s interest rate decisions will be based on its assessment of the inflation outlook in light of the incoming economic and financial data, the dynamics of underlying inflation and the strength of monetary policy transmission.",True,neutral,0.010850711725652218,0.0028140407521277666,0.986335277557373,0.008036670973524451,ecb_stmt_reg_v2.csv
ecb_stmt,ecb_stmt_20250130,2025-01-30,ECB,statement,ecb_statements,14,The Governing Council is not pre-committing to a particular rate path.,True,neutral,0.0006284217815846205,0.004469919949769974,0.9949016571044922,-0.0038414981681853533,ecb_stmt_reg_v2.csv
ecb_stmt,ecb_stmt_20250130,2025-01-30,ECB,statement,ecb_statements,15,The Governing Council today decided to lower the three key ECB interest rates by 25 basis points.,False,dovish,0.00031373233650811017,0.99943608045578,0.0002501292328815907,-0.9991223481192719,ecb_stmt_reg_v2.csv
ecb_stmt,ecb_stmt_20250130,2025-01-30,ECB,statement,ecb_statements,16,"Accordingly, the interest rates on the deposit facility, the main refinancing operations and the marginal lending facility will be decreased to 2.75%, 2.90% and 3.15% respectively, with effect from 5 February 2025.",True,dovish,0.0008686063229106367,0.9982559084892273,0.000875418889336288,-0.9973873021663167,ecb_stmt_reg_v2.csv
ecb_stmt,ecb_stmt_20250130,2025-01-30,ECB,statement,ecb_statements,17,"Asset purchase programme (APP) and pandemic emergency purchase programme (PEPP) The APP and PEPP portfolios are declining at a measured and predictable pace, as the Eurosystem no longer reinvests the principal payments from maturing securities.",False,dovish,0.00385990459471941,0.9649988412857056,0.031141245737671852,-0.9611389366909862,ecb_stmt_reg_v2.csv
ecb_stmt,ecb_stmt_20250130,2025-01-30,ECB,statement,ecb_statements,18,"On 18 December 2024 banks repaid the remaining amounts borrowed under the targeted longer-term refinancing operations, thus concluding this part of the balance sheet normalisation process.",False,neutral,0.0029341024346649647,0.00707990862429142,0.9899859428405762,-0.004145806189626455,ecb_stmt_reg_v2.csv
ecb_stmt,ecb_stmt_20250130,2025-01-30,ECB,statement,ecb_statements,19,The Governing Council stands ready to adjust all of its instruments within its mandate to ensure that inflation stabilises sustainably at its 2% target over the medium term and to preserve the smooth functioning of monetary policy transmission.,True,dovish,0.05535448342561722,0.9030246138572693,0.04162085801362991,-0.8476701304316521,ecb_stmt_reg_v2.csv
ecb_stmt,ecb_stmt_20250130,2025-01-30,ECB,statement,ecb_statements,20,"Moreover, the Transmission Protection Instrument is available to counter unwarranted, disorderly market dynamics that pose a serious threat to the transmission of monetary policy across all euro area countries, thus allowing the Governing Council to more effectively deliver on its price stability mandate.",False,neutral,0.27088093757629395,0.30545324087142944,0.423665851354599,-0.0345723032951355,ecb_stmt_reg_v2.csv
ecb_stmt,ecb_stmt_20250130,2025-01-30,ECB,statement,ecb_statements,21,The President of the ECB will comment on the considerations underlying these decisions at a press conference starting at 14:45 CET today.,True,neutral,0.0006565111107192934,0.0017398408381268382,0.9976036548614502,-0.0010833297274075449,ecb_stmt_reg_v2.csv
ecb_stmt,ecb_stmt_20250130,2025-01-30,ECB,statement,ecb_statements,22,Disclaimer Please note that related topic tags are currently available for selected content only.,False,neutral,0.007912392728030682,0.016652677208185196,0.9754348993301392,-0.008740284480154514,ecb_stmt_reg_v2.csv
ecb_stmt,ecb_stmt_20250130,2025-01-30,ECB,statement,ecb_statements,23,Directorate General Communications Reproduction is permitted provided that the source is acknowledged.,False,neutral,0.047414593398571014,0.06088154762983322,0.8917038440704346,-0.013466954231262207,ecb_stmt_reg_v2.csv
ecb_stmt,ecb_stmt_20250306,2025-03-06,ECB,statement,ecb_statements,1,The Governing Council today decided to lower the three key ECB interest rates by 25 basis points.,False,dovish,0.00031373233650811017,0.99943608045578,0.0002501292328815907,-0.9991223481192719,ecb_stmt_reg_v2.csv
ecb_stmt,ecb_stmt_20250306,2025-03-06,ECB,statement,ecb_statements,2,"In particular, the decision to lower the deposit facility rate – the rate through which the Governing Council steers the monetary policy stance – is based on its updated assessment of the inflation outlook, the dynamics of underlying inflation and the strength of monetary policy transmission.",True,dovish,0.0011680100578814745,0.9975491762161255,0.0012828080216422677,-0.996381166158244,ecb_stmt_reg_v2.csv
ecb_stmt,ecb_stmt_20250306,2025-03-06,ECB,statement,ecb_statements,3,The disinflation process is well on track.,False,dovish,0.0025648975279182196,0.9825593829154968,0.014875728636980057,-0.9799944853875786,ecb_stmt_reg_v2.csv
ecb_stmt,ecb_stmt_20250306,2025-03-06,ECB,statement,ecb_statements,4,"Inflation has continued to develop broadly as staff expected, and the latest projections closely align with the previous inflation outlook.",True,neutral,0.012043057940900326,0.009526843205094337,0.9784300923347473,0.0025162147358059883,ecb_stmt_reg_v2.csv
ecb_stmt,ecb_stmt_20250306,2025-03-06,ECB,statement,ecb_statements,5,"Staff now see headline inflation averaging 2.3% in 2025, 1.9% in 2026 and 2.0% in 2027.",False,neutral,0.014164802618324757,0.04931945726275444,0.9365158081054688,-0.035154654644429684,ecb_stmt_reg_v2.csv
ecb_stmt,ecb_stmt_20250306,2025-03-06,ECB,statement,ecb_statements,6,The upward revision in headline inflation for 2025 reflects stronger energy price dynamics.,False,hawkish,0.9962920546531677,0.0022115393076092005,0.0014964024303480983,0.9940805153455585,ecb_stmt_reg_v2.csv
ecb_stmt,ecb_stmt_20250306,2025-03-06,ECB,statement,ecb_statements,7,"For inflation excluding energy and food, staff project an average of 2.2% in 2025, 2.0% in 2026 and 1.9% in 2027.",True,neutral,0.005191710777580738,0.058096323162317276,0.9367119073867798,-0.05290461238473654,ecb_stmt_reg_v2.csv
ecb_stmt,ecb_stmt_20250306,2025-03-06,ECB,statement,ecb_statements,8,Most measures of underlying inflation suggest that inflation will settle at around the Governing Council’s 2% medium-term target on a sustained basis.,True,neutral,0.0007149658049456775,0.1597578227519989,0.8395271897315979,-0.15904285694705322,ecb_stmt_reg_v2.csv
ecb_stmt,ecb_stmt_20250306,2025-03-06,ECB,statement,ecb_statements,9,"Domestic inflation remains high, mostly because wages and prices in certain sectors are still adjusting to the past inflation surge with a substantial delay.",False,dovish,0.12266519665718079,0.6241630911827087,0.2531717121601105,-0.501497894525528,ecb_stmt_reg_v2.csv
ecb_stmt,ecb_stmt_20250306,2025-03-06,ECB,statement,ecb_statements,10,"But wage growth is moderating as expected, and profits are partially buffering the impact on inflation.",True,dovish,0.001989045413210988,0.7137032151222229,0.28430771827697754,-0.7117141697090119,ecb_stmt_reg_v2.csv
ecb_stmt,ecb_stmt_20250306,2025-03-06,ECB,statement,ecb_statements,11,"Monetary policy is becoming meaningfully less restrictive, as the interest rate cuts are making new borrowing less expensive for firms and households and loan growth is picking up.",False,dovish,0.0005545579479075968,0.9987552762031555,0.0006901584565639496,-0.9982007182552479,ecb_stmt_reg_v2.csv
ecb_stmt,ecb_stmt_20250306,2025-03-06,ECB,statement,ecb_statements,12,"At the same time, a headwind to the easing of financing conditions comes from past interest rate hikes still transmitting to the stock of credit, and lending remains subdued overall.",False,dovish,0.0035405864473432302,0.9608401656150818,0.03561924770474434,-0.9572995791677386,ecb_stmt_reg_v2.csv
ecb_stmt,ecb_stmt_20250306,2025-03-06,ECB,statement,ecb_statements,13,"The economy faces continued challenges and staff have again marked down their growth projections – to 0.9% for 2025, 1.2% for 2026 and 1.3% for 2027.",True,dovish,0.0004106259439140558,0.9990475177764893,0.0005418701330199838,-0.9986368918325752,ecb_stmt_reg_v2.csv
ecb_stmt,ecb_stmt_20250306,2025-03-06,ECB,statement,ecb_statements,14,"The downward revisions for 2025 and 2026 reflect lower exports and ongoing weakness in investment, in part originating from high trade policy uncertainty as well as broader policy uncertainty.",False,dovish,0.06426112353801727,0.8614852428436279,0.07425358891487122,-0.7972241193056107,ecb_stmt_reg_v2.csv
ecb_stmt,ecb_stmt_20250306,2025-03-06,ECB,statement,ecb_statements,15,Rising real incomes and the gradually fading effects of past rate hikes remain the key drivers underpinning the expected pick-up in demand over time.,True,dovish,0.04718032106757164,0.9421056509017944,0.010714039206504822,-0.8949253298342228,ecb_stmt_reg_v2.csv
ecb_stmt,ecb_stmt_20250306,2025-03-06,ECB,statement,ecb_statements,16,The Governing Council is determined to ensure that inflation stabilises sustainably at its 2% medium-term target.,False,dovish,0.15270023047924042,0.7884573936462402,0.05884243920445442,-0.6357571631669998,ecb_stmt_reg_v2.csv
ecb_stmt,ecb_stmt_20250306,2025-03-06,ECB,statement,ecb_statements,17,"Especially in current conditions of rising uncertainty, it will follow a data-dependent and meeting-by-meeting approach to determining the appropriate monetary policy stance.",True,neutral,0.002051686169579625,0.02076180838048458,0.9771865010261536,-0.018710122210904956,ecb_stmt_reg_v2.csv
ecb_stmt,ecb_stmt_20250306,2025-03-06,ECB,statement,ecb_statements,18,"In particular, the Governing Council’s interest rate decisions will be based on its assessment of the inflation outlook in light of the incoming economic and financial data, the dynamics of underlying inflation and the strength of monetary policy transmission.",True,neutral,0.010850711725652218,0.0028140407521277666,0.986335277557373,0.008036670973524451,ecb_stmt_reg_v2.csv
ecb_stmt,ecb_stmt_20250306,2025-03-06,ECB,statement,ecb_statements,19,The Governing Council is not pre-committing to a particular rate path.,True,neutral,0.0006284217815846205,0.004469919949769974,0.9949016571044922,-0.0038414981681853533,ecb_stmt_reg_v2.csv
ecb_stmt,ecb_stmt_20250306,2025-03-06,ECB,statement,ecb_statements,20,The Governing Council today decided to lower the three key ECB interest rates by 25 basis points.,False,dovish,0.00031373233650811017,0.99943608045578,0.0002501292328815907,-0.9991223481192719,ecb_stmt_reg_v2.csv
ecb_stmt,ecb_stmt_20250306,2025-03-06,ECB,statement,ecb_statements,21,"Accordingly, the interest rates on the deposit facility, the main refinancing operations and the marginal lending facility will be decreased to 2.50%, 2.65% and 2.90% respectively, with effect from 12 March 2025.",True,dovish,0.0008926322334446013,0.998197078704834,0.0009102378971874714,-0.9973044464713894,ecb_stmt_reg_v2.csv
ecb_stmt,ecb_stmt_20250306,2025-03-06,ECB,statement,ecb_statements,22,"Asset purchase programme (APP) and pandemic emergency purchase programme (PEPP) The APP and PEPP portfolios are declining at a measured and predictable pace, as the Eurosystem no longer reinvests the principal payments from maturing securities.",False,dovish,0.00385990459471941,0.9649988412857056,0.031141245737671852,-0.9611389366909862,ecb_stmt_reg_v2.csv
ecb_stmt,ecb_stmt_20250306,2025-03-06,ECB,statement,ecb_statements,23,The Governing Council stands ready to adjust all of its instruments within its mandate to ensure that inflation stabilises sustainably at its 2% target over the medium term and to preserve the smooth functioning of monetary policy transmission.,True,dovish,0.05535448342561722,0.9030246138572693,0.04162085801362991,-0.8476701304316521,ecb_stmt_reg_v2.csv
ecb_stmt,ecb_stmt_20250306,2025-03-06,ECB,statement,ecb_statements,24,"Moreover, the Transmission Protection Instrument is available to counter unwarranted, disorderly market dynamics that pose a serious threat to the transmission of monetary policy across all euro area countries, thus allowing the Governing Council to more effectively deliver on its price stability mandate.",False,neutral,0.27088093757629395,0.30545324087142944,0.423665851354599,-0.0345723032951355,ecb_stmt_reg_v2.csv
ecb_stmt,ecb_stmt_20250306,2025-03-06,ECB,statement,ecb_statements,25,The President of the ECB will comment on the considerations underlying these decisions at a press conference starting at 14:45 CET today.,True,neutral,0.0006565111107192934,0.0017398408381268382,0.9976036548614502,-0.0010833297274075449,ecb_stmt_reg_v2.csv
ecb_stmt,ecb_stmt_20250306,2025-03-06,ECB,statement,ecb_statements,26,Disclaimer Please note that related topic tags are currently available for selected content only.,False,neutral,0.007912392728030682,0.016652677208185196,0.9754348993301392,-0.008740284480154514,ecb_stmt_reg_v2.csv
ecb_stmt,ecb_stmt_20250306,2025-03-06,ECB,statement,ecb_statements,27,Directorate General Communications Reproduction is permitted provided that the source is acknowledged.,False,neutral,0.047414593398571014,0.06088154762983322,0.8917038440704346,-0.013466954231262207,ecb_stmt_reg_v2.csv
ecb_stmt,ecb_stmt_20250417,2025-04-17,ECB,statement,ecb_statements,1,The Governing Council today decided to lower the three key ECB interest rates by 25 basis points.,False,dovish,0.00031373233650811017,0.99943608045578,0.0002501292328815907,-0.9991223481192719,ecb_stmt_reg_v2.csv
ecb_stmt,ecb_stmt_20250417,2025-04-17,ECB,statement,ecb_statements,2,"In particular, the decision to lower the deposit facility rate – the rate through which the Governing Council steers the monetary policy stance – is based on its updated assessment of the inflation outlook, the dynamics of underlying inflation and the strength of monetary policy transmission.",True,dovish,0.0011680100578814745,0.9975491762161255,0.0012828080216422677,-0.996381166158244,ecb_stmt_reg_v2.csv
ecb_stmt,ecb_stmt_20250417,2025-04-17,ECB,statement,ecb_statements,3,The disinflation process is well on track.,False,dovish,0.0025648975279182196,0.9825593829154968,0.014875728636980057,-0.9799944853875786,ecb_stmt_reg_v2.csv
ecb_stmt,ecb_stmt_20250417,2025-04-17,ECB,statement,ecb_statements,4,"Inflation has continued to develop as staff expected, with both headline and core inflation declining in March.",True,dovish,0.0029043052345514297,0.9259708523750305,0.07112482190132141,-0.9230665471404791,ecb_stmt_reg_v2.csv
ecb_stmt,ecb_stmt_20250417,2025-04-17,ECB,statement,ecb_statements,5,Services inflation has also eased markedly over recent months.,False,dovish,0.0006444418686442077,0.9985781908035278,0.000777345267124474,-0.9979337489348836,ecb_stmt_reg_v2.csv
ecb_stmt,ecb_stmt_20250417,2025-04-17,ECB,statement,ecb_statements,6,Most measures of underlying inflation suggest that inflation will settle at around the Governing Council’s 2% medium-term target on a sustained basis.,True,neutral,0.0007149658049456775,0.1597578227519989,0.8395271897315979,-0.15904285694705322,ecb_stmt_reg_v2.csv
ecb_stmt,ecb_stmt_20250417,2025-04-17,ECB,statement,ecb_statements,7,"Wage growth is moderating, and profits are partially buffering the impact of still elevated wage growth on inflation.",False,neutral,0.0036011100746691227,0.3709505498409271,0.6254482865333557,-0.367349439766258,ecb_stmt_reg_v2.csv
ecb_stmt,ecb_stmt_20250417,2025-04-17,ECB,statement,ecb_statements,8,"The euro area economy has been building up some resilience against global shocks, but the outlook for growth has deteriorated owing to rising trade tensions.",True,dovish,0.0023745931684970856,0.9617286324501038,0.03589673712849617,-0.9593540392816067,ecb_stmt_reg_v2.csv
ecb_stmt,ecb_stmt_20250417,2025-04-17,ECB,statement,ecb_statements,9,"Increased uncertainty is likely to reduce confidence among households and firms, and the adverse and volatile market response to the trade tensions is likely to have a tightening impact on financing conditions.",True,hawkish,0.8331067562103271,0.10087011009454727,0.06602316349744797,0.7322366461157799,ecb_stmt_reg_v2.csv
ecb_stmt,ecb_stmt_20250417,2025-04-17,ECB,statement,ecb_statements,10,These factors may further weigh on the economic outlook for the euro area.,True,dovish,0.011255675926804543,0.9622138142585754,0.02653048187494278,-0.9509581383317709,ecb_stmt_reg_v2.csv
ecb_stmt,ecb_stmt_20250417,2025-04-17,ECB,statement,ecb_statements,11,The Governing Council is determined to ensure that inflation stabilises sustainably at its 2% medium-term target.,False,dovish,0.15270023047924042,0.7884573936462402,0.05884243920445442,-0.6357571631669998,ecb_stmt_reg_v2.csv
ecb_stmt,ecb_stmt_20250417,2025-04-17,ECB,statement,ecb_statements,12,"Especially in current conditions of exceptional uncertainty, it will follow a data-dependent and meeting-by-meeting approach to determining the appropriate monetary policy stance.",True,neutral,0.0011945144506171346,0.00613775197416544,0.9926677346229553,-0.004943237523548305,ecb_stmt_reg_v2.csv
ecb_stmt,ecb_stmt_20250417,2025-04-17,ECB,statement,ecb_statements,13,"In particular, the Governing Council’s interest rate decisions will be based on its assessment of the inflation outlook in light of the incoming economic and financial data, the dynamics of underlying inflation and the strength of monetary policy transmission.",True,neutral,0.010850711725652218,0.0028140407521277666,0.986335277557373,0.008036670973524451,ecb_stmt_reg_v2.csv
ecb_stmt,ecb_stmt_20250417,2025-04-17,ECB,statement,ecb_statements,14,The Governing Council is not pre-committing to a particular rate path.,True,neutral,0.0006284217815846205,0.004469919949769974,0.9949016571044922,-0.0038414981681853533,ecb_stmt_reg_v2.csv
ecb_stmt,ecb_stmt_20250417,2025-04-17,ECB,statement,ecb_statements,15,The Governing Council today decided to lower the three key ECB interest rates by 25 basis points.,False,dovish,0.00031373233650811017,0.99943608045578,0.0002501292328815907,-0.9991223481192719,ecb_stmt_reg_v2.csv
ecb_stmt,ecb_stmt_20250417,2025-04-17,ECB,statement,ecb_statements,16,"Accordingly, the interest rates on the deposit facility, the main refinancing operations and the marginal lending facility will be decreased to 2.25%, 2.40% and 2.65% respectively, with effect from 23 April 2025.",True,dovish,0.0008485107682645321,0.9982861876487732,0.0008652462856844068,-0.9974376768805087,ecb_stmt_reg_v2.csv
ecb_stmt,ecb_stmt_20250417,2025-04-17,ECB,statement,ecb_statements,17,"Asset purchase programme (APP) and pandemic emergency purchase programme (PEPP) The APP and PEPP portfolios are declining at a measured and predictable pace, as the Eurosystem no longer reinvests the principal payments from maturing securities.",False,dovish,0.00385990459471941,0.9649988412857056,0.031141245737671852,-0.9611389366909862,ecb_stmt_reg_v2.csv
ecb_stmt,ecb_stmt_20250417,2025-04-17,ECB,statement,ecb_statements,18,The Governing Council stands ready to adjust all of its instruments within its mandate to ensure that inflation stabilises sustainably at its 2% target over the medium term and to preserve the smooth functioning of monetary policy transmission.,True,dovish,0.05535448342561722,0.9030246138572693,0.04162085801362991,-0.8476701304316521,ecb_stmt_reg_v2.csv
ecb_stmt,ecb_stmt_20250417,2025-04-17,ECB,statement,ecb_statements,19,"Moreover, the Transmission Protection Instrument is available to counter unwarranted, disorderly market dynamics that pose a serious threat to the transmission of monetary policy across all euro area countries, thus allowing the Governing Council to more effectively deliver on its price stability mandate.",False,neutral,0.27088093757629395,0.30545324087142944,0.423665851354599,-0.0345723032951355,ecb_stmt_reg_v2.csv
ecb_stmt,ecb_stmt_20250417,2025-04-17,ECB,statement,ecb_statements,20,The President of the ECB will comment on the considerations underlying these decisions at a press conference starting at 14:45 CET today.,True,neutral,0.0006565111107192934,0.0017398408381268382,0.9976036548614502,-0.0010833297274075449,ecb_stmt_reg_v2.csv
ecb_stmt,ecb_stmt_20250417,2025-04-17,ECB,statement,ecb_statements,21,Disclaimer Please note that related topic tags are currently available for selected content only.,False,neutral,0.007912392728030682,0.016652677208185196,0.9754348993301392,-0.008740284480154514,ecb_stmt_reg_v2.csv
ecb_stmt,ecb_stmt_20250417,2025-04-17,ECB,statement,ecb_statements,22,Directorate General Communications Reproduction is permitted provided that the source is acknowledged.,False,neutral,0.047414593398571014,0.06088154762983322,0.8917038440704346,-0.013466954231262207,ecb_stmt_reg_v2.csv
ecb_stmt,ecb_stmt_20250605,2025-06-05,ECB,statement,ecb_statements,1,The Governing Council today decided to lower the three key ECB interest rates by 25 basis points.,False,dovish,0.00031373233650811017,0.99943608045578,0.0002501292328815907,-0.9991223481192719,ecb_stmt_reg_v2.csv
ecb_stmt,ecb_stmt_20250605,2025-06-05,ECB,statement,ecb_statements,2,"In particular, the decision to lower the deposit facility rate – the rate through which the Governing Council steers the monetary policy stance – is based on its updated assessment of the inflation outlook, the dynamics of underlying inflation and the strength of monetary policy transmission.",True,dovish,0.0011680100578814745,0.9975491762161255,0.0012828080216422677,-0.996381166158244,ecb_stmt_reg_v2.csv
ecb_stmt,ecb_stmt_20250605,2025-06-05,ECB,statement,ecb_statements,3,Inflation is currently at around the Governing Council’s 2% medium-term target.,False,neutral,0.001367206801660359,0.011503513902425766,0.9871293306350708,-0.010136307100765407,ecb_stmt_reg_v2.csv
ecb_stmt,ecb_stmt_20250605,2025-06-05,ECB,statement,ecb_statements,4,"In the baseline of the new Eurosystem staff projections, headline inflation is set to average 2.0% in 2025, 1.6% in 2026 and 2.0% in 2027.",True,neutral,0.005300574470311403,0.019483596086502075,0.9752158522605896,-0.014183021616190672,ecb_stmt_reg_v2.csv
ecb_stmt,ecb_stmt_20250605,2025-06-05,ECB,statement,ecb_statements,5,"The downward revisions compared with the March projections, by 0.3 percentage points for both 2025 and 2026, mainly reflect lower assumptions for energy prices and a stronger euro.",True,dovish,0.0012811787892132998,0.9972556233406067,0.0014631522353738546,-0.9959744445513934,ecb_stmt_reg_v2.csv
ecb_stmt,ecb_stmt_20250605,2025-06-05,ECB,statement,ecb_statements,6,"Staff expect inflation excluding energy and food to average 2.4% in 2025 and 1.9% in 2026 and 2027, broadly unchanged since March.",True,neutral,0.0008571289363317192,0.0024656951427459717,0.9966771602630615,-0.0016085662064142525,ecb_stmt_reg_v2.csv
ecb_stmt,ecb_stmt_20250605,2025-06-05,ECB,statement,ecb_statements,7,"Staff see real GDP growth averaging 0.9% in 2025, 1.1% in 2026 and 1.3% in 2027.",False,neutral,0.012469416484236717,0.03955040127038956,0.9479801654815674,-0.02708098478615284,ecb_stmt_reg_v2.csv
ecb_stmt,ecb_stmt_20250605,2025-06-05,ECB,statement,ecb_statements,8,The unrevised growth projection for 2025 reflects a stronger than expected first quarter combined with weaker prospects for the remainder of the year.,True,dovish,0.0038092504255473614,0.5410367846488953,0.4551539421081543,-0.5372275342233479,ecb_stmt_reg_v2.csv
ecb_stmt,ecb_stmt_20250605,2025-06-05,ECB,statement,ecb_statements,9,"While the uncertainty surrounding trade policies is expected to weigh on business investment and exports, especially in the short term, rising government investment in defence and infrastructure will increasingly support growth over the medium term.",True,neutral,0.021042676642537117,0.045826978981494904,0.9331303238868713,-0.024784302338957787,ecb_stmt_reg_v2.csv
ecb_stmt,ecb_stmt_20250605,2025-06-05,ECB,statement,ecb_statements,10,Higher real incomes and a robust labour market will allow households to spend more.,True,dovish,0.15241111814975739,0.6843946576118469,0.1631942093372345,-0.5319835394620895,ecb_stmt_reg_v2.csv
ecb_stmt,ecb_stmt_20250605,2025-06-05,ECB,statement,ecb_statements,11,"Together with more favourable financing conditions, this should make the economy more resilient to global shocks.",False,hawkish,0.4745290279388428,0.39110004901885986,0.13437090814113617,0.08342897891998291,ecb_stmt_reg_v2.csv
ecb_stmt,ecb_stmt_20250605,2025-06-05,ECB,statement,ecb_statements,12,"In the context of high uncertainty, staff also assessed some of the mechanisms by which different trade policies could affect growth and inflation under some alternative illustrative scenarios.",False,neutral,0.007600205019116402,0.04348064586520195,0.9489191174507141,-0.03588044084608555,ecb_stmt_reg_v2.csv
ecb_stmt,ecb_stmt_20250605,2025-06-05,ECB,statement,ecb_statements,13,These scenarios will be published with the staff projections on the ECB’s website.,True,neutral,0.0007429476245306432,0.0010154889896512032,0.9982415437698364,-0.00027254136512055993,ecb_stmt_reg_v2.csv
ecb_stmt,ecb_stmt_20250605,2025-06-05,ECB,statement,ecb_statements,14,"Under this scenario analysis, a further escalation of trade tensions over the coming months would result in growth and inflation being below the baseline projections.",True,dovish,0.06905671954154968,0.8878130316734314,0.04313026741147041,-0.8187563121318817,ecb_stmt_reg_v2.csv
ecb_stmt,ecb_stmt_20250605,2025-06-05,ECB,statement,ecb_statements,15,"By contrast, if trade tensions were resolved with a benign outcome, growth and, to a lesser extent, inflation would be higher than in the baseline projections.",True,neutral,0.09568153321743011,0.4415636956691742,0.4627547562122345,-0.3458821624517441,ecb_stmt_reg_v2.csv
ecb_stmt,ecb_stmt_20250605,2025-06-05,ECB,statement,ecb_statements,16,Most measures of underlying inflation suggest that inflation will settle at around the Governing Council’s 2% medium-term target on a sustained basis.,True,neutral,0.0007149658049456775,0.1597578227519989,0.8395271897315979,-0.15904285694705322,ecb_stmt_reg_v2.csv
ecb_stmt,ecb_stmt_20250605,2025-06-05,ECB,statement,ecb_statements,17,"Wage growth is still elevated but continues to moderate visibly, and profits are partially buffering its impact on inflation.",False,neutral,0.002898804610595107,0.027583787217736244,0.9695174694061279,-0.024684982607141137,ecb_stmt_reg_v2.csv
ecb_stmt,ecb_stmt_20250605,2025-06-05,ECB,statement,ecb_statements,18,The concerns that increased uncertainty and a volatile market response to the trade tensions in April would have a tightening impact on financing conditions have eased.,True,dovish,0.0018751319730654359,0.7346411347389221,0.2634837031364441,-0.7327660027658567,ecb_stmt_reg_v2.csv
ecb_stmt,ecb_stmt_20250605,2025-06-05,ECB,statement,ecb_statements,19,The Governing Council is determined to ensure that inflation stabilises sustainably at its 2% medium-term target.,False,dovish,0.15270023047924042,0.7884573936462402,0.05884243920445442,-0.6357571631669998,ecb_stmt_reg_v2.csv
ecb_stmt,ecb_stmt_20250605,2025-06-05,ECB,statement,ecb_statements,20,"Especially in current conditions of exceptional uncertainty, it will follow a data-dependent and meeting-by-meeting approach to determining the appropriate monetary policy stance.",True,neutral,0.0011945144506171346,0.00613775197416544,0.9926677346229553,-0.004943237523548305,ecb_stmt_reg_v2.csv
ecb_stmt,ecb_stmt_20250605,2025-06-05,ECB,statement,ecb_statements,21,"The Governing Council’s interest rate decisions will be based on its assessment of the inflation outlook in light of the incoming economic and financial data, the dynamics of underlying inflation and the strength of monetary policy transmission.",True,neutral,0.00613985862582922,0.002789156511425972,0.9910709261894226,0.003350702114403248,ecb_stmt_reg_v2.csv
ecb_stmt,ecb_stmt_20250605,2025-06-05,ECB,statement,ecb_statements,22,The Governing Council is not pre-committing to a particular rate path.,True,neutral,0.0006284217815846205,0.004469919949769974,0.9949016571044922,-0.0038414981681853533,ecb_stmt_reg_v2.csv
ecb_stmt,ecb_stmt_20250605,2025-06-05,ECB,statement,ecb_statements,23,The Governing Council today decided to lower the three key ECB interest rates by 25 basis points.,False,dovish,0.00031373233650811017,0.99943608045578,0.0002501292328815907,-0.9991223481192719,ecb_stmt_reg_v2.csv
ecb_stmt,ecb_stmt_20250605,2025-06-05,ECB,statement,ecb_statements,24,"Accordingly, the interest rates on the deposit facility, the main refinancing operations and the marginal lending facility will be decreased to 2.00%, 2.15% and 2.40% respectively, with effect from 11 June 2025.",True,dovish,0.0008501869160681963,0.9983062744140625,0.0008435706840828061,-0.9974560874979943,ecb_stmt_reg_v2.csv
ecb_stmt,ecb_stmt_20250605,2025-06-05,ECB,statement,ecb_statements,25,"Asset purchase programme (APP) and pandemic emergency purchase programme (PEPP) The APP and PEPP portfolios are declining at a measured and predictable pace, as the Eurosystem no longer reinvests the principal payments from maturing securities.",False,dovish,0.00385990459471941,0.9649988412857056,0.031141245737671852,-0.9611389366909862,ecb_stmt_reg_v2.csv
ecb_stmt,ecb_stmt_20250605,2025-06-05,ECB,statement,ecb_statements,26,The Governing Council stands ready to adjust all of its instruments within its mandate to ensure that inflation stabilises sustainably at its 2% target over the medium term and to preserve the smooth functioning of monetary policy transmission.,True,dovish,0.05535448342561722,0.9030246138572693,0.04162085801362991,-0.8476701304316521,ecb_stmt_reg_v2.csv
ecb_stmt,ecb_stmt_20250605,2025-06-05,ECB,statement,ecb_statements,27,"Moreover, the Transmission Protection Instrument is available to counter unwarranted, disorderly market dynamics that pose a serious threat to the transmission of monetary policy across all euro area countries, thus allowing the Governing Council to more effectively deliver on its price stability mandate.",False,neutral,0.27088093757629395,0.30545324087142944,0.423665851354599,-0.0345723032951355,ecb_stmt_reg_v2.csv
ecb_stmt,ecb_stmt_20250605,2025-06-05,ECB,statement,ecb_statements,28,The President of the ECB will comment on the considerations underlying these decisions at a press conference starting at 14:45 CET today.,True,neutral,0.0006565111107192934,0.0017398408381268382,0.9976036548614502,-0.0010833297274075449,ecb_stmt_reg_v2.csv
ecb_stmt,ecb_stmt_20250605,2025-06-05,ECB,statement,ecb_statements,29,Disclaimer Please note that related topic tags are currently available for selected content only.,False,neutral,0.007912392728030682,0.016652677208185196,0.9754348993301392,-0.008740284480154514,ecb_stmt_reg_v2.csv
ecb_stmt,ecb_stmt_20250605,2025-06-05,ECB,statement,ecb_statements,30,Directorate General Communications Reproduction is permitted provided that the source is acknowledged.,False,neutral,0.047414593398571014,0.06088154762983322,0.8917038440704346,-0.013466954231262207,ecb_stmt_reg_v2.csv
ecb_stmt,ecb_stmt_20250724,2025-07-24,ECB,statement,ecb_statements,1,The Governing Council today decided to keep the three key ECB interest rates unchanged.,False,neutral,0.0003547308733686805,0.0023865627590566874,0.997258722782135,-0.002031831885688007,ecb_stmt_reg_v2.csv
ecb_stmt,ecb_stmt_20250724,2025-07-24,ECB,statement,ecb_statements,2,Inflation is currently at the 2% medium-term target.,False,neutral,0.002637769328430295,0.011258297599852085,0.9861039519309998,-0.00862052827142179,ecb_stmt_reg_v2.csv
ecb_stmt,ecb_stmt_20250724,2025-07-24,ECB,statement,ecb_statements,3,The incoming information is broadly in line with the Governing Council’s previous assessment of the inflation outlook.,True,neutral,0.008329828269779682,0.007963916286826134,0.9837062358856201,0.00036591198295354843,ecb_stmt_reg_v2.csv
ecb_stmt,ecb_stmt_20250724,2025-07-24,ECB,statement,ecb_statements,4,"Domestic price pressures have continued to ease, with wages growing more slowly.",False,dovish,0.0005630045779980719,0.998247504234314,0.0011895549250766635,-0.9976844996563159,ecb_stmt_reg_v2.csv
ecb_stmt,ecb_stmt_20250724,2025-07-24,ECB,statement,ecb_statements,5,"Partly reflecting the Governing Council’s past interest rate cuts, the economy has so far proven resilient overall in a challenging global environment.",False,dovish,0.0032891433220356703,0.9529596567153931,0.04375114664435387,-0.9496705133933574,ecb_stmt_reg_v2.csv
ecb_stmt,ecb_stmt_20250724,2025-07-24,ECB,statement,ecb_statements,6,"At the same time, the environment remains exceptionally uncertain, especially because of trade disputes.",False,dovish,0.004881712142378092,0.9458628296852112,0.04925542324781418,-0.9409811175428331,ecb_stmt_reg_v2.csv
ecb_stmt,ecb_stmt_20250724,2025-07-24,ECB,statement,ecb_statements,7,The Governing Council is determined to ensure that inflation stabilises at its 2% target in the medium term.,True,dovish,0.08300527185201645,0.8747031688690186,0.042291563004255295,-0.7916978970170021,ecb_stmt_reg_v2.csv
ecb_stmt,ecb_stmt_20250724,2025-07-24,ECB,statement,ecb_statements,8,It will follow a data-dependent and meeting-by-meeting approach to determining the appropriate monetary policy stance.,True,neutral,0.0006590168341062963,0.0018338749650865793,0.9975071549415588,-0.001174858130980283,ecb_stmt_reg_v2.csv
ecb_stmt,ecb_stmt_20250724,2025-07-24,ECB,statement,ecb_statements,9,"In particular, the Governing Council’s interest rate decisions will be based on its assessment of the inflation outlook and the risks surrounding it, in light of the incoming economic and financial data, as well as the dynamics of underlying inflation and the strength of monetary policy transmission.",True,neutral,0.01960332877933979,0.003967131022363901,0.9764295816421509,0.01563619775697589,ecb_stmt_reg_v2.csv
ecb_stmt,ecb_stmt_20250724,2025-07-24,ECB,statement,ecb_statements,10,The Governing Council is not pre-committing to a particular rate path.,True,neutral,0.0006284217815846205,0.004469919949769974,0.9949016571044922,-0.0038414981681853533,ecb_stmt_reg_v2.csv
ecb_stmt,ecb_stmt_20250724,2025-07-24,ECB,statement,ecb_statements,11,"The interest rates on the deposit facility, the main refinancing operations and the marginal lending facility will remain unchanged at 2.00%, 2.15% and 2.40% respectively.",True,neutral,0.0010063617955893278,0.003910884261131287,0.9950827956199646,-0.002904522465541959,ecb_stmt_reg_v2.csv
ecb_stmt,ecb_stmt_20250724,2025-07-24,ECB,statement,ecb_statements,12,"Asset purchase programme (APP) and pandemic emergency purchase programme (PEPP) The APP and PEPP portfolios are declining at a measured and predictable pace, as the Eurosystem no longer reinvests the principal payments from maturing securities.",False,dovish,0.00385990459471941,0.9649988412857056,0.031141245737671852,-0.9611389366909862,ecb_stmt_reg_v2.csv
ecb_stmt,ecb_stmt_20250724,2025-07-24,ECB,statement,ecb_statements,13,The Governing Council stands ready to adjust all of its instruments within its mandate to ensure that inflation stabilises at its 2% target in the medium term and to preserve the smooth functioning of monetary policy transmission.,True,dovish,0.04601293429732323,0.919692873954773,0.034294236451387405,-0.8736799396574497,ecb_stmt_reg_v2.csv
ecb_stmt,ecb_stmt_20250724,2025-07-24,ECB,statement,ecb_statements,14,"Moreover, the Transmission Protection Instrument is available to counter unwarranted, disorderly market dynamics that pose a serious threat to the transmission of monetary policy across all euro area countries, thus allowing the Governing Council to more effectively deliver on its price stability mandate.",False,neutral,0.27088093757629395,0.30545324087142944,0.423665851354599,-0.0345723032951355,ecb_stmt_reg_v2.csv
ecb_stmt,ecb_stmt_20250724,2025-07-24,ECB,statement,ecb_statements,15,The President of the ECB will comment on the considerations underlying these decisions at a press conference starting at 14:45 CET today.,True,neutral,0.0006565111107192934,0.0017398408381268382,0.9976036548614502,-0.0010833297274075449,ecb_stmt_reg_v2.csv
ecb_stmt,ecb_stmt_20250724,2025-07-24,ECB,statement,ecb_statements,16,Disclaimer Please note that related topic tags are currently available for selected content only.,False,neutral,0.007912392728030682,0.016652677208185196,0.9754348993301392,-0.008740284480154514,ecb_stmt_reg_v2.csv
ecb_stmt,ecb_stmt_20250724,2025-07-24,ECB,statement,ecb_statements,17,Directorate General Communications Reproduction is permitted provided that the source is acknowledged.,False,neutral,0.047414593398571014,0.06088154762983322,0.8917038440704346,-0.013466954231262207,ecb_stmt_reg_v2.csv
ecb_stmt,ecb_stmt_20250911,2025-09-11,ECB,statement,ecb_statements,1,The Governing Council today decided to keep the three key ECB interest rates unchanged.,False,neutral,0.0003547308733686805,0.0023865627590566874,0.997258722782135,-0.002031831885688007,ecb_stmt_reg_v2.csv
ecb_stmt,ecb_stmt_20250911,2025-09-11,ECB,statement,ecb_statements,2,Inflation is currently at around the 2% medium-term target and the Governing Council’s assessment of the inflation outlook is broadly unchanged.,True,neutral,0.0003323500568512827,0.0011759839253500104,0.9984917044639587,-0.0008436338684987277,ecb_stmt_reg_v2.csv
ecb_stmt,ecb_stmt_20250911,2025-09-11,ECB,statement,ecb_statements,3,The new ECB staff projections present a picture of inflation similar to that projected in June.,True,neutral,0.006439127493649721,0.00949784554541111,0.9840630888938904,-0.0030587180517613888,ecb_stmt_reg_v2.csv
ecb_stmt,ecb_stmt_20250911,2025-09-11,ECB,statement,ecb_statements,4,"They see headline inflation averaging 2.1% in 2025, 1.7% in 2026 and 1.9% in 2027.",False,neutral,0.010581474751234055,0.18339528143405914,0.8060232400894165,-0.1728138066828251,ecb_stmt_reg_v2.csv
ecb_stmt,ecb_stmt_20250911,2025-09-11,ECB,statement,ecb_statements,5,"For inflation excluding energy and food, they expect an average of 2.4% in 2025, 1.9% in 2026 and 1.8% in 2027.",True,neutral,0.003910650033503771,0.09364254772663116,0.9024468064308167,-0.0897318976931274,ecb_stmt_reg_v2.csv
ecb_stmt,ecb_stmt_20250911,2025-09-11,ECB,statement,ecb_statements,6,"The economy is projected to grow by 1.2% in 2025, revised up from the 0.9% expected in June.",True,hawkish,0.8816900253295898,0.06651104241609573,0.05179884657263756,0.8151789829134941,ecb_stmt_reg_v2.csv
ecb_stmt,ecb_stmt_20250911,2025-09-11,ECB,statement,ecb_statements,7,"The growth projection for 2026 is now slightly lower, at 1.0%, while the projection for 2027 is unchanged at 1.3%.",True,neutral,0.0031428104266524315,0.16778047382831573,0.8290767073631287,-0.1646376634016633,ecb_stmt_reg_v2.csv
ecb_stmt,ecb_stmt_20250911,2025-09-11,ECB,statement,ecb_statements,8,The Governing Council is determined to ensure that inflation stabilises at its 2% target in the medium term.,True,dovish,0.08300527185201645,0.8747031688690186,0.042291563004255295,-0.7916978970170021,ecb_stmt_reg_v2.csv
ecb_stmt,ecb_stmt_20250911,2025-09-11,ECB,statement,ecb_statements,9,It will follow a data-dependent and meeting-by-meeting approach to determining the appropriate monetary policy stance.,True,neutral,0.0006590168341062963,0.0018338749650865793,0.9975071549415588,-0.001174858130980283,ecb_stmt_reg_v2.csv
ecb_stmt,ecb_stmt_20250911,2025-09-11,ECB,statement,ecb_statements,10,"In particular, the Governing Council’s interest rate decisions will be based on its assessment of the inflation outlook and the risks surrounding it, in light of the incoming economic and financial data, as well as the dynamics of underlying inflation and the strength of monetary policy transmission.",True,neutral,0.01960332877933979,0.003967131022363901,0.9764295816421509,0.01563619775697589,ecb_stmt_reg_v2.csv
ecb_stmt,ecb_stmt_20250911,2025-09-11,ECB,statement,ecb_statements,11,The Governing Council is not pre-committing to a particular rate path.,True,neutral,0.0006284217815846205,0.004469919949769974,0.9949016571044922,-0.0038414981681853533,ecb_stmt_reg_v2.csv
ecb_stmt,ecb_stmt_20250911,2025-09-11,ECB,statement,ecb_statements,12,"The interest rates on the deposit facility, the main refinancing operations and the marginal lending facility will remain unchanged at 2.00%, 2.15% and 2.40% respectively.",True,neutral,0.0010063617955893278,0.003910884261131287,0.9950827956199646,-0.002904522465541959,ecb_stmt_reg_v2.csv
ecb_stmt,ecb_stmt_20250911,2025-09-11,ECB,statement,ecb_statements,13,"Asset purchase programme (APP) and pandemic emergency purchase programme (PEPP) The APP and PEPP portfolios are declining at a measured and predictable pace, as the Eurosystem no longer reinvests the principal payments from maturing securities.",False,dovish,0.00385990459471941,0.9649988412857056,0.031141245737671852,-0.9611389366909862,ecb_stmt_reg_v2.csv
ecb_stmt,ecb_stmt_20250911,2025-09-11,ECB,statement,ecb_statements,14,The Governing Council stands ready to adjust all of its instruments within its mandate to ensure that inflation stabilises at its 2% target in the medium term and to preserve the smooth functioning of monetary policy transmission.,True,dovish,0.04601293429732323,0.919692873954773,0.034294236451387405,-0.8736799396574497,ecb_stmt_reg_v2.csv
ecb_stmt,ecb_stmt_20250911,2025-09-11,ECB,statement,ecb_statements,15,"Moreover, the Transmission Protection Instrument is available to counter unwarranted, disorderly market dynamics that pose a serious threat to the transmission of monetary policy across all euro area countries, thus allowing the Governing Council to more effectively deliver on its price stability mandate.",False,neutral,0.27088093757629395,0.30545324087142944,0.423665851354599,-0.0345723032951355,ecb_stmt_reg_v2.csv
ecb_stmt,ecb_stmt_20250911,2025-09-11,ECB,statement,ecb_statements,16,The President of the ECB will comment on the considerations underlying these decisions at a press conference starting at 14:45 CET today.,True,neutral,0.0006565111107192934,0.0017398408381268382,0.9976036548614502,-0.0010833297274075449,ecb_stmt_reg_v2.csv
ecb_stmt,ecb_stmt_20250911,2025-09-11,ECB,statement,ecb_statements,17,Disclaimer Please note that related topic tags are currently available for selected content only.,False,neutral,0.007912392728030682,0.016652677208185196,0.9754348993301392,-0.008740284480154514,ecb_stmt_reg_v2.csv
ecb_stmt,ecb_stmt_20250911,2025-09-11,ECB,statement,ecb_statements,18,Directorate General Communications Reproduction is permitted provided that the source is acknowledged.,False,neutral,0.047414593398571014,0.06088154762983322,0.8917038440704346,-0.013466954231262207,ecb_stmt_reg_v2.csv
ecb_stmt,ecb_stmt_20251030,2025-10-30,ECB,statement,ecb_statements,1,The Governing Council today decided to keep the three key ECB interest rates unchanged.,False,neutral,0.0003547308733686805,0.0023865627590566874,0.997258722782135,-0.002031831885688007,ecb_stmt_reg_v2.csv
ecb_stmt,ecb_stmt_20251030,2025-10-30,ECB,statement,ecb_statements,2,Inflation remains close to the 2% medium-term target and the Governing Council’s assessment of the inflation outlook is broadly unchanged.,True,neutral,0.0003387135802768171,0.0017336204182356596,0.9979276657104492,-0.0013949068379588425,ecb_stmt_reg_v2.csv
ecb_stmt,ecb_stmt_20251030,2025-10-30,ECB,statement,ecb_statements,3,The economy has continued to grow despite the challenging global environment.,False,dovish,0.16682545840740204,0.6962153911590576,0.13695912063121796,-0.5293899327516556,ecb_stmt_reg_v2.csv
ecb_stmt,ecb_stmt_20251030,2025-10-30,ECB,statement,ecb_statements,4,"The robust labour market, solid private sector balance sheets and the Governing Council’s past interest rate cuts remain important sources of resilience.",False,dovish,0.005419086664915085,0.9796475768089294,0.014933383092284203,-0.9742284901440144,ecb_stmt_reg_v2.csv
ecb_stmt,ecb_stmt_20251030,2025-10-30,ECB,statement,ecb_statements,5,"However, the outlook is still uncertain, owing particularly to ongoing global trade disputes and geopolitical tensions.",True,dovish,0.009438174776732922,0.7801104187965393,0.2104514092206955,-0.7706722440198064,ecb_stmt_reg_v2.csv
ecb_stmt,ecb_stmt_20251030,2025-10-30,ECB,statement,ecb_statements,6,The Governing Council is determined to ensure that inflation stabilises at its 2% target in the medium term.,True,dovish,0.08300527185201645,0.8747031688690186,0.042291563004255295,-0.7916978970170021,ecb_stmt_reg_v2.csv
ecb_stmt,ecb_stmt_20251030,2025-10-30,ECB,statement,ecb_statements,7,It will follow a data-dependent and meeting-by-meeting approach to determining the appropriate monetary policy stance.,True,neutral,0.0006590168341062963,0.0018338749650865793,0.9975071549415588,-0.001174858130980283,ecb_stmt_reg_v2.csv
ecb_stmt,ecb_stmt_20251030,2025-10-30,ECB,statement,ecb_statements,8,"In particular, the Governing Council’s interest rate decisions will be based on its assessment of the inflation outlook and the risks surrounding it, in light of the incoming economic and financial data, as well as the dynamics of underlying inflation and the strength of monetary policy transmission.",True,neutral,0.01960332877933979,0.003967131022363901,0.9764295816421509,0.01563619775697589,ecb_stmt_reg_v2.csv
ecb_stmt,ecb_stmt_20251030,2025-10-30,ECB,statement,ecb_statements,9,The Governing Council is not pre-committing to a particular rate path.,True,neutral,0.0006284217815846205,0.004469919949769974,0.9949016571044922,-0.0038414981681853533,ecb_stmt_reg_v2.csv
ecb_stmt,ecb_stmt_20251030,2025-10-30,ECB,statement,ecb_statements,10,"The interest rates on the deposit facility, the main refinancing operations and the marginal lending facility will remain unchanged at 2.00%, 2.15% and 2.40% respectively.",True,neutral,0.0010063617955893278,0.003910884261131287,0.9950827956199646,-0.002904522465541959,ecb_stmt_reg_v2.csv
ecb_stmt,ecb_stmt_20251030,2025-10-30,ECB,statement,ecb_statements,11,"Asset purchase programme (APP) and pandemic emergency purchase programme (PEPP) The APP and PEPP portfolios are declining at a measured and predictable pace, as the Eurosystem no longer reinvests the principal payments from maturing securities.",False,dovish,0.00385990459471941,0.9649988412857056,0.031141245737671852,-0.9611389366909862,ecb_stmt_reg_v2.csv
ecb_stmt,ecb_stmt_20251030,2025-10-30,ECB,statement,ecb_statements,12,The Governing Council stands ready to adjust all of its instruments within its mandate to ensure that inflation stabilises at its 2% target in the medium term and to preserve the smooth functioning of monetary policy transmission.,True,dovish,0.04601293429732323,0.919692873954773,0.034294236451387405,-0.8736799396574497,ecb_stmt_reg_v2.csv
ecb_stmt,ecb_stmt_20251030,2025-10-30,ECB,statement,ecb_statements,13,"Moreover, the Transmission Protection Instrument is available to counter unwarranted, disorderly market dynamics that pose a serious threat to the transmission of monetary policy across all euro area countries, thus allowing the Governing Council to more effectively deliver on its price stability mandate.",False,neutral,0.27088093757629395,0.30545324087142944,0.423665851354599,-0.0345723032951355,ecb_stmt_reg_v2.csv
ecb_stmt,ecb_stmt_20251030,2025-10-30,ECB,statement,ecb_statements,14,The President of the ECB will comment on the considerations underlying these decisions at a press conference starting at 14:45 CET today.,True,neutral,0.0006565111107192934,0.0017398408381268382,0.9976036548614502,-0.0010833297274075449,ecb_stmt_reg_v2.csv
ecb_stmt,ecb_stmt_20251030,2025-10-30,ECB,statement,ecb_statements,15,Disclaimer Please note that related topic tags are currently available for selected content only.,False,neutral,0.007912392728030682,0.016652677208185196,0.9754348993301392,-0.008740284480154514,ecb_stmt_reg_v2.csv
ecb_stmt,ecb_stmt_20251030,2025-10-30,ECB,statement,ecb_statements,16,Directorate General Communications Reproduction is permitted provided that the source is acknowledged.,False,neutral,0.047414593398571014,0.06088154762983322,0.8917038440704346,-0.013466954231262207,ecb_stmt_reg_v2.csv
ecb_stmt,ecb_stmt_20251218,2025-12-18,ECB,statement,ecb_statements,1,The Governing Council today decided to keep the three key ECB interest rates unchanged.,False,neutral,0.0003547308733686805,0.0023865627590566874,0.997258722782135,-0.002031831885688007,ecb_stmt_reg_v2.csv
ecb_stmt,ecb_stmt_20251218,2025-12-18,ECB,statement,ecb_statements,2,Its updated assessment reconfirms that inflation should stabilise at the 2% target in the medium term.,True,neutral,0.006659248843789101,0.033555276691913605,0.959785521030426,-0.026896027848124504,ecb_stmt_reg_v2.csv
ecb_stmt,ecb_stmt_20251218,2025-12-18,ECB,statement,ecb_statements,3,"The new Eurosystem staff projections show headline inflation averaging 2.1% in 2025, 1.9% in 2026, 1.8% in 2027 and 2.0% in 2028.",True,neutral,0.003050196683034301,0.20245522260665894,0.7944945693016052,-0.19940502592362463,ecb_stmt_reg_v2.csv
ecb_stmt,ecb_stmt_20251218,2025-12-18,ECB,statement,ecb_statements,4,"For inflation excluding energy and food, staff project an average of 2.4% in 2025, 2.2% in 2026, 1.9% in 2027 and 2.0% in 2028.",True,neutral,0.004145560786128044,0.19340983033180237,0.8024446368217468,-0.18926426954567432,ecb_stmt_reg_v2.csv
ecb_stmt,ecb_stmt_20251218,2025-12-18,ECB,statement,ecb_statements,5,"Inflation has been revised up for 2026, mainly because staff now expect services inflation to decline more slowly.",True,hawkish,0.9855455160140991,0.0119659174233675,0.002488673897460103,0.9735795985907316,ecb_stmt_reg_v2.csv
ecb_stmt,ecb_stmt_20251218,2025-12-18,ECB,statement,ecb_statements,6,"Economic growth is expected to be stronger than in the September projections, driven especially by domestic demand.",True,hawkish,0.8378234505653381,0.08960900455713272,0.07256757467985153,0.7482144460082054,ecb_stmt_reg_v2.csv
ecb_stmt,ecb_stmt_20251218,2025-12-18,ECB,statement,ecb_statements,7,"Growth has been revised up to 1.4% in 2025, 1.2% in 2026 and 1.4% in 2027 and is expected to remain at 1.4% in 2028.",True,hawkish,0.9504706263542175,0.007605200167745352,0.041924212127923965,0.9428654261864722,ecb_stmt_reg_v2.csv
ecb_stmt,ecb_stmt_20251218,2025-12-18,ECB,statement,ecb_statements,8,The Governing Council is determined to ensure that inflation stabilises at its 2% target in the medium term.,True,dovish,0.08300527185201645,0.8747031688690186,0.042291563004255295,-0.7916978970170021,ecb_stmt_reg_v2.csv
ecb_stmt,ecb_stmt_20251218,2025-12-18,ECB,statement,ecb_statements,9,It will follow a data-dependent and meeting-by-meeting approach to determining the appropriate monetary policy stance.,True,neutral,0.0006590168341062963,0.0018338749650865793,0.9975071549415588,-0.001174858130980283,ecb_stmt_reg_v2.csv
ecb_stmt,ecb_stmt_20251218,2025-12-18,ECB,statement,ecb_statements,10,"In particular, the Governing Council’s interest rate decisions will be based on its assessment of the inflation outlook and the risks surrounding it, in light of the incoming economic and financial data, as well as the dynamics of underlying inflation and the strength of monetary policy transmission.",True,neutral,0.01960332877933979,0.003967131022363901,0.9764295816421509,0.01563619775697589,ecb_stmt_reg_v2.csv
ecb_stmt,ecb_stmt_20251218,2025-12-18,ECB,statement,ecb_statements,11,The Governing Council is not pre-committing to a particular rate path.,True,neutral,0.0006284217815846205,0.004469919949769974,0.9949016571044922,-0.0038414981681853533,ecb_stmt_reg_v2.csv
ecb_stmt,ecb_stmt_20251218,2025-12-18,ECB,statement,ecb_statements,12,"The interest rates on the deposit facility, the main refinancing operations and the marginal lending facility will remain unchanged at 2.00%, 2.15% and 2.40% respectively.",True,neutral,0.0010063617955893278,0.003910884261131287,0.9950827956199646,-0.002904522465541959,ecb_stmt_reg_v2.csv
ecb_stmt,ecb_stmt_20251218,2025-12-18,ECB,statement,ecb_statements,13,"Asset purchase programme (APP) and pandemic emergency purchase programme (PEPP) The APP and PEPP portfolios are declining at a measured and predictable pace, as the Eurosystem no longer reinvests the principal payments from maturing securities.",False,dovish,0.00385990459471941,0.9649988412857056,0.031141245737671852,-0.9611389366909862,ecb_stmt_reg_v2.csv
ecb_stmt,ecb_stmt_20251218,2025-12-18,ECB,statement,ecb_statements,14,The Governing Council stands ready to adjust all of its instruments within its mandate to ensure that inflation stabilises at its 2% target in the medium term and to preserve the smooth functioning of monetary policy transmission.,True,dovish,0.04601293429732323,0.919692873954773,0.034294236451387405,-0.8736799396574497,ecb_stmt_reg_v2.csv
ecb_stmt,ecb_stmt_20251218,2025-12-18,ECB,statement,ecb_statements,15,"Moreover, the Transmission Protection Instrument is available to counter unwarranted, disorderly market dynamics that pose a serious threat to the transmission of monetary policy across all euro area countries, thus allowing the Governing Council to more effectively deliver on its price stability mandate.",False,neutral,0.27088093757629395,0.30545324087142944,0.423665851354599,-0.0345723032951355,ecb_stmt_reg_v2.csv
ecb_stmt,ecb_stmt_20251218,2025-12-18,ECB,statement,ecb_statements,16,The President of the ECB will comment on the considerations underlying these decisions at a press conference starting at 14:45 CET today.,True,neutral,0.0006565111107192934,0.0017398408381268382,0.9976036548614502,-0.0010833297274075449,ecb_stmt_reg_v2.csv
ecb_stmt,ecb_stmt_20251218,2025-12-18,ECB,statement,ecb_statements,17,Disclaimer Please note that related topic tags are currently available for selected content only.,False,neutral,0.007912392728030682,0.016652677208185196,0.9754348993301392,-0.008740284480154514,ecb_stmt_reg_v2.csv
ecb_stmt,ecb_stmt_20251218,2025-12-18,ECB,statement,ecb_statements,18,Directorate General Communications Reproduction is permitted provided that the source is acknowledged.,False,neutral,0.047414593398571014,0.06088154762983322,0.8917038440704346,-0.013466954231262207,ecb_stmt_reg_v2.csv
ecb_stmt,ecb_stmt_20260205,2026-02-05,ECB,statement,ecb_statements,1,The Governing Council today decided to keep the three key ECB interest rates unchanged.,False,neutral,0.0003547308733686805,0.0023865627590566874,0.997258722782135,-0.002031831885688007,ecb_stmt_reg_v2.csv
ecb_stmt,ecb_stmt_20260205,2026-02-05,ECB,statement,ecb_statements,2,Its updated assessment reconfirms that inflation should stabilise at its 2% target in the medium term.,True,neutral,0.005296132992953062,0.030716177076101303,0.9639876484870911,-0.02542004408314824,ecb_stmt_reg_v2.csv
ecb_stmt,ecb_stmt_20260205,2026-02-05,ECB,statement,ecb_statements,3,The economy remains resilient in a challenging global environment.,False,neutral,0.026481185108423233,0.20506145060062408,0.7684573531150818,-0.17858026549220085,ecb_stmt_reg_v2.csv
ecb_stmt,ecb_stmt_20260205,2026-02-05,ECB,statement,ecb_statements,4,"Low unemployment, solid private sector balance sheets, the gradual rollout of public spending on defence and infrastructure and the supportive effects of the past interest rate cuts are underpinning growth.",False,hawkish,0.4674624502658844,0.46291959285736084,0.06961792707443237,0.00454285740852356,ecb_stmt_reg_v2.csv
ecb_stmt,ecb_stmt_20260205,2026-02-05,ECB,statement,ecb_statements,5,"At the same time, the outlook is still uncertain, owing particularly to ongoing global trade policy uncertainty and geopolitical tensions.",True,dovish,0.017876258119940758,0.7365516424179077,0.24557213485240936,-0.718675384297967,ecb_stmt_reg_v2.csv
ecb_stmt,ecb_stmt_20260205,2026-02-05,ECB,statement,ecb_statements,6,The Governing Council is determined to ensure that inflation stabilises at its 2% target in the medium term.,True,dovish,0.08300527185201645,0.8747031688690186,0.042291563004255295,-0.7916978970170021,ecb_stmt_reg_v2.csv
ecb_stmt,ecb_stmt_20260205,2026-02-05,ECB,statement,ecb_statements,7,It will follow a data-dependent and meeting-by-meeting approach to determining the appropriate monetary policy stance.,True,neutral,0.0006590168341062963,0.0018338749650865793,0.9975071549415588,-0.001174858130980283,ecb_stmt_reg_v2.csv
ecb_stmt,ecb_stmt_20260205,2026-02-05,ECB,statement,ecb_statements,8,"In particular, the Governing Council’s interest rate decisions will be based on its assessment of the inflation outlook and the risks surrounding it, in light of the incoming economic and financial data, as well as the dynamics of underlying inflation and the strength of monetary policy transmission.",True,neutral,0.01960332877933979,0.003967131022363901,0.9764295816421509,0.01563619775697589,ecb_stmt_reg_v2.csv
ecb_stmt,ecb_stmt_20260205,2026-02-05,ECB,statement,ecb_statements,9,The Governing Council is not pre-committing to a particular rate path.,True,neutral,0.0006284217815846205,0.004469919949769974,0.9949016571044922,-0.0038414981681853533,ecb_stmt_reg_v2.csv
ecb_stmt,ecb_stmt_20260205,2026-02-05,ECB,statement,ecb_statements,10,"The interest rates on the deposit facility, the main refinancing operations and the marginal lending facility will remain unchanged at 2.00%, 2.15% and 2.40% respectively.",True,neutral,0.0010063617955893278,0.003910884261131287,0.9950827956199646,-0.002904522465541959,ecb_stmt_reg_v2.csv
ecb_stmt,ecb_stmt_20260205,2026-02-05,ECB,statement,ecb_statements,11,"Asset purchase programme (APP) and pandemic emergency purchase programme (PEPP) The APP and PEPP portfolios are declining at a measured and predictable pace, as the Eurosystem no longer reinvests the principal payments from maturing securities.",False,dovish,0.00385990459471941,0.9649988412857056,0.031141245737671852,-0.9611389366909862,ecb_stmt_reg_v2.csv
ecb_stmt,ecb_stmt_20260205,2026-02-05,ECB,statement,ecb_statements,12,The Governing Council stands ready to adjust all of its instruments within its mandate to ensure that inflation stabilises at its 2% target in the medium term and to preserve the smooth functioning of monetary policy transmission.,True,dovish,0.04601293429732323,0.919692873954773,0.034294236451387405,-0.8736799396574497,ecb_stmt_reg_v2.csv
ecb_stmt,ecb_stmt_20260205,2026-02-05,ECB,statement,ecb_statements,13,"Moreover, the Transmission Protection Instrument is available to counter unwarranted, disorderly market dynamics that pose a serious threat to the transmission of monetary policy across all euro area countries, thus allowing the Governing Council to more effectively deliver on its price stability mandate.",False,neutral,0.27088093757629395,0.30545324087142944,0.423665851354599,-0.0345723032951355,ecb_stmt_reg_v2.csv
ecb_stmt,ecb_stmt_20260205,2026-02-05,ECB,statement,ecb_statements,14,The President of the ECB will comment on the considerations underlying these decisions at a press conference starting at 14:45 CET today.,True,neutral,0.0006565111107192934,0.0017398408381268382,0.9976036548614502,-0.0010833297274075449,ecb_stmt_reg_v2.csv
ecb_stmt,ecb_stmt_20260205,2026-02-05,ECB,statement,ecb_statements,15,Disclaimer Please note that related topic tags are currently available for selected content only.,False,neutral,0.007912392728030682,0.016652677208185196,0.9754348993301392,-0.008740284480154514,ecb_stmt_reg_v2.csv
ecb_stmt,ecb_stmt_20260205,2026-02-05,ECB,statement,ecb_statements,16,Directorate General Communications Reproduction is permitted provided that the source is acknowledged.,False,neutral,0.047414593398571014,0.06088154762983322,0.8917038440704346,-0.013466954231262207,ecb_stmt_reg_v2.csv
ecb_stmt,ecb_stmt_20260319,2026-03-19,ECB,statement,ecb_statements,1,The Governing Council today decided to keep the three key ECB interest rates unchanged.,False,neutral,0.0003547308733686805,0.0023865627590566874,0.997258722782135,-0.002031831885688007,ecb_stmt_reg_v2.csv
ecb_stmt,ecb_stmt_20260319,2026-03-19,ECB,statement,ecb_statements,2,It is determined to ensure that inflation stabilises at the 2% target in the medium term.,True,dovish,0.21372054517269135,0.7104092240333557,0.07587026059627533,-0.49668867886066437,ecb_stmt_reg_v2.csv
ecb_stmt,ecb_stmt_20260319,2026-03-19,ECB,statement,ecb_statements,3,"The war in the Middle East has made the outlook significantly more uncertain, creating upside risks for inflation and downside risks for economic growth.",True,dovish,0.1706085503101349,0.7676011919975281,0.06179031357169151,-0.5969926416873932,ecb_stmt_reg_v2.csv
ecb_stmt,ecb_stmt_20260319,2026-03-19,ECB,statement,ecb_statements,4,It will have a material impact on near-term inflation through higher energy prices.,True,hawkish,0.4713568091392517,0.2547750473022461,0.2738681137561798,0.21658176183700562,ecb_stmt_reg_v2.csv
ecb_stmt,ecb_stmt_20260319,2026-03-19,ECB,statement,ecb_statements,5,Its medium-term implications will depend both on the intensity and duration of the conflict and on how energy prices affect consumer prices and the economy.,True,neutral,0.0016801697202026844,0.004349525552242994,0.9939703345298767,-0.00266935583204031,ecb_stmt_reg_v2.csv
ecb_stmt,ecb_stmt_20260319,2026-03-19,ECB,statement,ecb_statements,6,The Governing Council is well positioned to navigate this uncertainty.,False,neutral,0.036320529878139496,0.27534306049346924,0.6883364319801331,-0.23902253061532974,ecb_stmt_reg_v2.csv
ecb_stmt,ecb_stmt_20260319,2026-03-19,ECB,statement,ecb_statements,7,"Inflation has been at around the 2% target, longer-term inflation expectations are well anchored, and the economy has shown resilience over recent quarters.",False,neutral,0.001088846242055297,0.04132514446973801,0.9575859904289246,-0.04023629822768271,ecb_stmt_reg_v2.csv
ecb_stmt,ecb_stmt_20260319,2026-03-19,ECB,statement,ecb_statements,8,The incoming information in the period ahead will help the Governing Council assess how the war will affect the inflation outlook and the risks surrounding it.,True,neutral,0.002104935236275196,0.010889938101172447,0.9870051145553589,-0.008785002864897251,ecb_stmt_reg_v2.csv
ecb_stmt,ecb_stmt_20260319,2026-03-19,ECB,statement,ecb_statements,9,"The Governing Council is closely monitoring the situation, and its data-dependent approach will help it set monetary policy as appropriate.",True,neutral,0.0008180361473932862,0.002312233205884695,0.996869683265686,-0.0014941970584914088,ecb_stmt_reg_v2.csv
ecb_stmt,ecb_stmt_20260319,2026-03-19,ECB,statement,ecb_statements,10,"The new ECB staff projections exceptionally incorporate information up to 11 March, a later cut-off date than usual.",True,neutral,0.001137695275247097,0.004161516670137644,0.9947007894515991,-0.003023821394890547,ecb_stmt_reg_v2.csv
ecb_stmt,ecb_stmt_20260319,2026-03-19,ECB,statement,ecb_statements,11,"In the baseline, headline inflation is seen to average 2.6% in 2026, 2.0% in 2027 and 2.1% in 2028.",False,neutral,0.0023492658510804176,0.014057631604373455,0.9835931062698364,-0.011708365753293037,ecb_stmt_reg_v2.csv
ecb_stmt,ecb_stmt_20260319,2026-03-19,ECB,statement,ecb_statements,12,"Inflation has been revised up compared with the December projections, especially for 2026.",True,hawkish,0.996659517288208,0.0020946157164871693,0.0012458760756999254,0.9945649015717208,ecb_stmt_reg_v2.csv
ecb_stmt,ecb_stmt_20260319,2026-03-19,ECB,statement,ecb_statements,13,This is because energy prices will be higher owing to the war in the Middle East.,True,hawkish,0.6279116868972778,0.17334608733654022,0.19874227046966553,0.4545655995607376,ecb_stmt_reg_v2.csv
ecb_stmt,ecb_stmt_20260319,2026-03-19,ECB,statement,ecb_statements,14,"For inflation excluding energy and food, staff project an average of 2.3% in 2026, 2.2% in 2027 and 2.1% in 2028.",True,neutral,0.0034809771459549665,0.01996329054236412,0.9765557646751404,-0.016482313396409154,ecb_stmt_reg_v2.csv
ecb_stmt,ecb_stmt_20260319,2026-03-19,ECB,statement,ecb_statements,15,"This is also higher than the path in the December projections, mainly owing to higher energy prices feeding into inflation excluding energy and food.",True,hawkish,0.7642720341682434,0.1458638608455658,0.08986412733793259,0.6184081733226776,ecb_stmt_reg_v2.csv
ecb_stmt,ecb_stmt_20260319,2026-03-19,ECB,statement,ecb_statements,16,"Staff expect economic growth to average 0.9% in 2026, 1.3% in 2027 and 1.4% in 2028.",True,neutral,0.005623482633382082,0.024332063272595406,0.9700443744659424,-0.018708580639213324,ecb_stmt_reg_v2.csv
ecb_stmt,ecb_stmt_20260319,2026-03-19,ECB,statement,ecb_statements,17,"This implies a downward revision, especially for 2026, reflecting the global effects of the war on commodity markets, real incomes and confidence.",False,dovish,0.11303114145994186,0.7739377617835999,0.11303114145994186,-0.660906620323658,ecb_stmt_reg_v2.csv
ecb_stmt,ecb_stmt_20260319,2026-03-19,ECB,statement,ecb_statements,18,"At the same time, low unemployment, solid private sector balance sheets, and public spending on defence and infrastructure should continue to underpin growth.",False,hawkish,0.9241909384727478,0.03553854674100876,0.040270451456308365,0.888652391731739,ecb_stmt_reg_v2.csv
ecb_stmt,ecb_stmt_20260319,2026-03-19,ECB,statement,ecb_statements,19,"In line with the Governing Council’s monetary policy strategy commitment to incorporate risks and uncertainty into its decision-making, staff also assessed how the war in the Middle East could affect economic growth and inflation under some alternative illustrative scenarios.",True,neutral,0.004758372437208891,0.028086701408028603,0.9671549201011658,-0.02332832897081971,ecb_stmt_reg_v2.csv
ecb_stmt,ecb_stmt_20260319,2026-03-19,ECB,statement,ecb_statements,20,These scenarios will be published with the staff projections on the ECB’s website.,True,neutral,0.0007429476245306432,0.0010154889896512032,0.9982415437698364,-0.00027254136512055993,ecb_stmt_reg_v2.csv
ecb_stmt,ecb_stmt_20260319,2026-03-19,ECB,statement,ecb_statements,21,"The scenario analysis suggests that a prolonged disruption in the supply of oil and gas would result in inflation being above, and growth being below, the baseline projections.",True,hawkish,0.4384523928165436,0.2937886118888855,0.26775893568992615,0.14466378092765808,ecb_stmt_reg_v2.csv
ecb_stmt,ecb_stmt_20260319,2026-03-19,ECB,statement,ecb_statements,22,The implications for medium-term inflation depend crucially on the magnitude of indirect and second-round effects of a stronger and more persistent energy shock.,False,neutral,0.004778021946549416,0.010704532265663147,0.9845174551010132,-0.005926510319113731,ecb_stmt_reg_v2.csv
ecb_stmt,ecb_stmt_20260319,2026-03-19,ECB,statement,ecb_statements,23,The Governing Council will follow a data-dependent and meeting-by-meeting approach to determining the appropriate monetary policy stance.,True,neutral,0.0008166040643118322,0.004058911465108395,0.9951245188713074,-0.0032423074007965624,ecb_stmt_reg_v2.csv
ecb_stmt,ecb_stmt_20260319,2026-03-19,ECB,statement,ecb_statements,24,"In particular, its interest rate decisions will be based on its assessment of the inflation outlook and the risks surrounding it, in light of the incoming economic and financial data, as well as the dynamics of underlying inflation and the strength of monetary policy transmission.",True,neutral,0.008489352650940418,0.002579012420028448,0.9889316558837891,0.00591034023091197,ecb_stmt_reg_v2.csv
ecb_stmt,ecb_stmt_20260319,2026-03-19,ECB,statement,ecb_statements,25,The Governing Council is not pre-committing to a particular rate path.,True,neutral,0.0006284217815846205,0.004469919949769974,0.9949016571044922,-0.0038414981681853533,ecb_stmt_reg_v2.csv
ecb_stmt,ecb_stmt_20260319,2026-03-19,ECB,statement,ecb_statements,26,"The interest rates on the deposit facility, the main refinancing operations and the marginal lending facility will remain unchanged at 2.00%, 2.15% and 2.40% respectively.",True,neutral,0.0010063617955893278,0.003910884261131287,0.9950827956199646,-0.002904522465541959,ecb_stmt_reg_v2.csv
ecb_stmt,ecb_stmt_20260319,2026-03-19,ECB,statement,ecb_statements,27,"Asset purchase programme (APP) and pandemic emergency purchase programme (PEPP) The APP and PEPP portfolios are declining at a measured and predictable pace, as the Eurosystem no longer reinvests the principal payments from maturing securities.",False,dovish,0.00385990459471941,0.9649988412857056,0.031141245737671852,-0.9611389366909862,ecb_stmt_reg_v2.csv
ecb_stmt,ecb_stmt_20260319,2026-03-19,ECB,statement,ecb_statements,28,The Governing Council stands ready to adjust all of its instruments within its mandate to ensure that inflation stabilises at its 2% target in the medium term and to preserve the smooth functioning of monetary policy transmission.,True,dovish,0.04601293429732323,0.919692873954773,0.034294236451387405,-0.8736799396574497,ecb_stmt_reg_v2.csv
ecb_stmt,ecb_stmt_20260319,2026-03-19,ECB,statement,ecb_statements,29,"Moreover, the Transmission Protection Instrument is available to counter unwarranted, disorderly market dynamics that pose a serious threat to the transmission of monetary policy across all euro area countries, thus allowing the Governing Council to more effectively deliver on its price stability mandate.",False,neutral,0.27088093757629395,0.30545324087142944,0.423665851354599,-0.0345723032951355,ecb_stmt_reg_v2.csv
ecb_stmt,ecb_stmt_20260319,2026-03-19,ECB,statement,ecb_statements,30,The President of the ECB will comment on the considerations underlying these decisions at a press conference starting at 14:45 CET today.,True,neutral,0.0006565111107192934,0.0017398408381268382,0.9976036548614502,-0.0010833297274075449,ecb_stmt_reg_v2.csv
ecb_stmt,ecb_stmt_20260319,2026-03-19,ECB,statement,ecb_statements,31,Disclaimer Please note that related topic tags are currently available for selected content only.,False,neutral,0.007912392728030682,0.016652677208185196,0.9754348993301392,-0.008740284480154514,ecb_stmt_reg_v2.csv
ecb_stmt,ecb_stmt_20260319,2026-03-19,ECB,statement,ecb_statements,32,Directorate General Communications Reproduction is permitted provided that the source is acknowledged.,False,neutral,0.047414593398571014,0.06088154762983322,0.8917038440704346,-0.013466954231262207,ecb_stmt_reg_v2.csv
