central_bank,meeting_date,event_type,event_id,meeting_sequence,event_time_utc,event_time_cet,speaker,title,url,scrape_status,is_scheduled,is_unconventional_era,chair_transition,word_count,n_sentences,text_clean,text_raw
ECB,1999-01-07,decision,ecb_dec_19990107,1,13:15,14:15,ECB Governing Council,Decisions on ECB interest rates,https://www.ecb.europa.eu/press/pr/date/1999/html/pr990107.en.html,OK,True,False,False,233,9,"At today's meeting, the Governing Council of the ECB reviewed the monetary, financial and economic situation in the euro area against the background of its stability-oriented monetary policy strategy. Taking into account the latest economic developments, the Governing Council confirmed its earlier assessment of the outlook for price stability. The Governing Council therefore decided that for the two main refinancing operations to be announced on 11 January 1999 and 18 January 1999 the same conditions will apply as for the first such operation, which was settled today, i.e. they will be fixed rate tenders conducted at an interest rate of 3.0%. The Governing Council confirmed its intention to maintain the main refinancing rate at this level for the foreseeable future. In addition, the Governing Council recalled that the marginal lending rate and the deposit rate were set at levels of 3.25% and 2.75%, respectively, for the period from 4 to 21 January 1999. The Governing Council confirmed its intention to terminate this transitional measure following its next meeting on 21 January 1999. Finally, the Governing Council recalled the decision taken at its meeting on 22 December 1998 that the first longer-term refinancing operation, which will be announced on 12 January 1999 and settled on 14 January 1999, will be conducted as a variable rate tender, using the single rate allotment procedure. Directorate General Communications Reproduction is permitted provided that the source is acknowledged.","At today's meeting, the Governing Council of the ECB reviewed the monetary, financial and economic situation in the euro area against the background of its stability-oriented monetary policy strategy. Taking into account the latest economic developments, the Governing Council confirmed its earlier assessment of the outlook for price stability. The Governing Council therefore decided that for the two main refinancing operations to be announced on 11 January 1999 and 18 January 1999 the same conditions will apply as for the first such operation, which was settled today, i.e. they will be fixed rate tenders conducted at an interest rate of 3.0%. The Governing Council confirmed its intention to maintain the main refinancing rate at this level for the foreseeable future. In addition, the Governing Council recalled that the marginal lending rate and the deposit rate were set at levels of 3.25% and 2.75%, respectively, for the period from 4 to 21 January 1999. The Governing Council confirmed its intention to terminate this transitional measure following its next meeting on 21 January 1999. Finally, the Governing Council recalled the decision taken at its meeting on 22 December 1998 that the first longer-term refinancing operation, which will be announced on 12 January 1999 and settled on 14 January 1999, will be conducted as a variable rate tender, using the single rate allotment procedure. Directorate General Communications Reproduction is permitted provided that the source is acknowledged."
ECB,1999-02-04,decision,ecb_dec_19990204,2,13:15,14:15,ECB Governing Council,,https://www.ecb.europa.eu/press/pr/date/1999/html/pr990204.en.html,HTTP 404,True,False,False,0,0,,
ECB,1999-03-04,decision,ecb_dec_19990304,3,12:15,14:15,ECB Governing Council,Monetary policy decisions,https://www.ecb.europa.eu/press/pr/date/1999/html/pr990304.en.html,OK,True,False,False,159,7,"At today's meeting the Governing Council reviewed the latest monetary, financial and economic developments. Taking into account all the information available, the Governing Council confirmed its earlier assessment of the outlook for price stability. Against this background it decided that for the main refinancing operations to be settled on 10 and 17 March 1999 the same conditions will apply as for the previous ones, i.e. they will be conducted as fixed rate tenders at an interest rate of 3.0%. In addition, the interest rate on the marginal lending facility will continue to be 4.5% and the interest rate on the deposit facility will remain 2.0%. The Governing Council also decided today that for forthcoming longer-term refinancing operations of the Eurosystem the multiple rate method of allotment will be applied starting from the next such operation (which is to be settled on 25 March 1999) until otherwise indicated. Directorate General Communications Reproduction is permitted provided that the source is acknowledged.","At today's meeting the Governing Council reviewed the latest monetary, financial and economic developments. Taking into account all the information available, the Governing Council confirmed its earlier assessment of the outlook for price stability. Against this background it decided that for the main refinancing operations to be settled on 10 and 17 March 1999 the same conditions will apply as for the previous ones, i.e. they will be conducted as fixed rate tenders at an interest rate of 3.0%. In addition, the interest rate on the marginal lending facility will continue to be 4.5% and the interest rate on the deposit facility will remain 2.0%. The Governing Council also decided today that for forthcoming longer-term refinancing operations of the Eurosystem the multiple rate method of allotment will be applied starting from the next such operation (which is to be settled on 25 March 1999) until otherwise indicated. Directorate General Communications Reproduction is permitted provided that the source is acknowledged."
ECB,1999-04-08,decision,ecb_dec_19990408,4,12:15,14:15,ECB Governing Council,Monetary policy decisions,https://www.ecb.europa.eu/press/pr/date/1999/html/pr990408.en.html,OK,True,False,False,58,2,At today's meeting the Governing Council of the ECB took the following monetary policy decisions: A statement providing the reasons for these decisions will be made by the President of the ECB at a press conference following the conclusion of the Governing Council meeting later today. Directorate General Communications Reproduction is permitted provided that the source is acknowledged.,At today's meeting the Governing Council of the ECB took the following monetary policy decisions: A statement providing the reasons for these decisions will be made by the President of the ECB at a press conference following the conclusion of the Governing Council meeting later today. Directorate General Communications Reproduction is permitted provided that the source is acknowledged.
ECB,1999-05-06,decision,ecb_dec_19990506,5,12:15,14:15,ECB Governing Council,Monetary policy decisions,https://www.ecb.europa.eu/press/pr/date/1999/html/pr990506.en.html,OK,True,False,False,70,4,"At today's meeting the Governing Council of the ECB decided that the interest rates on the main refinancing operations, the marginal lending facility and the deposit facility will remain unchanged at 2.5%, 3.5% and 1.5% respectively. The President of the ECB will comment on the considerations underlying these decisions at a press conference starting at 2 p.m. today. Directorate General Communications Reproduction is permitted provided that the source is acknowledged.","At today's meeting the Governing Council of the ECB decided that the interest rates on the main refinancing operations, the marginal lending facility and the deposit facility will remain unchanged at 2.5%, 3.5% and 1.5% respectively. The President of the ECB will comment on the considerations underlying these decisions at a press conference starting at 2 p.m. today. Directorate General Communications Reproduction is permitted provided that the source is acknowledged."
ECB,1999-06-17,decision,ecb_dec_19990617,6,12:15,14:15,ECB Governing Council,Monetary policy decisions,https://www.ecb.europa.eu/press/pr/date/1999/html/pr990617.en.html,OK,True,False,False,48,2,"At today's meeting the Governing Council of the ECB decided that the interest rates on the main refinancing operations, the marginal lending facility and the deposit facility will remain unchanged at 2.5%, 3.5% and 1.5% respectively. Directorate General Communications Reproduction is permitted provided that the source is acknowledged.","At today's meeting the Governing Council of the ECB decided that the interest rates on the main refinancing operations, the marginal lending facility and the deposit facility will remain unchanged at 2.5%, 3.5% and 1.5% respectively. Directorate General Communications Reproduction is permitted provided that the source is acknowledged."
ECB,1999-07-08,decision,ecb_dec_19990708,7,12:15,14:15,ECB Governing Council,,https://www.ecb.europa.eu/press/pr/date/1999/html/pr990708.en.html,HTTP 404,True,False,False,0,0,,
ECB,1999-08-05,decision,ecb_dec_19990805,8,12:15,14:15,ECB Governing Council,,https://www.ecb.europa.eu/press/pr/date/1999/html/pr990805.en.html,HTTP 404,True,False,False,0,0,,
ECB,1999-09-09,decision,ecb_dec_19990909,9,12:15,14:15,ECB Governing Council,Monetary policy decisions,https://www.ecb.europa.eu/press/pr/date/1999/html/pr990909.en.html,OK,True,False,False,70,4,"At today's meeting the Governing Council of the ECB decided that the interest rates on the main refinancing operations, the marginal lending facility and the deposit facility will remain unchanged at 2.5%, 3.5% and 1.5% respectively. The President of the ECB will comment on the considerations underlying these decisions at a press conference starting at 2 p.m. today. Directorate General Communications Reproduction is permitted provided that the source is acknowledged.","At today's meeting the Governing Council of the ECB decided that the interest rates on the main refinancing operations, the marginal lending facility and the deposit facility will remain unchanged at 2.5%, 3.5% and 1.5% respectively. The President of the ECB will comment on the considerations underlying these decisions at a press conference starting at 2 p.m. today. Directorate General Communications Reproduction is permitted provided that the source is acknowledged."
ECB,1999-10-07,decision,ecb_dec_19991007,10,12:15,14:15,ECB Governing Council,Monetary policy decisions,https://www.ecb.europa.eu/press/pr/date/1999/html/pr991007.en.html,OK,True,False,False,70,4,"At today's meeting the Governing Council of the ECB decided that the interest rates on the main refinancing operations, the marginal lending facility and the deposit facility will remain unchanged at 2.5%, 3.5% and 1.5% respectively. The President of the ECB will comment on the considerations underlying these decisions at a press conference starting at 2.30 p.m. today. Directorate General Communications Reproduction is permitted provided that the source is acknowledged.","At today's meeting the Governing Council of the ECB decided that the interest rates on the main refinancing operations, the marginal lending facility and the deposit facility will remain unchanged at 2.5%, 3.5% and 1.5% respectively. The President of the ECB will comment on the considerations underlying these decisions at a press conference starting at 2.30 p.m. today. Directorate General Communications Reproduction is permitted provided that the source is acknowledged."
ECB,1999-11-04,decision,ecb_dec_19991104,11,13:15,14:15,ECB Governing Council,Monetary policy decisions,https://www.ecb.europa.eu/press/pr/date/1999/html/pr991104.en.html,OK,True,False,False,49,3,At today's meeting the Governing Council of the ECB took the following monetary policy decisions: The President of the ECB will comment on the considerations underlying these decisions at a press conference starting at 2.30 p.m. today. Directorate General Communications Reproduction is permitted provided that the source is acknowledged.,At today's meeting the Governing Council of the ECB took the following monetary policy decisions: The President of the ECB will comment on the considerations underlying these decisions at a press conference starting at 2.30 p.m. today. Directorate General Communications Reproduction is permitted provided that the source is acknowledged.
ECB,1999-12-02,decision,ecb_dec_19991202,12,13:15,14:15,ECB Governing Council,Monetary policy decisions,https://www.ecb.europa.eu/press/pr/date/1999/html/pr991202.en.html,OK,True,False,False,49,3,At today's meeting the Governing Council of the ECB took the following monetary policy decisions: The President of the ECB will comment on the considerations underlying these decisions at a press conference starting at 2.30 p.m. today. Directorate General Communications Reproduction is permitted provided that the source is acknowledged.,At today's meeting the Governing Council of the ECB took the following monetary policy decisions: The President of the ECB will comment on the considerations underlying these decisions at a press conference starting at 2.30 p.m. today. Directorate General Communications Reproduction is permitted provided that the source is acknowledged.
ECB,2000-01-20,decision,ecb_dec_20000120,13,13:15,14:15,ECB Governing Council,Monetary policy decisions,https://www.ecb.europa.eu/press/pr/date/2000/html/pr000120.en.html,OK,True,False,False,127,4,"At today's meeting the Governing Council of the ECB decided that the interest rates on the main refinancing operations, the marginal lending facility and the deposit facility will remain unchanged at 3.0%, 4.0% and 2.0%, respectively. It was also decided that for the longer-term refinancing operations to be conducted in the first half of 2000 the Eurosystem intends to allot an amount of EUR 20 billion per operation. This amount takes into consideration the expected liquidity needs of the banking system of the euro area in the first half of 2000 and the desire of the Eurosystem to continue to provide the bulk of its refinancing of the financial sector through its main refinancing operations. Directorate General Communications Reproduction is permitted provided that the source is acknowledged.","At today's meeting the Governing Council of the ECB decided that the interest rates on the main refinancing operations, the marginal lending facility and the deposit facility will remain unchanged at 3.0%, 4.0% and 2.0%, respectively. It was also decided that for the longer-term refinancing operations to be conducted in the first half of 2000 the Eurosystem intends to allot an amount of EUR 20 billion per operation. This amount takes into consideration the expected liquidity needs of the banking system of the euro area in the first half of 2000 and the desire of the Eurosystem to continue to provide the bulk of its refinancing of the financial sector through its main refinancing operations. Directorate General Communications Reproduction is permitted provided that the source is acknowledged."
ECB,2000-02-03,decision,ecb_dec_20000203,14,13:15,14:15,ECB Governing Council,Monetary policy decisions,https://www.ecb.europa.eu/press/pr/date/2000/html/pr000203.en.html,OK,True,False,False,125,6,"At today's meeting the Governing Council of the ECB took the following monetary policy decisions: The interest rate on the main refinancing operations of the Eurosystem will be raised by 0.25 percentage point to 3.25%, starting from the operation to be settled on 9 February 2000. The interest rate on the marginal lending facility will be raised by 0.25 percentage point to 4.25%, with effect of 4 February 2000. The interest rate on the deposit facility will be raised by 0.25 percentage point to 2.25%, with effect of 4 February 2000. The President of the ECB will comment on the considerations underlying these decisions at a press conference starting at 2.30 p.m. today. Directorate General Communications Reproduction is permitted provided that the source is acknowledged.","At today's meeting the Governing Council of the ECB took the following monetary policy decisions: The interest rate on the main refinancing operations of the Eurosystem will be raised by 0.25 percentage point to 3.25%, starting from the operation to be settled on 9 February 2000. The interest rate on the marginal lending facility will be raised by 0.25 percentage point to 4.25%, with effect of 4 February 2000. The interest rate on the deposit facility will be raised by 0.25 percentage point to 2.25%, with effect of 4 February 2000. The President of the ECB will comment on the considerations underlying these decisions at a press conference starting at 2.30 p.m. today. Directorate General Communications Reproduction is permitted provided that the source is acknowledged."
ECB,2000-03-16,decision,ecb_dec_20000316,15,12:15,14:15,ECB Governing Council,Monetary policy decisions,https://www.ecb.europa.eu/press/pr/date/2000/html/pr000316.en.html,OK,True,False,False,438,16,"At today's meeting (which was also attended by the President of the European Commission, Mr. R. Prodi) the Governing Council of the ECB took the following monetary policy decisions: The interest rate on the main refinancing operations of the Eurosystem will be raised by 0.25 percentage point to 3.5%, starting from the operation to be settled on 22 March 2000. The interest rate on the marginal lending facility will be raised by 0.25 percentage point to 4.5%, with effect from 17 March 2000. The interest rate on the deposit facility will be raised by 0.25 percentage point to 2.5%, with effect from 17 March 2000. Following the regular examination of the outlook for price developments in the euro area on the basis of the latest information on monetary, financial and other economic developments, the Governing Council confirmed the assessment which was presented by the President of the ECB in his introductory statement at the press conference after the Governing Council meeting on 2 March 2000, as well as in the following issue of the ECB Monthly Bulletin. As noted there, economic conditions and prospects for the euro area appear to be better at present than at any time in the past decade. At the same time, upside risks to price stability were seen as a reason for vigilance. Today's decision addresses these upside risks, thereby contributing to maintaining the favourable outlook for the euro area economy. With regard to the first pillar of the monetary policy strategy of the Eurosystem, the prolonged deviation of M3 growth from the reference value of 4 1/2% points to the existence of ample liquidity in the euro area, especially when seen in conjunction with the continued strong growth of credit granted to the private sector. Considering the second pillar, most indicators and forecasts point to increasing upward pressures on consumer price inflation over the medium term. The strong rise in oil prices and the downward movement of the exchange rate of the euro in the past are putting upward pressure on import costs and producer prices. In the context of a strong cyclical upswing, there is a risk that these developments could, via second round effects, have lasting effects on consumer price inflation. Today's increase in ECB interest rates follows the interest rate decisions taken on 4 November 1999 and 3 February 2000 and continues the policy of countering these emerging upside risks to price stability in a timely and pre-emptive manner. By ensuring a non-inflationary environment, this move will contribute to ensuring sustainable economic growth in the euro area. Directorate General Communications Reproduction is permitted provided that the source is acknowledged.","At today's meeting (which was also attended by the President of the European Commission, Mr. R. Prodi) the Governing Council of the ECB took the following monetary policy decisions: The interest rate on the main refinancing operations of the Eurosystem will be raised by 0.25 percentage point to 3.5%, starting from the operation to be settled on 22 March 2000. The interest rate on the marginal lending facility will be raised by 0.25 percentage point to 4.5%, with effect from 17 March 2000. The interest rate on the deposit facility will be raised by 0.25 percentage point to 2.5%, with effect from 17 March 2000. Following the regular examination of the outlook for price developments in the euro area on the basis of the latest information on monetary, financial and other economic developments, the Governing Council confirmed the assessment which was presented by the President of the ECB in his introductory statement at the press conference after the Governing Council meeting on 2 March 2000, as well as in the following issue of the ECB Monthly Bulletin. As noted there, economic conditions and prospects for the euro area appear to be better at present than at any time in the past decade. At the same time, upside risks to price stability were seen as a reason for vigilance. Today's decision addresses these upside risks, thereby contributing to maintaining the favourable outlook for the euro area economy. With regard to the first pillar of the monetary policy strategy of the Eurosystem, the prolonged deviation of M3 growth from the reference value of 4 1/2% points to the existence of ample liquidity in the euro area, especially when seen in conjunction with the continued strong growth of credit granted to the private sector. Considering the second pillar, most indicators and forecasts point to increasing upward pressures on consumer price inflation over the medium term. The strong rise in oil prices and the downward movement of the exchange rate of the euro in the past are putting upward pressure on import costs and producer prices. In the context of a strong cyclical upswing, there is a risk that these developments could, via second round effects, have lasting effects on consumer price inflation. Today's increase in ECB interest rates follows the interest rate decisions taken on 4 November 1999 and 3 February 2000 and continues the policy of countering these emerging upside risks to price stability in a timely and pre-emptive manner. By ensuring a non-inflationary environment, this move will contribute to ensuring sustainable economic growth in the euro area. Directorate General Communications Reproduction is permitted provided that the source is acknowledged."
ECB,2000-04-13,decision,ecb_dec_20000413,16,12:15,14:15,ECB Governing Council,Monetary policy decisions,https://www.ecb.europa.eu/press/pr/date/2000/html/pr000413.en.html,OK,True,False,False,70,4,"At today's meeting the Governing Council of the ECB decided that the interest rates on the main refinancing operations, the marginal lending facility and the deposit facility will remain unchanged at 3.5%, 4.5% and 2.5% respectively. The President of the ECB will comment on the considerations underlying these decisions at a press conference starting at 2.30 p.m. today. Directorate General Communications Reproduction is permitted provided that the source is acknowledged.","At today's meeting the Governing Council of the ECB decided that the interest rates on the main refinancing operations, the marginal lending facility and the deposit facility will remain unchanged at 3.5%, 4.5% and 2.5% respectively. The President of the ECB will comment on the considerations underlying these decisions at a press conference starting at 2.30 p.m. today. Directorate General Communications Reproduction is permitted provided that the source is acknowledged."
ECB,2000-05-11,decision,ecb_dec_20000511,17,12:15,14:15,ECB Governing Council,Monetary policy decisions,https://www.ecb.europa.eu/press/pr/date/2000/html/pr000511.en.html,OK,True,False,False,70,4,"At today's meeting the Governing Council of the ECB decided that the interest rates on the main refinancing operations, the marginal lending facility and the deposit facility will remain unchanged at 3.75%, 4.75% and 2.75% respectively. The President of the ECB will comment on the considerations underlying these decisions at a press conference starting at 2.30 p.m. today. Directorate General Communications Reproduction is permitted provided that the source is acknowledged.","At today's meeting the Governing Council of the ECB decided that the interest rates on the main refinancing operations, the marginal lending facility and the deposit facility will remain unchanged at 3.75%, 4.75% and 2.75% respectively. The President of the ECB will comment on the considerations underlying these decisions at a press conference starting at 2.30 p.m. today. Directorate General Communications Reproduction is permitted provided that the source is acknowledged."
ECB,2000-06-08,decision,ecb_dec_20000608,18,12:15,14:15,ECB Governing Council,Monetary policy decisions,https://www.ecb.europa.eu/press/pr/date/2000/html/pr000608.en.html,OK,True,False,False,396,16,"At today's meeting the Governing Council of the ECB took the following monetary policy decisions: The interest rate on the main refinancing operations of the Eurosystem will be raised by 0.50 percentage point to 4.25% and applied in the two operations (which will be conducted as fixed rate tenders) to be settled on 15 and 21 June 2000. The interest rate on the marginal lending facility will be raised by 0.50 percentage point to 5.25% with effect from 9 June 2000. The interest rate on the deposit facility will be raised by 0.50 percentage point to 3.25%, with effect from 9 June 2000. Starting from the operation to be settled on 28 June 2000, the main refinancing operations of the Eurosystem will be conducted as variable rate tenders, applying the multiple rate auction procedure. The Governing Council has decided to set a minimum bid rate for these operations equal to 4.25%. This is the same rate as that which will prevail for the two fixed rate tenders to be implemented following today's decision. The switch to variable rate tenders in the main refinancing operations is not intended as a further change in the monetary policy stance of the Eurosystem. The new tender mechanism is a response to the severe overbidding which has developed in the context of the current fixed rate tender procedure. For the purpose of signalling the monetary policy stance, the minimum bid rate is designed to play the role performed, until now, by the rate in fixed rate tenders. This change does not in any way rule out the option that, in the future, the main refinancing operations of the Eurosystem may be conducted in principle as fixed rate tenders. The time available until implementation of the new tender procedure as from the first main refinancing operation of the maintenance period starting on 24 June 2000 will help counterparties to prepare for the change. In accordance with Article 8 of the Regulation (EC) No. 2818/98 of the European Central Bank of 1 December 1998 on the application of minimum reserves (ECB/1998/15), the marginal interest rate of the main refinancing operation is used to calculate the remuneration of required reserves. The President of the ECB will comment on the considerations underlying these decisions at a press conference starting at 2.30 p.m. today. Directorate General Communications Reproduction is permitted provided that the source is acknowledged.","At today's meeting the Governing Council of the ECB took the following monetary policy decisions: The interest rate on the main refinancing operations of the Eurosystem will be raised by 0.50 percentage point to 4.25% and applied in the two operations (which will be conducted as fixed rate tenders) to be settled on 15 and 21 June 2000. The interest rate on the marginal lending facility will be raised by 0.50 percentage point to 5.25% with effect from 9 June 2000. The interest rate on the deposit facility will be raised by 0.50 percentage point to 3.25%, with effect from 9 June 2000. Starting from the operation to be settled on 28 June 2000, the main refinancing operations of the Eurosystem will be conducted as variable rate tenders, applying the multiple rate auction procedure. The Governing Council has decided to set a minimum bid rate for these operations equal to 4.25%. This is the same rate as that which will prevail for the two fixed rate tenders to be implemented following today's decision. The switch to variable rate tenders in the main refinancing operations is not intended as a further change in the monetary policy stance of the Eurosystem. The new tender mechanism is a response to the severe overbidding which has developed in the context of the current fixed rate tender procedure. For the purpose of signalling the monetary policy stance, the minimum bid rate is designed to play the role performed, until now, by the rate in fixed rate tenders. This change does not in any way rule out the option that, in the future, the main refinancing operations of the Eurosystem may be conducted in principle as fixed rate tenders. The time available until implementation of the new tender procedure as from the first main refinancing operation of the maintenance period starting on 24 June 2000 will help counterparties to prepare for the change. In accordance with Article 8 of the Regulation (EC) No. 2818/98 of the European Central Bank of 1 December 1998 on the application of minimum reserves (ECB/1998/15), the marginal interest rate of the main refinancing operation is used to calculate the remuneration of required reserves. The President of the ECB will comment on the considerations underlying these decisions at a press conference starting at 2.30 p.m. today. Directorate General Communications Reproduction is permitted provided that the source is acknowledged."
ECB,2000-07-06,decision,ecb_dec_20000706,19,12:15,14:15,ECB Governing Council,Monetary policy decisions,https://www.ecb.europa.eu/press/pr/date/2000/html/pr000706.en.html,OK,True,False,False,76,4,"At today's meeting the Governing Council of the ECB decided that the minimum bid rate on the main refinancing operations and the interest rates on the marginal lending facility and the deposit facility will remain unchanged at 4.25%, 5.25% and 3.25% respectively. The President of the ECB will comment on the considerations underlying these decisions at a press conference starting at 2.30 p.m. today. Directorate General Communications Reproduction is permitted provided that the source is acknowledged.","At today's meeting the Governing Council of the ECB decided that the minimum bid rate on the main refinancing operations and the interest rates on the marginal lending facility and the deposit facility will remain unchanged at 4.25%, 5.25% and 3.25% respectively. The President of the ECB will comment on the considerations underlying these decisions at a press conference starting at 2.30 p.m. today. Directorate General Communications Reproduction is permitted provided that the source is acknowledged."
ECB,2000-08-31,decision,ecb_dec_20000831,20,12:15,14:15,ECB Governing Council,Monetary policy decisions,https://www.ecb.europa.eu/press/pr/date/2000/html/pr000831.en.html,OK,True,False,False,449,16,"At today's meeting the Governing Council of the ECB took the following monetary policy decisions: The minimum bid rate on the main refinancing operations of the Eurosystem will be raised by 0.25 percentage point to 4.50%, starting from the operation to be settled on 6 September 2000. The interest rate on the marginal lending facility will be raised by 0.25 percentage point to 5.50%, with effect from 1 September 2000. The interest rate on the deposit facility will be raised by 0.25 percentage point to 3.50%, with effect from 1 September 2000. The Governing Council is of the view that economic growth conditions and prospects in the euro area are very favourable. In order to maintain this benign environment, price stability over the medium term must be ensured. While present conditions are largely influenced by oil price and exchange rate developments and cannot be remedied by monetary policy in the short term, it is imperative that medium-term upward pressure on prices be contained. Today's policy decisions support the favourable prospects for high economic growth in the euro area. In the context of the first pillar of the monetary policy strategy of the ECB, although the measures taken since November 1999 are gradually feeding their way through, the latest available information indicates that M3 growth has continued to deviate on the upside from the reference value of 4½%. At the same time, the expansion of credit to the private sector, at around 10%, suggests that households and firms regard financing conditions in the euro area as being very favourable. In the context of the robust expansion of economic activity, a continuation of ample liquidity conditions would constitute a risk to price stability. Developments in key indicators related to the second pillar point in the same direction. The protracted depreciation of the exchange rate of the euro and the renewed rise in oil prices have increasingly put upward pressure on import prices and consumer prices in the euro area. At the same time, recent data have confirmed that the euro area has entered a period of strong growth and that the outlook remains very positive. The Governing Council will continue to ensure that price stability is maintained in the euro area and will remain alert to all emerging risks to price stability. At the same time, it stresses that both sound public finances, in particular strict adherence to the criteria laid down in the Stability and Growth Pact, and the continuation of structural measures to enhance the flexibility of labour and goods markets will be the key to a lasting increase in the growth potential of the euro area. Directorate General Communications Reproduction is permitted provided that the source is acknowledged.","At today's meeting the Governing Council of the ECB took the following monetary policy decisions: The minimum bid rate on the main refinancing operations of the Eurosystem will be raised by 0.25 percentage point to 4.50%, starting from the operation to be settled on 6 September 2000. The interest rate on the marginal lending facility will be raised by 0.25 percentage point to 5.50%, with effect from 1 September 2000. The interest rate on the deposit facility will be raised by 0.25 percentage point to 3.50%, with effect from 1 September 2000. The Governing Council is of the view that economic growth conditions and prospects in the euro area are very favourable. In order to maintain this benign environment, price stability over the medium term must be ensured. While present conditions are largely influenced by oil price and exchange rate developments and cannot be remedied by monetary policy in the short term, it is imperative that medium-term upward pressure on prices be contained. Today's policy decisions support the favourable prospects for high economic growth in the euro area. In the context of the first pillar of the monetary policy strategy of the ECB, although the measures taken since November 1999 are gradually feeding their way through, the latest available information indicates that M3 growth has continued to deviate on the upside from the reference value of 4½%. At the same time, the expansion of credit to the private sector, at around 10%, suggests that households and firms regard financing conditions in the euro area as being very favourable. In the context of the robust expansion of economic activity, a continuation of ample liquidity conditions would constitute a risk to price stability. Developments in key indicators related to the second pillar point in the same direction. The protracted depreciation of the exchange rate of the euro and the renewed rise in oil prices have increasingly put upward pressure on import prices and consumer prices in the euro area. At the same time, recent data have confirmed that the euro area has entered a period of strong growth and that the outlook remains very positive. The Governing Council will continue to ensure that price stability is maintained in the euro area and will remain alert to all emerging risks to price stability. At the same time, it stresses that both sound public finances, in particular strict adherence to the criteria laid down in the Stability and Growth Pact, and the continuation of structural measures to enhance the flexibility of labour and goods markets will be the key to a lasting increase in the growth potential of the euro area. Directorate General Communications Reproduction is permitted provided that the source is acknowledged."
ECB,2000-09-05,decision,ecb_dec_20000905,21,12:15,14:15,ECB Governing Council,Seasonal adjustment of monetary aggregates and Consumer Price Indices (HICP) for the euro area,https://www.ecb.europa.eu/press/pr/date/2000/html/pr000905.en.html,OK,True,False,False,213,10,"The European Central Bank (ECB) will today release the publication entitled ""Seasonal adjustment of monetary aggregates and Consumer Price Indices (HICP) for the euro area"" (pdf 881 kB). Seasonal adjustment facilitates the interpretation of economic statistics by correcting them for recurrent influences within the year. These influences may be caused by events such as weather and calendar effects, regular tax payments or sales periods. Most monthly and quarterly statistics for the euro area used by the ECB are subject to these influences and seasonally adjusted results are important for the assessment of the business cycle. The report addresses various methodological issues concerning seasonal adjustment, focusing on two key indicators essential to the conduct of monetary policy by the ECB: monetary aggregates and Harmonised Consumer Price Indices (HICP) for the euro area. Besides explaining the seasonal adjustment of the monetary aggregates regularly published in the ECB Monthly Bulletin, the report also reviews the use of two leading seasonal adjustment packages, Census X-12 ARIMA and TRAMO-SEATS. The publication will be available on the ECB's website as from 3 p.m. ECB time (C.E.T.). Copies of the printed version can be ordered free of charge from the ECB's Press Division (Fax: +49 69 1344 7404). Directorate General Communications Reproduction is permitted provided that the source is acknowledged.","The European Central Bank (ECB) will today release the publication entitled ""Seasonal adjustment of monetary aggregates and Consumer Price Indices (HICP) for the euro area"" (pdf 881 kB). Seasonal adjustment facilitates the interpretation of economic statistics by correcting them for recurrent influences within the year. These influences may be caused by events such as weather and calendar effects, regular tax payments or sales periods. Most monthly and quarterly statistics for the euro area used by the ECB are subject to these influences and seasonally adjusted results are important for the assessment of the business cycle. The report addresses various methodological issues concerning seasonal adjustment, focusing on two key indicators essential to the conduct of monetary policy by the ECB: monetary aggregates and Harmonised Consumer Price Indices (HICP) for the euro area. Besides explaining the seasonal adjustment of the monetary aggregates regularly published in the ECB Monthly Bulletin, the report also reviews the use of two leading seasonal adjustment packages, Census X-12 ARIMA and TRAMO-SEATS. The publication will be available on the ECB's website as from 3 p.m. ECB time (C.E.T.). Copies of the printed version can be ordered free of charge from the ECB's Press Division (Fax: +49 69 1344 7404). Directorate General Communications Reproduction is permitted provided that the source is acknowledged."
ECB,2000-10-05,decision,ecb_dec_20001005,22,12:15,14:15,ECB Governing Council,Monetary policy decisions,https://www.ecb.europa.eu/press/pr/date/2000/html/pr001005.en.html,OK,True,False,False,126,6,"At today's meeting the Governing Council of the ECB took the following monetary policy decisions: The minimum bid rate on the main refinancing operations of the Eurosystem will be raised by 0.25 percentage point to 4.75%, starting from the operation to be settled on 11 October 2000. The interest rate on the marginal lending facility will be raised by 0.25 percentage point to 5.75%, with effect from 6 October 2000. The interest rate on the deposit facility will be raised by 0.25 percentage point to 3.75%, with effect from 6 October 2000. The President of the ECB will comment on the considerations underlying these decisions at a press conference starting at 2.30 p.m. today. Directorate General Communications Reproduction is permitted provided that the source is acknowledged.","At today's meeting the Governing Council of the ECB took the following monetary policy decisions: The minimum bid rate on the main refinancing operations of the Eurosystem will be raised by 0.25 percentage point to 4.75%, starting from the operation to be settled on 11 October 2000. The interest rate on the marginal lending facility will be raised by 0.25 percentage point to 5.75%, with effect from 6 October 2000. The interest rate on the deposit facility will be raised by 0.25 percentage point to 3.75%, with effect from 6 October 2000. The President of the ECB will comment on the considerations underlying these decisions at a press conference starting at 2.30 p.m. today. Directorate General Communications Reproduction is permitted provided that the source is acknowledged."
ECB,2000-11-09,decision,ecb_dec_20001109,23,13:15,14:15,ECB Governing Council,,https://www.ecb.europa.eu/press/pr/date/2000/html/pr001109.en.html,HTTP 404,True,False,False,0,0,,
ECB,2000-12-14,decision,ecb_dec_20001214,24,13:15,14:15,ECB Governing Council,Monetary policy decisions,https://www.ecb.europa.eu/press/pr/date/2000/html/pr001214.en.html,OK,True,False,False,99,5,"At today's meeting the Governing Council of the ECB took the following monetary policy decisions: The minimum bid rate on the main refinancing operations and the interest rates on the marginal lending facility and the deposit facility will remain unchanged at 4.75%, 5.75% and 3.75% respectively. The reference value for the annual growth rate of the broad monetary aggregate M3 will remain at 4 1/2%. The President of the ECB will comment on the considerations underlying these decisions at a press conference starting at 2.30 p.m. today. Directorate General Communications Reproduction is permitted provided that the source is acknowledged.","At today's meeting the Governing Council of the ECB took the following monetary policy decisions: The minimum bid rate on the main refinancing operations and the interest rates on the marginal lending facility and the deposit facility will remain unchanged at 4.75%, 5.75% and 3.75% respectively. The reference value for the annual growth rate of the broad monetary aggregate M3 will remain at 4 1/2%. The President of the ECB will comment on the considerations underlying these decisions at a press conference starting at 2.30 p.m. today. Directorate General Communications Reproduction is permitted provided that the source is acknowledged."
ECB,2001-01-11,decision,ecb_dec_20010111,25,13:15,14:15,ECB Governing Council,,https://www.ecb.europa.eu/press/pr/date/2001/html/pr010111.en.html,HTTP 404,True,False,False,0,0,,
ECB,2001-02-01,decision,ecb_dec_20010201,26,13:15,14:15,ECB Governing Council,Monetary policy decisions,https://www.ecb.europa.eu/press/pr/date/2001/html/pr010201.en.html,OK,True,False,False,76,4,"At today's meeting the Governing Council of the ECB decided that the minimum bid rate on the main refinancing operations and the interest rates on the marginal lending facility and the deposit facility will remain unchanged at 4.75%, 5.75% and 3.75% respectively. The President of the ECB will comment on the considerations underlying these decisions at a press conference starting at 2.30 p.m. today. Directorate General Communications Reproduction is permitted provided that the source is acknowledged.","At today's meeting the Governing Council of the ECB decided that the minimum bid rate on the main refinancing operations and the interest rates on the marginal lending facility and the deposit facility will remain unchanged at 4.75%, 5.75% and 3.75% respectively. The President of the ECB will comment on the considerations underlying these decisions at a press conference starting at 2.30 p.m. today. Directorate General Communications Reproduction is permitted provided that the source is acknowledged."
ECB,2001-03-15,decision,ecb_dec_20010315,27,12:15,14:15,ECB Governing Council,Monetary policy decisions,https://www.ecb.europa.eu/press/pr/date/2001/html/pr010315.en.html,OK,True,False,False,63,2,"At today's meeting, which was held in the form of a teleconference, the Governing Council of the ECB decided that the minimum bid rate on the main refinancing operations and the interest rates on the marginal lending facility and the deposit facility will remain unchanged at 4.75%, 5.75% and 3.75% respectively. Directorate General Communications Reproduction is permitted provided that the source is acknowledged.","At today's meeting, which was held in the form of a teleconference, the Governing Council of the ECB decided that the minimum bid rate on the main refinancing operations and the interest rates on the marginal lending facility and the deposit facility will remain unchanged at 4.75%, 5.75% and 3.75% respectively. Directorate General Communications Reproduction is permitted provided that the source is acknowledged."
ECB,2001-04-12,decision,ecb_dec_20010412,28,12:15,14:15,ECB Governing Council,,https://www.ecb.europa.eu/press/pr/date/2001/html/pr010412.en.html,HTTP 404,True,False,False,0,0,,
ECB,2001-05-10,decision,ecb_dec_20010510,29,12:15,14:15,ECB Governing Council,Monetary policy decisions,https://www.ecb.europa.eu/press/pr/date/2001/html/pr010510.en.html,OK,True,False,False,49,3,At today's meeting the Governing Council of the ECB took the following monetary policy decisions: The President of the ECB will comment on the considerations underlying these decisions at a press conference starting at 2.30 p.m. today. Directorate General Communications Reproduction is permitted provided that the source is acknowledged.,At today's meeting the Governing Council of the ECB took the following monetary policy decisions: The President of the ECB will comment on the considerations underlying these decisions at a press conference starting at 2.30 p.m. today. Directorate General Communications Reproduction is permitted provided that the source is acknowledged.
ECB,2001-06-07,decision,ecb_dec_20010607,30,12:15,14:15,ECB Governing Council,Monetary policy decisions,https://www.ecb.europa.eu/press/pr/date/2001/html/pr010607.en.html,OK,True,False,False,76,4,"At today's meeting the Governing Council of the ECB decided that the minimum bid rate on the main refinancing operations and the interest rates on the marginal lending facility and the deposit facility will remain unchanged at 4.50%, 5.50% and 3.50% respectively. The President of the ECB will comment on the considerations underlying these decisions in a press conference starting at 2.30 p.m. today. Directorate General Communications Reproduction is permitted provided that the source is acknowledged.","At today's meeting the Governing Council of the ECB decided that the minimum bid rate on the main refinancing operations and the interest rates on the marginal lending facility and the deposit facility will remain unchanged at 4.50%, 5.50% and 3.50% respectively. The President of the ECB will comment on the considerations underlying these decisions in a press conference starting at 2.30 p.m. today. Directorate General Communications Reproduction is permitted provided that the source is acknowledged."
ECB,2001-07-05,decision,ecb_dec_20010705,31,12:15,14:15,ECB Governing Council,Monetary policy decisions,https://www.ecb.europa.eu/press/pr/date/2001/html/pr010705.en.html,OK,True,False,False,76,4,"At today's meeting the Governing Council of the ECB decided that the minimum bid rate on the main refinancing operations and the interest rates on the marginal lending facility and the deposit facility will remain unchanged at 4.50%, 5.50% and 3.50% respectively. The President of the ECB will comment on the considerations underlying these decisions in a press conference starting at 2.30 p.m. today. Directorate General Communications Reproduction is permitted provided that the source is acknowledged.","At today's meeting the Governing Council of the ECB decided that the minimum bid rate on the main refinancing operations and the interest rates on the marginal lending facility and the deposit facility will remain unchanged at 4.50%, 5.50% and 3.50% respectively. The President of the ECB will comment on the considerations underlying these decisions in a press conference starting at 2.30 p.m. today. Directorate General Communications Reproduction is permitted provided that the source is acknowledged."
ECB,2001-08-30,decision,ecb_dec_20010830,32,12:15,14:15,ECB Governing Council,Monetary policy decisions,https://www.ecb.europa.eu/press/pr/date/2001/html/pr010830.en.html,OK,True,False,False,49,3,At today's meeting the Governing Council of the ECB took the following monetary policy decisions: The President of the ECB will comment on the considerations underlying these decisions at a press conference starting at 2.30 p.m. today. Directorate General Communications Reproduction is permitted provided that the source is acknowledged.,At today's meeting the Governing Council of the ECB took the following monetary policy decisions: The President of the ECB will comment on the considerations underlying these decisions at a press conference starting at 2.30 p.m. today. Directorate General Communications Reproduction is permitted provided that the source is acknowledged.
ECB,2001-09-13,decision,ecb_dec_20010913,33,12:15,14:15,ECB Governing Council,Monetary policy decisions,https://www.ecb.europa.eu/press/pr/date/2001/html/pr010913.en.html,OK,True,False,False,204,10,"The Governing Council of the ECB expresses its deep grief at the unprecedented and tragic events of terrorism which occurred in the United States. It offers its deepest sympathy and condolences to all those affected by these dreadful acts. The fundamental strength and resilience of the US economic system will not be impaired by recent events. At today's meeting the Governing Council decided that the minimum bid rate on the main refinancing operations and the interest rates on the marginal lending facility and the deposit facility will remain unchanged at 4.25%, 5.25% and 3.25% respectively. The Governing Council will carefully monitor further developments in the US and the world economy. The Governing Council reconfirms that the Eurosystem stands ready to support the normal functioning of markets. In this context, the Eurosystem has conducted liquidity-providing fine tuning operations yesterday and today. While the expectation is that normal market conditions will prevail in the period ahead, the Eurosystem will continue to monitor developments in financial markets and take action if necessary. The Eurosystem is co-ordinating its activity with the Federal Reserve System of the United States and other major central banks of the world. Directorate General Communications Reproduction is permitted provided that the source is acknowledged.","The Governing Council of the ECB expresses its deep grief at the unprecedented and tragic events of terrorism which occurred in the United States. It offers its deepest sympathy and condolences to all those affected by these dreadful acts. The fundamental strength and resilience of the US economic system will not be impaired by recent events. At today's meeting the Governing Council decided that the minimum bid rate on the main refinancing operations and the interest rates on the marginal lending facility and the deposit facility will remain unchanged at 4.25%, 5.25% and 3.25% respectively. The Governing Council will carefully monitor further developments in the US and the world economy. The Governing Council reconfirms that the Eurosystem stands ready to support the normal functioning of markets. In this context, the Eurosystem has conducted liquidity-providing fine tuning operations yesterday and today. While the expectation is that normal market conditions will prevail in the period ahead, the Eurosystem will continue to monitor developments in financial markets and take action if necessary. The Eurosystem is co-ordinating its activity with the Federal Reserve System of the United States and other major central banks of the world. Directorate General Communications Reproduction is permitted provided that the source is acknowledged."
ECB,2001-09-17,decision,ecb_dec_20010917,34,12:15,14:15,ECB Governing Council,Monetary policy decisions,https://www.ecb.europa.eu/press/pr/date/2001/html/pr010917.en.html,OK,True,False,False,165,7,"Following the terrorist attacks on the US, uncertainty about the US and the world economy has increased. The Federal Open Market Committee has reacted by lowering its target for the federal funds rate today. In concert with this decision, the Governing Council of the ECB met today by means of teleconferencing and took the following monetary policy decisions: In the view of the Governing Council, the recent events in the US are likely to weigh adversely on confidence in the euro area, reducing the short-term outlook for domestic growth. As this is likely to further reduce inflationary risks in the euro area, a lowering of the ECB's key interest rates is appropriate. The Governing Council has confidence in the fundamental strength and resilience of the US economic system. Against the background of the sound fundamentals of the euro area, the Governing Council remains confident that the slowdown in economic growth will be short-lived. Directorate General Communications Reproduction is permitted provided that the source is acknowledged.","Following the terrorist attacks on the US, uncertainty about the US and the world economy has increased. The Federal Open Market Committee has reacted by lowering its target for the federal funds rate today. In concert with this decision, the Governing Council of the ECB met today by means of teleconferencing and took the following monetary policy decisions: In the view of the Governing Council, the recent events in the US are likely to weigh adversely on confidence in the euro area, reducing the short-term outlook for domestic growth. As this is likely to further reduce inflationary risks in the euro area, a lowering of the ECB's key interest rates is appropriate. The Governing Council has confidence in the fundamental strength and resilience of the US economic system. Against the background of the sound fundamentals of the euro area, the Governing Council remains confident that the slowdown in economic growth will be short-lived. Directorate General Communications Reproduction is permitted provided that the source is acknowledged."
ECB,2001-10-08,decision,ecb_dec_20011008,35,12:15,14:15,ECB Governing Council,,https://www.ecb.europa.eu/press/pr/date/2001/html/pr011008.en.html,HTTP 404,True,False,False,0,0,,
ECB,2001-11-08,decision,ecb_dec_20011108,36,13:15,14:15,ECB Governing Council,Monetary policy decisions,https://www.ecb.europa.eu/press/pr/date/2001/html/pr011108.en.html,OK,True,False,False,49,3,At today's meeting the Governing Council of the ECB took the following monetary policy decisions: The President of the ECB will comment on the considerations underlying these decisions at a press conference starting at 2.30 p.m. today. Directorate General Communications Reproduction is permitted provided that the source is acknowledged.,At today's meeting the Governing Council of the ECB took the following monetary policy decisions: The President of the ECB will comment on the considerations underlying these decisions at a press conference starting at 2.30 p.m. today. Directorate General Communications Reproduction is permitted provided that the source is acknowledged.
ECB,2001-12-06,decision,ecb_dec_20011206,37,13:15,14:15,ECB Governing Council,Monetary policy decisions,https://www.ecb.europa.eu/press/pr/date/2001/html/pr011206.en.html,OK,True,False,False,49,3,At today's meeting the Governing Council of the ECB took the following monetary policy decisions: The President of the ECB will comment on the considerations underlying these decisions at a press conference starting at 2.30 p.m. today. Directorate General Communications Reproduction is permitted provided that the source is acknowledged.,At today's meeting the Governing Council of the ECB took the following monetary policy decisions: The President of the ECB will comment on the considerations underlying these decisions at a press conference starting at 2.30 p.m. today. Directorate General Communications Reproduction is permitted provided that the source is acknowledged.
ECB,2002-01-10,decision,ecb_dec_20020110,38,13:15,14:15,ECB Governing Council,Update on the euro cash changeover,https://www.ecb.europa.eu/press/pr/date/2002/html/pr020110.en.html,OK,True,False,False,299,12,"The introduction of the euro banknotes and coins is progressing well. The total value of national banknotes in circulation declined by EUR 9.9 billion (4.7%) on 9 January 2002 to EUR 200.25 billion. This decrease is somewhat less than expected, mainly on account of the time needed for the return of national banknotes by users via credit institutions to their respective national central banks. Nevertheless, demand for euro banknotes is still high. In order to accommodate the resulting liquidity need of the banking system, the Eurosystem today supplied additional liquidity via a quick tender operation. Around 8 billion euro banknotes are already in circulation and the euro progress ratio (EPR) rose from 45.5% on 8 January to 47.6% on 9 January 2002. This means that the value of euro banknotes in circulation amounts to 47.6% of the total value of all banknotes in circulation, including the national banknotes issued but not yet redeemed by national central banks. The EPR calculates the value of euro banknotes in circulation divided by the total value of euro and national banknotes in circulation. It provides an indication of the rate of substitution of national banknotes by euro banknotes. It cannot be assimilated into figures on the number of transactions processed in euro. With regard to the occasional comments on fears of price increases linked to the euro cash changeover, Professor Eugenio Domingo Solans, member of both the Governing Council and the Executive Board of the European Central Bank (ECB), stated his conviction ""that, overall, competition as well as the professionalism of retailers will impede significant price increases."" For further information on the euro cash changeover, please visit the ECB's website at http://www.ecb.europa.eu and the Euro 2002 Information Campaign website at http://www.euro.ecb.int. Directorate General Communications Reproduction is permitted provided that the source is acknowledged.","The introduction of the euro banknotes and coins is progressing well. The total value of national banknotes in circulation declined by EUR 9.9 billion (4.7%) on 9 January 2002 to EUR 200.25 billion. This decrease is somewhat less than expected, mainly on account of the time needed for the return of national banknotes by users via credit institutions to their respective national central banks. Nevertheless, demand for euro banknotes is still high. In order to accommodate the resulting liquidity need of the banking system, the Eurosystem today supplied additional liquidity via a quick tender operation. Around 8 billion euro banknotes are already in circulation and the euro progress ratio (EPR) rose from 45.5% on 8 January to 47.6% on 9 January 2002. This means that the value of euro banknotes in circulation amounts to 47.6% of the total value of all banknotes in circulation, including the national banknotes issued but not yet redeemed by national central banks. The EPR calculates the value of euro banknotes in circulation divided by the total value of euro and national banknotes in circulation. It provides an indication of the rate of substitution of national banknotes by euro banknotes. It cannot be assimilated into figures on the number of transactions processed in euro. With regard to the occasional comments on fears of price increases linked to the euro cash changeover, Professor Eugenio Domingo Solans, member of both the Governing Council and the Executive Board of the European Central Bank (ECB), stated his conviction ""that, overall, competition as well as the professionalism of retailers will impede significant price increases."" For further information on the euro cash changeover, please visit the ECB's website at http://www.ecb.europa.eu and the Euro 2002 Information Campaign website at http://www.euro.ecb.int. Directorate General Communications Reproduction is permitted provided that the source is acknowledged."
ECB,2002-02-07,decision,ecb_dec_20020207,39,13:15,14:15,ECB Governing Council,Presidency of the European Central Bank,https://www.ecb.europa.eu/press/pr/date/2002/html/pr020207.en.html,OK,True,False,False,158,15,"Dr. Willem F. Duisenberg, President of the European Central Bank (ECB), has decided to step down as President of the ECB on 9 July 2003, on his 68th birthday. Yesterday, Mr. Duisenberg informed Mr. J. M. Aznar López, in his capacity as President of the European Council, and Mr. R. de Rato y Figaredo, in his capacity as President of the ECOFIN Council, about this decision in writing. Moreover, Mr. Duisenberg has orally informed the members of the ECB's three decision-making bodies (the Executive Board, Governing Council and General Council). Mr. Duisenberg's decision has to be seen against the background of his declaration on the occasion of the meeting of the European Council on 2 and 3 May 1998 that, in view of his age, he did not want to serve the full eight-year term as President of the ECB, which commenced on 1 June 1998. Directorate General Communications Reproduction is permitted provided that the source is acknowledged.","Dr. Willem F. Duisenberg, President of the European Central Bank (ECB), has decided to step down as President of the ECB on 9 July 2003, on his 68th birthday. Yesterday, Mr. Duisenberg informed Mr. J. M. Aznar López, in his capacity as President of the European Council, and Mr. R. de Rato y Figaredo, in his capacity as President of the ECOFIN Council, about this decision in writing. Moreover, Mr. Duisenberg has orally informed the members of the ECB's three decision-making bodies (the Executive Board, Governing Council and General Council). Mr. Duisenberg's decision has to be seen against the background of his declaration on the occasion of the meeting of the European Council on 2 and 3 May 1998 that, in view of his age, he did not want to serve the full eight-year term as President of the ECB, which commenced on 1 June 1998. Directorate General Communications Reproduction is permitted provided that the source is acknowledged."
ECB,2002-03-07,decision,ecb_dec_20020307,40,12:15,14:15,ECB Governing Council,Monetary policy decisions,https://www.ecb.europa.eu/press/pr/date/2002/html/pr020307.en.html,OK,True,False,False,76,4,"At today's meeting the Governing Council of the ECB decided that the minimum bid rate on the main refinancing operations and the interest rates on the marginal lending facility and the deposit facility will remain unchanged at 3.25%, 4.25% and 2.25% respectively. The President of the ECB will comment on the considerations underlying these decisions at a press conference starting at 2.30 p.m. today. Directorate General Communications Reproduction is permitted provided that the source is acknowledged.","At today's meeting the Governing Council of the ECB decided that the minimum bid rate on the main refinancing operations and the interest rates on the marginal lending facility and the deposit facility will remain unchanged at 3.25%, 4.25% and 2.25% respectively. The President of the ECB will comment on the considerations underlying these decisions at a press conference starting at 2.30 p.m. today. Directorate General Communications Reproduction is permitted provided that the source is acknowledged."
ECB,2002-04-04,decision,ecb_dec_20020404,41,12:15,14:15,ECB Governing Council,Monetary policy decisions,https://www.ecb.europa.eu/press/pr/date/2002/html/pr020404.en.html,OK,True,False,False,76,4,"At today's meeting the Governing Council of the ECB decided that the minimum bid rate on the main refinancing operations and the interest rates on the marginal lending facility and the deposit facility will remain unchanged at 3.25%, 4.25% and 2.25% respectively. The President of the ECB will comment on the considerations underlying these decisions at a press conference starting at 2.30 p.m. today. Directorate General Communications Reproduction is permitted provided that the source is acknowledged.","At today's meeting the Governing Council of the ECB decided that the minimum bid rate on the main refinancing operations and the interest rates on the marginal lending facility and the deposit facility will remain unchanged at 3.25%, 4.25% and 2.25% respectively. The President of the ECB will comment on the considerations underlying these decisions at a press conference starting at 2.30 p.m. today. Directorate General Communications Reproduction is permitted provided that the source is acknowledged."
ECB,2002-05-02,decision,ecb_dec_20020502,42,12:15,14:15,ECB Governing Council,Monetary policy decisions,https://www.ecb.europa.eu/press/pr/date/2002/html/pr020502.en.html,OK,True,False,False,76,4,"At today's meeting the Governing Council of the ECB decided that the minimum bid rate on the main refinancing operations and the interest rates on the marginal lending facility and the deposit facility will remain unchanged at 3.25%, 4.25% and 2.25% respectively. The President of the ECB will comment on the considerations underlying these decisions at a press conference starting at 2.30 p.m. today. Directorate General Communications Reproduction is permitted provided that the source is acknowledged.","At today's meeting the Governing Council of the ECB decided that the minimum bid rate on the main refinancing operations and the interest rates on the marginal lending facility and the deposit facility will remain unchanged at 3.25%, 4.25% and 2.25% respectively. The President of the ECB will comment on the considerations underlying these decisions at a press conference starting at 2.30 p.m. today. Directorate General Communications Reproduction is permitted provided that the source is acknowledged."
ECB,2002-06-06,decision,ecb_dec_20020606,43,12:15,14:15,ECB Governing Council,Monetary policy decisions,https://www.ecb.europa.eu/press/pr/date/2002/html/pr020606.en.html,OK,True,False,False,76,4,"At today's meeting the Governing Council of the ECB decided that the minimum bid rate on the main refinancing operations and the interest rates on the marginal lending facility and the deposit facility will remain unchanged at 3.25%, 4.25% and 2.25% respectively. The President of the ECB will comment on the considerations underlying these decisions at a press conference starting at 2.30 p.m. today. Directorate General Communications Reproduction is permitted provided that the source is acknowledged.","At today's meeting the Governing Council of the ECB decided that the minimum bid rate on the main refinancing operations and the interest rates on the marginal lending facility and the deposit facility will remain unchanged at 3.25%, 4.25% and 2.25% respectively. The President of the ECB will comment on the considerations underlying these decisions at a press conference starting at 2.30 p.m. today. Directorate General Communications Reproduction is permitted provided that the source is acknowledged."
ECB,2002-07-04,decision,ecb_dec_20020704,44,12:15,14:15,ECB Governing Council,Monetary policy decisions,https://www.ecb.europa.eu/press/pr/date/2002/html/pr020704.en.html,OK,True,False,False,81,4,"At today's meeting, which was held in Luxembourg, the Governing Council of the ECB decided that the minimum bid rate on the main refinancing operations and the interest rates on the marginal lending facility and the deposit facility will remain unchanged at 3.25%, 4.25% and 2.25% respectively. The President of the ECB will comment on the considerations underlying these decisions at a press conference starting at 2.30 p.m. today. Directorate General Communications Reproduction is permitted provided that the source is acknowledged.","At today's meeting, which was held in Luxembourg, the Governing Council of the ECB decided that the minimum bid rate on the main refinancing operations and the interest rates on the marginal lending facility and the deposit facility will remain unchanged at 3.25%, 4.25% and 2.25% respectively. The President of the ECB will comment on the considerations underlying these decisions at a press conference starting at 2.30 p.m. today. Directorate General Communications Reproduction is permitted provided that the source is acknowledged."
ECB,2002-08-01,decision,ecb_dec_20020801,45,12:15,14:15,ECB Governing Council,Monetary policy decisions,https://www.ecb.europa.eu/press/pr/date/2002/html/pr020801.en.html,OK,True,False,False,63,2,"At today's meeting, which was held in the form of a teleconference, the Governing Council of the ECB decided that the minimum bid rate on the main refinancing operations and the interest rates on the marginal lending facility and the deposit facility will remain unchanged at 3.25%, 4.25% and 2.25% respectively. Directorate General Communications Reproduction is permitted provided that the source is acknowledged.","At today's meeting, which was held in the form of a teleconference, the Governing Council of the ECB decided that the minimum bid rate on the main refinancing operations and the interest rates on the marginal lending facility and the deposit facility will remain unchanged at 3.25%, 4.25% and 2.25% respectively. Directorate General Communications Reproduction is permitted provided that the source is acknowledged."
ECB,2002-09-12,decision,ecb_dec_20020912,46,12:15,14:15,ECB Governing Council,Monetary policy decisions,https://www.ecb.europa.eu/press/pr/date/2002/html/pr020912.en.html,OK,True,False,False,76,4,"At today's meeting the Governing Council of the ECB decided that the minimum bid rate on the main refinancing operations and the interest rates on the marginal lending facility and the deposit facility will remain unchanged at 3.25%, 4.25% and 2.25% respectively. The President of the ECB will comment on the considerations underlying these decisions at a press conference starting at 2.30 p.m. today. Directorate General Communications Reproduction is permitted provided that the source is acknowledged.","At today's meeting the Governing Council of the ECB decided that the minimum bid rate on the main refinancing operations and the interest rates on the marginal lending facility and the deposit facility will remain unchanged at 3.25%, 4.25% and 2.25% respectively. The President of the ECB will comment on the considerations underlying these decisions at a press conference starting at 2.30 p.m. today. Directorate General Communications Reproduction is permitted provided that the source is acknowledged."
ECB,2002-10-10,decision,ecb_dec_20021010,47,12:15,14:15,ECB Governing Council,Monetary policy decisions,https://www.ecb.europa.eu/press/pr/date/2002/html/pr021010.en.html,OK,True,False,False,76,4,"At today's meeting the Governing Council of the ECB decided that the minimum bid rate on the main refinancing operations and the interest rates on the marginal lending facility and the deposit facility will remain unchanged at 3.25%, 4.25% and 2.25% respectively. The President of the ECB will comment on the considerations underlying these decisions at a press conference starting at 2.30 p.m. today. Directorate General Communications Reproduction is permitted provided that the source is acknowledged.","At today's meeting the Governing Council of the ECB decided that the minimum bid rate on the main refinancing operations and the interest rates on the marginal lending facility and the deposit facility will remain unchanged at 3.25%, 4.25% and 2.25% respectively. The President of the ECB will comment on the considerations underlying these decisions at a press conference starting at 2.30 p.m. today. Directorate General Communications Reproduction is permitted provided that the source is acknowledged."
ECB,2002-11-07,decision,ecb_dec_20021107,48,13:15,14:15,ECB Governing Council,Monetary policy decisions,https://www.ecb.europa.eu/press/pr/date/2002/html/pr021107.en.html,OK,True,False,False,76,4,"At today's meeting the Governing Council of the ECB decided that the minimum bid rate on the main refinancing operations and the interest rates on the marginal lending facility and the deposit facility will remain unchanged at 3.25%, 4.25% and 2.25% respectively. The President of the ECB will comment on the considerations underlying these decisions at a press conference starting at 2.30 p.m. today. Directorate General Communications Reproduction is permitted provided that the source is acknowledged.","At today's meeting the Governing Council of the ECB decided that the minimum bid rate on the main refinancing operations and the interest rates on the marginal lending facility and the deposit facility will remain unchanged at 3.25%, 4.25% and 2.25% respectively. The President of the ECB will comment on the considerations underlying these decisions at a press conference starting at 2.30 p.m. today. Directorate General Communications Reproduction is permitted provided that the source is acknowledged."
ECB,2002-12-05,decision,ecb_dec_20021205,49,13:15,14:15,ECB Governing Council,Monetary policy decisions,https://www.ecb.europa.eu/press/pr/date/2002/html/pr021205.en.html,OK,True,False,False,49,3,At today's meeting the Governing Council of the ECB took the following monetary policy decisions: The President of the ECB will comment on the considerations underlying these decisions at a press conference starting at 2.30 p.m. today. Directorate General Communications Reproduction is permitted provided that the source is acknowledged.,At today's meeting the Governing Council of the ECB took the following monetary policy decisions: The President of the ECB will comment on the considerations underlying these decisions at a press conference starting at 2.30 p.m. today. Directorate General Communications Reproduction is permitted provided that the source is acknowledged.
ECB,2003-01-23,decision,ecb_dec_20030123,50,13:15,14:15,ECB Governing Council,Allotment amount of the longer-term refinancing operations in the year 2003,https://www.ecb.europa.eu/press/pr/date/2003/html/pr030123.en.html,OK,True,False,False,102,4,"Further to the press release of 10 July 2002, the Governing Council has decided to maintain at EUR 15 billion the allotment amount for each of the longer-term refinancing operations to be conducted in the year 2003. This amount takes into consideration the expected liquidity needs of the euro area banking system in 2003 and reflects the desire of the Eurosystem to continue to provide the bulk of liquidity through its main refinancing operations. The Governing Council may decide to adjust the allotment amount at the beginning of next year. Directorate General Communications Reproduction is permitted provided that the source is acknowledged.","Further to the press release of 10 July 2002, the Governing Council has decided to maintain at EUR 15 billion the allotment amount for each of the longer-term refinancing operations to be conducted in the year 2003. This amount takes into consideration the expected liquidity needs of the euro area banking system in 2003 and reflects the desire of the Eurosystem to continue to provide the bulk of liquidity through its main refinancing operations. The Governing Council may decide to adjust the allotment amount at the beginning of next year. Directorate General Communications Reproduction is permitted provided that the source is acknowledged."
ECB,2003-02-06,decision,ecb_dec_20030206,51,13:15,14:15,ECB Governing Council,Monetary policy decisions,https://www.ecb.europa.eu/press/pr/date/2003/html/pr030206.en.html,OK,True,False,False,76,4,"At today's meeting the Governing Council of the ECB decided that the minimum bid rate on the main refinancing operations and the interest rates on the marginal lending facility and the deposit facility will remain unchanged at 2.75%, 3.75% and 1.75% respectively. The President of the ECB will comment on the considerations underlying these decisions at a press conference starting at 2.30 p.m. today. Directorate General Communications Reproduction is permitted provided that the source is acknowledged.","At today's meeting the Governing Council of the ECB decided that the minimum bid rate on the main refinancing operations and the interest rates on the marginal lending facility and the deposit facility will remain unchanged at 2.75%, 3.75% and 1.75% respectively. The President of the ECB will comment on the considerations underlying these decisions at a press conference starting at 2.30 p.m. today. Directorate General Communications Reproduction is permitted provided that the source is acknowledged."
ECB,2003-03-06,decision,ecb_dec_20030306,52,12:15,14:15,ECB Governing Council,Monetary policy decisions,https://www.ecb.europa.eu/press/pr/date/2003/html/pr030306.en.html,OK,True,False,False,49,3,At today's meeting the Governing Council of the ECB took the following monetary policy decisions: The President of the ECB will comment on the considerations underlying these decisions at a press conference starting at 2.30 p.m. today. Directorate General Communications Reproduction is permitted provided that the source is acknowledged.,At today's meeting the Governing Council of the ECB took the following monetary policy decisions: The President of the ECB will comment on the considerations underlying these decisions at a press conference starting at 2.30 p.m. today. Directorate General Communications Reproduction is permitted provided that the source is acknowledged.
ECB,2003-04-03,decision,ecb_dec_20030403,53,12:15,14:15,ECB Governing Council,Monetary policy decisions,https://www.ecb.europa.eu/press/pr/date/2003/html/pr030403.en.html,OK,True,False,False,81,4,"At today's meeting, which was held in Rome, the Governing Council of the ECB decided that the minimum bid rate on the main refinancing operations and the interest rates on the marginal lending facility and the deposit facility will remain unchanged at 2.50%, 3.50% and 1.50% respectively. The President of the ECB will comment on the considerations underlying these decisions at a press conference starting at 2.30 p.m. today. Directorate General Communications Reproduction is permitted provided that the source is acknowledged.","At today's meeting, which was held in Rome, the Governing Council of the ECB decided that the minimum bid rate on the main refinancing operations and the interest rates on the marginal lending facility and the deposit facility will remain unchanged at 2.50%, 3.50% and 1.50% respectively. The President of the ECB will comment on the considerations underlying these decisions at a press conference starting at 2.30 p.m. today. Directorate General Communications Reproduction is permitted provided that the source is acknowledged."
ECB,2003-05-08,decision,ecb_dec_20030508,54,12:15,14:15,ECB Governing Council,Monetary policy decisions,https://www.ecb.europa.eu/press/pr/date/2003/html/pr030508.en.html,OK,True,False,False,76,4,"At today's meeting the Governing Council of the ECB decided that the minimum bid rate on the main refinancing operations and the interest rates on the marginal lending facility and the deposit facility will remain unchanged at 2.50%, 3.50% and 1.50% respectively. The President of the ECB will comment on the considerations underlying these decisions at a press conference starting at 2.30 p.m. today. Directorate General Communications Reproduction is permitted provided that the source is acknowledged.","At today's meeting the Governing Council of the ECB decided that the minimum bid rate on the main refinancing operations and the interest rates on the marginal lending facility and the deposit facility will remain unchanged at 2.50%, 3.50% and 1.50% respectively. The President of the ECB will comment on the considerations underlying these decisions at a press conference starting at 2.30 p.m. today. Directorate General Communications Reproduction is permitted provided that the source is acknowledged."
ECB,2003-06-05,decision,ecb_dec_20030605,55,12:15,14:15,ECB Governing Council,Monetary policy decisions,https://www.ecb.europa.eu/press/pr/date/2003/html/pr030605.en.html,OK,True,False,False,49,3,At today's meeting the Governing Council of the ECB took the following monetary policy decisions: The President of the ECB will comment on the considerations underlying these decisions at a press conference starting at 2.30 p.m. today. Directorate General Communications Reproduction is permitted provided that the source is acknowledged.,At today's meeting the Governing Council of the ECB took the following monetary policy decisions: The President of the ECB will comment on the considerations underlying these decisions at a press conference starting at 2.30 p.m. today. Directorate General Communications Reproduction is permitted provided that the source is acknowledged.
ECB,2003-07-10,decision,ecb_dec_20030710,56,12:15,14:15,ECB Governing Council,Monetary policy decisions,https://www.ecb.europa.eu/press/pr/date/2003/html/pr030710.en.html,OK,True,False,False,76,4,"At today's meeting the Governing Council of the ECB decided that the minimum bid rate on the main refinancing operations and the interest rates on the marginal lending facility and the deposit facility will remain unchanged at 2.00%, 3.00% and 1.00% respectively. The President of the ECB will comment on the considerations underlying these decisions at a press conference starting at 2.30 p.m. today. Directorate General Communications Reproduction is permitted provided that the source is acknowledged.","At today's meeting the Governing Council of the ECB decided that the minimum bid rate on the main refinancing operations and the interest rates on the marginal lending facility and the deposit facility will remain unchanged at 2.00%, 3.00% and 1.00% respectively. The President of the ECB will comment on the considerations underlying these decisions at a press conference starting at 2.30 p.m. today. Directorate General Communications Reproduction is permitted provided that the source is acknowledged."
ECB,2003-09-04,decision,ecb_dec_20030904,57,12:15,14:15,ECB Governing Council,Monetary policy decisions,https://www.ecb.europa.eu/press/pr/date/2003/html/pr030904.en.html,OK,True,False,False,76,4,"At today's meeting the Governing Council of the ECB decided that the minimum bid rate on the main refinancing operations and the interest rates on the marginal lending facility and the deposit facility will remain unchanged at 2.00%, 3.00% and 1.00% respectively. The Vice-President of the ECB will comment on the considerations underlying these decisions at a press conference starting at 2.30 p.m. today. Directorate General Communications Reproduction is permitted provided that the source is acknowledged.","At today's meeting the Governing Council of the ECB decided that the minimum bid rate on the main refinancing operations and the interest rates on the marginal lending facility and the deposit facility will remain unchanged at 2.00%, 3.00% and 1.00% respectively. The Vice-President of the ECB will comment on the considerations underlying these decisions at a press conference starting at 2.30 p.m. today. Directorate General Communications Reproduction is permitted provided that the source is acknowledged."
ECB,2003-10-02,decision,ecb_dec_20031002,58,12:15,14:15,ECB Governing Council,Monetary policy decisions,https://www.ecb.europa.eu/press/pr/date/2003/html/pr031002.en.html,OK,True,False,False,82,4,"At today's meeting, which was held in Lisbon, the Governing Council of the ECB decided that the minimum bid rate on the main refinancing operations and the interest rates on the marginal lending facility and the deposit facility will remain unchanged at 2.00%, 3.00% and 1.00% respectively. The President of the ECB will comment on the considerations underlying these decisions at a press conference starting at 2.30 p.m. (C.E.T.) today. Directorate General Communications Reproduction is permitted provided that the source is acknowledged.","At today's meeting, which was held in Lisbon, the Governing Council of the ECB decided that the minimum bid rate on the main refinancing operations and the interest rates on the marginal lending facility and the deposit facility will remain unchanged at 2.00%, 3.00% and 1.00% respectively. The President of the ECB will comment on the considerations underlying these decisions at a press conference starting at 2.30 p.m. (C.E.T.) today. Directorate General Communications Reproduction is permitted provided that the source is acknowledged."
ECB,2003-11-06,decision,ecb_dec_20031106,59,13:15,14:15,ECB Governing Council,Monetary policy decisions,https://www.ecb.europa.eu/press/pr/date/2003/html/pr031106.en.html,OK,True,False,True,76,4,"At today’s meeting the Governing Council of the ECB decided that the minimum bid rate on the main refinancing operations and the interest rates on the marginal lending facility and the deposit facility will remain unchanged at 2.00%, 3.00% and 1.00% respectively. The President of the ECB will comment on the considerations underlying these decisions at a press conference starting at 2.30 p.m. today. Directorate General Communications Reproduction is permitted provided that the source is acknowledged.","At today’s meeting the Governing Council of the ECB decided that the minimum bid rate on the main refinancing operations and the interest rates on the marginal lending facility and the deposit facility will remain unchanged at 2.00%, 3.00% and 1.00% respectively. The President of the ECB will comment on the considerations underlying these decisions at a press conference starting at 2.30 p.m. today. Directorate General Communications Reproduction is permitted provided that the source is acknowledged."
ECB,2003-12-04,decision,ecb_dec_20031204,60,13:15,14:15,ECB Governing Council,Monetary policy decisions,https://www.ecb.europa.eu/press/pr/date/2003/html/pr031204.en.html,OK,True,False,True,76,4,"At today's meeting the Governing Council of the ECB decided that the minimum bid rate on the main refinancing operations and the interest rates on the marginal lending facility and the deposit facility will remain unchanged at 2.00%, 3.00% and 1.00% respectively. The President of the ECB will comment on the considerations underlying these decisions at a press conference starting at 2.30 p.m. today. Directorate General Communications Reproduction is permitted provided that the source is acknowledged.","At today's meeting the Governing Council of the ECB decided that the minimum bid rate on the main refinancing operations and the interest rates on the marginal lending facility and the deposit facility will remain unchanged at 2.00%, 3.00% and 1.00% respectively. The President of the ECB will comment on the considerations underlying these decisions at a press conference starting at 2.30 p.m. today. Directorate General Communications Reproduction is permitted provided that the source is acknowledged."
ECB,2004-01-08,decision,ecb_dec_20040108,61,13:15,14:15,ECB Governing Council,Monetary policy decisions,https://www.ecb.europa.eu/press/pr/date/2004/html/pr040108.en.html,OK,True,False,True,76,4,"At today’s meeting the Governing Council of the ECB decided that the minimum bid rate on the main refinancing operations and the interest rates on the marginal lending facility and the deposit facility will remain unchanged at 2.00%, 3.00% and 1.00% respectively. The President of the ECB will comment on the considerations underlying these decisions at a press conference starting at 2.30 p.m. today. Directorate General Communications Reproduction is permitted provided that the source is acknowledged.","At today’s meeting the Governing Council of the ECB decided that the minimum bid rate on the main refinancing operations and the interest rates on the marginal lending facility and the deposit facility will remain unchanged at 2.00%, 3.00% and 1.00% respectively. The President of the ECB will comment on the considerations underlying these decisions at a press conference starting at 2.30 p.m. today. Directorate General Communications Reproduction is permitted provided that the source is acknowledged."
ECB,2004-02-05,decision,ecb_dec_20040205,62,13:15,14:15,ECB Governing Council,Monetary policy decisions,https://www.ecb.europa.eu/press/pr/date/2004/html/pr040205.en.html,OK,True,False,False,76,4,"At today's meeting the Governing Council of the ECB decided that the minimum bid rate on the main refinancing operations and the interest rates on the marginal lending facility and the deposit facility will remain unchanged at 2.00%, 3.00% and 1.00% respectively. The President of the ECB will comment on the considerations underlying these decisions at a press conference starting at 2.30 p.m. today. Directorate General Communications Reproduction is permitted provided that the source is acknowledged.","At today's meeting the Governing Council of the ECB decided that the minimum bid rate on the main refinancing operations and the interest rates on the marginal lending facility and the deposit facility will remain unchanged at 2.00%, 3.00% and 1.00% respectively. The President of the ECB will comment on the considerations underlying these decisions at a press conference starting at 2.30 p.m. today. Directorate General Communications Reproduction is permitted provided that the source is acknowledged."
ECB,2004-03-04,decision,ecb_dec_20040304,63,12:15,14:15,ECB Governing Council,Monetary policy decisions,https://www.ecb.europa.eu/press/pr/date/2004/html/pr040304.en.html,OK,True,False,False,76,4,"At today’s meeting the Governing Council of the ECB decided that the minimum bid rate on the main refinancing operations and the interest rates on the marginal lending facility and the deposit facility will remain unchanged at 2.00%, 3.00% and 1.00% respectively. The President of the ECB will comment on the considerations underlying these decisions at a press conference starting at 2.30 p.m. today. Directorate General Communications Reproduction is permitted provided that the source is acknowledged.","At today’s meeting the Governing Council of the ECB decided that the minimum bid rate on the main refinancing operations and the interest rates on the marginal lending facility and the deposit facility will remain unchanged at 2.00%, 3.00% and 1.00% respectively. The President of the ECB will comment on the considerations underlying these decisions at a press conference starting at 2.30 p.m. today. Directorate General Communications Reproduction is permitted provided that the source is acknowledged."
ECB,2004-04-01,decision,ecb_dec_20040401,64,12:15,14:15,ECB Governing Council,Monetary policy decisions,https://www.ecb.europa.eu/press/pr/date/2004/html/pr040401.en.html,OK,True,False,False,76,4,"At today’s meeting the Governing Council of the ECB decided that the minimum bid rate on the main refinancing operations and the interest rates on the marginal lending facility and the deposit facility will remain unchanged at 2.00%, 3.00% and 1.00% respectively. The President of the ECB will comment on the considerations underlying these decisions at a press conference starting at 2.30 p.m. today. Directorate General Communications Reproduction is permitted provided that the source is acknowledged.","At today’s meeting the Governing Council of the ECB decided that the minimum bid rate on the main refinancing operations and the interest rates on the marginal lending facility and the deposit facility will remain unchanged at 2.00%, 3.00% and 1.00% respectively. The President of the ECB will comment on the considerations underlying these decisions at a press conference starting at 2.30 p.m. today. Directorate General Communications Reproduction is permitted provided that the source is acknowledged."
ECB,2004-05-06,decision,ecb_dec_20040506,65,12:15,14:15,ECB Governing Council,Monetary policy decisions,https://www.ecb.europa.eu/press/pr/date/2004/html/pr040506.en.html,OK,True,False,False,82,4,"At today’s meeting, which was held in Helsinki, the Governing Council of the ECB decided that the minimum bid rate on the main refinancing operations and the interest rates on the marginal lending facility and the deposit facility will remain unchanged at 2.00%, 3.00% and 1.00% respectively. The President of the ECB will comment on the considerations underlying these decisions at a press conference starting at 2.30 p.m. (C.E.T.) today. Directorate General Communications Reproduction is permitted provided that the source is acknowledged.","At today’s meeting, which was held in Helsinki, the Governing Council of the ECB decided that the minimum bid rate on the main refinancing operations and the interest rates on the marginal lending facility and the deposit facility will remain unchanged at 2.00%, 3.00% and 1.00% respectively. The President of the ECB will comment on the considerations underlying these decisions at a press conference starting at 2.30 p.m. (C.E.T.) today. Directorate General Communications Reproduction is permitted provided that the source is acknowledged."
ECB,2004-06-03,decision,ecb_dec_20040603,66,12:15,14:15,ECB Governing Council,Monetary policy decisions,https://www.ecb.europa.eu/press/pr/date/2004/html/pr040603.en.html,OK,True,False,False,76,4,"At today’s meeting the Governing Council of the ECB decided that the minimum bid rate on the main refinancing operations and the interest rates on the marginal lending facility and the deposit facility will remain unchanged at 2.00%, 3.00% and 1.00% respectively. The President of the ECB will comment on the considerations underlying these decisions at a press conference starting at 2.30 p.m. today. Directorate General Communications Reproduction is permitted provided that the source is acknowledged.","At today’s meeting the Governing Council of the ECB decided that the minimum bid rate on the main refinancing operations and the interest rates on the marginal lending facility and the deposit facility will remain unchanged at 2.00%, 3.00% and 1.00% respectively. The President of the ECB will comment on the considerations underlying these decisions at a press conference starting at 2.30 p.m. today. Directorate General Communications Reproduction is permitted provided that the source is acknowledged."
ECB,2004-07-01,decision,ecb_dec_20040701,67,12:15,14:15,ECB Governing Council,Monetary policy decisions,https://www.ecb.europa.eu/press/pr/date/2004/html/pr040701.en.html,OK,True,False,False,76,4,"At today’s meeting the Governing Council of the ECB decided that the minimum bid rate on the main refinancing operations and the interest rates on the marginal lending facility and the deposit facility will remain unchanged at 2.00%, 3.00% and 1.00% respectively. The President of the ECB will comment on the considerations underlying these decisions at a press conference starting at 2.30 p.m. today. Directorate General Communications Reproduction is permitted provided that the source is acknowledged.","At today’s meeting the Governing Council of the ECB decided that the minimum bid rate on the main refinancing operations and the interest rates on the marginal lending facility and the deposit facility will remain unchanged at 2.00%, 3.00% and 1.00% respectively. The President of the ECB will comment on the considerations underlying these decisions at a press conference starting at 2.30 p.m. today. Directorate General Communications Reproduction is permitted provided that the source is acknowledged."
ECB,2004-08-05,decision,ecb_dec_20040805,68,12:15,14:15,ECB Governing Council,Monetary policy decisions,https://www.ecb.europa.eu/press/pr/date/2004/html/pr040805.en.html,OK,True,False,False,63,2,"At today’s meeting, which was held in the form of a teleconference, the Governing Council of the ECB decided that the minimum bid rate on the main refinancing operations and the interest rates on the marginal lending facility and the deposit facility will remain unchanged at 2.00%, 3.00% and 1.00% respectively. Directorate General Communications Reproduction is permitted provided that the source is acknowledged.","At today’s meeting, which was held in the form of a teleconference, the Governing Council of the ECB decided that the minimum bid rate on the main refinancing operations and the interest rates on the marginal lending facility and the deposit facility will remain unchanged at 2.00%, 3.00% and 1.00% respectively. Directorate General Communications Reproduction is permitted provided that the source is acknowledged."
ECB,2004-09-02,decision,ecb_dec_20040902,69,12:15,14:15,ECB Governing Council,Monetary policy decisions,https://www.ecb.europa.eu/press/pr/date/2004/html/pr040902.en.html,OK,True,False,False,76,4,"At today’s meeting the Governing Council of the ECB decided that the minimum bid rate on the main refinancing operations and the interest rates on the marginal lending facility and the deposit facility will remain unchanged at 2.00%, 3.00% and 1.00% respectively. The President of the ECB will comment on the considerations underlying these decisions at a press conference starting at 2.30 p.m. today. Directorate General Communications Reproduction is permitted provided that the source is acknowledged.","At today’s meeting the Governing Council of the ECB decided that the minimum bid rate on the main refinancing operations and the interest rates on the marginal lending facility and the deposit facility will remain unchanged at 2.00%, 3.00% and 1.00% respectively. The President of the ECB will comment on the considerations underlying these decisions at a press conference starting at 2.30 p.m. today. Directorate General Communications Reproduction is permitted provided that the source is acknowledged."
ECB,2004-10-07,decision,ecb_dec_20041007,70,12:15,14:15,ECB Governing Council,Monetary policy decisions,https://www.ecb.europa.eu/press/pr/date/2004/html/pr041007.en.html,OK,True,False,False,81,4,"At today’s meeting, which was held in Brussels, the Governing Council of the ECB decided that the minimum bid rate on the main refinancing operations and the interest rates on the marginal lending facility and the deposit facility will remain unchanged at 2.00%, 3.00% and 1.00% respectively. The President of the ECB will comment on the considerations underlying these decisions at a press conference starting at 2.30 p.m. today. Directorate General Communications Reproduction is permitted provided that the source is acknowledged.","At today’s meeting, which was held in Brussels, the Governing Council of the ECB decided that the minimum bid rate on the main refinancing operations and the interest rates on the marginal lending facility and the deposit facility will remain unchanged at 2.00%, 3.00% and 1.00% respectively. The President of the ECB will comment on the considerations underlying these decisions at a press conference starting at 2.30 p.m. today. Directorate General Communications Reproduction is permitted provided that the source is acknowledged."
ECB,2004-11-04,decision,ecb_dec_20041104,71,13:15,14:15,ECB Governing Council,Monetary policy decisions,https://www.ecb.europa.eu/press/pr/date/2004/html/pr041104.en.html,OK,True,False,False,76,4,"At today’s meeting the Governing Council of the ECB decided that the minimum bid rate on the main refinancing operations and the interest rates on the marginal lending facility and the deposit facility will remain unchanged at 2.00%, 3.00% and 1.00% respectively. The President of the ECB will comment on the considerations underlying these decisions at a press conference starting at 2.30 p.m. today. Directorate General Communications Reproduction is permitted provided that the source is acknowledged.","At today’s meeting the Governing Council of the ECB decided that the minimum bid rate on the main refinancing operations and the interest rates on the marginal lending facility and the deposit facility will remain unchanged at 2.00%, 3.00% and 1.00% respectively. The President of the ECB will comment on the considerations underlying these decisions at a press conference starting at 2.30 p.m. today. Directorate General Communications Reproduction is permitted provided that the source is acknowledged."
ECB,2004-12-02,decision,ecb_dec_20041202,72,13:15,14:15,ECB Governing Council,Monetary policy decisions,https://www.ecb.europa.eu/press/pr/date/2004/html/pr041202.en.html,OK,True,False,False,76,4,"At today’s meeting the Governing Council of the ECB decided that the minimum bid rate on the main refinancing operations and the interest rates on the marginal lending facility and the deposit facility will remain unchanged at 2.00%, 3.00% and 1.00% respectively. The President of the ECB will comment on the considerations underlying these decisions at a press conference starting at 2.30 p.m. today. Directorate General Communications Reproduction is permitted provided that the source is acknowledged.","At today’s meeting the Governing Council of the ECB decided that the minimum bid rate on the main refinancing operations and the interest rates on the marginal lending facility and the deposit facility will remain unchanged at 2.00%, 3.00% and 1.00% respectively. The President of the ECB will comment on the considerations underlying these decisions at a press conference starting at 2.30 p.m. today. Directorate General Communications Reproduction is permitted provided that the source is acknowledged."
ECB,2005-01-13,decision,ecb_dec_20050113,73,13:15,14:15,ECB Governing Council,Monetary policy decisions,https://www.ecb.europa.eu/press/pr/date/2005/html/pr050113.en.html,OK,True,False,False,76,4,"At today’s meeting the Governing Council of the ECB decided that the minimum bid rate on the main refinancing operations and the interest rates on the marginal lending facility and the deposit facility will remain unchanged at 2.00%, 3.00% and 1.00% respectively. The President of the ECB will comment on the considerations underlying these decisions at a press conference starting at 2.30 p.m. today. Directorate General Communications Reproduction is permitted provided that the source is acknowledged.","At today’s meeting the Governing Council of the ECB decided that the minimum bid rate on the main refinancing operations and the interest rates on the marginal lending facility and the deposit facility will remain unchanged at 2.00%, 3.00% and 1.00% respectively. The President of the ECB will comment on the considerations underlying these decisions at a press conference starting at 2.30 p.m. today. Directorate General Communications Reproduction is permitted provided that the source is acknowledged."
ECB,2005-02-03,decision,ecb_dec_20050203,74,13:15,14:15,ECB Governing Council,Monetary policy decisions,https://www.ecb.europa.eu/press/pr/date/2005/html/pr050203.en.html,OK,True,False,False,76,4,"At today’s meeting the Governing Council of the ECB decided that the minimum bid rate on the main refinancing operations and the interest rates on the marginal lending facility and the deposit facility will remain unchanged at 2.00%, 3.00% and 1.00% respectively. The President of the ECB will comment on the considerations underlying these decisions at a press conference starting at 2.30 p.m. today. Directorate General Communications Reproduction is permitted provided that the source is acknowledged.","At today’s meeting the Governing Council of the ECB decided that the minimum bid rate on the main refinancing operations and the interest rates on the marginal lending facility and the deposit facility will remain unchanged at 2.00%, 3.00% and 1.00% respectively. The President of the ECB will comment on the considerations underlying these decisions at a press conference starting at 2.30 p.m. today. Directorate General Communications Reproduction is permitted provided that the source is acknowledged."
ECB,2005-03-03,decision,ecb_dec_20050303,75,12:15,14:15,ECB Governing Council,Monetary policy decisions,https://www.ecb.europa.eu/press/pr/date/2005/html/pr050303.en.html,OK,True,False,False,82,5,"At today’s meeting the Governing Council of the ECB decided that the minimum bid rate on the main refinancing operations and the interest rates on the marginal lending facility and the deposit facility will remain unchanged at 2.00%, 3.00% and 1.00% respectively. The President of the ECB will comment on the considerations underlying these decisions at a press conference starting at 2.30 p.m. today. Directorate General Communications Reproduction is permitted provided that the source is acknowledged. Find out more about related content","At today’s meeting the Governing Council of the ECB decided that the minimum bid rate on the main refinancing operations and the interest rates on the marginal lending facility and the deposit facility will remain unchanged at 2.00%, 3.00% and 1.00% respectively. The President of the ECB will comment on the considerations underlying these decisions at a press conference starting at 2.30 p.m. today. Directorate General Communications Reproduction is permitted provided that the source is acknowledged. Find out more about related content"
ECB,2005-04-07,decision,ecb_dec_20050407,76,12:15,14:15,ECB Governing Council,Monetary policy decisions,https://www.ecb.europa.eu/press/pr/date/2005/html/pr050407.en.html,OK,True,False,False,82,5,"At today’s meeting the Governing Council of the ECB decided that the minimum bid rate on the main refinancing operations and the interest rates on the marginal lending facility and the deposit facility will remain unchanged at 2.00%, 3.00% and 1.00% respectively. The President of the ECB will comment on the considerations underlying these decisions at a press conference starting at 2.30 p.m. today. Directorate General Communications Reproduction is permitted provided that the source is acknowledged. Find out more about related content","At today’s meeting the Governing Council of the ECB decided that the minimum bid rate on the main refinancing operations and the interest rates on the marginal lending facility and the deposit facility will remain unchanged at 2.00%, 3.00% and 1.00% respectively. The President of the ECB will comment on the considerations underlying these decisions at a press conference starting at 2.30 p.m. today. Directorate General Communications Reproduction is permitted provided that the source is acknowledged. Find out more about related content"
ECB,2005-05-04,decision,ecb_dec_20050504,77,12:15,14:15,ECB Governing Council,Monetary policy decisions,https://www.ecb.europa.eu/press/pr/date/2005/html/pr050504.en.html,OK,True,False,False,88,5,"At today’s meeting, which was held in Berlin, the Governing Council of the ECB decided that the minimum bid rate on the main refinancing operations and the interest rates on the marginal lending facility and the deposit facility will remain unchanged at 2.00%, 3.00% and 1.00% respectively. The President of the ECB will comment on the considerations underlying these decisions at a press conference starting at 2.30 p.m. (C.E.T.) today. Directorate General Communications Reproduction is permitted provided that the source is acknowledged. Find out more about related content","At today’s meeting, which was held in Berlin, the Governing Council of the ECB decided that the minimum bid rate on the main refinancing operations and the interest rates on the marginal lending facility and the deposit facility will remain unchanged at 2.00%, 3.00% and 1.00% respectively. The President of the ECB will comment on the considerations underlying these decisions at a press conference starting at 2.30 p.m. (C.E.T.) today. Directorate General Communications Reproduction is permitted provided that the source is acknowledged. Find out more about related content"
ECB,2005-06-02,decision,ecb_dec_20050602,78,12:15,14:15,ECB Governing Council,Monetary policy decisions,https://www.ecb.europa.eu/press/pr/date/2005/html/pr050602.en.html,OK,True,False,False,82,5,"At today’s meeting the Governing Council of the ECB decided that the minimum bid rate on the main refinancing operations and the interest rates on the marginal lending facility and the deposit facility will remain unchanged at 2.00%, 3.00% and 1.00% respectively. The President of the ECB will comment on the considerations underlying these decisions at a press conference starting at 2.30 p.m. today. Directorate General Communications Reproduction is permitted provided that the source is acknowledged. Find out more about related content","At today’s meeting the Governing Council of the ECB decided that the minimum bid rate on the main refinancing operations and the interest rates on the marginal lending facility and the deposit facility will remain unchanged at 2.00%, 3.00% and 1.00% respectively. The President of the ECB will comment on the considerations underlying these decisions at a press conference starting at 2.30 p.m. today. Directorate General Communications Reproduction is permitted provided that the source is acknowledged. Find out more about related content"
ECB,2005-07-07,decision,ecb_dec_20050707,79,12:15,14:15,ECB Governing Council,Monetary policy decisions,https://www.ecb.europa.eu/press/pr/date/2005/html/pr050707.en.html,OK,True,False,False,82,5,"At today’s meeting the Governing Council of the ECB decided that the minimum bid rate on the main refinancing operations and the interest rates on the marginal lending facility and the deposit facility will remain unchanged at 2.00%, 3.00% and 1.00% respectively. The President of the ECB will comment on the considerations underlying these decisions at a press conference starting at 2.30 p.m. today. Directorate General Communications Reproduction is permitted provided that the source is acknowledged. Find out more about related content","At today’s meeting the Governing Council of the ECB decided that the minimum bid rate on the main refinancing operations and the interest rates on the marginal lending facility and the deposit facility will remain unchanged at 2.00%, 3.00% and 1.00% respectively. The President of the ECB will comment on the considerations underlying these decisions at a press conference starting at 2.30 p.m. today. Directorate General Communications Reproduction is permitted provided that the source is acknowledged. Find out more about related content"
ECB,2005-08-04,decision,ecb_dec_20050804,80,12:15,14:15,ECB Governing Council,Publication of the indicative calendar of reserve maintenance periods for 2006,https://www.ecb.europa.eu/press/pr/date/2005/html/pr050804.en.html,OK,True,False,False,81,4,The European Central Bank (ECB) is today publishing the indicative calendar of reserve maintenance periods for 2006. The calendar takes into account the 2006 schedule for meetings of the ECB’s Governing Council (published on 18 May 2005) and the indicative calendar for the Eurosystem’s tender operations in 2006 (see the ECB’s press release published today). Indicative calendar of reserve maintenance periods for 2006 Directorate General Communications Reproduction is permitted provided that the source is acknowledged. Find out more about related content,The European Central Bank (ECB) is today publishing the indicative calendar of reserve maintenance periods for 2006. The calendar takes into account the 2006 schedule for meetings of the ECB’s Governing Council (published on 18 May 2005) and the indicative calendar for the Eurosystem’s tender operations in 2006 (see the ECB’s press release published today). Indicative calendar of reserve maintenance periods for 2006 Directorate General Communications Reproduction is permitted provided that the source is acknowledged. Find out more about related content
ECB,2005-09-01,decision,ecb_dec_20050901,81,12:15,14:15,ECB Governing Council,Monetary policy decisions,https://www.ecb.europa.eu/press/pr/date/2005/html/pr050901.en.html,OK,True,False,False,76,4,"At today’s meeting the Governing Council of the ECB decided that the minimum bid rate on the main refinancing operations and the interest rates on the marginal lending facility and the deposit facility will remain unchanged at 2.00%, 3.00% and 1.00% respectively. The President of the ECB will comment on the considerations underlying these decisions at a press conference starting at 2.30 p.m. today. Directorate General Communications Reproduction is permitted provided that the source is acknowledged.","At today’s meeting the Governing Council of the ECB decided that the minimum bid rate on the main refinancing operations and the interest rates on the marginal lending facility and the deposit facility will remain unchanged at 2.00%, 3.00% and 1.00% respectively. The President of the ECB will comment on the considerations underlying these decisions at a press conference starting at 2.30 p.m. today. Directorate General Communications Reproduction is permitted provided that the source is acknowledged."
ECB,2005-10-06,decision,ecb_dec_20051006,82,12:15,14:15,ECB Governing Council,Monetary policy decisions,https://www.ecb.europa.eu/press/pr/date/2005/html/pr051006.en.html,OK,True,False,False,88,5,"At today’s meeting, which was held in Athens, the Governing Council of the ECB decided that the minimum bid rate on the main refinancing operations and the interest rates on the marginal lending facility and the deposit facility will remain unchanged at 2.00%, 3.00% and 1.00% respectively. The President of the ECB will comment on the considerations underlying these decisions at a press conference starting at 2.30 p.m. (C.E.T.) today. Directorate General Communications Reproduction is permitted provided that the source is acknowledged. Find out more about related content","At today’s meeting, which was held in Athens, the Governing Council of the ECB decided that the minimum bid rate on the main refinancing operations and the interest rates on the marginal lending facility and the deposit facility will remain unchanged at 2.00%, 3.00% and 1.00% respectively. The President of the ECB will comment on the considerations underlying these decisions at a press conference starting at 2.30 p.m. (C.E.T.) today. Directorate General Communications Reproduction is permitted provided that the source is acknowledged. Find out more about related content"
ECB,2005-11-03,decision,ecb_dec_20051103,83,13:15,14:15,ECB Governing Council,Monetary policy decisions,https://www.ecb.europa.eu/press/pr/date/2005/html/pr051103.en.html,OK,True,False,False,82,5,"At today’s meeting the Governing Council of the ECB decided that the minimum bid rate on the main refinancing operations and the interest rates on the marginal lending facility and the deposit facility will remain unchanged at 2.00%, 3.00% and 1.00% respectively. The President of the ECB will comment on the considerations underlying these decisions at a press conference starting at 2.30 p.m. today. Directorate General Communications Reproduction is permitted provided that the source is acknowledged. Find out more about related content","At today’s meeting the Governing Council of the ECB decided that the minimum bid rate on the main refinancing operations and the interest rates on the marginal lending facility and the deposit facility will remain unchanged at 2.00%, 3.00% and 1.00% respectively. The President of the ECB will comment on the considerations underlying these decisions at a press conference starting at 2.30 p.m. today. Directorate General Communications Reproduction is permitted provided that the source is acknowledged. Find out more about related content"
ECB,2005-12-01,decision,ecb_dec_20051201,84,13:15,14:15,ECB Governing Council,Monetary policy decisions,https://www.ecb.europa.eu/press/pr/date/2005/html/pr051201.en.html,OK,True,False,False,55,4,At today’s meeting the Governing Council of the ECB took the following monetary policy decisions: The President of the ECB will comment on the considerations underlying these decisions at a press conference starting at 2.30 p.m. today. Directorate General Communications Reproduction is permitted provided that the source is acknowledged. Find out more about related content,At today’s meeting the Governing Council of the ECB took the following monetary policy decisions: The President of the ECB will comment on the considerations underlying these decisions at a press conference starting at 2.30 p.m. today. Directorate General Communications Reproduction is permitted provided that the source is acknowledged. Find out more about related content
ECB,2006-01-12,decision,ecb_dec_20060112,85,13:15,14:15,ECB Governing Council,Monetary policy decisions,https://www.ecb.europa.eu/press/pr/date/2006/html/pr060112.en.html,OK,True,False,False,82,5,"At today’s meeting the Governing Council of the ECB decided that the minimum bid rate on the main refinancing operations and the interest rates on the marginal lending facility and the deposit facility will remain unchanged at 2.25%, 3.25% and 1.25% respectively. The President of the ECB will comment on the considerations underlying these decisions at a press conference starting at 2.30 p.m. today. Directorate General Communications Reproduction is permitted provided that the source is acknowledged. Find out more about related content","At today’s meeting the Governing Council of the ECB decided that the minimum bid rate on the main refinancing operations and the interest rates on the marginal lending facility and the deposit facility will remain unchanged at 2.25%, 3.25% and 1.25% respectively. The President of the ECB will comment on the considerations underlying these decisions at a press conference starting at 2.30 p.m. today. Directorate General Communications Reproduction is permitted provided that the source is acknowledged. Find out more about related content"
ECB,2006-02-02,decision,ecb_dec_20060202,86,13:15,14:15,ECB Governing Council,Monetary policy decisions,https://www.ecb.europa.eu/press/pr/date/2006/html/pr060202.en.html,OK,True,False,False,82,5,"At today’s meeting the Governing Council of the ECB decided that the minimum bid rate on the main refinancing operations and the interest rates on the marginal lending facility and the deposit facility will remain unchanged at 2.25%, 3.25% and 1.25% respectively. The President of the ECB will comment on the considerations underlying these decisions at a press conference starting at 2.30 p.m. today. Directorate General Communications Reproduction is permitted provided that the source is acknowledged. Find out more about related content","At today’s meeting the Governing Council of the ECB decided that the minimum bid rate on the main refinancing operations and the interest rates on the marginal lending facility and the deposit facility will remain unchanged at 2.25%, 3.25% and 1.25% respectively. The President of the ECB will comment on the considerations underlying these decisions at a press conference starting at 2.30 p.m. today. Directorate General Communications Reproduction is permitted provided that the source is acknowledged. Find out more about related content"
ECB,2006-03-02,decision,ecb_dec_20060302,87,12:15,14:15,ECB Governing Council,Monetary policy decisions,https://www.ecb.europa.eu/press/pr/date/2006/html/pr060302.en.html,OK,True,False,False,55,4,At today’s meeting the Governing Council of the ECB took the following monetary policy decisions: The President of the ECB will comment on the considerations underlying these decisions at a press conference starting at 2.30 p.m. today. Directorate General Communications Reproduction is permitted provided that the source is acknowledged. Find out more about related content,At today’s meeting the Governing Council of the ECB took the following monetary policy decisions: The President of the ECB will comment on the considerations underlying these decisions at a press conference starting at 2.30 p.m. today. Directorate General Communications Reproduction is permitted provided that the source is acknowledged. Find out more about related content
ECB,2006-04-06,decision,ecb_dec_20060406,88,12:15,14:15,ECB Governing Council,Monetary policy decisions,https://www.ecb.europa.eu/press/pr/date/2006/html/pr060406.en.html,OK,True,False,False,82,5,"At today’s meeting the Governing Council of the ECB decided that the minimum bid rate on the main refinancing operations and the interest rates on the marginal lending facility and the deposit facility will remain unchanged at 2.50%, 3.50% and 1.50% respectively. The President of the ECB will comment on the considerations underlying these decisions at a press conference starting at 2.30 p.m. today. Directorate General Communications Reproduction is permitted provided that the source is acknowledged. Find out more about related content","At today’s meeting the Governing Council of the ECB decided that the minimum bid rate on the main refinancing operations and the interest rates on the marginal lending facility and the deposit facility will remain unchanged at 2.50%, 3.50% and 1.50% respectively. The President of the ECB will comment on the considerations underlying these decisions at a press conference starting at 2.30 p.m. today. Directorate General Communications Reproduction is permitted provided that the source is acknowledged. Find out more about related content"
ECB,2006-05-04,decision,ecb_dec_20060504,89,12:15,14:15,ECB Governing Council,Monetary policy decisions,https://www.ecb.europa.eu/press/pr/date/2006/html/pr060504.en.html,OK,True,False,False,82,5,"At today’s meeting the Governing Council of the ECB decided that the minimum bid rate on the main refinancing operations and the interest rates on the marginal lending facility and the deposit facility will remain unchanged at 2.50%, 3.50% and 1.50% respectively. The President of the ECB will comment on the considerations underlying these decisions at a press conference starting at 2.30 p.m. today. Directorate General Communications Reproduction is permitted provided that the source is acknowledged. Find out more about related content","At today’s meeting the Governing Council of the ECB decided that the minimum bid rate on the main refinancing operations and the interest rates on the marginal lending facility and the deposit facility will remain unchanged at 2.50%, 3.50% and 1.50% respectively. The President of the ECB will comment on the considerations underlying these decisions at a press conference starting at 2.30 p.m. today. Directorate General Communications Reproduction is permitted provided that the source is acknowledged. Find out more about related content"
ECB,2006-06-08,decision,ecb_dec_20060608,90,12:15,14:15,ECB Governing Council,Monetary policy decisions,https://www.ecb.europa.eu/press/pr/date/2006/html/pr060608.en.html,OK,True,False,False,61,4,"At today’s meeting, which was held in Madrid, the Governing Council of the ECB took the following monetary policy decisions: The President of the ECB will comment on the considerations underlying these decisions at a press conference starting at 2.30 p.m. (CET) today. Directorate General Communications Reproduction is permitted provided that the source is acknowledged. Find out more about related content","At today’s meeting, which was held in Madrid, the Governing Council of the ECB took the following monetary policy decisions: The President of the ECB will comment on the considerations underlying these decisions at a press conference starting at 2.30 p.m. (CET) today. Directorate General Communications Reproduction is permitted provided that the source is acknowledged. Find out more about related content"
ECB,2006-07-06,decision,ecb_dec_20060706,91,12:15,14:15,ECB Governing Council,Monetary policy decisions,https://www.ecb.europa.eu/press/pr/date/2006/html/pr060706.en.html,OK,True,False,False,82,5,"At today’s meeting the Governing Council of the ECB decided that the minimum bid rate on the main refinancing operations and the interest rates on the marginal lending facility and the deposit facility will remain unchanged at 2.75%, 3.75% and 1.75% respectively. The President of the ECB will comment on the considerations underlying these decisions at a press conference starting at 2.30 p.m. today. Directorate General Communications Reproduction is permitted provided that the source is acknowledged. Find out more about related content","At today’s meeting the Governing Council of the ECB decided that the minimum bid rate on the main refinancing operations and the interest rates on the marginal lending facility and the deposit facility will remain unchanged at 2.75%, 3.75% and 1.75% respectively. The President of the ECB will comment on the considerations underlying these decisions at a press conference starting at 2.30 p.m. today. Directorate General Communications Reproduction is permitted provided that the source is acknowledged. Find out more about related content"
ECB,2006-08-03,decision,ecb_dec_20060803,92,12:15,14:15,ECB Governing Council,Monetary policy decisions,https://www.ecb.europa.eu/press/pr/date/2006/html/pr060803.en.html,OK,True,False,False,56,4,"At today’s meeting, the Governing Council of the ECB took the following monetary policy decisions: The President of the ECB will comment on the considerations underlying these decisions at a press conference starting at 2.30 p.m. (CET) today. Directorate General Communications Reproduction is permitted provided that the source is acknowledged. Find out more about related content","At today’s meeting, the Governing Council of the ECB took the following monetary policy decisions: The President of the ECB will comment on the considerations underlying these decisions at a press conference starting at 2.30 p.m. (CET) today. Directorate General Communications Reproduction is permitted provided that the source is acknowledged. Find out more about related content"
ECB,2006-09-07,decision,ecb_dec_20060907,93,12:15,14:15,ECB Governing Council,,https://www.ecb.europa.eu/press/pr/date/2006/html/pr060907.en.html,HTTP 404,True,False,False,0,0,,
ECB,2006-10-05,decision,ecb_dec_20061005,94,12:15,14:15,ECB Governing Council,Monetary policy decisions,https://www.ecb.europa.eu/press/pr/date/2006/html/pr061005.en.html,OK,True,False,False,61,4,"At today’s meeting, which was held in Paris, the Governing Council of the ECB took the following monetary policy decisions: The President of the ECB will comment on the considerations underlying these decisions at a press conference starting at 2.30 p.m. (CEST) today. Directorate General Communications Reproduction is permitted provided that the source is acknowledged. Find out more about related content","At today’s meeting, which was held in Paris, the Governing Council of the ECB took the following monetary policy decisions: The President of the ECB will comment on the considerations underlying these decisions at a press conference starting at 2.30 p.m. (CEST) today. Directorate General Communications Reproduction is permitted provided that the source is acknowledged. Find out more about related content"
ECB,2006-11-02,decision,ecb_dec_20061102,95,13:15,14:15,ECB Governing Council,Monetary policy decisions,https://www.ecb.europa.eu/press/pr/date/2006/html/pr061102.en.html,OK,True,False,False,83,5,"At today’s meeting, the Governing Council of the ECB decided that the minimum bid rate on the main refinancing operations and the interest rates on the marginal lending facility and the deposit facility will remain unchanged at 3.25%, 4.25% and 2.25% respectively. The President of the ECB will comment on the considerations underlying these decisions at a press conference starting at 2.30 p.m. (CET) today. Directorate General Communications Reproduction is permitted provided that the source is acknowledged. Find out more about related content","At today’s meeting, the Governing Council of the ECB decided that the minimum bid rate on the main refinancing operations and the interest rates on the marginal lending facility and the deposit facility will remain unchanged at 3.25%, 4.25% and 2.25% respectively. The President of the ECB will comment on the considerations underlying these decisions at a press conference starting at 2.30 p.m. (CET) today. Directorate General Communications Reproduction is permitted provided that the source is acknowledged. Find out more about related content"
ECB,2006-12-07,decision,ecb_dec_20061207,96,13:15,14:15,ECB Governing Council,Monetary policy decisions,https://www.ecb.europa.eu/press/pr/date/2006/html/pr061207.en.html,OK,True,False,False,56,4,At today’s meeting the Governing Council of the ECB took the following monetary policy decisions: The President of the ECB will comment on the considerations underlying these decisions at a press conference starting at 2.30 p.m. (CET) today. Directorate General Communications Reproduction is permitted provided that the source is acknowledged. Find out more about related content,At today’s meeting the Governing Council of the ECB took the following monetary policy decisions: The President of the ECB will comment on the considerations underlying these decisions at a press conference starting at 2.30 p.m. (CET) today. Directorate General Communications Reproduction is permitted provided that the source is acknowledged. Find out more about related content
ECB,2007-01-11,decision,ecb_dec_20070111,97,13:15,14:15,ECB Governing Council,Monetary policy decisions,https://www.ecb.europa.eu/press/pr/date/2007/html/pr070111.en.html,OK,True,False,False,83,5,"At today’s meeting, the Governing Council of the ECB decided that the minimum bid rate on the main refinancing operations and the interest rates on the marginal lending facility and the deposit facility will remain unchanged at 3.50%, 4.50% and 2.50% respectively. The President of the ECB will comment on the considerations underlying these decisions at a press conference starting at 2.30 p.m. (CET) today. Directorate General Communications Reproduction is permitted provided that the source is acknowledged. Find out more about related content","At today’s meeting, the Governing Council of the ECB decided that the minimum bid rate on the main refinancing operations and the interest rates on the marginal lending facility and the deposit facility will remain unchanged at 3.50%, 4.50% and 2.50% respectively. The President of the ECB will comment on the considerations underlying these decisions at a press conference starting at 2.30 p.m. (CET) today. Directorate General Communications Reproduction is permitted provided that the source is acknowledged. Find out more about related content"
ECB,2007-02-08,decision,ecb_dec_20070208,98,13:15,14:15,ECB Governing Council,Monetary policy decisions,https://www.ecb.europa.eu/press/pr/date/2007/html/pr070208.en.html,OK,True,False,False,83,5,"At today’s meeting, the Governing Council of the ECB decided that the minimum bid rate on the main refinancing operations and the interest rates on the marginal lending facility and the deposit facility will remain unchanged at 3.50%, 4.50% and 2.50% respectively. The President of the ECB will comment on the considerations underlying these decisions at a press conference starting at 2.30 p.m. (CET) today. Directorate General Communications Reproduction is permitted provided that the source is acknowledged. Find out more about related content","At today’s meeting, the Governing Council of the ECB decided that the minimum bid rate on the main refinancing operations and the interest rates on the marginal lending facility and the deposit facility will remain unchanged at 3.50%, 4.50% and 2.50% respectively. The President of the ECB will comment on the considerations underlying these decisions at a press conference starting at 2.30 p.m. (CET) today. Directorate General Communications Reproduction is permitted provided that the source is acknowledged. Find out more about related content"
ECB,2007-03-08,decision,ecb_dec_20070308,99,12:15,14:15,ECB Governing Council,Monetary policy decisions,https://www.ecb.europa.eu/press/pr/date/2007/html/pr070308.en.html,OK,True,False,False,56,4,At today’s meeting the Governing Council of the ECB took the following monetary policy decisions: The President of the ECB will comment on the considerations underlying these decisions at a press conference starting at 2.30 p.m. (CET) today. Directorate General Communications Reproduction is permitted provided that the source is acknowledged. Find out more about related content,At today’s meeting the Governing Council of the ECB took the following monetary policy decisions: The President of the ECB will comment on the considerations underlying these decisions at a press conference starting at 2.30 p.m. (CET) today. Directorate General Communications Reproduction is permitted provided that the source is acknowledged. Find out more about related content
ECB,2007-04-12,decision,ecb_dec_20070412,100,12:15,14:15,ECB Governing Council,Monetary policy decisions,https://www.ecb.europa.eu/press/pr/date/2007/html/pr070412.en.html,OK,True,False,False,83,5,"At today’s meeting, the Governing Council of the ECB decided that the minimum bid rate on the main refinancing operations and the interest rates on the marginal lending facility and the deposit facility will remain unchanged at 3.75%, 4.75% and 2.75% respectively. The President of the ECB will comment on the considerations underlying these decisions at a press conference starting at 2.30 p.m. (CEST) today. Directorate General Communications Reproduction is permitted provided that the source is acknowledged. Find out more about related content","At today’s meeting, the Governing Council of the ECB decided that the minimum bid rate on the main refinancing operations and the interest rates on the marginal lending facility and the deposit facility will remain unchanged at 3.75%, 4.75% and 2.75% respectively. The President of the ECB will comment on the considerations underlying these decisions at a press conference starting at 2.30 p.m. (CEST) today. Directorate General Communications Reproduction is permitted provided that the source is acknowledged. Find out more about related content"
ECB,2007-05-10,decision,ecb_dec_20070510,101,12:15,14:15,ECB Governing Council,Monetary policy decisions,https://www.ecb.europa.eu/press/pr/date/2007/html/pr070510.en.html,OK,True,False,False,88,5,"At today’s meeting, which was held in Dublin, the Governing Council of the ECB decided that the minimum bid rate on the main refinancing operations and the interest rates on the marginal lending facility and the deposit facility will remain unchanged at 3.75%, 4.75% and 2.75% respectively. The President of the ECB will comment on the considerations underlying these decisions at a press conference starting at 2.30 p.m. (CEST) today. Directorate General Communications Reproduction is permitted provided that the source is acknowledged. Find out more about related content","At today’s meeting, which was held in Dublin, the Governing Council of the ECB decided that the minimum bid rate on the main refinancing operations and the interest rates on the marginal lending facility and the deposit facility will remain unchanged at 3.75%, 4.75% and 2.75% respectively. The President of the ECB will comment on the considerations underlying these decisions at a press conference starting at 2.30 p.m. (CEST) today. Directorate General Communications Reproduction is permitted provided that the source is acknowledged. Find out more about related content"
ECB,2007-06-06,decision,ecb_dec_20070606,102,12:15,14:15,ECB Governing Council,Monetary policy decisions,https://www.ecb.europa.eu/press/pr/date/2007/html/pr070606.en.html,OK,True,False,False,56,4,At today’s meeting the Governing Council of the ECB took the following monetary policy decisions: The President of the ECB will comment on the considerations underlying these decisions at a press conference starting at 2.30 p.m. (CEST) today. Directorate General Communications Reproduction is permitted provided that the source is acknowledged. Find out more about related content,At today’s meeting the Governing Council of the ECB took the following monetary policy decisions: The President of the ECB will comment on the considerations underlying these decisions at a press conference starting at 2.30 p.m. (CEST) today. Directorate General Communications Reproduction is permitted provided that the source is acknowledged. Find out more about related content
ECB,2007-07-05,decision,ecb_dec_20070705,103,12:15,14:15,ECB Governing Council,Monetary policy decisions,https://www.ecb.europa.eu/press/pr/date/2007/html/pr070705.en.html,OK,True,False,False,83,5,"At today’s meeting, the Governing Council of the ECB decided that the minimum bid rate on the main refinancing operations and the interest rates on the marginal lending facility and the deposit facility will remain unchanged at 4.00%, 5.00% and 3.00% respectively. The President of the ECB will comment on the considerations underlying these decisions at a press conference starting at 2.30 p.m. (CEST) today. Directorate General Communications Reproduction is permitted provided that the source is acknowledged. Find out more about related content","At today’s meeting, the Governing Council of the ECB decided that the minimum bid rate on the main refinancing operations and the interest rates on the marginal lending facility and the deposit facility will remain unchanged at 4.00%, 5.00% and 3.00% respectively. The President of the ECB will comment on the considerations underlying these decisions at a press conference starting at 2.30 p.m. (CEST) today. Directorate General Communications Reproduction is permitted provided that the source is acknowledged. Find out more about related content"
ECB,2007-08-02,decision,ecb_dec_20070802,104,12:15,14:15,ECB Governing Council,Monetary policy decisions,https://www.ecb.europa.eu/press/pr/date/2007/html/pr070802.en.html,OK,True,False,False,69,3,"At today’s meeting, which was held in the form of a teleconference, the Governing Council of the ECB decided that the minimum bid rate on the main refinancing operations and the interest rates on the marginal lending facility and the deposit facility will remain unchanged at 4.00%, 5.00% and 3.00% respectively. Directorate General Communications Reproduction is permitted provided that the source is acknowledged. Find out more about related content","At today’s meeting, which was held in the form of a teleconference, the Governing Council of the ECB decided that the minimum bid rate on the main refinancing operations and the interest rates on the marginal lending facility and the deposit facility will remain unchanged at 4.00%, 5.00% and 3.00% respectively. Directorate General Communications Reproduction is permitted provided that the source is acknowledged. Find out more about related content"
ECB,2007-09-06,decision,ecb_dec_20070906,105,12:15,14:15,ECB Governing Council,Monetary policy decisions,https://www.ecb.europa.eu/press/pr/date/2007/html/pr070906.en.html,OK,True,False,False,83,5,"At today’s meeting, the Governing Council of the ECB decided that the minimum bid rate on the main refinancing operations and the interest rates on the marginal lending facility and the deposit facility will remain unchanged at 4.00%, 5.00% and 3.00% respectively. The President of the ECB will comment on the considerations underlying these decisions at a press conference starting at 2.30 p.m. (CEST) today. Directorate General Communications Reproduction is permitted provided that the source is acknowledged. Find out more about related content","At today’s meeting, the Governing Council of the ECB decided that the minimum bid rate on the main refinancing operations and the interest rates on the marginal lending facility and the deposit facility will remain unchanged at 4.00%, 5.00% and 3.00% respectively. The President of the ECB will comment on the considerations underlying these decisions at a press conference starting at 2.30 p.m. (CEST) today. Directorate General Communications Reproduction is permitted provided that the source is acknowledged. Find out more about related content"
ECB,2007-10-04,decision,ecb_dec_20071004,106,12:15,14:15,ECB Governing Council,Monetary policy decisions,https://www.ecb.europa.eu/press/pr/date/2007/html/pr071004.en.html,OK,True,False,False,88,5,"At today’s meeting, which was held in Vienna, the Governing Council of the ECB decided that the minimum bid rate on the main refinancing operations and the interest rates on the marginal lending facility and the deposit facility will remain unchanged at 4.00%, 5.00% and 3.00% respectively. The President of the ECB will comment on the considerations underlying these decisions at a press conference starting at 2.30 p.m. (CEST) today. Directorate General Communications Reproduction is permitted provided that the source is acknowledged. Find out more about related content","At today’s meeting, which was held in Vienna, the Governing Council of the ECB decided that the minimum bid rate on the main refinancing operations and the interest rates on the marginal lending facility and the deposit facility will remain unchanged at 4.00%, 5.00% and 3.00% respectively. The President of the ECB will comment on the considerations underlying these decisions at a press conference starting at 2.30 p.m. (CEST) today. Directorate General Communications Reproduction is permitted provided that the source is acknowledged. Find out more about related content"
ECB,2007-11-08,decision,ecb_dec_20071108,107,13:15,14:15,ECB Governing Council,Monetary policy decisions,https://www.ecb.europa.eu/press/pr/date/2007/html/pr071108.en.html,OK,True,False,False,83,5,"At today’s meeting the Governing Council of the ECB decided that the minimum bid rate on the main refinancing operations and the interest rates on the marginal lending facility and the deposit facility will remain unchanged at 4.00%, 5.00% and 3.00% respectively. The President of the ECB will comment on the considerations underlying these decisions at a press conference starting at 2.30 p.m. (CET) today. Directorate General Communications Reproduction is permitted provided that the source is acknowledged. Find out more about related content","At today’s meeting the Governing Council of the ECB decided that the minimum bid rate on the main refinancing operations and the interest rates on the marginal lending facility and the deposit facility will remain unchanged at 4.00%, 5.00% and 3.00% respectively. The President of the ECB will comment on the considerations underlying these decisions at a press conference starting at 2.30 p.m. (CET) today. Directorate General Communications Reproduction is permitted provided that the source is acknowledged. Find out more about related content"
ECB,2007-12-06,decision,ecb_dec_20071206,108,13:15,14:15,ECB Governing Council,Monetary policy decisions,https://www.ecb.europa.eu/press/pr/date/2007/html/pr071206.en.html,OK,True,False,False,83,5,"At today’s meeting the Governing Council of the ECB decided that the minimum bid rate on the main refinancing operations and the interest rates on the marginal lending facility and the deposit facility will remain unchanged at 4.00%, 5.00% and 3.00% respectively. The President of the ECB will comment on the considerations underlying these decisions at a press conference starting at 2.30 p.m. (CET) today. Directorate General Communications Reproduction is permitted provided that the source is acknowledged. Find out more about related content","At today’s meeting the Governing Council of the ECB decided that the minimum bid rate on the main refinancing operations and the interest rates on the marginal lending facility and the deposit facility will remain unchanged at 4.00%, 5.00% and 3.00% respectively. The President of the ECB will comment on the considerations underlying these decisions at a press conference starting at 2.30 p.m. (CET) today. Directorate General Communications Reproduction is permitted provided that the source is acknowledged. Find out more about related content"
ECB,2008-01-10,decision,ecb_dec_20080110,109,13:15,14:15,ECB Governing Council,Monetary policy decisions,https://www.ecb.europa.eu/press/pr/date/2008/html/pr080110.en.html,OK,True,False,False,83,5,"At today’s meeting the Governing Council of the ECB decided that the minimum bid rate on the main refinancing operations and the interest rates on the marginal lending facility and the deposit facility will remain unchanged at 4.00%, 5.00% and 3.00% respectively. The President of the ECB will comment on the considerations underlying these decisions at a press conference starting at 2.30 p.m. (CET) today. Directorate General Communications Reproduction is permitted provided that the source is acknowledged. Find out more about related content","At today’s meeting the Governing Council of the ECB decided that the minimum bid rate on the main refinancing operations and the interest rates on the marginal lending facility and the deposit facility will remain unchanged at 4.00%, 5.00% and 3.00% respectively. The President of the ECB will comment on the considerations underlying these decisions at a press conference starting at 2.30 p.m. (CET) today. Directorate General Communications Reproduction is permitted provided that the source is acknowledged. Find out more about related content"
ECB,2008-02-07,decision,ecb_dec_20080207,110,13:15,14:15,ECB Governing Council,Monetary policy decisions,https://www.ecb.europa.eu/press/pr/date/2008/html/pr080207.en.html,OK,True,False,False,83,5,"At today’s meeting the Governing Council of the ECB decided that the minimum bid rate on the main refinancing operations and the interest rates on the marginal lending facility and the deposit facility will remain unchanged at 4.00%, 5.00% and 3.00% respectively. The President of the ECB will comment on the considerations underlying these decisions at a press conference starting at 2.30 p.m. (CET) today. Directorate General Communications Reproduction is permitted provided that the source is acknowledged. Find out more about related content","At today’s meeting the Governing Council of the ECB decided that the minimum bid rate on the main refinancing operations and the interest rates on the marginal lending facility and the deposit facility will remain unchanged at 4.00%, 5.00% and 3.00% respectively. The President of the ECB will comment on the considerations underlying these decisions at a press conference starting at 2.30 p.m. (CET) today. Directorate General Communications Reproduction is permitted provided that the source is acknowledged. Find out more about related content"
ECB,2008-03-06,decision,ecb_dec_20080306,111,12:15,14:15,ECB Governing Council,Monetary policy decisions,https://www.ecb.europa.eu/press/pr/date/2008/html/pr080306.en.html,OK,True,False,False,83,5,"At today’s meeting the Governing Council of the ECB decided that the minimum bid rate on the main refinancing operations and the interest rates on the marginal lending facility and the deposit facility will remain unchanged at 4.00%, 5.00% and 3.00% respectively. The President of the ECB will comment on the considerations underlying these decisions at a press conference starting at 2.30 p.m. (CET) today. Directorate General Communications Reproduction is permitted provided that the source is acknowledged. Find out more about related content","At today’s meeting the Governing Council of the ECB decided that the minimum bid rate on the main refinancing operations and the interest rates on the marginal lending facility and the deposit facility will remain unchanged at 4.00%, 5.00% and 3.00% respectively. The President of the ECB will comment on the considerations underlying these decisions at a press conference starting at 2.30 p.m. (CET) today. Directorate General Communications Reproduction is permitted provided that the source is acknowledged. Find out more about related content"
ECB,2008-04-10,decision,ecb_dec_20080410,112,12:15,14:15,ECB Governing Council,Monetary policy decisions,https://www.ecb.europa.eu/press/pr/date/2008/html/pr080410.en.html,OK,True,False,False,83,5,"At today’s meeting the Governing Council of the ECB decided that the minimum bid rate on the main refinancing operations and the interest rates on the marginal lending facility and the deposit facility will remain unchanged at 4.00%, 5.00% and 3.00% respectively. The President of the ECB will comment on the considerations underlying these decisions at a press conference starting at 2.30 p.m. (CEST) today. Directorate General Communications Reproduction is permitted provided that the source is acknowledged. Find out more about related content","At today’s meeting the Governing Council of the ECB decided that the minimum bid rate on the main refinancing operations and the interest rates on the marginal lending facility and the deposit facility will remain unchanged at 4.00%, 5.00% and 3.00% respectively. The President of the ECB will comment on the considerations underlying these decisions at a press conference starting at 2.30 p.m. (CEST) today. Directorate General Communications Reproduction is permitted provided that the source is acknowledged. Find out more about related content"
ECB,2008-05-08,decision,ecb_dec_20080508,113,12:15,14:15,ECB Governing Council,Monetary policy decisions,https://www.ecb.europa.eu/press/pr/date/2008/html/pr080508.en.html,OK,True,False,False,88,5,"At today’s meeting, which was held in Athens, the Governing Council of the ECB decided that the minimum bid rate on the main refinancing operations and the interest rates on the marginal lending facility and the deposit facility will remain unchanged at 4.00%, 5.00% and 3.00% respectively. The President of the ECB will comment on the considerations underlying these decisions at a press conference starting at 2.30 p.m. (CEST) today. Directorate General Communications Reproduction is permitted provided that the source is acknowledged. Find out more about related content","At today’s meeting, which was held in Athens, the Governing Council of the ECB decided that the minimum bid rate on the main refinancing operations and the interest rates on the marginal lending facility and the deposit facility will remain unchanged at 4.00%, 5.00% and 3.00% respectively. The President of the ECB will comment on the considerations underlying these decisions at a press conference starting at 2.30 p.m. (CEST) today. Directorate General Communications Reproduction is permitted provided that the source is acknowledged. Find out more about related content"
ECB,2008-06-05,decision,ecb_dec_20080605,114,12:15,14:15,ECB Governing Council,Monetary policy decisions,https://www.ecb.europa.eu/press/pr/date/2008/html/pr080605.en.html,OK,True,False,False,83,5,"At today’s meeting the Governing Council of the ECB decided that the minimum bid rate on the main refinancing operations and the interest rates on the marginal lending facility and the deposit facility will remain unchanged at 4.00%, 5.00% and 3.00% respectively. The President of the ECB will comment on the considerations underlying these decisions at a press conference starting at 2.30 p.m. CET today. Directorate General Communications Reproduction is permitted provided that the source is acknowledged. Find out more about related content","At today’s meeting the Governing Council of the ECB decided that the minimum bid rate on the main refinancing operations and the interest rates on the marginal lending facility and the deposit facility will remain unchanged at 4.00%, 5.00% and 3.00% respectively. The President of the ECB will comment on the considerations underlying these decisions at a press conference starting at 2.30 p.m. CET today. Directorate General Communications Reproduction is permitted provided that the source is acknowledged. Find out more about related content"
ECB,2008-07-03,decision,ecb_dec_20080703,115,12:15,14:15,ECB Governing Council,Monetary policy decisions,https://www.ecb.europa.eu/press/pr/date/2008/html/pr080703.en.html,OK,True,False,False,56,4,At today’s meeting the Governing Council of the ECB took the following monetary policy decisions: The President of the ECB will comment on the considerations underlying these decisions at a press conference starting at 2.30 p.m. CET today. Directorate General Communications Reproduction is permitted provided that the source is acknowledged. Find out more about related content,At today’s meeting the Governing Council of the ECB took the following monetary policy decisions: The President of the ECB will comment on the considerations underlying these decisions at a press conference starting at 2.30 p.m. CET today. Directorate General Communications Reproduction is permitted provided that the source is acknowledged. Find out more about related content
ECB,2008-08-07,decision,ecb_dec_20080807,116,12:15,14:15,ECB Governing Council,Monetary policy decisions,https://www.ecb.europa.eu/press/pr/date/2008/html/pr080807.en.html,OK,True,False,False,83,5,"At today’s meeting the Governing Council of the ECB decided that the minimum bid rate on the main refinancing operations and the interest rates on the marginal lending facility and the deposit facility will remain unchanged at 4.25%, 5.25% and 3.25% respectively. The President of the ECB will comment on the considerations underlying these decisions at a press conference starting at 2.30 p.m. CET today. Directorate General Communications Reproduction is permitted provided that the source is acknowledged. Find out more about related content","At today’s meeting the Governing Council of the ECB decided that the minimum bid rate on the main refinancing operations and the interest rates on the marginal lending facility and the deposit facility will remain unchanged at 4.25%, 5.25% and 3.25% respectively. The President of the ECB will comment on the considerations underlying these decisions at a press conference starting at 2.30 p.m. CET today. Directorate General Communications Reproduction is permitted provided that the source is acknowledged. Find out more about related content"
ECB,2008-09-04,decision,ecb_dec_20080904,117,12:15,14:15,ECB Governing Council,Monetary policy decisions,https://www.ecb.europa.eu/press/pr/date/2008/html/pr080904.en.html,OK,True,False,False,83,5,"At today’s meeting the Governing Council of the ECB decided that the minimum bid rate on the main refinancing operations and the interest rates on the marginal lending facility and the deposit facility will remain unchanged at 4.25%, 5.25% and 3.25% respectively. The President of the ECB will comment on the considerations underlying these decisions at a press conference starting at 2.30 p.m. CET today. Directorate General Communications Reproduction is permitted provided that the source is acknowledged. Find out more about related content","At today’s meeting the Governing Council of the ECB decided that the minimum bid rate on the main refinancing operations and the interest rates on the marginal lending facility and the deposit facility will remain unchanged at 4.25%, 5.25% and 3.25% respectively. The President of the ECB will comment on the considerations underlying these decisions at a press conference starting at 2.30 p.m. CET today. Directorate General Communications Reproduction is permitted provided that the source is acknowledged. Find out more about related content"
ECB,2008-10-02,decision,ecb_dec_20081002,118,12:15,14:15,ECB Governing Council,Monetary policy decisions,https://www.ecb.europa.eu/press/pr/date/2008/html/pr081002.en.html,OK,True,False,False,83,5,"At today’s meeting the Governing Council of the ECB decided that the minimum bid rate on the main refinancing operations and the interest rates on the marginal lending facility and the deposit facility will remain unchanged at 4.25%, 5.25% and 3.25% respectively. The President of the ECB will comment on the considerations underlying these decisions at a press conference starting at 2.30 p.m. CET today. Directorate General Communications Reproduction is permitted provided that the source is acknowledged. Find out more about related content","At today’s meeting the Governing Council of the ECB decided that the minimum bid rate on the main refinancing operations and the interest rates on the marginal lending facility and the deposit facility will remain unchanged at 4.25%, 5.25% and 3.25% respectively. The President of the ECB will comment on the considerations underlying these decisions at a press conference starting at 2.30 p.m. CET today. Directorate General Communications Reproduction is permitted provided that the source is acknowledged. Find out more about related content"
ECB,2008-10-08,decision,ecb_dec_20081008,119,12:15,14:15,ECB Governing Council,Monetary policy decisions,https://www.ecb.europa.eu/press/pr/date/2008/html/pr081008.en.html,OK,True,False,False,258,11,"Throughout the current financial crisis, central banks have engaged in continuous close consultation and have cooperated in unprecedented joint actions such as the provision of liquidity to reduce strains in financial markets. Inflationary pressures have started to moderate in a number of countries, partly reflecting a marked decline in energy and other commodity prices. Inflation expectations are diminishing and remain anchored to price stability. The recent intensification of the financial crisis has augmented the downside risks to growth and thus has diminished further the upside risks to price stability. Some easing of global monetary conditions is therefore warranted. Accordingly, the Bank of Canada, the Bank of England, the European Central Bank (ECB), the Federal Reserve, Sveriges Riksbank and the Swiss National Bank are today announcing reductions in policy interest rates. The Bank of Japan expresses its strong support of these policy actions. The Governing Council of the ECB, by means of teleconferencing, has taken the following monetary policy decisions: In the euro area, upside inflationary risks have recently decreased further. It remains imperative to avoid broad-based second-round effects in price and wage-setting. Keeping inflation expectations firmly anchored in line with our objective and securing price stability in the medium term will support sustainable growth and employment and contribute to financial stability. Information on the actions taken by the other central banks is available at the following websites: Bank of Canada: www.bank-banque-canada.ca Bank of England: www.bankofengland.co.uk Federal Reserve Board: http://www.federalreserve.gov Sveriges Riksbank: www.riksbank.com Swiss National Bank: www.snb.ch Directorate General Communications Reproduction is permitted provided that the source is acknowledged.","Throughout the current financial crisis, central banks have engaged in continuous close consultation and have cooperated in unprecedented joint actions such as the provision of liquidity to reduce strains in financial markets. Inflationary pressures have started to moderate in a number of countries, partly reflecting a marked decline in energy and other commodity prices. Inflation expectations are diminishing and remain anchored to price stability. The recent intensification of the financial crisis has augmented the downside risks to growth and thus has diminished further the upside risks to price stability. Some easing of global monetary conditions is therefore warranted. Accordingly, the Bank of Canada, the Bank of England, the European Central Bank (ECB), the Federal Reserve, Sveriges Riksbank and the Swiss National Bank are today announcing reductions in policy interest rates. The Bank of Japan expresses its strong support of these policy actions. The Governing Council of the ECB, by means of teleconferencing, has taken the following monetary policy decisions: In the euro area, upside inflationary risks have recently decreased further. It remains imperative to avoid broad-based second-round effects in price and wage-setting. Keeping inflation expectations firmly anchored in line with our objective and securing price stability in the medium term will support sustainable growth and employment and contribute to financial stability. Information on the actions taken by the other central banks is available at the following websites: Bank of Canada: www.bank-banque-canada.ca Bank of England: www.bankofengland.co.uk Federal Reserve Board: http://www.federalreserve.gov Sveriges Riksbank: www.riksbank.com Swiss National Bank: www.snb.ch Directorate General Communications Reproduction is permitted provided that the source is acknowledged."
ECB,2008-10-15,decision,ecb_dec_20081015,120,12:15,14:15,ECB Governing Council,Measures to further expand the collateral framework and enhance the provision of liquidity,https://www.ecb.europa.eu/press/pr/date/2008/html/pr081015.en.html,OK,True,False,False,312,11,"The Governing Council of the European Central Bank (ECB) today decided, by means of a teleconference, on the following measures: Expansion of the list of assets eligible as collateral in Eurosystem credit operations The Eurosystem will add the following instruments to the list of assets eligible as collateral in its credit operations: Furthermore, the Eurosystem will lower the credit threshold for marketable and non-marketable assets from A- to BBB-, with the exception of asset-backed securities (ABS), and impose a haircut add-on of 5% on all assets rated BBB-. The date of entry into effect as well as further technical details on these measures will be communicated as soon as possible. The measures will remain in force until the end of 2009. The expansion of the eligibility criteria announced today will be combined with vigilant monitoring of the use of the framework. Moreover, as of 20 October 2008 and at least until the end of the first maintenance period in 2009 on 20 January, fixed term deposits held with the Eurosystem will be eligible collateral for Eurosystem credit operations. Enhancement of the provision of longer-term refinancing Consistently with the temporary expansion of the collateral pool, the Eurosystem will also enhance its provision of longer-term refinancing as follows: Provision of US dollar liquidity through foreign exchange swaps As from 21 October 2008, and at least until the end of January 2009, in parallel with the existing tenders in which the Eurosystem offers US dollar liquidity against ECB-eligible collateral, the Eurosystem will also offer US dollar liquidity through EUR/USD foreign exchange swaps. The EUR/USD foreign exchange swap tenders will be carried out at a fixed price (i.e. swap point) with full allotment. Further details on the tender procedures for EUR/USD foreign exchange swaps will be released shortly. Directorate General Communications Reproduction is permitted provided that the source is acknowledged. Find out more about related content","The Governing Council of the European Central Bank (ECB) today decided, by means of a teleconference, on the following measures: Expansion of the list of assets eligible as collateral in Eurosystem credit operations The Eurosystem will add the following instruments to the list of assets eligible as collateral in its credit operations: Furthermore, the Eurosystem will lower the credit threshold for marketable and non-marketable assets from A- to BBB-, with the exception of asset-backed securities (ABS), and impose a haircut add-on of 5% on all assets rated BBB-. The date of entry into effect as well as further technical details on these measures will be communicated as soon as possible. The measures will remain in force until the end of 2009. The expansion of the eligibility criteria announced today will be combined with vigilant monitoring of the use of the framework. Moreover, as of 20 October 2008 and at least until the end of the first maintenance period in 2009 on 20 January, fixed term deposits held with the Eurosystem will be eligible collateral for Eurosystem credit operations. Enhancement of the provision of longer-term refinancing Consistently with the temporary expansion of the collateral pool, the Eurosystem will also enhance its provision of longer-term refinancing as follows: Provision of US dollar liquidity through foreign exchange swaps As from 21 October 2008, and at least until the end of January 2009, in parallel with the existing tenders in which the Eurosystem offers US dollar liquidity against ECB-eligible collateral, the Eurosystem will also offer US dollar liquidity through EUR/USD foreign exchange swaps. The EUR/USD foreign exchange swap tenders will be carried out at a fixed price (i.e. swap point) with full allotment. Further details on the tender procedures for EUR/USD foreign exchange swaps will be released shortly. Directorate General Communications Reproduction is permitted provided that the source is acknowledged. Find out more about related content"
ECB,2008-11-06,decision,ecb_dec_20081106,121,13:15,14:15,ECB Governing Council,Monetary policy decisions,https://www.ecb.europa.eu/press/pr/date/2008/html/pr081106.en.html,OK,True,False,False,56,4,At today’s meeting the Governing Council of the ECB took the following monetary policy decisions: The President of the ECB will comment on the considerations underlying these decisions at a press conference starting at 2.30 p.m. CET today. Directorate General Communications Reproduction is permitted provided that the source is acknowledged. Find out more about related content,At today’s meeting the Governing Council of the ECB took the following monetary policy decisions: The President of the ECB will comment on the considerations underlying these decisions at a press conference starting at 2.30 p.m. CET today. Directorate General Communications Reproduction is permitted provided that the source is acknowledged. Find out more about related content
ECB,2008-12-04,decision,ecb_dec_20081204,122,13:15,14:15,ECB Governing Council,Monetary policy decisions,https://www.ecb.europa.eu/press/pr/date/2008/html/pr081204.en.html,OK,True,False,False,61,4,"At today’s meeting, which was held in Brussels, the Governing Council of the ECB took the following monetary policy decisions: The President of the ECB will comment on the considerations underlying these decisions at a press conference starting at 2.30 p.m. CET today. Directorate General Communications Reproduction is permitted provided that the source is acknowledged. Find out more about related content","At today’s meeting, which was held in Brussels, the Governing Council of the ECB took the following monetary policy decisions: The President of the ECB will comment on the considerations underlying these decisions at a press conference starting at 2.30 p.m. CET today. Directorate General Communications Reproduction is permitted provided that the source is acknowledged. Find out more about related content"
ECB,2009-01-15,decision,ecb_dec_20090115,123,13:15,14:15,ECB Governing Council,Monetary policy decisions,https://www.ecb.europa.eu/press/pr/date/2009/html/pr090115.en.html,OK,True,False,False,94,5,At today’s meeting the Governing Council of the ECB took the following monetary policy decisions: These decisions are in accordance with the Governing Council’s decision on 18 December 2008 to restore the width of the corridor of standing facility rates around the interest rate on the main refinancing operation to 200 basis points. The President of the ECB will comment on the considerations underlying these decisions at a press conference starting at 2.30 p.m. CET today. Directorate General Communications Reproduction is permitted provided that the source is acknowledged. Find out more about related content,At today’s meeting the Governing Council of the ECB took the following monetary policy decisions: These decisions are in accordance with the Governing Council’s decision on 18 December 2008 to restore the width of the corridor of standing facility rates around the interest rate on the main refinancing operation to 200 basis points. The President of the ECB will comment on the considerations underlying these decisions at a press conference starting at 2.30 p.m. CET today. Directorate General Communications Reproduction is permitted provided that the source is acknowledged. Find out more about related content
ECB,2009-02-05,decision,ecb_dec_20090205,124,13:15,14:15,ECB Governing Council,Monetary policy decisions,https://www.ecb.europa.eu/press/pr/date/2009/html/pr090205.en.html,OK,True,False,False,82,5,"At today’s meeting the Governing Council of the ECB decided that the interest rate on the main refinancing operations and the interest rates on the marginal lending facility and the deposit facility will remain unchanged at 2.00%, 3.00% and 1.00% respectively. The President of the ECB will comment on the considerations underlying these decisions at a press conference starting at 2.30 p.m. CET today. Directorate General Communications Reproduction is permitted provided that the source is acknowledged. Find out more about related content","At today’s meeting the Governing Council of the ECB decided that the interest rate on the main refinancing operations and the interest rates on the marginal lending facility and the deposit facility will remain unchanged at 2.00%, 3.00% and 1.00% respectively. The President of the ECB will comment on the considerations underlying these decisions at a press conference starting at 2.30 p.m. CET today. Directorate General Communications Reproduction is permitted provided that the source is acknowledged. Find out more about related content"
ECB,2009-03-05,decision,ecb_dec_20090305,125,12:15,14:15,ECB Governing Council,Monetary policy decisions,https://www.ecb.europa.eu/press/pr/date/2009/html/pr090305.en.html,OK,True,False,False,56,4,At today’s meeting the Governing Council of the ECB took the following monetary policy decisions: The President of the ECB will comment on the considerations underlying these decisions at a press conference starting at 2.30 p.m. CET today. Directorate General Communications Reproduction is permitted provided that the source is acknowledged. Find out more about related content,At today’s meeting the Governing Council of the ECB took the following monetary policy decisions: The President of the ECB will comment on the considerations underlying these decisions at a press conference starting at 2.30 p.m. CET today. Directorate General Communications Reproduction is permitted provided that the source is acknowledged. Find out more about related content
ECB,2009-04-02,decision,ecb_dec_20090402,126,12:15,14:15,ECB Governing Council,Monetary policy decisions,https://www.ecb.europa.eu/press/pr/date/2009/html/pr090402.en.html,OK,True,False,False,56,4,At today’s meeting the Governing Council of the ECB took the following monetary policy decisions: The President of the ECB will comment on the considerations underlying these decisions at a press conference starting at 2.30 p.m. CET today. Directorate General Communications Reproduction is permitted provided that the source is acknowledged. Find out more about related content,At today’s meeting the Governing Council of the ECB took the following monetary policy decisions: The President of the ECB will comment on the considerations underlying these decisions at a press conference starting at 2.30 p.m. CET today. Directorate General Communications Reproduction is permitted provided that the source is acknowledged. Find out more about related content
ECB,2009-05-07,decision,ecb_dec_20090507,127,12:15,14:15,ECB Governing Council,Monetary policy decisions,https://www.ecb.europa.eu/press/pr/date/2009/html/pr090507.en.html,OK,True,False,False,56,4,At today’s meeting the Governing Council of the ECB took the following monetary policy decisions: The President of the ECB will comment on the considerations underlying these decisions at a press conference starting at 2.30 p.m. CET today. Directorate General Communications Reproduction is permitted provided that the source is acknowledged. Find out more about related content,At today’s meeting the Governing Council of the ECB took the following monetary policy decisions: The President of the ECB will comment on the considerations underlying these decisions at a press conference starting at 2.30 p.m. CET today. Directorate General Communications Reproduction is permitted provided that the source is acknowledged. Find out more about related content
ECB,2009-06-04,decision,ecb_dec_20090604,128,12:15,14:15,ECB Governing Council,Monetary policy decisions,https://www.ecb.europa.eu/press/pr/date/2009/html/pr090604.en.html,OK,True,False,False,82,5,"At today’s meeting the Governing Council of the ECB decided that the interest rate on the main refinancing operations and the interest rates on the marginal lending facility and the deposit facility will remain unchanged at 1.00%, 1.75% and 0.25% respectively. The President of the ECB will comment on the considerations underlying these decisions at a press conference starting at 2.30 p.m. CET today. Directorate General Communications Reproduction is permitted provided that the source is acknowledged. Find out more about related content","At today’s meeting the Governing Council of the ECB decided that the interest rate on the main refinancing operations and the interest rates on the marginal lending facility and the deposit facility will remain unchanged at 1.00%, 1.75% and 0.25% respectively. The President of the ECB will comment on the considerations underlying these decisions at a press conference starting at 2.30 p.m. CET today. Directorate General Communications Reproduction is permitted provided that the source is acknowledged. Find out more about related content"
ECB,2009-07-02,decision,ecb_dec_20090702,129,12:15,14:15,ECB Governing Council,Monetary policy decisions,https://www.ecb.europa.eu/press/pr/date/2009/html/pr090702.en.html,OK,True,False,False,87,5,"At today’s meeting, which was held in Luxembourg, the Governing Council of the ECB decided that the interest rate on the main refinancing operations and the interest rates on the marginal lending facility and the deposit facility will remain unchanged at 1.00%, 1.75% and 0.25% respectively. The President of the ECB will comment on the considerations underlying these decisions at a press conference starting at 2.30 p.m. CET today. Directorate General Communications Reproduction is permitted provided that the source is acknowledged. Find out more about related content","At today’s meeting, which was held in Luxembourg, the Governing Council of the ECB decided that the interest rate on the main refinancing operations and the interest rates on the marginal lending facility and the deposit facility will remain unchanged at 1.00%, 1.75% and 0.25% respectively. The President of the ECB will comment on the considerations underlying these decisions at a press conference starting at 2.30 p.m. CET today. Directorate General Communications Reproduction is permitted provided that the source is acknowledged. Find out more about related content"
ECB,2009-08-06,decision,ecb_dec_20090806,130,12:15,14:15,ECB Governing Council,Monetary policy decisions,https://www.ecb.europa.eu/press/pr/date/2009/html/pr090806.en.html,OK,True,False,False,82,5,"At today’s meeting the Governing Council of the ECB decided that the interest rate on the main refinancing operations and the interest rates on the marginal lending facility and the deposit facility will remain unchanged at 1.00%, 1.75% and 0.25% respectively. The President of the ECB will comment on the considerations underlying these decisions at a press conference starting at 2.30 p.m. CET today. Directorate General Communications Reproduction is permitted provided that the source is acknowledged. Find out more about related content","At today’s meeting the Governing Council of the ECB decided that the interest rate on the main refinancing operations and the interest rates on the marginal lending facility and the deposit facility will remain unchanged at 1.00%, 1.75% and 0.25% respectively. The President of the ECB will comment on the considerations underlying these decisions at a press conference starting at 2.30 p.m. CET today. Directorate General Communications Reproduction is permitted provided that the source is acknowledged. Find out more about related content"
ECB,2009-09-03,decision,ecb_dec_20090903,131,12:15,14:15,ECB Governing Council,Monetary policy decisions,https://www.ecb.europa.eu/press/pr/date/2009/html/pr090903.en.html,OK,True,False,False,82,5,"At today’s meeting the Governing Council of the ECB decided that the interest rate on the main refinancing operations and the interest rates on the marginal lending facility and the deposit facility will remain unchanged at 1.00%, 1.75% and 0.25% respectively. The President of the ECB will comment on the considerations underlying these decisions at a press conference starting at 2.30 p.m. CET today. Directorate General Communications Reproduction is permitted provided that the source is acknowledged. Find out more about related content","At today’s meeting the Governing Council of the ECB decided that the interest rate on the main refinancing operations and the interest rates on the marginal lending facility and the deposit facility will remain unchanged at 1.00%, 1.75% and 0.25% respectively. The President of the ECB will comment on the considerations underlying these decisions at a press conference starting at 2.30 p.m. CET today. Directorate General Communications Reproduction is permitted provided that the source is acknowledged. Find out more about related content"
ECB,2009-10-08,decision,ecb_dec_20091008,132,12:15,14:15,ECB Governing Council,Monetary policy decisions,https://www.ecb.europa.eu/press/pr/date/2009/html/pr091008.en.html,OK,True,False,False,87,5,"At today’s meeting, which was held in Venice, the Governing Council of the ECB decided that the interest rate on the main refinancing operations and the interest rates on the marginal lending facility and the deposit facility will remain unchanged at 1.00%, 1.75% and 0.25% respectively. The President of the ECB will comment on the considerations underlying these decisions at a press conference starting at 2.30 p.m. CET today. Directorate General Communications Reproduction is permitted provided that the source is acknowledged. Find out more about related content","At today’s meeting, which was held in Venice, the Governing Council of the ECB decided that the interest rate on the main refinancing operations and the interest rates on the marginal lending facility and the deposit facility will remain unchanged at 1.00%, 1.75% and 0.25% respectively. The President of the ECB will comment on the considerations underlying these decisions at a press conference starting at 2.30 p.m. CET today. Directorate General Communications Reproduction is permitted provided that the source is acknowledged. Find out more about related content"
ECB,2009-11-05,decision,ecb_dec_20091105,133,13:15,14:15,ECB Governing Council,Monetary policy decisions,https://www.ecb.europa.eu/press/pr/date/2009/html/pr091105.en.html,OK,True,False,False,82,5,"At today’s meeting the Governing Council of the ECB decided that the interest rate on the main refinancing operations and the interest rates on the marginal lending facility and the deposit facility will remain unchanged at 1.00%, 1.75% and 0.25% respectively. The President of the ECB will comment on the considerations underlying these decisions at a press conference starting at 2.30 p.m. CET today. Directorate General Communications Reproduction is permitted provided that the source is acknowledged. Find out more about related content","At today’s meeting the Governing Council of the ECB decided that the interest rate on the main refinancing operations and the interest rates on the marginal lending facility and the deposit facility will remain unchanged at 1.00%, 1.75% and 0.25% respectively. The President of the ECB will comment on the considerations underlying these decisions at a press conference starting at 2.30 p.m. CET today. Directorate General Communications Reproduction is permitted provided that the source is acknowledged. Find out more about related content"
ECB,2009-12-03,decision,ecb_dec_20091203,134,13:15,14:15,ECB Governing Council,Monetary policy decisions,https://www.ecb.europa.eu/press/pr/date/2009/html/pr091203.en.html,OK,True,False,False,82,5,"At today’s meeting the Governing Council of the ECB decided that the interest rate on the main refinancing operations and the interest rates on the marginal lending facility and the deposit facility will remain unchanged at 1.00%, 1.75% and 0.25% respectively. The President of the ECB will comment on the considerations underlying these decisions at a press conference starting at 2.30 p.m. CET today. Directorate General Communications Reproduction is permitted provided that the source is acknowledged. Find out more about related content","At today’s meeting the Governing Council of the ECB decided that the interest rate on the main refinancing operations and the interest rates on the marginal lending facility and the deposit facility will remain unchanged at 1.00%, 1.75% and 0.25% respectively. The President of the ECB will comment on the considerations underlying these decisions at a press conference starting at 2.30 p.m. CET today. Directorate General Communications Reproduction is permitted provided that the source is acknowledged. Find out more about related content"
ECB,2010-01-14,decision,ecb_dec_20100114,135,13:15,14:15,ECB Governing Council,Monetary policy decisions,https://www.ecb.europa.eu/press/pr/date/2010/html/pr100114.en.html,OK,True,False,False,82,5,"At today’s meeting the Governing Council of the ECB decided that the interest rate on the main refinancing operations and the interest rates on the marginal lending facility and the deposit facility will remain unchanged at 1.00%, 1.75% and 0.25% respectively. The President of the ECB will comment on the considerations underlying these decisions at a press conference starting at 2.30 p.m. CET today. Directorate General Communications Reproduction is permitted provided that the source is acknowledged. Find out more about related content","At today’s meeting the Governing Council of the ECB decided that the interest rate on the main refinancing operations and the interest rates on the marginal lending facility and the deposit facility will remain unchanged at 1.00%, 1.75% and 0.25% respectively. The President of the ECB will comment on the considerations underlying these decisions at a press conference starting at 2.30 p.m. CET today. Directorate General Communications Reproduction is permitted provided that the source is acknowledged. Find out more about related content"
ECB,2010-02-04,decision,ecb_dec_20100204,136,13:15,14:15,ECB Governing Council,Monetary policy decisions,https://www.ecb.europa.eu/press/pr/date/2010/html/pr100204.en.html,OK,True,False,False,82,5,"At today’s meeting the Governing Council of the ECB decided that the interest rate on the main refinancing operations and the interest rates on the marginal lending facility and the deposit facility will remain unchanged at 1.00%, 1.75% and 0.25% respectively. The President of the ECB will comment on the considerations underlying these decisions at a press conference starting at 2.30 p.m. CET today. Directorate General Communications Reproduction is permitted provided that the source is acknowledged. Find out more about related content","At today’s meeting the Governing Council of the ECB decided that the interest rate on the main refinancing operations and the interest rates on the marginal lending facility and the deposit facility will remain unchanged at 1.00%, 1.75% and 0.25% respectively. The President of the ECB will comment on the considerations underlying these decisions at a press conference starting at 2.30 p.m. CET today. Directorate General Communications Reproduction is permitted provided that the source is acknowledged. Find out more about related content"
ECB,2010-03-04,decision,ecb_dec_20100304,137,12:15,14:15,ECB Governing Council,Monetary policy decisions,https://www.ecb.europa.eu/press/pr/date/2010/html/pr100304.en.html,OK,True,False,False,82,5,"At today’s meeting the Governing Council of the ECB decided that the interest rate on the main refinancing operations and the interest rates on the marginal lending facility and the deposit facility will remain unchanged at 1.00%, 1.75% and 0.25% respectively. The President of the ECB will comment on the considerations underlying these decisions at a press conference starting at 2.30 p.m. CET today. Directorate General Communications Reproduction is permitted provided that the source is acknowledged. Find out more about related content","At today’s meeting the Governing Council of the ECB decided that the interest rate on the main refinancing operations and the interest rates on the marginal lending facility and the deposit facility will remain unchanged at 1.00%, 1.75% and 0.25% respectively. The President of the ECB will comment on the considerations underlying these decisions at a press conference starting at 2.30 p.m. CET today. Directorate General Communications Reproduction is permitted provided that the source is acknowledged. Find out more about related content"
ECB,2010-04-08,decision,ecb_dec_20100408,138,12:15,14:15,ECB Governing Council,Monetary policy decisions,https://www.ecb.europa.eu/press/pr/date/2010/html/pr100408.en.html,OK,True,False,False,82,5,"At today’s meeting the Governing Council of the ECB decided that the interest rate on the main refinancing operations and the interest rates on the marginal lending facility and the deposit facility will remain unchanged at 1.00%, 1.75% and 0.25% respectively. The President of the ECB will comment on the considerations underlying these decisions at a press conference starting at 2.30 p.m. CET today. Directorate General Communications Reproduction is permitted provided that the source is acknowledged. Find out more about related content","At today’s meeting the Governing Council of the ECB decided that the interest rate on the main refinancing operations and the interest rates on the marginal lending facility and the deposit facility will remain unchanged at 1.00%, 1.75% and 0.25% respectively. The President of the ECB will comment on the considerations underlying these decisions at a press conference starting at 2.30 p.m. CET today. Directorate General Communications Reproduction is permitted provided that the source is acknowledged. Find out more about related content"
ECB,2010-05-06,decision,ecb_dec_20100506,139,12:15,14:15,ECB Governing Council,Monetary policy decisions,https://www.ecb.europa.eu/press/pr/date/2010/html/pr100506.en.html,OK,True,False,False,87,5,"At today’s meeting, which was held in Lisbon, the Governing Council of the ECB decided that the interest rate on the main refinancing operations and the interest rates on the marginal lending facility and the deposit facility will remain unchanged at 1.00%, 1.75% and 0.25% respectively. The President of the ECB will comment on the considerations underlying these decisions at a press conference starting at 2.30 p.m. CET today. Directorate General Communications Reproduction is permitted provided that the source is acknowledged. Find out more about related content","At today’s meeting, which was held in Lisbon, the Governing Council of the ECB decided that the interest rate on the main refinancing operations and the interest rates on the marginal lending facility and the deposit facility will remain unchanged at 1.00%, 1.75% and 0.25% respectively. The President of the ECB will comment on the considerations underlying these decisions at a press conference starting at 2.30 p.m. CET today. Directorate General Communications Reproduction is permitted provided that the source is acknowledged. Find out more about related content"
ECB,2010-06-10,decision,ecb_dec_20100610,140,12:15,14:15,ECB Governing Council,Monetary policy decisions,https://www.ecb.europa.eu/press/pr/date/2010/html/pr100610.en.html,OK,True,False,False,82,5,"At today’s meeting the Governing Council of the ECB decided that the interest rate on the main refinancing operations and the interest rates on the marginal lending facility and the deposit facility will remain unchanged at 1.00%, 1.75% and 0.25% respectively. The President of the ECB will comment on the considerations underlying these decisions at a press conference starting at 2.30 p.m. CET today. Directorate General Communications Reproduction is permitted provided that the source is acknowledged. Find out more about related content","At today’s meeting the Governing Council of the ECB decided that the interest rate on the main refinancing operations and the interest rates on the marginal lending facility and the deposit facility will remain unchanged at 1.00%, 1.75% and 0.25% respectively. The President of the ECB will comment on the considerations underlying these decisions at a press conference starting at 2.30 p.m. CET today. Directorate General Communications Reproduction is permitted provided that the source is acknowledged. Find out more about related content"
ECB,2010-07-08,decision,ecb_dec_20100708,141,12:15,14:15,ECB Governing Council,Monetary policy decisions,https://www.ecb.europa.eu/press/pr/date/2010/html/pr100708.en.html,OK,True,False,False,82,5,"At today’s meeting the Governing Council of the ECB decided that the interest rate on the main refinancing operations and the interest rates on the marginal lending facility and the deposit facility will remain unchanged at 1.00%, 1.75% and 0.25% respectively. The President of the ECB will comment on the considerations underlying these decisions at a press conference starting at 2.30 p.m. CET today. Directorate General Communications Reproduction is permitted provided that the source is acknowledged. Find out more about related content","At today’s meeting the Governing Council of the ECB decided that the interest rate on the main refinancing operations and the interest rates on the marginal lending facility and the deposit facility will remain unchanged at 1.00%, 1.75% and 0.25% respectively. The President of the ECB will comment on the considerations underlying these decisions at a press conference starting at 2.30 p.m. CET today. Directorate General Communications Reproduction is permitted provided that the source is acknowledged. Find out more about related content"
ECB,2010-08-05,decision,ecb_dec_20100805,142,12:15,14:15,ECB Governing Council,Monetary policy decisions,https://www.ecb.europa.eu/press/pr/date/2010/html/pr100805.en.html,OK,True,False,False,82,5,"At today’s meeting the Governing Council of the ECB decided that the interest rate on the main refinancing operations and the interest rates on the marginal lending facility and the deposit facility will remain unchanged at 1.00%, 1.75% and 0.25% respectively. The President of the ECB will comment on the considerations underlying these decisions at a press conference starting at 2.30 p.m. CET today. Directorate General Communications Reproduction is permitted provided that the source is acknowledged. Find out more about related content","At today’s meeting the Governing Council of the ECB decided that the interest rate on the main refinancing operations and the interest rates on the marginal lending facility and the deposit facility will remain unchanged at 1.00%, 1.75% and 0.25% respectively. The President of the ECB will comment on the considerations underlying these decisions at a press conference starting at 2.30 p.m. CET today. Directorate General Communications Reproduction is permitted provided that the source is acknowledged. Find out more about related content"
ECB,2010-09-02,decision,ecb_dec_20100902,143,12:15,14:15,ECB Governing Council,Monetary policy decisions,https://www.ecb.europa.eu/press/pr/date/2010/html/pr100902.en.html,OK,True,False,False,82,5,"At today’s meeting the Governing Council of the ECB decided that the interest rate on the main refinancing operations and the interest rates on the marginal lending facility and the deposit facility will remain unchanged at 1.00%, 1.75% and 0.25% respectively. The President of the ECB will comment on the considerations underlying these decisions at a press conference starting at 2.30 p.m. CET today. Directorate General Communications Reproduction is permitted provided that the source is acknowledged. Find out more about related content","At today’s meeting the Governing Council of the ECB decided that the interest rate on the main refinancing operations and the interest rates on the marginal lending facility and the deposit facility will remain unchanged at 1.00%, 1.75% and 0.25% respectively. The President of the ECB will comment on the considerations underlying these decisions at a press conference starting at 2.30 p.m. CET today. Directorate General Communications Reproduction is permitted provided that the source is acknowledged. Find out more about related content"
ECB,2010-10-07,decision,ecb_dec_20101007,144,12:15,14:15,ECB Governing Council,Monetary policy decisions,https://www.ecb.europa.eu/press/pr/date/2010/html/pr101007.en.html,OK,True,False,False,82,5,"At today’s meeting the Governing Council of the ECB decided that the interest rate on the main refinancing operations and the interest rates on the marginal lending facility and the deposit facility will remain unchanged at 1.00%, 1.75% and 0.25% respectively. The President of the ECB will comment on the considerations underlying these decisions at a press conference starting at 2.30 p.m. CET today. Directorate General Communications Reproduction is permitted provided that the source is acknowledged. Find out more about related content","At today’s meeting the Governing Council of the ECB decided that the interest rate on the main refinancing operations and the interest rates on the marginal lending facility and the deposit facility will remain unchanged at 1.00%, 1.75% and 0.25% respectively. The President of the ECB will comment on the considerations underlying these decisions at a press conference starting at 2.30 p.m. CET today. Directorate General Communications Reproduction is permitted provided that the source is acknowledged. Find out more about related content"
ECB,2010-11-04,decision,ecb_dec_20101104,145,13:15,14:15,ECB Governing Council,Monetary policy decisions,https://www.ecb.europa.eu/press/pr/date/2010/html/pr101104.en.html,OK,True,False,False,82,5,"At today’s meeting the Governing Council of the ECB decided that the interest rate on the main refinancing operations and the interest rates on the marginal lending facility and the deposit facility will remain unchanged at 1.00%, 1.75% and 0.25% respectively. The President of the ECB will comment on the considerations underlying these decisions at a press conference starting at 2.30 p.m. CET today. Directorate General Communications Reproduction is permitted provided that the source is acknowledged. Find out more about related content","At today’s meeting the Governing Council of the ECB decided that the interest rate on the main refinancing operations and the interest rates on the marginal lending facility and the deposit facility will remain unchanged at 1.00%, 1.75% and 0.25% respectively. The President of the ECB will comment on the considerations underlying these decisions at a press conference starting at 2.30 p.m. CET today. Directorate General Communications Reproduction is permitted provided that the source is acknowledged. Find out more about related content"
ECB,2010-12-02,decision,ecb_dec_20101202,146,13:15,14:15,ECB Governing Council,Monetary policy decisions,https://www.ecb.europa.eu/press/pr/date/2010/html/pr101202.en.html,OK,True,False,False,82,5,"At today’s meeting the Governing Council of the ECB decided that the interest rate on the main refinancing operations and the interest rates on the marginal lending facility and the deposit facility will remain unchanged at 1.00%, 1.75% and 0.25% respectively. The President of the ECB will comment on the considerations underlying these decisions at a press conference starting at 2.30 p.m. CET today. Directorate General Communications Reproduction is permitted provided that the source is acknowledged. Find out more about related content","At today’s meeting the Governing Council of the ECB decided that the interest rate on the main refinancing operations and the interest rates on the marginal lending facility and the deposit facility will remain unchanged at 1.00%, 1.75% and 0.25% respectively. The President of the ECB will comment on the considerations underlying these decisions at a press conference starting at 2.30 p.m. CET today. Directorate General Communications Reproduction is permitted provided that the source is acknowledged. Find out more about related content"
ECB,2011-01-13,decision,ecb_dec_20110113,147,13:15,14:15,ECB Governing Council,Monetary policy decisions,https://www.ecb.europa.eu/press/pr/date/2011/html/pr110113.en.html,OK,True,False,False,76,4,"At today’s meeting the Governing Council of the ECB decided that the interest rate on the main refinancing operations and the interest rates on the marginal lending facility and the deposit facility will remain unchanged at 1.00%, 1.75% and 0.25% respectively. The President of the ECB will comment on the considerations underlying these decisions at a press conference starting at 2.30 p.m. CET today. Directorate General Communications Reproduction is permitted provided that the source is acknowledged.","At today’s meeting the Governing Council of the ECB decided that the interest rate on the main refinancing operations and the interest rates on the marginal lending facility and the deposit facility will remain unchanged at 1.00%, 1.75% and 0.25% respectively. The President of the ECB will comment on the considerations underlying these decisions at a press conference starting at 2.30 p.m. CET today. Directorate General Communications Reproduction is permitted provided that the source is acknowledged."
ECB,2011-02-03,decision,ecb_dec_20110203,148,13:15,14:15,ECB Governing Council,Monetary policy decisions,https://www.ecb.europa.eu/press/pr/date/2011/html/pr110203.en.html,OK,True,False,False,76,4,"At today’s meeting the Governing Council of the ECB decided that the interest rate on the main refinancing operations and the interest rates on the marginal lending facility and the deposit facility will remain unchanged at 1.00%, 1.75% and 0.25% respectively. The President of the ECB will comment on the considerations underlying these decisions at a press conference starting at 2.30 p.m. CET today. Directorate General Communications Reproduction is permitted provided that the source is acknowledged.","At today’s meeting the Governing Council of the ECB decided that the interest rate on the main refinancing operations and the interest rates on the marginal lending facility and the deposit facility will remain unchanged at 1.00%, 1.75% and 0.25% respectively. The President of the ECB will comment on the considerations underlying these decisions at a press conference starting at 2.30 p.m. CET today. Directorate General Communications Reproduction is permitted provided that the source is acknowledged."
ECB,2011-03-03,decision,ecb_dec_20110303,149,12:15,14:15,ECB Governing Council,Monetary policy decisions,https://www.ecb.europa.eu/press/pr/date/2011/html/pr110303.en.html,OK,True,False,False,76,4,"At today’s meeting the Governing Council of the ECB decided that the interest rate on the main refinancing operations and the interest rates on the marginal lending facility and the deposit facility will remain unchanged at 1.00%, 1.75% and 0.25% respectively. The President of the ECB will comment on the considerations underlying these decisions at a press conference starting at 2.30 p.m. CET today. Directorate General Communications Reproduction is permitted provided that the source is acknowledged.","At today’s meeting the Governing Council of the ECB decided that the interest rate on the main refinancing operations and the interest rates on the marginal lending facility and the deposit facility will remain unchanged at 1.00%, 1.75% and 0.25% respectively. The President of the ECB will comment on the considerations underlying these decisions at a press conference starting at 2.30 p.m. CET today. Directorate General Communications Reproduction is permitted provided that the source is acknowledged."
ECB,2011-04-07,decision,ecb_dec_20110407,150,12:15,14:15,ECB Governing Council,Monetary policy decisions,https://www.ecb.europa.eu/press/pr/date/2011/html/pr110407.en.html,OK,True,False,False,50,3,At today’s meeting the Governing Council of the ECB took the following monetary policy decisions: The President of the ECB will comment on the considerations underlying these decisions at a press conference starting at 2.30 p.m. CET today. Directorate General Communications Reproduction is permitted provided that the source is acknowledged.,At today’s meeting the Governing Council of the ECB took the following monetary policy decisions: The President of the ECB will comment on the considerations underlying these decisions at a press conference starting at 2.30 p.m. CET today. Directorate General Communications Reproduction is permitted provided that the source is acknowledged.
ECB,2011-05-05,decision,ecb_dec_20110505,151,12:15,14:15,ECB Governing Council,Monetary policy decisions,https://www.ecb.europa.eu/press/pr/date/2011/html/pr110505.en.html,OK,True,False,False,81,4,"At today’s meeting, which was held in Helsinki, the Governing Council of the ECB decided that the interest rate on the main refinancing operations and the interest rates on the marginal lending facility and the deposit facility will remain unchanged at 1.25%, 2.00% and 0.50% respectively. The President of the ECB will comment on the considerations underlying these decisions at a press conference starting at 2.30 p.m. CET today. Directorate General Communications Reproduction is permitted provided that the source is acknowledged.","At today’s meeting, which was held in Helsinki, the Governing Council of the ECB decided that the interest rate on the main refinancing operations and the interest rates on the marginal lending facility and the deposit facility will remain unchanged at 1.25%, 2.00% and 0.50% respectively. The President of the ECB will comment on the considerations underlying these decisions at a press conference starting at 2.30 p.m. CET today. Directorate General Communications Reproduction is permitted provided that the source is acknowledged."
ECB,2011-06-09,decision,ecb_dec_20110609,152,12:15,14:15,ECB Governing Council,Monetary policy decisions,https://www.ecb.europa.eu/press/pr/date/2011/html/pr110609.en.html,OK,True,False,False,76,4,"At today’s meeting the Governing Council of the ECB decided that the interest rate on the main refinancing operations and the interest rates on the marginal lending facility and the deposit facility will remain unchanged at 1.25%, 2.00% and 0.50% respectively. The President of the ECB will comment on the considerations underlying these decisions at a press conference starting at 2.30 p.m. CET today. Directorate General Communications Reproduction is permitted provided that the source is acknowledged.","At today’s meeting the Governing Council of the ECB decided that the interest rate on the main refinancing operations and the interest rates on the marginal lending facility and the deposit facility will remain unchanged at 1.25%, 2.00% and 0.50% respectively. The President of the ECB will comment on the considerations underlying these decisions at a press conference starting at 2.30 p.m. CET today. Directorate General Communications Reproduction is permitted provided that the source is acknowledged."
ECB,2011-07-07,decision,ecb_dec_20110707,153,12:15,14:15,ECB Governing Council,Monetary policy decisions,https://www.ecb.europa.eu/press/pr/date/2011/html/pr110707.en.html,OK,True,False,False,50,3,At today’s meeting the Governing Council of the ECB took the following monetary policy decisions: The President of the ECB will comment on the considerations underlying these decisions at a press conference starting at 2.30 p.m. CET today. Directorate General Communications Reproduction is permitted provided that the source is acknowledged.,At today’s meeting the Governing Council of the ECB took the following monetary policy decisions: The President of the ECB will comment on the considerations underlying these decisions at a press conference starting at 2.30 p.m. CET today. Directorate General Communications Reproduction is permitted provided that the source is acknowledged.
ECB,2011-08-04,decision,ecb_dec_20110804,154,12:15,14:15,ECB Governing Council,Monetary policy decisions,https://www.ecb.europa.eu/press/pr/date/2011/html/pr110804.en.html,OK,True,False,False,76,4,"At today’s meeting the Governing Council of the ECB decided that the interest rate on the main refinancing operations and the interest rates on the marginal lending facility and the deposit facility will remain unchanged at 1.50%, 2.25% and 0.75% respectively. The President of the ECB will comment on the considerations underlying these decisions at a press conference starting at 2.30 p.m. CET today. Directorate General Communications Reproduction is permitted provided that the source is acknowledged.","At today’s meeting the Governing Council of the ECB decided that the interest rate on the main refinancing operations and the interest rates on the marginal lending facility and the deposit facility will remain unchanged at 1.50%, 2.25% and 0.75% respectively. The President of the ECB will comment on the considerations underlying these decisions at a press conference starting at 2.30 p.m. CET today. Directorate General Communications Reproduction is permitted provided that the source is acknowledged."
ECB,2011-09-08,decision,ecb_dec_20110908,155,12:15,14:15,ECB Governing Council,Monetary policy decisions,https://www.ecb.europa.eu/press/pr/date/2011/html/pr110908.en.html,OK,True,False,False,76,4,"At today’s meeting the Governing Council of the ECB decided that the interest rate on the main refinancing operations and the interest rates on the marginal lending facility and the deposit facility will remain unchanged at 1.50%, 2.25% and 0.75% respectively. The President of the ECB will comment on the considerations underlying these decisions at a press conference starting at 2.30 p.m. CET today. Directorate General Communications Reproduction is permitted provided that the source is acknowledged.","At today’s meeting the Governing Council of the ECB decided that the interest rate on the main refinancing operations and the interest rates on the marginal lending facility and the deposit facility will remain unchanged at 1.50%, 2.25% and 0.75% respectively. The President of the ECB will comment on the considerations underlying these decisions at a press conference starting at 2.30 p.m. CET today. Directorate General Communications Reproduction is permitted provided that the source is acknowledged."
ECB,2011-10-06,decision,ecb_dec_20111006,156,12:15,14:15,ECB Governing Council,Monetary policy decisions,https://www.ecb.europa.eu/press/pr/date/2011/html/pr111006.en.html,OK,True,False,False,81,4,"At today’s meeting, which was held in Berlin, the Governing Council of the ECB decided that the interest rate on the main refinancing operations and the interest rates on the marginal lending facility and the deposit facility will remain unchanged at 1.50%, 2.25% and 0.75% respectively. The President of the ECB will comment on the considerations underlying these decisions at a press conference starting at 2.30 p.m. CET today. Directorate General Communications Reproduction is permitted provided that the source is acknowledged.","At today’s meeting, which was held in Berlin, the Governing Council of the ECB decided that the interest rate on the main refinancing operations and the interest rates on the marginal lending facility and the deposit facility will remain unchanged at 1.50%, 2.25% and 0.75% respectively. The President of the ECB will comment on the considerations underlying these decisions at a press conference starting at 2.30 p.m. CET today. Directorate General Communications Reproduction is permitted provided that the source is acknowledged."
ECB,2011-11-03,decision,ecb_dec_20111103,157,13:15,14:15,ECB Governing Council,Monetary policy decisions,https://www.ecb.europa.eu/press/pr/date/2011/html/pr111103.en.html,OK,True,False,True,50,3,At today’s meeting the Governing Council of the ECB took the following monetary policy decisions: The President of the ECB will comment on the considerations underlying these decisions at a press conference starting at 2.30 p.m. CET today. Directorate General Communications Reproduction is permitted provided that the source is acknowledged.,At today’s meeting the Governing Council of the ECB took the following monetary policy decisions: The President of the ECB will comment on the considerations underlying these decisions at a press conference starting at 2.30 p.m. CET today. Directorate General Communications Reproduction is permitted provided that the source is acknowledged.
ECB,2011-12-08,decision,ecb_dec_20111208,158,13:15,14:15,ECB Governing Council,Monetary policy decisions,https://www.ecb.europa.eu/press/pr/date/2011/html/pr111208.en.html,OK,True,False,True,50,3,At today’s meeting the Governing Council of the ECB took the following monetary policy decisions: The President of the ECB will comment on the considerations underlying these decisions at a press conference starting at 2.30 p.m. CET today. Directorate General Communications Reproduction is permitted provided that the source is acknowledged.,At today’s meeting the Governing Council of the ECB took the following monetary policy decisions: The President of the ECB will comment on the considerations underlying these decisions at a press conference starting at 2.30 p.m. CET today. Directorate General Communications Reproduction is permitted provided that the source is acknowledged.
ECB,2012-01-12,decision,ecb_dec_20120112,159,13:15,14:15,ECB Governing Council,Monetary policy decisions,https://www.ecb.europa.eu/press/pr/date/2012/html/pr120112.en.html,OK,True,False,True,76,4,"At today’s meeting the Governing Council of the ECB decided that the interest rate on the main refinancing operations and the interest rates on the marginal lending facility and the deposit facility will remain unchanged at 1.00%, 1.75% and 0.25% respectively. The President of the ECB will comment on the considerations underlying these decisions at a press conference starting at 2.30 p.m. CET today. Directorate General Communications Reproduction is permitted provided that the source is acknowledged.","At today’s meeting the Governing Council of the ECB decided that the interest rate on the main refinancing operations and the interest rates on the marginal lending facility and the deposit facility will remain unchanged at 1.00%, 1.75% and 0.25% respectively. The President of the ECB will comment on the considerations underlying these decisions at a press conference starting at 2.30 p.m. CET today. Directorate General Communications Reproduction is permitted provided that the source is acknowledged."
ECB,2012-02-09,decision,ecb_dec_20120209,160,13:15,14:15,ECB Governing Council,Monetary policy decisions,https://www.ecb.europa.eu/press/pr/date/2012/html/pr120209.en.html,OK,True,False,False,76,4,"At today’s meeting the Governing Council of the ECB decided that the interest rate on the main refinancing operations and the interest rates on the marginal lending facility and the deposit facility will remain unchanged at 1.00%, 1.75% and 0.25% respectively. The President of the ECB will comment on the considerations underlying these decisions at a press conference starting at 2.30 p.m. CET today. Directorate General Communications Reproduction is permitted provided that the source is acknowledged.","At today’s meeting the Governing Council of the ECB decided that the interest rate on the main refinancing operations and the interest rates on the marginal lending facility and the deposit facility will remain unchanged at 1.00%, 1.75% and 0.25% respectively. The President of the ECB will comment on the considerations underlying these decisions at a press conference starting at 2.30 p.m. CET today. Directorate General Communications Reproduction is permitted provided that the source is acknowledged."
ECB,2012-03-08,decision,ecb_dec_20120308,161,12:15,14:15,ECB Governing Council,Monetary policy decisions,https://www.ecb.europa.eu/press/pr/date/2012/html/pr120308.en.html,OK,True,False,False,76,4,"At today’s meeting the Governing Council of the ECB decided that the interest rate on the main refinancing operations and the interest rates on the marginal lending facility and the deposit facility will remain unchanged at 1.00%, 1.75% and 0.25% respectively. The President of the ECB will comment on the considerations underlying these decisions at a press conference starting at 2.30 p.m. CET today. Directorate General Communications Reproduction is permitted provided that the source is acknowledged.","At today’s meeting the Governing Council of the ECB decided that the interest rate on the main refinancing operations and the interest rates on the marginal lending facility and the deposit facility will remain unchanged at 1.00%, 1.75% and 0.25% respectively. The President of the ECB will comment on the considerations underlying these decisions at a press conference starting at 2.30 p.m. CET today. Directorate General Communications Reproduction is permitted provided that the source is acknowledged."
ECB,2012-04-04,decision,ecb_dec_20120404,162,12:15,14:15,ECB Governing Council,Monetary policy decisions,https://www.ecb.europa.eu/press/pr/date/2012/html/pr120404.en.html,OK,True,False,False,76,4,"At today’s meeting the Governing Council of the ECB decided that the interest rate on the main refinancing operations and the interest rates on the marginal lending facility and the deposit facility will remain unchanged at 1.00%, 1.75% and 0.25% respectively. The President of the ECB will comment on the considerations underlying these decisions at a press conference starting at 2.30 p.m. CET today. Directorate General Communications Reproduction is permitted provided that the source is acknowledged.","At today’s meeting the Governing Council of the ECB decided that the interest rate on the main refinancing operations and the interest rates on the marginal lending facility and the deposit facility will remain unchanged at 1.00%, 1.75% and 0.25% respectively. The President of the ECB will comment on the considerations underlying these decisions at a press conference starting at 2.30 p.m. CET today. Directorate General Communications Reproduction is permitted provided that the source is acknowledged."
ECB,2012-05-03,decision,ecb_dec_20120503,163,12:15,14:15,ECB Governing Council,Monetary policy decisions,https://www.ecb.europa.eu/press/pr/date/2012/html/pr120503.en.html,OK,True,False,False,81,4,"At today’s meeting, which was held in Barcelona, the Governing Council of the ECB decided that the interest rate on the main refinancing operations and the interest rates on the marginal lending facility and the deposit facility will remain unchanged at 1.00%, 1.75% and 0.25% respectively. The President of the ECB will comment on the considerations underlying these decisions at a press conference starting at 2.30 p.m. CET today. Directorate General Communications Reproduction is permitted provided that the source is acknowledged.","At today’s meeting, which was held in Barcelona, the Governing Council of the ECB decided that the interest rate on the main refinancing operations and the interest rates on the marginal lending facility and the deposit facility will remain unchanged at 1.00%, 1.75% and 0.25% respectively. The President of the ECB will comment on the considerations underlying these decisions at a press conference starting at 2.30 p.m. CET today. Directorate General Communications Reproduction is permitted provided that the source is acknowledged."
ECB,2012-06-06,decision,ecb_dec_20120606,164,12:15,14:15,ECB Governing Council,Monetary policy decisions,https://www.ecb.europa.eu/press/pr/date/2012/html/pr120606.en.html,OK,True,False,False,76,4,"At today’s meeting the Governing Council of the ECB decided that the interest rate on the main refinancing operations and the interest rates on the marginal lending facility and the deposit facility will remain unchanged at 1.00%, 1.75% and 0.25% respectively. The President of the ECB will comment on the considerations underlying these decisions at a press conference starting at 2.30 p.m. CET today. Directorate General Communications Reproduction is permitted provided that the source is acknowledged.","At today’s meeting the Governing Council of the ECB decided that the interest rate on the main refinancing operations and the interest rates on the marginal lending facility and the deposit facility will remain unchanged at 1.00%, 1.75% and 0.25% respectively. The President of the ECB will comment on the considerations underlying these decisions at a press conference starting at 2.30 p.m. CET today. Directorate General Communications Reproduction is permitted provided that the source is acknowledged."
ECB,2012-07-05,decision,ecb_dec_20120705,165,12:15,14:15,ECB Governing Council,Monetary policy decisions,https://www.ecb.europa.eu/press/pr/date/2012/html/pr120705.en.html,OK,True,False,False,50,3,At today’s meeting the Governing Council of the ECB took the following monetary policy decisions: The President of the ECB will comment on the considerations underlying these decisions at a press conference starting at 2.30 p.m. CET today. Directorate General Communications Reproduction is permitted provided that the source is acknowledged.,At today’s meeting the Governing Council of the ECB took the following monetary policy decisions: The President of the ECB will comment on the considerations underlying these decisions at a press conference starting at 2.30 p.m. CET today. Directorate General Communications Reproduction is permitted provided that the source is acknowledged.
ECB,2012-08-02,decision,ecb_dec_20120802,166,12:15,14:15,ECB Governing Council,Monetary policy decisions,https://www.ecb.europa.eu/press/pr/date/2012/html/pr120802.en.html,OK,True,False,False,76,4,"At today’s meeting the Governing Council of the ECB decided that the interest rate on the main refinancing operations and the interest rates on the marginal lending facility and the deposit facility will remain unchanged at 0.75%, 1.50% and 0.00% respectively. The President of the ECB will comment on the considerations underlying these decisions at a press conference starting at 2.30 p.m. CET today. Directorate General Communications Reproduction is permitted provided that the source is acknowledged.","At today’s meeting the Governing Council of the ECB decided that the interest rate on the main refinancing operations and the interest rates on the marginal lending facility and the deposit facility will remain unchanged at 0.75%, 1.50% and 0.00% respectively. The President of the ECB will comment on the considerations underlying these decisions at a press conference starting at 2.30 p.m. CET today. Directorate General Communications Reproduction is permitted provided that the source is acknowledged."
ECB,2012-09-06,decision,ecb_dec_20120906,167,12:15,14:15,ECB Governing Council,PRESS RELEASE,https://www.ecb.europa.eu/press/pr/date/2012/html/pr120906.en.html,OK,True,False,False,83,4,"6 September 2012 - Monetary policy decisions At today’s meeting the Governing Council of the ECB decided that the interest rate on the main refinancing operations and the interest rates on the marginal lending facility and the deposit facility will remain unchanged at 0.75%, 1.50% and 0.00% respectively. The President of the ECB will comment on the considerations underlying these decisions at a press conference starting at 2.30 p.m. CET today. Directorate General Communications Reproduction is permitted provided that the source is acknowledged.","6 September 2012 - Monetary policy decisions At today’s meeting the Governing Council of the ECB decided that the interest rate on the main refinancing operations and the interest rates on the marginal lending facility and the deposit facility will remain unchanged at 0.75%, 1.50% and 0.00% respectively. The President of the ECB will comment on the considerations underlying these decisions at a press conference starting at 2.30 p.m. CET today. Directorate General Communications Reproduction is permitted provided that the source is acknowledged."
ECB,2012-10-04,decision,ecb_dec_20121004,168,12:15,14:15,ECB Governing Council,Monetary policy decisions,https://www.ecb.europa.eu/press/pr/date/2012/html/pr121004.en.html,OK,True,False,False,83,4,"At today’s meeting, which was held in Brdo pri Kranju, the Governing Council of the ECB decided that the interest rate on the main refinancing operations and the interest rates on the marginal lending facility and the deposit facility will remain unchanged at 0.75%, 1.50% and 0.00% respectively. The President of the ECB will comment on the considerations underlying these decisions at a press conference starting at 2.30 p.m. CET today. Directorate General Communications Reproduction is permitted provided that the source is acknowledged.","At today’s meeting, which was held in Brdo pri Kranju, the Governing Council of the ECB decided that the interest rate on the main refinancing operations and the interest rates on the marginal lending facility and the deposit facility will remain unchanged at 0.75%, 1.50% and 0.00% respectively. The President of the ECB will comment on the considerations underlying these decisions at a press conference starting at 2.30 p.m. CET today. Directorate General Communications Reproduction is permitted provided that the source is acknowledged."
ECB,2012-11-08,decision,ecb_dec_20121108,169,13:15,14:15,ECB Governing Council,Monetary policy decisions,https://www.ecb.europa.eu/press/pr/date/2012/html/pr121108.en.html,OK,True,False,False,76,4,"At today’s meeting the Governing Council of the ECB decided that the interest rate on the main refinancing operations and the interest rates on the marginal lending facility and the deposit facility will remain unchanged at 0.75%, 1.50% and 0.00% respectively. The President of the ECB will comment on the considerations underlying these decisions at a press conference starting at 2.30 p.m. CET today. Directorate General Communications Reproduction is permitted provided that the source is acknowledged.","At today’s meeting the Governing Council of the ECB decided that the interest rate on the main refinancing operations and the interest rates on the marginal lending facility and the deposit facility will remain unchanged at 0.75%, 1.50% and 0.00% respectively. The President of the ECB will comment on the considerations underlying these decisions at a press conference starting at 2.30 p.m. CET today. Directorate General Communications Reproduction is permitted provided that the source is acknowledged."
ECB,2012-12-06,decision,ecb_dec_20121206,170,13:15,14:15,ECB Governing Council,Monetary policy decisions,https://www.ecb.europa.eu/press/pr/date/2012/html/pr121206.en.html,OK,True,False,False,76,4,"At today’s meeting the Governing Council of the ECB decided that the interest rate on the main refinancing operations and the interest rates on the marginal lending facility and the deposit facility will remain unchanged at 0.75%, 1.50% and 0.00% respectively. The President of the ECB will comment on the considerations underlying these decisions at a press conference starting at 2.30 p.m. CET today. Directorate General Communications Reproduction is permitted provided that the source is acknowledged.","At today’s meeting the Governing Council of the ECB decided that the interest rate on the main refinancing operations and the interest rates on the marginal lending facility and the deposit facility will remain unchanged at 0.75%, 1.50% and 0.00% respectively. The President of the ECB will comment on the considerations underlying these decisions at a press conference starting at 2.30 p.m. CET today. Directorate General Communications Reproduction is permitted provided that the source is acknowledged."
ECB,2013-01-10,decision,ecb_dec_20130110,171,13:15,14:15,ECB Governing Council,Monetary policy decisions,https://www.ecb.europa.eu/press/pr/date/2013/html/pr130110.en.html,OK,True,False,False,76,4,"At today’s meeting the Governing Council of the ECB decided that the interest rate on the main refinancing operations and the interest rates on the marginal lending facility and the deposit facility will remain unchanged at 0.75%, 1.50% and 0.00% respectively. The President of the ECB will comment on the considerations underlying these decisions at a press conference starting at 2.30 p.m. CET today. Directorate General Communications Reproduction is permitted provided that the source is acknowledged.","At today’s meeting the Governing Council of the ECB decided that the interest rate on the main refinancing operations and the interest rates on the marginal lending facility and the deposit facility will remain unchanged at 0.75%, 1.50% and 0.00% respectively. The President of the ECB will comment on the considerations underlying these decisions at a press conference starting at 2.30 p.m. CET today. Directorate General Communications Reproduction is permitted provided that the source is acknowledged."
ECB,2013-02-07,decision,ecb_dec_20130207,172,13:15,14:15,ECB Governing Council,Monetary policy decisions,https://www.ecb.europa.eu/press/pr/date/2013/html/pr130207.en.html,OK,True,False,False,76,4,"At today’s meeting the Governing Council of the ECB decided that the interest rate on the main refinancing operations and the interest rates on the marginal lending facility and the deposit facility will remain unchanged at 0.75%, 1.50% and 0.00% respectively. The President of the ECB will comment on the considerations underlying these decisions at a press conference starting at 2.30 p.m. CET today. Directorate General Communications Reproduction is permitted provided that the source is acknowledged.","At today’s meeting the Governing Council of the ECB decided that the interest rate on the main refinancing operations and the interest rates on the marginal lending facility and the deposit facility will remain unchanged at 0.75%, 1.50% and 0.00% respectively. The President of the ECB will comment on the considerations underlying these decisions at a press conference starting at 2.30 p.m. CET today. Directorate General Communications Reproduction is permitted provided that the source is acknowledged."
ECB,2013-03-07,decision,ecb_dec_20130307,173,12:15,14:15,ECB Governing Council,Monetary policy decisions,https://www.ecb.europa.eu/press/pr/date/2013/html/pr130307.en.html,OK,True,False,False,76,4,"At today’s meeting the Governing Council of the ECB decided that the interest rate on the main refinancing operations and the interest rates on the marginal lending facility and the deposit facility will remain unchanged at 0.75%, 1.50% and 0.00% respectively. The President of the ECB will comment on the considerations underlying these decisions at a press conference starting at 2.30 p.m. CET today. Directorate General Communications Reproduction is permitted provided that the source is acknowledged.","At today’s meeting the Governing Council of the ECB decided that the interest rate on the main refinancing operations and the interest rates on the marginal lending facility and the deposit facility will remain unchanged at 0.75%, 1.50% and 0.00% respectively. The President of the ECB will comment on the considerations underlying these decisions at a press conference starting at 2.30 p.m. CET today. Directorate General Communications Reproduction is permitted provided that the source is acknowledged."
ECB,2013-04-04,decision,ecb_dec_20130404,174,12:15,14:15,ECB Governing Council,Monetary policy decisions,https://www.ecb.europa.eu/press/pr/date/2013/html/pr130404.en.html,OK,True,False,False,76,4,"At today’s meeting the Governing Council of the ECB decided that the interest rate on the main refinancing operations and the interest rates on the marginal lending facility and the deposit facility will remain unchanged at 0.75%, 1.50% and 0.00% respectively. The President of the ECB will comment on the considerations underlying these decisions at a press conference starting at 2.30 p.m. CET today. Directorate General Communications Reproduction is permitted provided that the source is acknowledged.","At today’s meeting the Governing Council of the ECB decided that the interest rate on the main refinancing operations and the interest rates on the marginal lending facility and the deposit facility will remain unchanged at 0.75%, 1.50% and 0.00% respectively. The President of the ECB will comment on the considerations underlying these decisions at a press conference starting at 2.30 p.m. CET today. Directorate General Communications Reproduction is permitted provided that the source is acknowledged."
ECB,2013-05-02,decision,ecb_dec_20130502,175,12:15,14:15,ECB Governing Council,Monetary policy decisions,https://www.ecb.europa.eu/press/pr/date/2013/html/pr130502.en.html,OK,True,False,False,55,3,"At today’s meeting, which was held in Bratislava, the Governing Council of the ECB took the following monetary policy decisions: The President of the ECB will comment on the considerations underlying these decisions at a press conference starting at 2.30 p.m. CET today. Directorate General Communications Reproduction is permitted provided that the source is acknowledged.","At today’s meeting, which was held in Bratislava, the Governing Council of the ECB took the following monetary policy decisions: The President of the ECB will comment on the considerations underlying these decisions at a press conference starting at 2.30 p.m. CET today. Directorate General Communications Reproduction is permitted provided that the source is acknowledged."
ECB,2013-06-06,decision,ecb_dec_20130606,176,12:15,14:15,ECB Governing Council,Monetary policy decisions,https://www.ecb.europa.eu/press/pr/date/2013/html/pr130606.en.html,OK,True,False,False,76,4,"At today’s meeting the Governing Council of the ECB decided that the interest rate on the main refinancing operations and the interest rates on the marginal lending facility and the deposit facility will remain unchanged at 0.50%, 1.00% and 0.00% respectively. The President of the ECB will comment on the considerations underlying these decisions at a press conference starting at 2.30 p.m. CET today. Directorate General Communications Reproduction is permitted provided that the source is acknowledged.","At today’s meeting the Governing Council of the ECB decided that the interest rate on the main refinancing operations and the interest rates on the marginal lending facility and the deposit facility will remain unchanged at 0.50%, 1.00% and 0.00% respectively. The President of the ECB will comment on the considerations underlying these decisions at a press conference starting at 2.30 p.m. CET today. Directorate General Communications Reproduction is permitted provided that the source is acknowledged."
ECB,2013-07-04,decision,ecb_dec_20130704,177,12:15,14:15,ECB Governing Council,Monetary policy decisions,https://www.ecb.europa.eu/press/pr/date/2013/html/pr130704.en.html,OK,True,False,False,76,4,"At today’s meeting the Governing Council of the ECB decided that the interest rate on the main refinancing operations and the interest rates on the marginal lending facility and the deposit facility will remain unchanged at 0.50%, 1.00% and 0.00% respectively. The President of the ECB will comment on the considerations underlying these decisions at a press conference starting at 2.30 p.m. CET today. Directorate General Communications Reproduction is permitted provided that the source is acknowledged.","At today’s meeting the Governing Council of the ECB decided that the interest rate on the main refinancing operations and the interest rates on the marginal lending facility and the deposit facility will remain unchanged at 0.50%, 1.00% and 0.00% respectively. The President of the ECB will comment on the considerations underlying these decisions at a press conference starting at 2.30 p.m. CET today. Directorate General Communications Reproduction is permitted provided that the source is acknowledged."
ECB,2013-08-01,decision,ecb_dec_20130801,178,12:15,14:15,ECB Governing Council,Monetary policy decisions,https://www.ecb.europa.eu/press/pr/date/2013/html/pr130801.en.html,OK,True,False,False,76,4,"At today’s meeting the Governing Council of the ECB decided that the interest rate on the main refinancing operations and the interest rates on the marginal lending facility and the deposit facility will remain unchanged at 0.50%, 1.00% and 0.00% respectively. The President of the ECB will comment on the considerations underlying these decisions at a press conference starting at 2.30 p.m. CET today. Directorate General Communications Reproduction is permitted provided that the source is acknowledged.","At today’s meeting the Governing Council of the ECB decided that the interest rate on the main refinancing operations and the interest rates on the marginal lending facility and the deposit facility will remain unchanged at 0.50%, 1.00% and 0.00% respectively. The President of the ECB will comment on the considerations underlying these decisions at a press conference starting at 2.30 p.m. CET today. Directorate General Communications Reproduction is permitted provided that the source is acknowledged."
ECB,2013-09-05,decision,ecb_dec_20130905,179,12:15,14:15,ECB Governing Council,Monetary policy decisions,https://www.ecb.europa.eu/press/pr/date/2013/html/pr130905.en.html,OK,True,False,False,64,3,"At today’s meeting the Governing Council of the ECB decided that the interest rate on the main refinancing operations and the interest rates on the marginal lending facility and the deposit facility will remain unchanged at 0.50%, 1.00% and 0.00% respectively. The President of the ECB will comment on the considerations underlying these decisions at a press conference starting at 2.30 p.m. CET today.","At today’s meeting the Governing Council of the ECB decided that the interest rate on the main refinancing operations and the interest rates on the marginal lending facility and the deposit facility will remain unchanged at 0.50%, 1.00% and 0.00% respectively. The President of the ECB will comment on the considerations underlying these decisions at a press conference starting at 2.30 p.m. CET today."
ECB,2013-10-02,decision,ecb_dec_20131002,180,12:15,14:15,ECB Governing Council,Monetary policy decisions,https://www.ecb.europa.eu/press/pr/date/2013/html/pr131002.en.html,OK,True,False,False,69,3,"At today’s meeting, which was held in Paris, the Governing Council of the ECB decided that the interest rate on the main refinancing operations and the interest rates on the marginal lending facility and the deposit facility will remain unchanged at 0.50%, 1.00% and 0.00% respectively. The President of the ECB will comment on the considerations underlying these decisions at a press conference starting at 2.30 p.m. CET today.","At today’s meeting, which was held in Paris, the Governing Council of the ECB decided that the interest rate on the main refinancing operations and the interest rates on the marginal lending facility and the deposit facility will remain unchanged at 0.50%, 1.00% and 0.00% respectively. The President of the ECB will comment on the considerations underlying these decisions at a press conference starting at 2.30 p.m. CET today."
ECB,2013-11-07,decision,ecb_dec_20131107,181,13:15,14:15,ECB Governing Council,Monetary policy decisions,https://www.ecb.europa.eu/press/pr/date/2013/html/pr131107.en.html,OK,True,False,False,38,2,At today’s meeting the Governing Council of the ECB took the following monetary policy decisions: The President of the ECB will comment on the considerations underlying these decisions at a press conference starting at 2.30 p.m. CET today.,At today’s meeting the Governing Council of the ECB took the following monetary policy decisions: The President of the ECB will comment on the considerations underlying these decisions at a press conference starting at 2.30 p.m. CET today.
ECB,2013-12-05,decision,ecb_dec_20131205,182,13:15,14:15,ECB Governing Council,Monetary policy decisions,https://www.ecb.europa.eu/press/pr/date/2013/html/pr131205.en.html,OK,True,False,False,64,3,"At today’s meeting the Governing Council of the ECB decided that the interest rate on the main refinancing operations and the interest rates on the marginal lending facility and the deposit facility will remain unchanged at 0.25%, 0.75% and 0.00% respectively. The President of the ECB will comment on the considerations underlying these decisions at a press conference starting at 2.30 p.m. CET today.","At today’s meeting the Governing Council of the ECB decided that the interest rate on the main refinancing operations and the interest rates on the marginal lending facility and the deposit facility will remain unchanged at 0.25%, 0.75% and 0.00% respectively. The President of the ECB will comment on the considerations underlying these decisions at a press conference starting at 2.30 p.m. CET today."
ECB,2014-01-09,decision,ecb_dec_20140109,183,13:15,14:15,ECB Governing Council,Opinion of the ECB’s Governing Council on the appointment of an ECB Executive Board member,https://www.ecb.europa.eu/press/pr/date/2014/html/pr140109.en.html,OK,True,False,False,139,4,"The Governing Council of the European Central Bank (ECB) has adopted an opinion on a recommendation from the Council of the European Union on the appointment of a new member of the Executive Board of the ECB. The Governing Council had no objections to the proposed candidate, Sabine Lautenschläger, who is a person of recognised standing and professional experience in monetary or banking matters, as required by Article 283(2) of the Treaty on the Functioning of the European Union. Following the Governing Council’s opinion and an opinion of the European Parliament, the decision on the appointment will be taken by the European Council, with the votes of its euro area members. The ECB opinion, which will be published shortly in the Official Journal of the European Union, is available on the ECB’s website in all the official EU languages.","The Governing Council of the European Central Bank (ECB) has adopted an opinion on a recommendation from the Council of the European Union on the appointment of a new member of the Executive Board of the ECB. The Governing Council had no objections to the proposed candidate, Sabine Lautenschläger, who is a person of recognised standing and professional experience in monetary or banking matters, as required by Article 283(2) of the Treaty on the Functioning of the European Union. Following the Governing Council’s opinion and an opinion of the European Parliament, the decision on the appointment will be taken by the European Council, with the votes of its euro area members. The ECB opinion, which will be published shortly in the Official Journal of the European Union, is available on the ECB’s website in all the official EU languages."
ECB,2014-02-06,decision,ecb_dec_20140206,184,13:15,14:15,ECB Governing Council,Monetary policy decisions,https://www.ecb.europa.eu/press/pr/date/2014/html/pr140206.en.html,OK,True,False,False,64,3,"At today’s meeting the Governing Council of the ECB decided that the interest rate on the main refinancing operations and the interest rates on the marginal lending facility and the deposit facility will remain unchanged at 0.25%, 0.75% and 0.00% respectively. The President of the ECB will comment on the considerations underlying these decisions at a press conference starting at 2.30 p.m. CET today.","At today’s meeting the Governing Council of the ECB decided that the interest rate on the main refinancing operations and the interest rates on the marginal lending facility and the deposit facility will remain unchanged at 0.25%, 0.75% and 0.00% respectively. The President of the ECB will comment on the considerations underlying these decisions at a press conference starting at 2.30 p.m. CET today."
ECB,2014-03-06,decision,ecb_dec_20140306,185,12:15,14:15,ECB Governing Council,Monetary policy decisions,https://www.ecb.europa.eu/press/pr/date/2014/html/pr140306.en.html,OK,True,False,False,64,3,"At today’s meeting the Governing Council of the ECB decided that the interest rate on the main refinancing operations and the interest rates on the marginal lending facility and the deposit facility will remain unchanged at 0.25%, 0.75% and 0.00% respectively. The President of the ECB will comment on the considerations underlying these decisions at a press conference starting at 2.30 p.m. CET today.","At today’s meeting the Governing Council of the ECB decided that the interest rate on the main refinancing operations and the interest rates on the marginal lending facility and the deposit facility will remain unchanged at 0.25%, 0.75% and 0.00% respectively. The President of the ECB will comment on the considerations underlying these decisions at a press conference starting at 2.30 p.m. CET today."
ECB,2014-04-03,decision,ecb_dec_20140403,186,12:15,14:15,ECB Governing Council,Monetary policy decisions,https://www.ecb.europa.eu/press/pr/date/2014/html/pr140403.en.html,OK,True,False,False,64,3,"At today’s meeting the Governing Council of the ECB decided that the interest rate on the main refinancing operations and the interest rates on the marginal lending facility and the deposit facility will remain unchanged at 0.25%, 0.75% and 0.00% respectively. The President of the ECB will comment on the considerations underlying these decisions at a press conference starting at 2.30 p.m. CET today.","At today’s meeting the Governing Council of the ECB decided that the interest rate on the main refinancing operations and the interest rates on the marginal lending facility and the deposit facility will remain unchanged at 0.25%, 0.75% and 0.00% respectively. The President of the ECB will comment on the considerations underlying these decisions at a press conference starting at 2.30 p.m. CET today."
ECB,2014-05-08,decision,ecb_dec_20140508,187,12:15,14:15,ECB Governing Council,Monetary policy decisions,https://www.ecb.europa.eu/press/pr/date/2014/html/pr140508.en.html,OK,True,False,False,69,3,"At today’s meeting, which was held in Brussels, the Governing Council of the ECB decided that the interest rate on the main refinancing operations and the interest rates on the marginal lending facility and the deposit facility will remain unchanged at 0.25%, 0.75% and 0.00% respectively. The President of the ECB will comment on the considerations underlying these decisions at a press conference starting at 2.30 p.m. CET today.","At today’s meeting, which was held in Brussels, the Governing Council of the ECB decided that the interest rate on the main refinancing operations and the interest rates on the marginal lending facility and the deposit facility will remain unchanged at 0.25%, 0.75% and 0.00% respectively. The President of the ECB will comment on the considerations underlying these decisions at a press conference starting at 2.30 p.m. CET today."
ECB,2014-06-05,decision,ecb_dec_20140605,188,12:15,14:15,ECB Governing Council,Monetary policy decisions,https://www.ecb.europa.eu/press/pr/date/2014/html/pr140605.en.html,OK,True,True,False,67,4,At today’s meeting the Governing Council of the ECB took the following monetary policy decisions: The President of the ECB will comment on the considerations underlying these decisions at a press conference starting at 2.30 p.m. CET today. Further monetary policy measures to enhance the functioning of the monetary policy transmission mechanism will be communicated in a press release to be published at 3.30 p.m. CET today.,At today’s meeting the Governing Council of the ECB took the following monetary policy decisions: The President of the ECB will comment on the considerations underlying these decisions at a press conference starting at 2.30 p.m. CET today. Further monetary policy measures to enhance the functioning of the monetary policy transmission mechanism will be communicated in a press release to be published at 3.30 p.m. CET today.
ECB,2014-07-03,decision,ecb_dec_20140703,189,12:15,14:15,ECB Governing Council,Monetary policy decisions,https://www.ecb.europa.eu/press/pr/date/2014/html/pr140703.en.html,OK,True,True,False,64,3,"At today’s meeting the Governing Council of the ECB decided that the interest rate on the main refinancing operations and the interest rates on the marginal lending facility and the deposit facility will remain unchanged at 0.15%, 0.40% and -0.10% respectively. The President of the ECB will comment on the considerations underlying these decisions at a press conference starting at 2.30 p.m. CET today.","At today’s meeting the Governing Council of the ECB decided that the interest rate on the main refinancing operations and the interest rates on the marginal lending facility and the deposit facility will remain unchanged at 0.15%, 0.40% and -0.10% respectively. The President of the ECB will comment on the considerations underlying these decisions at a press conference starting at 2.30 p.m. CET today."
ECB,2014-08-07,decision,ecb_dec_20140807,190,12:15,14:15,ECB Governing Council,Monetary policy decisions,https://www.ecb.europa.eu/press/pr/date/2014/html/pr140807.en.html,OK,True,True,False,64,3,"At today’s meeting the Governing Council of the ECB decided that the interest rate on the main refinancing operations and the interest rates on the marginal lending facility and the deposit facility will remain unchanged at 0.15%, 0.40% and -0.10% respectively. The President of the ECB will comment on the considerations underlying these decisions at a press conference starting at 2.30 p.m. CET today.","At today’s meeting the Governing Council of the ECB decided that the interest rate on the main refinancing operations and the interest rates on the marginal lending facility and the deposit facility will remain unchanged at 0.15%, 0.40% and -0.10% respectively. The President of the ECB will comment on the considerations underlying these decisions at a press conference starting at 2.30 p.m. CET today."
ECB,2014-09-04,decision,ecb_dec_20140904,191,12:15,14:15,ECB Governing Council,Monetary policy decisions,https://www.ecb.europa.eu/press/pr/date/2014/html/pr140904.en.html,OK,True,True,False,38,2,At today’s meeting the Governing Council of the ECB took the following monetary policy decisions: The President of the ECB will comment on the considerations underlying these decisions at a press conference starting at 2.30 p.m. CET today.,At today’s meeting the Governing Council of the ECB took the following monetary policy decisions: The President of the ECB will comment on the considerations underlying these decisions at a press conference starting at 2.30 p.m. CET today.
ECB,2014-10-02,decision,ecb_dec_20141002,192,12:15,14:15,ECB Governing Council,Monetary policy decisions,https://www.ecb.europa.eu/press/pr/date/2014/html/pr141002.en.html,OK,True,True,False,69,3,"At today’s meeting, which was held in Naples, the Governing Council of the ECB decided that the interest rate on the main refinancing operations and the interest rates on the marginal lending facility and the deposit facility will remain unchanged at 0.05%, 0.30% and -0.20% respectively. The President of the ECB will comment on the considerations underlying these decisions at a press conference starting at 2.30 p.m. CET today.","At today’s meeting, which was held in Naples, the Governing Council of the ECB decided that the interest rate on the main refinancing operations and the interest rates on the marginal lending facility and the deposit facility will remain unchanged at 0.05%, 0.30% and -0.20% respectively. The President of the ECB will comment on the considerations underlying these decisions at a press conference starting at 2.30 p.m. CET today."
ECB,2014-11-06,decision,ecb_dec_20141106,193,13:15,14:15,ECB Governing Council,Monetary policy decisions,https://www.ecb.europa.eu/press/pr/date/2014/html/pr141106.en.html,OK,True,True,False,64,3,"At today’s meeting the Governing Council of the ECB decided that the interest rate on the main refinancing operations and the interest rates on the marginal lending facility and the deposit facility will remain unchanged at 0.05%, 0.30% and -0.20% respectively. The President of the ECB will comment on the considerations underlying these decisions at a press conference starting at 2.30 p.m. CET today.","At today’s meeting the Governing Council of the ECB decided that the interest rate on the main refinancing operations and the interest rates on the marginal lending facility and the deposit facility will remain unchanged at 0.05%, 0.30% and -0.20% respectively. The President of the ECB will comment on the considerations underlying these decisions at a press conference starting at 2.30 p.m. CET today."
ECB,2014-12-04,decision,ecb_dec_20141204,194,13:15,14:15,ECB Governing Council,Monetary policy decisions,https://www.ecb.europa.eu/press/pr/date/2014/html/pr141204.en.html,OK,True,True,False,64,3,"At today’s meeting the Governing Council of the ECB decided that the interest rate on the main refinancing operations and the interest rates on the marginal lending facility and the deposit facility will remain unchanged at 0.05%, 0.30% and -0.20% respectively. The President of the ECB will comment on the considerations underlying these decisions at a press conference starting at 2.30 p.m. CET today.","At today’s meeting the Governing Council of the ECB decided that the interest rate on the main refinancing operations and the interest rates on the marginal lending facility and the deposit facility will remain unchanged at 0.05%, 0.30% and -0.20% respectively. The President of the ECB will comment on the considerations underlying these decisions at a press conference starting at 2.30 p.m. CET today."
ECB,2015-01-22,decision,ecb_dec_20150122,195,13:15,14:15,ECB Governing Council,Monetary policy decisions,https://www.ecb.europa.eu/press/pr/date/2015/html/pr150122.en.html,OK,True,True,False,64,3,"At today’s meeting the Governing Council of the ECB decided that the interest rate on the main refinancing operations and the interest rates on the marginal lending facility and the deposit facility will remain unchanged at 0.05%, 0.30% and -0.20% respectively. Further monetary policy measures will be communicated by the President of the ECB at a press conference starting at 2.30 p.m. CET today.","At today’s meeting the Governing Council of the ECB decided that the interest rate on the main refinancing operations and the interest rates on the marginal lending facility and the deposit facility will remain unchanged at 0.05%, 0.30% and -0.20% respectively. Further monetary policy measures will be communicated by the President of the ECB at a press conference starting at 2.30 p.m. CET today."
ECB,2015-03-05,decision,ecb_dec_20150305,196,12:15,14:15,ECB Governing Council,Monetary policy decisions,https://www.ecb.europa.eu/press/pr/date/2015/html/pr150305.en.html,OK,True,True,False,69,3,"At today’s meeting, which was held in Nicosia, the Governing Council of the ECB decided that the interest rate on the main refinancing operations and the interest rates on the marginal lending facility and the deposit facility will remain unchanged at 0.05%, 0.30% and -0.20% respectively. The President of the ECB will comment on the considerations underlying these decisions at a press conference starting at 2.30 p.m. CET today.","At today’s meeting, which was held in Nicosia, the Governing Council of the ECB decided that the interest rate on the main refinancing operations and the interest rates on the marginal lending facility and the deposit facility will remain unchanged at 0.05%, 0.30% and -0.20% respectively. The President of the ECB will comment on the considerations underlying these decisions at a press conference starting at 2.30 p.m. CET today."
ECB,2015-04-15,decision,ecb_dec_20150415,197,12:15,14:15,ECB Governing Council,Monetary policy decisions,https://www.ecb.europa.eu/press/pr/date/2015/html/pr150415.en.html,OK,True,True,False,63,2,"At today’s meeting the Governing Council of the ECB decided that the interest rate on the main refinancing operations and the interest rates on the marginal lending facility and the deposit facility will remain unchanged at 0.05%, 0.30% and -0.20% respectively. The President of the ECB will comment on the considerations underlying these decisions at a press conference starting at 14.30 CET today.","At today’s meeting the Governing Council of the ECB decided that the interest rate on the main refinancing operations and the interest rates on the marginal lending facility and the deposit facility will remain unchanged at 0.05%, 0.30% and -0.20% respectively. The President of the ECB will comment on the considerations underlying these decisions at a press conference starting at 14.30 CET today."
ECB,2015-06-03,decision,ecb_dec_20150603,198,12:15,14:15,ECB Governing Council,Monetary policy decisions,https://www.ecb.europa.eu/press/pr/date/2015/html/pr150603.en.html,OK,True,True,False,81,4,"At today’s meeting the Governing Council of the ECB decided that the interest rate on the main refinancing operations and the interest rates on the marginal lending facility and the deposit facility will remain unchanged at 0.05%, 0.30% and -0.20% respectively. The President of the ECB will comment on the considerations underlying these decisions at a press conference starting at 14.30 CET today. Directorate General Communications Reproduction is permitted provided that the source is acknowledged. Find out more about related content","At today’s meeting the Governing Council of the ECB decided that the interest rate on the main refinancing operations and the interest rates on the marginal lending facility and the deposit facility will remain unchanged at 0.05%, 0.30% and -0.20% respectively. The President of the ECB will comment on the considerations underlying these decisions at a press conference starting at 14.30 CET today. Directorate General Communications Reproduction is permitted provided that the source is acknowledged. Find out more about related content"
ECB,2015-07-16,decision,ecb_dec_20150716,199,12:15,14:15,ECB Governing Council,Monetary policy decisions,https://www.ecb.europa.eu/press/pr/date/2015/html/pr150716.en.html,OK,True,True,False,85,4,"At today’s meeting the Governing Council of the ECB decided that the interest rate on the main refinancing operations and the interest rates on the marginal lending facility and the deposit facility will remain unchanged at 0.05%, 0.30% and -0.20% respectively. The President of the ECB will comment on the considerations underlying these decisions at a press conference starting at 14.30 CET today. Directorate General Communications Reproduction is permitted provided that the source is acknowledged. Find out more about related content Live webcastECB press conference","At today’s meeting the Governing Council of the ECB decided that the interest rate on the main refinancing operations and the interest rates on the marginal lending facility and the deposit facility will remain unchanged at 0.05%, 0.30% and -0.20% respectively. The President of the ECB will comment on the considerations underlying these decisions at a press conference starting at 14.30 CET today. Directorate General Communications Reproduction is permitted provided that the source is acknowledged. Find out more about related content Live webcastECB press conference"
ECB,2015-09-03,decision,ecb_dec_20150903,200,12:15,14:15,ECB Governing Council,Monetary policy decisions,https://www.ecb.europa.eu/press/pr/date/2015/html/pr150903.en.html,OK,True,True,False,81,4,"At today’s meeting the Governing Council of the ECB decided that the interest rate on the main refinancing operations and the interest rates on the marginal lending facility and the deposit facility will remain unchanged at 0.05%, 0.30% and -0.20% respectively. The President of the ECB will comment on the considerations underlying these decisions at a press conference starting at 14:30 CET today. Directorate General Communications Reproduction is permitted provided that the source is acknowledged. Find out more about related content","At today’s meeting the Governing Council of the ECB decided that the interest rate on the main refinancing operations and the interest rates on the marginal lending facility and the deposit facility will remain unchanged at 0.05%, 0.30% and -0.20% respectively. The President of the ECB will comment on the considerations underlying these decisions at a press conference starting at 14:30 CET today. Directorate General Communications Reproduction is permitted provided that the source is acknowledged. Find out more about related content"
ECB,2015-10-22,decision,ecb_dec_20151022,201,12:15,14:15,ECB Governing Council,Monetary policy decisions,https://www.ecb.europa.eu/press/pr/date/2015/html/pr151022.en.html,OK,True,True,False,86,4,"At today’s meeting, which was held in Malta, the Governing Council of the ECB decided that the interest rate on the main refinancing operations and the interest rates on the marginal lending facility and the deposit facility will remain unchanged at 0.05%, 0.30% and -0.20% respectively. The President of the ECB will comment on the considerations underlying these decisions at a press conference starting at 14:30 CET today. Directorate General Communications Reproduction is permitted provided that the source is acknowledged. Find out more about related content","At today’s meeting, which was held in Malta, the Governing Council of the ECB decided that the interest rate on the main refinancing operations and the interest rates on the marginal lending facility and the deposit facility will remain unchanged at 0.05%, 0.30% and -0.20% respectively. The President of the ECB will comment on the considerations underlying these decisions at a press conference starting at 14:30 CET today. Directorate General Communications Reproduction is permitted provided that the source is acknowledged. Find out more about related content"
ECB,2015-12-03,decision,ecb_dec_20151203,202,13:15,14:15,ECB Governing Council,Monetary policy decisions,https://www.ecb.europa.eu/press/pr/date/2015/html/pr151203.en.html,OK,True,True,False,98,5,"At today’s meeting the Governing Council of the ECB decided that the interest rate on the deposit facility will be decreased by 10 basis points to -0.30%, with effect from 9 December 2015. The interest rate on the main refinancing operations and the interest rate on the marginal lending facility will remain unchanged at 0.05% and 0.30% respectively. Further monetary policy measures will be communicated by the President of the ECB at a press conference starting at 14:30 CET today. Directorate General Communications Reproduction is permitted provided that the source is acknowledged. Find out more about related content","At today’s meeting the Governing Council of the ECB decided that the interest rate on the deposit facility will be decreased by 10 basis points to -0.30%, with effect from 9 December 2015. The interest rate on the main refinancing operations and the interest rate on the marginal lending facility will remain unchanged at 0.05% and 0.30% respectively. Further monetary policy measures will be communicated by the President of the ECB at a press conference starting at 14:30 CET today. Directorate General Communications Reproduction is permitted provided that the source is acknowledged. Find out more about related content"
ECB,2016-01-21,decision,ecb_dec_20160121,203,13:15,14:15,ECB Governing Council,Monetary policy decisions,https://www.ecb.europa.eu/press/pr/date/2016/html/pr160121.en.html,OK,True,True,False,81,4,"At today’s meeting the Governing Council of the ECB decided that the interest rate on the main refinancing operations and the interest rates on the marginal lending facility and the deposit facility will remain unchanged at 0.05%, 0.30% and -0.30% respectively. The President of the ECB will comment on the considerations underlying these decisions at a press conference starting at 14:30 CET today. Directorate General Communications Reproduction is permitted provided that the source is acknowledged. Find out more about related content","At today’s meeting the Governing Council of the ECB decided that the interest rate on the main refinancing operations and the interest rates on the marginal lending facility and the deposit facility will remain unchanged at 0.05%, 0.30% and -0.30% respectively. The President of the ECB will comment on the considerations underlying these decisions at a press conference starting at 14:30 CET today. Directorate General Communications Reproduction is permitted provided that the source is acknowledged. Find out more about related content"
ECB,2016-03-10,decision,ecb_dec_20160310,204,12:15,14:15,ECB Governing Council,Monetary policy decisions,https://www.ecb.europa.eu/press/pr/date/2016/html/pr160310.en.html,OK,True,True,False,223,10,"At today’s meeting the Governing Council of the ECB took the following monetary policy decisions: (1) The interest rate on the main refinancing operations of the Eurosystem will be decreased by 5 basis points to 0.00%, starting from the operation to be settled on 16 March 2016. (2) The interest rate on the marginal lending facility will be decreased by 5 basis points to 0.25%, with effect from 16 March 2016. (3) The interest rate on the deposit facility will be decreased by 10 basis points to -0.40%, with effect from 16 March 2016. (4) The monthly purchases under the asset purchase programme will be expanded to €80 billion starting in April. (5) Investment grade euro-denominated bonds issued by non-bank corporations established in the euro area will be included in the list of assets that are eligible for regular purchases. (6) A new series of four targeted longer-term refinancing operations (TLTRO II), each with a maturity of four years, will be launched, starting in June 2016. Borrowing conditions in these operations can be as low as the interest rate on the deposit facility. The President of the ECB will comment on the considerations underlying these decisions at a press conference starting at 14:30 CET today. Directorate General Communications Reproduction is permitted provided that the source is acknowledged. Find out more about related content","At today’s meeting the Governing Council of the ECB took the following monetary policy decisions: (1) The interest rate on the main refinancing operations of the Eurosystem will be decreased by 5 basis points to 0.00%, starting from the operation to be settled on 16 March 2016. (2) The interest rate on the marginal lending facility will be decreased by 5 basis points to 0.25%, with effect from 16 March 2016. (3) The interest rate on the deposit facility will be decreased by 10 basis points to -0.40%, with effect from 16 March 2016. (4) The monthly purchases under the asset purchase programme will be expanded to €80 billion starting in April. (5) Investment grade euro-denominated bonds issued by non-bank corporations established in the euro area will be included in the list of assets that are eligible for regular purchases. (6) A new series of four targeted longer-term refinancing operations (TLTRO II), each with a maturity of four years, will be launched, starting in June 2016. Borrowing conditions in these operations can be as low as the interest rate on the deposit facility. The President of the ECB will comment on the considerations underlying these decisions at a press conference starting at 14:30 CET today. Directorate General Communications Reproduction is permitted provided that the source is acknowledged. Find out more about related content"
ECB,2016-04-21,decision,ecb_dec_20160421,205,12:15,14:15,ECB Governing Council,Monetary policy decisions,https://www.ecb.europa.eu/press/pr/date/2016/html/pr160421.en.html,OK,True,True,False,142,7,"At today’s meeting the Governing Council of the ECB decided that the interest rate on the main refinancing operations and the interest rates on the marginal lending facility and the deposit facility will remain unchanged at 0.00%, 0.25% and -0.40% respectively. Regarding non-standard monetary policy measures, we have started to expand our monthly purchases under the asset purchase programme to €80 billion. The focus is now on the implementation of the additional non-standard measures decided on 10 March 2016. Further information on the implementation aspects of the corporate sector purchase programme will be released after the press conference on the ECB’s website. The President of the ECB will comment on the considerations underlying these decisions at a press conference starting at 14:30 CET today. Directorate General Communications Reproduction is permitted provided that the source is acknowledged. Find out more about related content","At today’s meeting the Governing Council of the ECB decided that the interest rate on the main refinancing operations and the interest rates on the marginal lending facility and the deposit facility will remain unchanged at 0.00%, 0.25% and -0.40% respectively. Regarding non-standard monetary policy measures, we have started to expand our monthly purchases under the asset purchase programme to €80 billion. The focus is now on the implementation of the additional non-standard measures decided on 10 March 2016. Further information on the implementation aspects of the corporate sector purchase programme will be released after the press conference on the ECB’s website. The President of the ECB will comment on the considerations underlying these decisions at a press conference starting at 14:30 CET today. Directorate General Communications Reproduction is permitted provided that the source is acknowledged. Find out more about related content"
ECB,2016-06-02,decision,ecb_dec_20160602,206,12:15,14:15,ECB Governing Council,Monetary policy decisions,https://www.ecb.europa.eu/press/pr/date/2016/html/pr160602.en.html,OK,True,True,False,146,7,"At today’s meeting, which was held in Vienna, the Governing Council of the ECB decided that the interest rate on the main refinancing operations and the interest rates on the marginal lending facility and the deposit facility will remain unchanged at 0.00%, 0.25% and -0.40% respectively. Regarding non-standard monetary policy measures, on 8 June the Eurosystem will start making purchases under its corporate sector purchase programme (CSPP). Moreover, starting on 22 June, it will conduct the first operation in its new series of targeted longer-term refinancing operations. Further information on implementation aspects of the CSPP will be released after the press conference on the ECB’s website. The President of the ECB will comment on the considerations underlying these decisions at a press conference starting at 14:30 CET today. Directorate General Communications Reproduction is permitted provided that the source is acknowledged. Find out more about related content","At today’s meeting, which was held in Vienna, the Governing Council of the ECB decided that the interest rate on the main refinancing operations and the interest rates on the marginal lending facility and the deposit facility will remain unchanged at 0.00%, 0.25% and -0.40% respectively. Regarding non-standard monetary policy measures, on 8 June the Eurosystem will start making purchases under its corporate sector purchase programme (CSPP). Moreover, starting on 22 June, it will conduct the first operation in its new series of targeted longer-term refinancing operations. Further information on implementation aspects of the CSPP will be released after the press conference on the ECB’s website. The President of the ECB will comment on the considerations underlying these decisions at a press conference starting at 14:30 CET today. Directorate General Communications Reproduction is permitted provided that the source is acknowledged. Find out more about related content"
ECB,2016-07-21,decision,ecb_dec_20160721,207,12:15,14:15,ECB Governing Council,Monetary policy decisions,https://www.ecb.europa.eu/press/pr/date/2016/html/pr160721.en.html,OK,True,True,False,166,6,"At today’s meeting the Governing Council of the ECB decided that the interest rate on the main refinancing operations and the interest rates on the marginal lending facility and the deposit facility will remain unchanged at 0.00%, 0.25% and -0.40% respectively. The Governing Council continues to expect the key ECB interest rates to remain at present or lower levels for an extended period of time, and well past the horizon of the net asset purchases. Regarding non-standard monetary policy measures, the Governing Council confirms that the monthly asset purchases of €80 billion are intended to run until the end of March 2017, or beyond, if necessary, and in any case until it sees a sustained adjustment in the path of inflation consistent with its inflation aim. The President of the ECB will comment on the considerations underlying these decisions at a press conference starting at 14:30 CET today. Directorate General Communications Reproduction is permitted provided that the source is acknowledged. Find out more about related content","At today’s meeting the Governing Council of the ECB decided that the interest rate on the main refinancing operations and the interest rates on the marginal lending facility and the deposit facility will remain unchanged at 0.00%, 0.25% and -0.40% respectively. The Governing Council continues to expect the key ECB interest rates to remain at present or lower levels for an extended period of time, and well past the horizon of the net asset purchases. Regarding non-standard monetary policy measures, the Governing Council confirms that the monthly asset purchases of €80 billion are intended to run until the end of March 2017, or beyond, if necessary, and in any case until it sees a sustained adjustment in the path of inflation consistent with its inflation aim. The President of the ECB will comment on the considerations underlying these decisions at a press conference starting at 14:30 CET today. Directorate General Communications Reproduction is permitted provided that the source is acknowledged. Find out more about related content"
ECB,2016-09-08,decision,ecb_dec_20160908,208,12:15,14:15,ECB Governing Council,Monetary policy decisions,https://www.ecb.europa.eu/press/pr/date/2016/html/pr160908.en.html,OK,True,True,False,166,6,"At today’s meeting the Governing Council of the ECB decided that the interest rate on the main refinancing operations and the interest rates on the marginal lending facility and the deposit facility will remain unchanged at 0.00%, 0.25% and -0.40% respectively. The Governing Council continues to expect the key ECB interest rates to remain at present or lower levels for an extended period of time, and well past the horizon of the net asset purchases. Regarding non-standard monetary policy measures, the Governing Council confirms that the monthly asset purchases of €80 billion are intended to run until the end of March 2017, or beyond, if necessary, and in any case until it sees a sustained adjustment in the path of inflation consistent with its inflation aim. The President of the ECB will comment on the considerations underlying these decisions at a press conference starting at 14:30 CET today. Directorate General Communications Reproduction is permitted provided that the source is acknowledged. Find out more about related content","At today’s meeting the Governing Council of the ECB decided that the interest rate on the main refinancing operations and the interest rates on the marginal lending facility and the deposit facility will remain unchanged at 0.00%, 0.25% and -0.40% respectively. The Governing Council continues to expect the key ECB interest rates to remain at present or lower levels for an extended period of time, and well past the horizon of the net asset purchases. Regarding non-standard monetary policy measures, the Governing Council confirms that the monthly asset purchases of €80 billion are intended to run until the end of March 2017, or beyond, if necessary, and in any case until it sees a sustained adjustment in the path of inflation consistent with its inflation aim. The President of the ECB will comment on the considerations underlying these decisions at a press conference starting at 14:30 CET today. Directorate General Communications Reproduction is permitted provided that the source is acknowledged. Find out more about related content"
ECB,2016-10-20,decision,ecb_dec_20161020,209,12:15,14:15,ECB Governing Council,Monetary policy decisions,https://www.ecb.europa.eu/press/pr/date/2016/html/pr161020.en.html,OK,True,True,False,166,6,"At today’s meeting the Governing Council of the ECB decided that the interest rate on the main refinancing operations and the interest rates on the marginal lending facility and the deposit facility will remain unchanged at 0.00%, 0.25% and -0.40% respectively. The Governing Council continues to expect the key ECB interest rates to remain at present or lower levels for an extended period of time, and well past the horizon of the net asset purchases. Regarding non-standard monetary policy measures, the Governing Council confirms that the monthly asset purchases of €80 billion are intended to run until the end of March 2017, or beyond, if necessary, and in any case until it sees a sustained adjustment in the path of inflation consistent with its inflation aim. The President of the ECB will comment on the considerations underlying these decisions at a press conference starting at 14:30 CET today. Directorate General Communications Reproduction is permitted provided that the source is acknowledged. Find out more about related content","At today’s meeting the Governing Council of the ECB decided that the interest rate on the main refinancing operations and the interest rates on the marginal lending facility and the deposit facility will remain unchanged at 0.00%, 0.25% and -0.40% respectively. The Governing Council continues to expect the key ECB interest rates to remain at present or lower levels for an extended period of time, and well past the horizon of the net asset purchases. Regarding non-standard monetary policy measures, the Governing Council confirms that the monthly asset purchases of €80 billion are intended to run until the end of March 2017, or beyond, if necessary, and in any case until it sees a sustained adjustment in the path of inflation consistent with its inflation aim. The President of the ECB will comment on the considerations underlying these decisions at a press conference starting at 14:30 CET today. Directorate General Communications Reproduction is permitted provided that the source is acknowledged. Find out more about related content"
ECB,2016-12-08,decision,ecb_dec_20161208,210,13:15,14:15,ECB Governing Council,Monetary Policy Decisions,https://www.ecb.europa.eu/press/pr/date/2016/html/pr161208.en.html,OK,True,True,False,296,10,"At today’s meeting the Governing Council of the ECB decided that the interest rate on the main refinancing operations and the interest rates on the marginal lending facility and the deposit facility will remain unchanged at 0.00%, 0.25% and -0.40% respectively. The Governing Council continues to expect the key ECB interest rates to remain at present or lower levels for an extended period of time, and well past the horizon of the net asset purchases. Regarding non-standard monetary policy measures, the Governing Council decided to continue its purchases under the asset purchase programme (APP) at the current monthly pace of €80 billion until the end of March 2017. From April 2017, the net asset purchases are intended to continue at a monthly pace of €60 billion until the end of December 2017, or beyond, if necessary, and in any case until the Governing Council sees a sustained adjustment in the path of inflation consistent with its inflation aim. If, in the meantime, the outlook becomes less favourable or if financial conditions become inconsistent with further progress towards a sustained adjustment of the path of inflation, the Governing Council intends to increase the programme in terms of size and/or duration. The net purchases will be made alongside reinvestments of the principal payments from maturing securities purchased under the APP. To ensure the continued smooth implementation of the Eurosystem’s asset purchases, the Governing Council decided to change some of the parameters of the APP, which will be communicated at today’s press conference and in a separate press release. The President of the ECB will comment on the considerations underlying these decisions at a press conference starting at 14:30 CET today. Directorate General Communications Reproduction is permitted provided that the source is acknowledged. Find out more about related content","At today’s meeting the Governing Council of the ECB decided that the interest rate on the main refinancing operations and the interest rates on the marginal lending facility and the deposit facility will remain unchanged at 0.00%, 0.25% and -0.40% respectively. The Governing Council continues to expect the key ECB interest rates to remain at present or lower levels for an extended period of time, and well past the horizon of the net asset purchases. Regarding non-standard monetary policy measures, the Governing Council decided to continue its purchases under the asset purchase programme (APP) at the current monthly pace of €80 billion until the end of March 2017. From April 2017, the net asset purchases are intended to continue at a monthly pace of €60 billion until the end of December 2017, or beyond, if necessary, and in any case until the Governing Council sees a sustained adjustment in the path of inflation consistent with its inflation aim. If, in the meantime, the outlook becomes less favourable or if financial conditions become inconsistent with further progress towards a sustained adjustment of the path of inflation, the Governing Council intends to increase the programme in terms of size and/or duration. The net purchases will be made alongside reinvestments of the principal payments from maturing securities purchased under the APP. To ensure the continued smooth implementation of the Eurosystem’s asset purchases, the Governing Council decided to change some of the parameters of the APP, which will be communicated at today’s press conference and in a separate press release. The President of the ECB will comment on the considerations underlying these decisions at a press conference starting at 14:30 CET today. Directorate General Communications Reproduction is permitted provided that the source is acknowledged. Find out more about related content"
ECB,2017-01-19,decision,ecb_dec_20170119,211,13:15,14:15,ECB Governing Council,Monetary policy decisions,https://www.ecb.europa.eu/press/pr/date/2017/html/pr170119.en.html,OK,True,True,False,261,8,"At today’s meeting the Governing Council of the ECB decided that the interest rate on the main refinancing operations and the interest rates on the marginal lending facility and the deposit facility will remain unchanged at 0.00%, 0.25% and -0.40% respectively. The Governing Council continues to expect the key ECB interest rates to remain at present or lower levels for an extended period of time, and well past the horizon of the net asset purchases. Regarding non-standard monetary policy measures, the Governing Council confirms that it will continue to make purchases under the asset purchase programme (APP) at the current monthly pace of €80 billion until the end of March 2017 and that, from April 2017, the net asset purchases are intended to continue at a monthly pace of €60 billion until the end of December 2017, or beyond, if necessary, and in any case until the Governing Council sees a sustained adjustment in the path of inflation consistent with its inflation aim. The net purchases will be made alongside reinvestments of the principal payments from maturing securities purchased under the APP. If the outlook becomes less favourable, or if financial conditions become inconsistent with further progress towards a sustained adjustment in the path of inflation, the Governing Council stands ready to increase the programme in terms of size and/or duration. The President of the ECB will comment on the considerations underlying these decisions at a press conference starting at 14:30 CET today. Directorate General Communications Reproduction is permitted provided that the source is acknowledged. Find out more about related content","At today’s meeting the Governing Council of the ECB decided that the interest rate on the main refinancing operations and the interest rates on the marginal lending facility and the deposit facility will remain unchanged at 0.00%, 0.25% and -0.40% respectively. The Governing Council continues to expect the key ECB interest rates to remain at present or lower levels for an extended period of time, and well past the horizon of the net asset purchases. Regarding non-standard monetary policy measures, the Governing Council confirms that it will continue to make purchases under the asset purchase programme (APP) at the current monthly pace of €80 billion until the end of March 2017 and that, from April 2017, the net asset purchases are intended to continue at a monthly pace of €60 billion until the end of December 2017, or beyond, if necessary, and in any case until the Governing Council sees a sustained adjustment in the path of inflation consistent with its inflation aim. The net purchases will be made alongside reinvestments of the principal payments from maturing securities purchased under the APP. If the outlook becomes less favourable, or if financial conditions become inconsistent with further progress towards a sustained adjustment in the path of inflation, the Governing Council stands ready to increase the programme in terms of size and/or duration. The President of the ECB will comment on the considerations underlying these decisions at a press conference starting at 14:30 CET today. Directorate General Communications Reproduction is permitted provided that the source is acknowledged. Find out more about related content"
ECB,2017-03-09,decision,ecb_dec_20170309,212,12:15,14:15,ECB Governing Council,Monetary policy decisions,https://www.ecb.europa.eu/press/pr/date/2017/html/pr170309.en.html,OK,True,True,False,261,8,"At today’s meeting the Governing Council of the ECB decided that the interest rate on the main refinancing operations and the interest rates on the marginal lending facility and the deposit facility will remain unchanged at 0.00%, 0.25% and -0.40% respectively. The Governing Council continues to expect the key ECB interest rates to remain at present or lower levels for an extended period of time, and well past the horizon of the net asset purchases. Regarding non-standard monetary policy measures, the Governing Council confirms that it will continue to make purchases under the asset purchase programme (APP) at the current monthly pace of €80 billion until the end of this month and that, from April 2017, the net asset purchases are intended to continue at a monthly pace of €60 billion until the end of December 2017, or beyond, if necessary, and in any case until the Governing Council sees a sustained adjustment in the path of inflation consistent with its inflation aim. The net purchases will be made alongside reinvestments of the principal payments from maturing securities purchased under the APP. If the outlook becomes less favourable, or if financial conditions become inconsistent with further progress towards a sustained adjustment in the path of inflation, the Governing Council stands ready to increase the programme in terms of size and/or duration. The President of the ECB will comment on the considerations underlying these decisions at a press conference starting at 14:30 CET today. Directorate General Communications Reproduction is permitted provided that the source is acknowledged. Find out more about related content","At today’s meeting the Governing Council of the ECB decided that the interest rate on the main refinancing operations and the interest rates on the marginal lending facility and the deposit facility will remain unchanged at 0.00%, 0.25% and -0.40% respectively. The Governing Council continues to expect the key ECB interest rates to remain at present or lower levels for an extended period of time, and well past the horizon of the net asset purchases. Regarding non-standard monetary policy measures, the Governing Council confirms that it will continue to make purchases under the asset purchase programme (APP) at the current monthly pace of €80 billion until the end of this month and that, from April 2017, the net asset purchases are intended to continue at a monthly pace of €60 billion until the end of December 2017, or beyond, if necessary, and in any case until the Governing Council sees a sustained adjustment in the path of inflation consistent with its inflation aim. The net purchases will be made alongside reinvestments of the principal payments from maturing securities purchased under the APP. If the outlook becomes less favourable, or if financial conditions become inconsistent with further progress towards a sustained adjustment in the path of inflation, the Governing Council stands ready to increase the programme in terms of size and/or duration. The President of the ECB will comment on the considerations underlying these decisions at a press conference starting at 14:30 CET today. Directorate General Communications Reproduction is permitted provided that the source is acknowledged. Find out more about related content"
ECB,2017-04-27,decision,ecb_dec_20170427,213,12:15,14:15,ECB Governing Council,Monetary policy decisions,https://www.ecb.europa.eu/press/pr/date/2017/html/ecb.mp170427.en.html,OK,True,True,False,233,8,"At today’s meeting the Governing Council of the ECB decided that the interest rate on the main refinancing operations and the interest rates on the marginal lending facility and the deposit facility will remain unchanged at 0.00%, 0.25% and -0.40% respectively. The Governing Council continues to expect the key ECB interest rates to remain at present or lower levels for an extended period of time, and well past the horizon of the net asset purchases. Regarding non-standard monetary policy measures, the Governing Council confirms that the net asset purchases, at the new monthly pace of €60 billion, are intended to run until the end of December 2017, or beyond, if necessary, and in any case until the Governing Council sees a sustained adjustment in the path of inflation consistent with its inflation aim. The net purchases will be made alongside reinvestments of the principal payments from maturing securities purchased under the asset purchase programme. If the outlook becomes less favourable, or if financial conditions become inconsistent with further progress towards a sustained adjustment in the path of inflation, the Governing Council stands ready to increase the programme in terms of size and/or duration. The President of the ECB will comment on the considerations underlying these decisions at a press conference starting at 14:30 CET today. Directorate General Communications Reproduction is permitted provided that the source is acknowledged. Find out more about related content","At today’s meeting the Governing Council of the ECB decided that the interest rate on the main refinancing operations and the interest rates on the marginal lending facility and the deposit facility will remain unchanged at 0.00%, 0.25% and -0.40% respectively. The Governing Council continues to expect the key ECB interest rates to remain at present or lower levels for an extended period of time, and well past the horizon of the net asset purchases. Regarding non-standard monetary policy measures, the Governing Council confirms that the net asset purchases, at the new monthly pace of €60 billion, are intended to run until the end of December 2017, or beyond, if necessary, and in any case until the Governing Council sees a sustained adjustment in the path of inflation consistent with its inflation aim. The net purchases will be made alongside reinvestments of the principal payments from maturing securities purchased under the asset purchase programme. If the outlook becomes less favourable, or if financial conditions become inconsistent with further progress towards a sustained adjustment in the path of inflation, the Governing Council stands ready to increase the programme in terms of size and/or duration. The President of the ECB will comment on the considerations underlying these decisions at a press conference starting at 14:30 CET today. Directorate General Communications Reproduction is permitted provided that the source is acknowledged. Find out more about related content"
ECB,2017-06-08,decision,ecb_dec_20170608,214,12:15,14:15,ECB Governing Council,Monetary policy decisions,https://www.ecb.europa.eu/press/pr/date/2017/html/ecb.mp170608.en.html,OK,True,True,False,235,8,"At today’s meeting, which was held in Tallinn, the Governing Council of the ECB decided that the interest rate on the main refinancing operations and the interest rates on the marginal lending facility and the deposit facility will remain unchanged at 0.00%, 0.25% and -0.40% respectively. The Governing Council expects the key ECB interest rates to remain at their present levels for an extended period of time, and well past the horizon of the net asset purchases. Regarding non-standard monetary policy measures, the Governing Council confirms that the net asset purchases, at the current monthly pace of €60 billion, are intended to run until the end of December 2017, or beyond, if necessary, and in any case until the Governing Council sees a sustained adjustment in the path of inflation consistent with its inflation aim. The net purchases will be made alongside reinvestments of the principal payments from maturing securities purchased under the asset purchase programme. If the outlook becomes less favourable, or if financial conditions become inconsistent with further progress towards a sustained adjustment in the path of inflation, the Governing Council stands ready to increase the programme in terms of size and/or duration. The President of the ECB will comment on the considerations underlying these decisions at a press conference starting at 14:30 CET today. Directorate General Communications Reproduction is permitted provided that the source is acknowledged. Find out more about related content","At today’s meeting, which was held in Tallinn, the Governing Council of the ECB decided that the interest rate on the main refinancing operations and the interest rates on the marginal lending facility and the deposit facility will remain unchanged at 0.00%, 0.25% and -0.40% respectively. The Governing Council expects the key ECB interest rates to remain at their present levels for an extended period of time, and well past the horizon of the net asset purchases. Regarding non-standard monetary policy measures, the Governing Council confirms that the net asset purchases, at the current monthly pace of €60 billion, are intended to run until the end of December 2017, or beyond, if necessary, and in any case until the Governing Council sees a sustained adjustment in the path of inflation consistent with its inflation aim. The net purchases will be made alongside reinvestments of the principal payments from maturing securities purchased under the asset purchase programme. If the outlook becomes less favourable, or if financial conditions become inconsistent with further progress towards a sustained adjustment in the path of inflation, the Governing Council stands ready to increase the programme in terms of size and/or duration. The President of the ECB will comment on the considerations underlying these decisions at a press conference starting at 14:30 CET today. Directorate General Communications Reproduction is permitted provided that the source is acknowledged. Find out more about related content"
ECB,2017-07-20,decision,ecb_dec_20170720,215,12:15,14:15,ECB Governing Council,Monetary policy decisions,https://www.ecb.europa.eu/press/pr/date/2017/html/ecb.mp170720.en.html,OK,True,True,False,229,8,"At today’s meeting the Governing Council of the ECB decided that the interest rate on the main refinancing operations and the interest rates on the marginal lending facility and the deposit facility will remain unchanged at 0.00%, 0.25% and -0.40% respectively. The Governing Council expects the key ECB interest rates to remain at their present levels for an extended period of time, and well past the horizon of the net asset purchases. Regarding non-standard monetary policy measures, the Governing Council confirms that the net asset purchases, at the current monthly pace of €60 billion, are intended to run until the end of December 2017, or beyond, if necessary, and in any case until the Governing Council sees a sustained adjustment in the path of inflation consistent with its inflation aim. The net purchases are made alongside reinvestments of the principal payments from maturing securities purchased under the asset purchase programme. If the outlook becomes less favourable, or if financial conditions become inconsistent with further progress towards a sustained adjustment in the path of inflation, the Governing Council stands ready to increase the programme in terms of size and/or duration. The President of the ECB will comment on the considerations underlying these decisions at a press conference starting at 14:30 CET today. Directorate General Communications Reproduction is permitted provided that the source is acknowledged. Find out more about related content","At today’s meeting the Governing Council of the ECB decided that the interest rate on the main refinancing operations and the interest rates on the marginal lending facility and the deposit facility will remain unchanged at 0.00%, 0.25% and -0.40% respectively. The Governing Council expects the key ECB interest rates to remain at their present levels for an extended period of time, and well past the horizon of the net asset purchases. Regarding non-standard monetary policy measures, the Governing Council confirms that the net asset purchases, at the current monthly pace of €60 billion, are intended to run until the end of December 2017, or beyond, if necessary, and in any case until the Governing Council sees a sustained adjustment in the path of inflation consistent with its inflation aim. The net purchases are made alongside reinvestments of the principal payments from maturing securities purchased under the asset purchase programme. If the outlook becomes less favourable, or if financial conditions become inconsistent with further progress towards a sustained adjustment in the path of inflation, the Governing Council stands ready to increase the programme in terms of size and/or duration. The President of the ECB will comment on the considerations underlying these decisions at a press conference starting at 14:30 CET today. Directorate General Communications Reproduction is permitted provided that the source is acknowledged. Find out more about related content"
ECB,2017-09-07,decision,ecb_dec_20170907,216,12:15,14:15,ECB Governing Council,Monetary policy decisions,https://www.ecb.europa.eu/press/pr/date/2017/html/ecb.mp170907.en.html,OK,True,True,False,229,8,"At today’s meeting the Governing Council of the ECB decided that the interest rate on the main refinancing operations and the interest rates on the marginal lending facility and the deposit facility will remain unchanged at 0.00%, 0.25% and -0.40% respectively. The Governing Council expects the key ECB interest rates to remain at their present levels for an extended period of time, and well past the horizon of the net asset purchases. Regarding non-standard monetary policy measures, the Governing Council confirms that the net asset purchases, at the current monthly pace of €60 billion, are intended to run until the end of December 2017, or beyond, if necessary, and in any case until the Governing Council sees a sustained adjustment in the path of inflation consistent with its inflation aim. The net purchases are made alongside reinvestments of the principal payments from maturing securities purchased under the asset purchase programme. If the outlook becomes less favourable, or if financial conditions become inconsistent with further progress towards a sustained adjustment in the path of inflation, the Governing Council stands ready to increase the programme in terms of size and/or duration. The President of the ECB will comment on the considerations underlying these decisions at a press conference starting at 14:30 CET today. Directorate General Communications Reproduction is permitted provided that the source is acknowledged. Find out more about related content","At today’s meeting the Governing Council of the ECB decided that the interest rate on the main refinancing operations and the interest rates on the marginal lending facility and the deposit facility will remain unchanged at 0.00%, 0.25% and -0.40% respectively. The Governing Council expects the key ECB interest rates to remain at their present levels for an extended period of time, and well past the horizon of the net asset purchases. Regarding non-standard monetary policy measures, the Governing Council confirms that the net asset purchases, at the current monthly pace of €60 billion, are intended to run until the end of December 2017, or beyond, if necessary, and in any case until the Governing Council sees a sustained adjustment in the path of inflation consistent with its inflation aim. The net purchases are made alongside reinvestments of the principal payments from maturing securities purchased under the asset purchase programme. If the outlook becomes less favourable, or if financial conditions become inconsistent with further progress towards a sustained adjustment in the path of inflation, the Governing Council stands ready to increase the programme in terms of size and/or duration. The President of the ECB will comment on the considerations underlying these decisions at a press conference starting at 14:30 CET today. Directorate General Communications Reproduction is permitted provided that the source is acknowledged. Find out more about related content"
ECB,2017-10-26,decision,ecb_dec_20171026,217,12:15,14:15,ECB Governing Council,Monetary policy decisions,https://www.ecb.europa.eu/press/pr/date/2017/html/ecb.mp171026.en.html,OK,True,True,False,334,11,"At today’s meeting the Governing Council of the ECB took the following monetary policy decisions: (1) The interest rate on the main refinancing operations and the interest rates on the marginal lending facility and the deposit facility will remain unchanged at 0.00%, 0.25% and -0.40% respectively. The Governing Council continues to expect the key ECB interest rates to remain at their present levels for an extended period of time, and well past the horizon of the net asset purchases. (2) As regards non-standard monetary policy measures, purchases under the asset purchase programme (APP) will continue at the current monthly pace of €60 billion until the end of December 2017. From January 2018 the net asset purchases are intended to continue at a monthly pace of €30 billion until the end of September 2018, or beyond, if necessary, and in any case until the Governing Council sees a sustained adjustment in the path of inflation consistent with its inflation aim. If the outlook becomes less favourable, or if financial conditions become inconsistent with further progress towards a sustained adjustment in the path of inflation, the Governing Council stands ready to increase the APP in terms of size and/or duration. (3) The Eurosystem will reinvest the principal payments from maturing securities purchased under the APP for an extended period of time after the end of its net asset purchases, and in any case for as long as necessary. This will contribute both to favourable liquidity conditions and to an appropriate monetary policy stance. (4) The main refinancing operations and the three-month longer-term refinancing operations will continue to be conducted as fixed rate tender procedures with full allotment for as long as necessary, and at least until the end of the last reserve maintenance period of 2019. The President of the ECB will comment on the considerations underlying these decisions at a press conference starting at 14:30 CET today. Directorate General Communications Reproduction is permitted provided that the source is acknowledged. Find out more about related content","At today’s meeting the Governing Council of the ECB took the following monetary policy decisions: (1) The interest rate on the main refinancing operations and the interest rates on the marginal lending facility and the deposit facility will remain unchanged at 0.00%, 0.25% and -0.40% respectively. The Governing Council continues to expect the key ECB interest rates to remain at their present levels for an extended period of time, and well past the horizon of the net asset purchases. (2) As regards non-standard monetary policy measures, purchases under the asset purchase programme (APP) will continue at the current monthly pace of €60 billion until the end of December 2017. From January 2018 the net asset purchases are intended to continue at a monthly pace of €30 billion until the end of September 2018, or beyond, if necessary, and in any case until the Governing Council sees a sustained adjustment in the path of inflation consistent with its inflation aim. If the outlook becomes less favourable, or if financial conditions become inconsistent with further progress towards a sustained adjustment in the path of inflation, the Governing Council stands ready to increase the APP in terms of size and/or duration. (3) The Eurosystem will reinvest the principal payments from maturing securities purchased under the APP for an extended period of time after the end of its net asset purchases, and in any case for as long as necessary. This will contribute both to favourable liquidity conditions and to an appropriate monetary policy stance. (4) The main refinancing operations and the three-month longer-term refinancing operations will continue to be conducted as fixed rate tender procedures with full allotment for as long as necessary, and at least until the end of the last reserve maintenance period of 2019. The President of the ECB will comment on the considerations underlying these decisions at a press conference starting at 14:30 CET today. Directorate General Communications Reproduction is permitted provided that the source is acknowledged. Find out more about related content"
ECB,2017-12-14,decision,ecb_dec_20171214,218,13:15,14:15,ECB Governing Council,Monetary policy decisions,https://www.ecb.europa.eu/press/pr/date/2017/html/ecb.mp171214.en.html,OK,True,True,False,270,9,"At today’s meeting the Governing Council of the ECB decided that the interest rate on the main refinancing operations and the interest rates on the marginal lending facility and the deposit facility will remain unchanged at 0.00%, 0.25% and -0.40% respectively. The Governing Council expects the key ECB interest rates to remain at their present levels for an extended period of time, and well past the horizon of the net asset purchases. Regarding non-standard monetary policy measures, the Governing Council confirms that from January 2018 it intends to continue to make net asset purchases under the asset purchase programme (APP), at a monthly pace of €30 billion, until the end of September 2018, or beyond, if necessary, and in any case until the Governing Council sees a sustained adjustment in the path of inflation consistent with its inflation aim. If the outlook becomes less favourable, or if financial conditions become inconsistent with further progress towards a sustained adjustment in the path of inflation, the Governing Council stands ready to increase the APP in terms of size and/or duration. The Eurosystem will reinvest the principal payments from maturing securities purchased under the APP for an extended period of time after the end of its net asset purchases, and in any case for as long as necessary. This will contribute both to favourable liquidity conditions and to an appropriate monetary policy stance. The President of the ECB will comment on the considerations underlying these decisions at a press conference starting at 14:30 CET today. Directorate General Communications Reproduction is permitted provided that the source is acknowledged. Find out more about related content","At today’s meeting the Governing Council of the ECB decided that the interest rate on the main refinancing operations and the interest rates on the marginal lending facility and the deposit facility will remain unchanged at 0.00%, 0.25% and -0.40% respectively. The Governing Council expects the key ECB interest rates to remain at their present levels for an extended period of time, and well past the horizon of the net asset purchases. Regarding non-standard monetary policy measures, the Governing Council confirms that from January 2018 it intends to continue to make net asset purchases under the asset purchase programme (APP), at a monthly pace of €30 billion, until the end of September 2018, or beyond, if necessary, and in any case until the Governing Council sees a sustained adjustment in the path of inflation consistent with its inflation aim. If the outlook becomes less favourable, or if financial conditions become inconsistent with further progress towards a sustained adjustment in the path of inflation, the Governing Council stands ready to increase the APP in terms of size and/or duration. The Eurosystem will reinvest the principal payments from maturing securities purchased under the APP for an extended period of time after the end of its net asset purchases, and in any case for as long as necessary. This will contribute both to favourable liquidity conditions and to an appropriate monetary policy stance. The President of the ECB will comment on the considerations underlying these decisions at a press conference starting at 14:30 CET today. Directorate General Communications Reproduction is permitted provided that the source is acknowledged. Find out more about related content"
ECB,2018-01-25,decision,ecb_dec_20180125,219,13:15,14:15,ECB Governing Council,Monetary policy decisions,https://www.ecb.europa.eu/press/pr/date/2018/html/ecb.mp180125.en.html,OK,True,True,False,264,9,"At today’s meeting the Governing Council of the ECB decided that the interest rate on the main refinancing operations and the interest rates on the marginal lending facility and the deposit facility will remain unchanged at 0.00%, 0.25% and -0.40% respectively. The Governing Council expects the key ECB interest rates to remain at their present levels for an extended period of time, and well past the horizon of the net asset purchases. Regarding non-standard monetary policy measures, the Governing Council confirms that the net asset purchases, at the new monthly pace of €30 billion, are intended to run until the end of September 2018, or beyond, if necessary, and in any case until the Governing Council sees a sustained adjustment in the path of inflation consistent with its inflation aim. If the outlook becomes less favourable, or if financial conditions become inconsistent with further progress towards a sustained adjustment in the path of inflation, the Governing Council stands ready to increase the asset purchase programme (APP) in terms of size and/or duration. The Eurosystem will reinvest the principal payments from maturing securities purchased under the APP for an extended period of time after the end of its net asset purchases, and in any case for as long as necessary. This will contribute both to favourable liquidity conditions and to an appropriate monetary policy stance. The President of the ECB will comment on the considerations underlying these decisions at a press conference starting at 14:30 CET today. Directorate General Communications Reproduction is permitted provided that the source is acknowledged. Find out more about related content","At today’s meeting the Governing Council of the ECB decided that the interest rate on the main refinancing operations and the interest rates on the marginal lending facility and the deposit facility will remain unchanged at 0.00%, 0.25% and -0.40% respectively. The Governing Council expects the key ECB interest rates to remain at their present levels for an extended period of time, and well past the horizon of the net asset purchases. Regarding non-standard monetary policy measures, the Governing Council confirms that the net asset purchases, at the new monthly pace of €30 billion, are intended to run until the end of September 2018, or beyond, if necessary, and in any case until the Governing Council sees a sustained adjustment in the path of inflation consistent with its inflation aim. If the outlook becomes less favourable, or if financial conditions become inconsistent with further progress towards a sustained adjustment in the path of inflation, the Governing Council stands ready to increase the asset purchase programme (APP) in terms of size and/or duration. The Eurosystem will reinvest the principal payments from maturing securities purchased under the APP for an extended period of time after the end of its net asset purchases, and in any case for as long as necessary. This will contribute both to favourable liquidity conditions and to an appropriate monetary policy stance. The President of the ECB will comment on the considerations underlying these decisions at a press conference starting at 14:30 CET today. Directorate General Communications Reproduction is permitted provided that the source is acknowledged. Find out more about related content"
ECB,2018-03-08,decision,ecb_dec_20180308,220,12:15,14:15,ECB Governing Council,Monetary policy decisions,https://www.ecb.europa.eu/press/pr/date/2018/html/ecb.mp180308.en.html,OK,True,True,False,224,8,"At today’s meeting the Governing Council of the ECB decided that the interest rate on the main refinancing operations and the interest rates on the marginal lending facility and the deposit facility will remain unchanged at 0.00%, 0.25% and -0.40% respectively. The Governing Council expects the key ECB interest rates to remain at their present levels for an extended period of time, and well past the horizon of the net asset purchases. Regarding non-standard monetary policy measures, the Governing Council confirms that the net asset purchases, at the current monthly pace of €30 billion, are intended to run until the end of September 2018, or beyond, if necessary, and in any case until the Governing Council sees a sustained adjustment in the path of inflation consistent with its inflation aim. The Eurosystem will reinvest the principal payments from maturing securities purchased under the asset purchase programme for an extended period of time after the end of its net asset purchases, and in any case for as long as necessary. This will contribute both to favourable liquidity conditions and to an appropriate monetary policy stance. The President of the ECB will comment on the considerations underlying these decisions at a press conference starting at 14:30 CET today. Directorate General Communications Reproduction is permitted provided that the source is acknowledged. Find out more about related content","At today’s meeting the Governing Council of the ECB decided that the interest rate on the main refinancing operations and the interest rates on the marginal lending facility and the deposit facility will remain unchanged at 0.00%, 0.25% and -0.40% respectively. The Governing Council expects the key ECB interest rates to remain at their present levels for an extended period of time, and well past the horizon of the net asset purchases. Regarding non-standard monetary policy measures, the Governing Council confirms that the net asset purchases, at the current monthly pace of €30 billion, are intended to run until the end of September 2018, or beyond, if necessary, and in any case until the Governing Council sees a sustained adjustment in the path of inflation consistent with its inflation aim. The Eurosystem will reinvest the principal payments from maturing securities purchased under the asset purchase programme for an extended period of time after the end of its net asset purchases, and in any case for as long as necessary. This will contribute both to favourable liquidity conditions and to an appropriate monetary policy stance. The President of the ECB will comment on the considerations underlying these decisions at a press conference starting at 14:30 CET today. Directorate General Communications Reproduction is permitted provided that the source is acknowledged. Find out more about related content"
ECB,2018-04-26,decision,ecb_dec_20180426,221,12:15,14:15,ECB Governing Council,Monetary policy decisions,https://www.ecb.europa.eu/press/pr/date/2018/html/ecb.mp180426.en.html,OK,True,True,False,224,8,"At today’s meeting the Governing Council of the ECB decided that the interest rate on the main refinancing operations and the interest rates on the marginal lending facility and the deposit facility will remain unchanged at 0.00%, 0.25% and -0.40% respectively. The Governing Council expects the key ECB interest rates to remain at their present levels for an extended period of time, and well past the horizon of the net asset purchases. Regarding non-standard monetary policy measures, the Governing Council confirms that the net asset purchases, at the current monthly pace of €30 billion, are intended to run until the end of September 2018, or beyond, if necessary, and in any case until the Governing Council sees a sustained adjustment in the path of inflation consistent with its inflation aim. The Eurosystem will reinvest the principal payments from maturing securities purchased under the asset purchase programme for an extended period of time after the end of its net asset purchases, and in any case for as long as necessary. This will contribute both to favourable liquidity conditions and to an appropriate monetary policy stance. The President of the ECB will comment on the considerations underlying these decisions at a press conference starting at 14:30 CET today. Directorate General Communications Reproduction is permitted provided that the source is acknowledged. Find out more about related content","At today’s meeting the Governing Council of the ECB decided that the interest rate on the main refinancing operations and the interest rates on the marginal lending facility and the deposit facility will remain unchanged at 0.00%, 0.25% and -0.40% respectively. The Governing Council expects the key ECB interest rates to remain at their present levels for an extended period of time, and well past the horizon of the net asset purchases. Regarding non-standard monetary policy measures, the Governing Council confirms that the net asset purchases, at the current monthly pace of €30 billion, are intended to run until the end of September 2018, or beyond, if necessary, and in any case until the Governing Council sees a sustained adjustment in the path of inflation consistent with its inflation aim. The Eurosystem will reinvest the principal payments from maturing securities purchased under the asset purchase programme for an extended period of time after the end of its net asset purchases, and in any case for as long as necessary. This will contribute both to favourable liquidity conditions and to an appropriate monetary policy stance. The President of the ECB will comment on the considerations underlying these decisions at a press conference starting at 14:30 CET today. Directorate General Communications Reproduction is permitted provided that the source is acknowledged. Find out more about related content"
ECB,2018-06-14,decision,ecb_dec_20180614,222,12:15,14:15,ECB Governing Council,Monetary policy decisions,https://www.ecb.europa.eu/press/pr/date/2018/html/ecb.mp180614.en.html,OK,True,True,False,360,10,"At today’s meeting, which was held in Riga, the Governing Council of the ECB undertook a careful review of the progress towards a sustained adjustment in the path of inflation, also taking into account the latest Eurosystem staff macroeconomic projections, measures of price and wage pressures, and uncertainties surrounding the inflation outlook. Based on this review the Governing Council made the following decisions: First, as regards non-standard monetary policy measures, the Governing Council will continue to make net purchases under the asset purchase programme (APP) at the current monthly pace of €30 billion until the end of September 2018. The Governing Council anticipates that, after September 2018, subject to incoming data confirming the Governing Council’s medium-term inflation outlook, the monthly pace of the net asset purchases will be reduced to €15 billion until the end of December 2018 and that net purchases will then end. Second, the Governing Council intends to maintain its policy of reinvesting the principal payments from maturing securities purchased under the APP for an extended period of time after the end of the net asset purchases, and in any case for as long as necessary to maintain favourable liquidity conditions and an ample degree of monetary accommodation. Third, the Governing Council decided that the interest rate on the main refinancing operations and the interest rates on the marginal lending facility and the deposit facility will remain unchanged at 0.00%, 0.25% and -0.40% respectively. The Governing Council expects the key ECB interest rates to remain at their present levels at least through the summer of 2019 and in any case for as long as necessary to ensure that the evolution of inflation remains aligned with the current expectations of a sustained adjustment path. Today’s monetary policy decisions maintain the current ample degree of monetary accommodation that will ensure the continued sustained convergence of inflation towards levels that are below, but close to, 2% over the medium term. The President of the ECB will comment on the considerations underlying these decisions at a press conference starting at 14:30 CET today. Directorate General Communications Reproduction is permitted provided that the source is acknowledged. Find out more about related content","At today’s meeting, which was held in Riga, the Governing Council of the ECB undertook a careful review of the progress towards a sustained adjustment in the path of inflation, also taking into account the latest Eurosystem staff macroeconomic projections, measures of price and wage pressures, and uncertainties surrounding the inflation outlook. Based on this review the Governing Council made the following decisions: First, as regards non-standard monetary policy measures, the Governing Council will continue to make net purchases under the asset purchase programme (APP) at the current monthly pace of €30 billion until the end of September 2018. The Governing Council anticipates that, after September 2018, subject to incoming data confirming the Governing Council’s medium-term inflation outlook, the monthly pace of the net asset purchases will be reduced to €15 billion until the end of December 2018 and that net purchases will then end. Second, the Governing Council intends to maintain its policy of reinvesting the principal payments from maturing securities purchased under the APP for an extended period of time after the end of the net asset purchases, and in any case for as long as necessary to maintain favourable liquidity conditions and an ample degree of monetary accommodation. Third, the Governing Council decided that the interest rate on the main refinancing operations and the interest rates on the marginal lending facility and the deposit facility will remain unchanged at 0.00%, 0.25% and -0.40% respectively. The Governing Council expects the key ECB interest rates to remain at their present levels at least through the summer of 2019 and in any case for as long as necessary to ensure that the evolution of inflation remains aligned with the current expectations of a sustained adjustment path. Today’s monetary policy decisions maintain the current ample degree of monetary accommodation that will ensure the continued sustained convergence of inflation towards levels that are below, but close to, 2% over the medium term. The President of the ECB will comment on the considerations underlying these decisions at a press conference starting at 14:30 CET today. Directorate General Communications Reproduction is permitted provided that the source is acknowledged. Find out more about related content"
ECB,2018-07-26,decision,ecb_dec_20180726,223,12:15,14:15,ECB Governing Council,Monetary policy decisions,https://www.ecb.europa.eu/press/pr/date/2018/html/ecb.mp180726.en.html,OK,True,True,False,264,8,"At today’s meeting the Governing Council of the ECB decided that the interest rate on the main refinancing operations and the interest rates on the marginal lending facility and the deposit facility will remain unchanged at 0.00%, 0.25% and -0.40% respectively. The Governing Council expects the key ECB interest rates to remain at their present levels at least through the summer of 2019, and in any case for as long as necessary to ensure the continued sustained convergence of inflation to levels that are below, but close to, 2% over the medium term. Regarding non-standard monetary policy measures, the Governing Council will continue to make net purchases under the asset purchase programme (APP) at the current monthly pace of €30 billion until the end of September 2018. The Governing Council anticipates that, after September 2018, subject to incoming data confirming the Governing Council’s medium-term inflation outlook, the monthly pace of the net asset purchases will be reduced to €15 billion until the end of December 2018 and that net purchases will then end. The Governing Council intends to reinvest the principal payments from maturing securities purchased under the APP for an extended period of time after the end of the net asset purchases, and in any case for as long as necessary to maintain favourable liquidity conditions and an ample degree of monetary accommodation. The President of the ECB will comment on the considerations underlying these decisions at a press conference starting at 14:30 CET today. Directorate General Communications Reproduction is permitted provided that the source is acknowledged. Find out more about related content","At today’s meeting the Governing Council of the ECB decided that the interest rate on the main refinancing operations and the interest rates on the marginal lending facility and the deposit facility will remain unchanged at 0.00%, 0.25% and -0.40% respectively. The Governing Council expects the key ECB interest rates to remain at their present levels at least through the summer of 2019, and in any case for as long as necessary to ensure the continued sustained convergence of inflation to levels that are below, but close to, 2% over the medium term. Regarding non-standard monetary policy measures, the Governing Council will continue to make net purchases under the asset purchase programme (APP) at the current monthly pace of €30 billion until the end of September 2018. The Governing Council anticipates that, after September 2018, subject to incoming data confirming the Governing Council’s medium-term inflation outlook, the monthly pace of the net asset purchases will be reduced to €15 billion until the end of December 2018 and that net purchases will then end. The Governing Council intends to reinvest the principal payments from maturing securities purchased under the APP for an extended period of time after the end of the net asset purchases, and in any case for as long as necessary to maintain favourable liquidity conditions and an ample degree of monetary accommodation. The President of the ECB will comment on the considerations underlying these decisions at a press conference starting at 14:30 CET today. Directorate General Communications Reproduction is permitted provided that the source is acknowledged. Find out more about related content"
ECB,2018-09-13,decision,ecb_dec_20180913,224,12:15,14:15,ECB Governing Council,Monetary policy decisions,https://www.ecb.europa.eu/press/pr/date/2018/html/ecb.mp180913.en.html,OK,True,True,False,263,8,"At today’s meeting the Governing Council of the European Central Bank (ECB) decided that the interest rate on the main refinancing operations and the interest rates on the marginal lending facility and the deposit facility will remain unchanged at 0.00%, 0.25% and -0.40% respectively. The Governing Council expects the key ECB interest rates to remain at their present levels at least through the summer of 2019, and in any case for as long as necessary to ensure the continued sustained convergence of inflation to levels that are below, but close to, 2% over the medium term. Regarding non-standard monetary policy measures, the Governing Council will continue to make net purchases under the asset purchase programme (APP) at the current monthly pace of €30 billion until the end of this month. After September 2018, the Governing Council will reduce the monthly pace of the net asset purchases to €15 billion until the end of December 2018 and anticipates that, subject to incoming data confirming the medium-term inflation outlook, net purchases will then end. The Governing Council intends to reinvest the principal payments from maturing securities purchased under the APP for an extended period of time after the end of the net asset purchases, and in any case for as long as necessary to maintain favourable liquidity conditions and an ample degree of monetary accommodation. The President of the ECB will comment on the considerations underlying these decisions at a press conference starting at 14:30 CET today. Directorate General Communications Reproduction is permitted provided that the source is acknowledged. Find out more about related content","At today’s meeting the Governing Council of the European Central Bank (ECB) decided that the interest rate on the main refinancing operations and the interest rates on the marginal lending facility and the deposit facility will remain unchanged at 0.00%, 0.25% and -0.40% respectively. The Governing Council expects the key ECB interest rates to remain at their present levels at least through the summer of 2019, and in any case for as long as necessary to ensure the continued sustained convergence of inflation to levels that are below, but close to, 2% over the medium term. Regarding non-standard monetary policy measures, the Governing Council will continue to make net purchases under the asset purchase programme (APP) at the current monthly pace of €30 billion until the end of this month. After September 2018, the Governing Council will reduce the monthly pace of the net asset purchases to €15 billion until the end of December 2018 and anticipates that, subject to incoming data confirming the medium-term inflation outlook, net purchases will then end. The Governing Council intends to reinvest the principal payments from maturing securities purchased under the APP for an extended period of time after the end of the net asset purchases, and in any case for as long as necessary to maintain favourable liquidity conditions and an ample degree of monetary accommodation. The President of the ECB will comment on the considerations underlying these decisions at a press conference starting at 14:30 CET today. Directorate General Communications Reproduction is permitted provided that the source is acknowledged. Find out more about related content"
ECB,2018-10-25,decision,ecb_dec_20181025,225,12:15,14:15,ECB Governing Council,Monetary policy decisions,https://www.ecb.europa.eu/press/pr/date/2018/html/ecb.mp181025.en.html,OK,True,True,False,240,8,"At today’s meeting the Governing Council of the European Central Bank (ECB) decided that the interest rate on the main refinancing operations and the interest rates on the marginal lending facility and the deposit facility will remain unchanged at 0.00%, 0.25% and -0.40% respectively. The Governing Council expects the key ECB interest rates to remain at their present levels at least through the summer of 2019, and in any case for as long as necessary to ensure the continued sustained convergence of inflation to levels that are below, but close to, 2% over the medium term. Regarding non-standard monetary policy measures, the Governing Council will continue to make net purchases under the asset purchase programme (APP) at the new monthly pace of €15 billion until the end of December 2018. The Governing Council anticipates that, subject to incoming data confirming the medium-term inflation outlook, net purchases will then end. The Governing Council intends to reinvest the principal payments from maturing securities purchased under the APP for an extended period of time after the end of the net asset purchases, and in any case for as long as necessary to maintain favourable liquidity conditions and an ample degree of monetary accommodation. The President of the ECB will comment on the considerations underlying these decisions at a press conference starting at 14:30 CET today. Directorate General Communications Reproduction is permitted provided that the source is acknowledged. Find out more about related content","At today’s meeting the Governing Council of the European Central Bank (ECB) decided that the interest rate on the main refinancing operations and the interest rates on the marginal lending facility and the deposit facility will remain unchanged at 0.00%, 0.25% and -0.40% respectively. The Governing Council expects the key ECB interest rates to remain at their present levels at least through the summer of 2019, and in any case for as long as necessary to ensure the continued sustained convergence of inflation to levels that are below, but close to, 2% over the medium term. Regarding non-standard monetary policy measures, the Governing Council will continue to make net purchases under the asset purchase programme (APP) at the new monthly pace of €15 billion until the end of December 2018. The Governing Council anticipates that, subject to incoming data confirming the medium-term inflation outlook, net purchases will then end. The Governing Council intends to reinvest the principal payments from maturing securities purchased under the APP for an extended period of time after the end of the net asset purchases, and in any case for as long as necessary to maintain favourable liquidity conditions and an ample degree of monetary accommodation. The President of the ECB will comment on the considerations underlying these decisions at a press conference starting at 14:30 CET today. Directorate General Communications Reproduction is permitted provided that the source is acknowledged. Find out more about related content"
ECB,2018-12-13,decision,ecb_dec_20181213,226,13:15,14:15,ECB Governing Council,Monetary policy decisions,https://www.ecb.europa.eu/press/pr/date/2018/html/ecb.mp181213.en.html,OK,True,True,False,228,8,"At today’s meeting the Governing Council of the European Central Bank (ECB) decided that the interest rate on the main refinancing operations and the interest rates on the marginal lending facility and the deposit facility will remain unchanged at 0.00%, 0.25% and -0.40% respectively. The Governing Council expects the key ECB interest rates to remain at their present levels at least through the summer of 2019, and in any case for as long as necessary to ensure the continued sustained convergence of inflation to levels that are below, but close to, 2% over the medium term. Regarding non-standard monetary policy measures, the net purchases under the asset purchase programme (APP) will end in December 2018. At the same time, the Governing Council is enhancing its forward guidance on reinvestment. Accordingly, the Governing Council intends to continue reinvesting, in full, the principal payments from maturing securities purchased under the APP for an extended period of time past the date when it starts raising the key ECB interest rates, and in any case for as long as necessary to maintain favourable liquidity conditions and an ample degree of monetary accommodation. The President of the ECB will comment on the considerations underlying these decisions at a press conference starting at 14:30 CET today. Directorate General Communications Reproduction is permitted provided that the source is acknowledged. Find out more about related content","At today’s meeting the Governing Council of the European Central Bank (ECB) decided that the interest rate on the main refinancing operations and the interest rates on the marginal lending facility and the deposit facility will remain unchanged at 0.00%, 0.25% and -0.40% respectively. The Governing Council expects the key ECB interest rates to remain at their present levels at least through the summer of 2019, and in any case for as long as necessary to ensure the continued sustained convergence of inflation to levels that are below, but close to, 2% over the medium term. Regarding non-standard monetary policy measures, the net purchases under the asset purchase programme (APP) will end in December 2018. At the same time, the Governing Council is enhancing its forward guidance on reinvestment. Accordingly, the Governing Council intends to continue reinvesting, in full, the principal payments from maturing securities purchased under the APP for an extended period of time past the date when it starts raising the key ECB interest rates, and in any case for as long as necessary to maintain favourable liquidity conditions and an ample degree of monetary accommodation. The President of the ECB will comment on the considerations underlying these decisions at a press conference starting at 14:30 CET today. Directorate General Communications Reproduction is permitted provided that the source is acknowledged. Find out more about related content"
ECB,2019-01-24,decision,ecb_dec_20190124,227,13:15,14:15,ECB Governing Council,Monetary policy decisions,https://www.ecb.europa.eu/press/pr/date/2019/html/ecb.mp190124~5c00d09d5d.en.html,OK,True,True,False,201,6,"At today’s meeting the Governing Council of the European Central Bank (ECB) decided that the interest rate on the main refinancing operations and the interest rates on the marginal lending facility and the deposit facility will remain unchanged at 0.00%, 0.25% and -0.40% respectively. The Governing Council expects the key ECB interest rates to remain at their present levels at least through the summer of 2019, and in any case for as long as necessary to ensure the continued sustained convergence of inflation to levels that are below, but close to, 2% over the medium term. Regarding non-standard monetary policy measures, the Governing Council intends to continue reinvesting, in full, the principal payments from maturing securities purchased under the asset purchase programme for an extended period of time past the date when it starts raising the key ECB interest rates, and in any case for as long as necessary to maintain favourable liquidity conditions and an ample degree of monetary accommodation. The President of the ECB will comment on the considerations underlying these decisions at a press conference starting at 14:30 CET today. Directorate General Communications Reproduction is permitted provided that the source is acknowledged. Find out more about related content","At today’s meeting the Governing Council of the European Central Bank (ECB) decided that the interest rate on the main refinancing operations and the interest rates on the marginal lending facility and the deposit facility will remain unchanged at 0.00%, 0.25% and -0.40% respectively. The Governing Council expects the key ECB interest rates to remain at their present levels at least through the summer of 2019, and in any case for as long as necessary to ensure the continued sustained convergence of inflation to levels that are below, but close to, 2% over the medium term. Regarding non-standard monetary policy measures, the Governing Council intends to continue reinvesting, in full, the principal payments from maturing securities purchased under the asset purchase programme for an extended period of time past the date when it starts raising the key ECB interest rates, and in any case for as long as necessary to maintain favourable liquidity conditions and an ample degree of monetary accommodation. The President of the ECB will comment on the considerations underlying these decisions at a press conference starting at 14:30 CET today. Directorate General Communications Reproduction is permitted provided that the source is acknowledged. Find out more about related content"
ECB,2019-03-07,decision,ecb_dec_20190307,228,12:15,14:15,ECB Governing Council,Monetary policy decisions,https://www.ecb.europa.eu/press/pr/date/2019/html/ecb.mp190307~7d8a9d2665.en.html,OK,True,True,False,360,12,"At today’s meeting the Governing Council of the European Central Bank (ECB) took the following monetary policy decisions: (1) The interest rate on the main refinancing operations and the interest rates on the marginal lending facility and the deposit facility will remain unchanged at 0.00%, 0.25% and -0.40% respectively. The Governing Council now expects the key ECB interest rates to remain at their present levels at least through the end of 2019, and in any case for as long as necessary to ensure the continued sustained convergence of inflation to levels that are below, but close to, 2% over the medium term. (2) The Governing Council intends to continue reinvesting, in full, the principal payments from maturing securities purchased under the asset purchase programme for an extended period of time past the date when it starts raising the key ECB interest rates, and in any case for as long as necessary to maintain favourable liquidity conditions and an ample degree of monetary accommodation. (3) A new series of quarterly targeted longer-term refinancing operations (TLTRO-III) will be launched, starting in September 2019 and ending in March 2021, each with a maturity of two years. These new operations will help to preserve favourable bank lending conditions and the smooth transmission of monetary policy. Under TLTRO-III, counterparties will be entitled to borrow up to 30% of the stock of eligible loans as at 28 February 2019 at a rate indexed to the interest rate on the main refinancing operations over the life of each operation. Like the outstanding TLTRO programme, TLTRO-III will feature built-in incentives for credit conditions to remain favourable. Further details on the precise terms of TLTRO-III will be communicated in due course. (4) The Eurosystem’s lending operations will continue to be conducted as fixed rate tender procedures with full allotment for as long as necessary, and at least until the end of the reserve maintenance period starting in March 2021. The President of the ECB will comment on the considerations underlying these decisions at a press conference starting at 14:30 CET today. Directorate General Communications Reproduction is permitted provided that the source is acknowledged. Find out more about related content","At today’s meeting the Governing Council of the European Central Bank (ECB) took the following monetary policy decisions: (1) The interest rate on the main refinancing operations and the interest rates on the marginal lending facility and the deposit facility will remain unchanged at 0.00%, 0.25% and -0.40% respectively. The Governing Council now expects the key ECB interest rates to remain at their present levels at least through the end of 2019, and in any case for as long as necessary to ensure the continued sustained convergence of inflation to levels that are below, but close to, 2% over the medium term. (2) The Governing Council intends to continue reinvesting, in full, the principal payments from maturing securities purchased under the asset purchase programme for an extended period of time past the date when it starts raising the key ECB interest rates, and in any case for as long as necessary to maintain favourable liquidity conditions and an ample degree of monetary accommodation. (3) A new series of quarterly targeted longer-term refinancing operations (TLTRO-III) will be launched, starting in September 2019 and ending in March 2021, each with a maturity of two years. These new operations will help to preserve favourable bank lending conditions and the smooth transmission of monetary policy. Under TLTRO-III, counterparties will be entitled to borrow up to 30% of the stock of eligible loans as at 28 February 2019 at a rate indexed to the interest rate on the main refinancing operations over the life of each operation. Like the outstanding TLTRO programme, TLTRO-III will feature built-in incentives for credit conditions to remain favourable. Further details on the precise terms of TLTRO-III will be communicated in due course. (4) The Eurosystem’s lending operations will continue to be conducted as fixed rate tender procedures with full allotment for as long as necessary, and at least until the end of the reserve maintenance period starting in March 2021. The President of the ECB will comment on the considerations underlying these decisions at a press conference starting at 14:30 CET today. Directorate General Communications Reproduction is permitted provided that the source is acknowledged. Find out more about related content"
ECB,2019-04-10,decision,ecb_dec_20190410,229,12:15,14:15,ECB Governing Council,Monetary policy decisions,https://www.ecb.europa.eu/press/pr/date/2019/html/ecb.mp190410~3df2ed8a4c.en.html,OK,True,True,False,196,6,"At today’s meeting the Governing Council of the European Central Bank (ECB) decided that the interest rate on the main refinancing operations and the interest rates on the marginal lending facility and the deposit facility will remain unchanged at 0.00%, 0.25% and -0.40% respectively. The Governing Council expects the key ECB interest rates to remain at their present levels at least through the end of 2019, and in any case for as long as necessary to ensure the continued sustained convergence of inflation to levels that are below, but close to, 2% over the medium term. The Governing Council intends to continue reinvesting, in full, the principal payments from maturing securities purchased under the asset purchase programme for an extended period of time past the date when it starts raising the key ECB interest rates, and in any case for as long as necessary to maintain favourable liquidity conditions and an ample degree of monetary accommodation. The President of the ECB will comment on the considerations underlying these decisions at a press conference starting at 14:30 CET today. Directorate General Communications Reproduction is permitted provided that the source is acknowledged. Find out more about related content","At today’s meeting the Governing Council of the European Central Bank (ECB) decided that the interest rate on the main refinancing operations and the interest rates on the marginal lending facility and the deposit facility will remain unchanged at 0.00%, 0.25% and -0.40% respectively. The Governing Council expects the key ECB interest rates to remain at their present levels at least through the end of 2019, and in any case for as long as necessary to ensure the continued sustained convergence of inflation to levels that are below, but close to, 2% over the medium term. The Governing Council intends to continue reinvesting, in full, the principal payments from maturing securities purchased under the asset purchase programme for an extended period of time past the date when it starts raising the key ECB interest rates, and in any case for as long as necessary to maintain favourable liquidity conditions and an ample degree of monetary accommodation. The President of the ECB will comment on the considerations underlying these decisions at a press conference starting at 14:30 CET today. Directorate General Communications Reproduction is permitted provided that the source is acknowledged. Find out more about related content"
ECB,2019-06-06,decision,ecb_dec_20190606,230,12:15,14:15,ECB Governing Council,Monetary policy decisions,https://www.ecb.europa.eu/press/pr/date/2019/html/ecb.mp190606~1876cad9a5.en.html,OK,True,True,False,308,8,"At today’s meeting, which was held in Vilnius, the Governing Council of the European Central Bank (ECB) took the following monetary policy decisions: (1) The interest rate on the main refinancing operations and the interest rates on the marginal lending facility and the deposit facility will remain unchanged at 0.00%, 0.25% and -0.40% respectively. The Governing Council now expects the key ECB interest rates to remain at their present levels at least through the first half of 2020, and in any case for as long as necessary to ensure the continued sustained convergence of inflation to levels that are below, but close to, 2% over the medium term. (2) The Governing Council intends to continue reinvesting, in full, the principal payments from maturing securities purchased under the asset purchase programme for an extended period of time past the date when it starts raising the key ECB interest rates, and in any case for as long as necessary to maintain favourable liquidity conditions and an ample degree of monetary accommodation. (3) Regarding the modalities of the new series of quarterly targeted longer-term refinancing operations (TLTRO III), the Governing Council decided that the interest rate in each operation will be set at a level that is 10 basis points above the average rate applied in the Eurosystem’s main refinancing operations over the life of the respective TLTRO. For banks whose eligible net lending exceeds a benchmark, the rate applied in TLTRO III will be lower and can be as low as the average interest rate on the deposit facility prevailing over the life of the operation plus 10 basis points. The President of the ECB will comment on the considerations underlying these decisions at a press conference starting at 14:30 CET today. Directorate General Communications Reproduction is permitted provided that the source is acknowledged. Find out more about related content","At today’s meeting, which was held in Vilnius, the Governing Council of the European Central Bank (ECB) took the following monetary policy decisions: (1) The interest rate on the main refinancing operations and the interest rates on the marginal lending facility and the deposit facility will remain unchanged at 0.00%, 0.25% and -0.40% respectively. The Governing Council now expects the key ECB interest rates to remain at their present levels at least through the first half of 2020, and in any case for as long as necessary to ensure the continued sustained convergence of inflation to levels that are below, but close to, 2% over the medium term. (2) The Governing Council intends to continue reinvesting, in full, the principal payments from maturing securities purchased under the asset purchase programme for an extended period of time past the date when it starts raising the key ECB interest rates, and in any case for as long as necessary to maintain favourable liquidity conditions and an ample degree of monetary accommodation. (3) Regarding the modalities of the new series of quarterly targeted longer-term refinancing operations (TLTRO III), the Governing Council decided that the interest rate in each operation will be set at a level that is 10 basis points above the average rate applied in the Eurosystem’s main refinancing operations over the life of the respective TLTRO. For banks whose eligible net lending exceeds a benchmark, the rate applied in TLTRO III will be lower and can be as low as the average interest rate on the deposit facility prevailing over the life of the operation plus 10 basis points. The President of the ECB will comment on the considerations underlying these decisions at a press conference starting at 14:30 CET today. Directorate General Communications Reproduction is permitted provided that the source is acknowledged. Find out more about related content"
ECB,2019-07-25,decision,ecb_dec_20190725,231,12:15,14:15,ECB Governing Council,Monetary policy decisions,https://www.ecb.europa.eu/press/pr/date/2019/html/ecb.mp190725~52d3766c9e.en.html,OK,True,True,False,339,10,"At today’s meeting the Governing Council of the European Central Bank (ECB) decided that the interest rate on the main refinancing operations and the interest rates on the marginal lending facility and the deposit facility will remain unchanged at 0.00%, 0.25% and -0.40% respectively. The Governing Council expects the key ECB interest rates to remain at their present or lower levels at least through the first half of 2020, and in any case for as long as necessary to ensure the continued sustained convergence of inflation to its aim over the medium term. The Governing Council intends to continue reinvesting, in full, the principal payments from maturing securities purchased under the asset purchase programme for an extended period of time past the date when it starts raising the key ECB interest rates, and in any case for as long as necessary to maintain favourable liquidity conditions and an ample degree of monetary accommodation. The Governing Council also underlined the need for a highly accommodative stance of monetary policy for a prolonged period of time, as inflation rates, both realised and projected, have been persistently below levels that are in line with its aim. Accordingly, if the medium-term inflation outlook continues to fall short of its aim, the Governing Council is determined to act, in line with its commitment to symmetry in the inflation aim. It therefore stands ready to adjust all of its instruments, as appropriate, to ensure that inflation moves towards its aim in a sustained manner. In this context, the Governing Council has tasked the relevant Eurosystem Committees with examining options, including ways to reinforce its forward guidance on policy rates, mitigating measures, such as the design of a tiered system for reserve remuneration, and options for the size and composition of potential new net asset purchases. The President of the ECB will comment on the considerations underlying these decisions at a press conference starting at 14:30 CET today. Directorate General Communications Reproduction is permitted provided that the source is acknowledged. Find out more about related content","At today’s meeting the Governing Council of the European Central Bank (ECB) decided that the interest rate on the main refinancing operations and the interest rates on the marginal lending facility and the deposit facility will remain unchanged at 0.00%, 0.25% and -0.40% respectively. The Governing Council expects the key ECB interest rates to remain at their present or lower levels at least through the first half of 2020, and in any case for as long as necessary to ensure the continued sustained convergence of inflation to its aim over the medium term. The Governing Council intends to continue reinvesting, in full, the principal payments from maturing securities purchased under the asset purchase programme for an extended period of time past the date when it starts raising the key ECB interest rates, and in any case for as long as necessary to maintain favourable liquidity conditions and an ample degree of monetary accommodation. The Governing Council also underlined the need for a highly accommodative stance of monetary policy for a prolonged period of time, as inflation rates, both realised and projected, have been persistently below levels that are in line with its aim. Accordingly, if the medium-term inflation outlook continues to fall short of its aim, the Governing Council is determined to act, in line with its commitment to symmetry in the inflation aim. It therefore stands ready to adjust all of its instruments, as appropriate, to ensure that inflation moves towards its aim in a sustained manner. In this context, the Governing Council has tasked the relevant Eurosystem Committees with examining options, including ways to reinforce its forward guidance on policy rates, mitigating measures, such as the design of a tiered system for reserve remuneration, and options for the size and composition of potential new net asset purchases. The President of the ECB will comment on the considerations underlying these decisions at a press conference starting at 14:30 CET today. Directorate General Communications Reproduction is permitted provided that the source is acknowledged. Find out more about related content"
ECB,2019-09-12,decision,ecb_dec_20190912,232,12:15,14:15,ECB Governing Council,Monetary policy decisions,https://www.ecb.europa.eu/press/pr/date/2019/html/ecb.mp190912~08de50b4d2.en.html,OK,True,True,False,452,15,"At today’s meeting the Governing Council of the ECB took the following monetary policy decisions: (1) The interest rate on the deposit facility will be decreased by 10 basis points to -0.50%. The interest rate on the main refinancing operations and the rate on the marginal lending facility will remain unchanged at their current levels of 0.00% and 0.25% respectively. The Governing Council now expects the key ECB interest rates to remain at their present or lower levels until it has seen the inflation outlook robustly converge to a level sufficiently close to, but below, 2% within its projection horizon, and such convergence has been consistently reflected in underlying inflation dynamics. (2) Net purchases will be restarted under the Governing Council’s asset purchase programme (APP) at a monthly pace of €20 billion as from 1 November. The Governing Council expects them to run for as long as necessary to reinforce the accommodative impact of its policy rates, and to end shortly before it starts raising the key ECB interest rates. (3) Reinvestments of the principal payments from maturing securities purchased under the APP will continue, in full, for an extended period of time past the date when the Governing Council starts raising the key ECB interest rates, and in any case for as long as necessary to maintain favourable liquidity conditions and an ample degree of monetary accommodation. (4) The modalities of the new series of quarterly targeted longer-term refinancing operations (TLTRO III) will be changed to preserve favourable bank lending conditions, ensure the smooth transmission of monetary policy and further support the accommodative stance of monetary policy. The interest rate in each operation will now be set at the level of the average rate applied in the Eurosystem’s main refinancing operations over the life of the respective TLTRO. For banks whose eligible net lending exceeds a benchmark, the rate applied in TLTRO III operations will be lower, and can be as low as the average interest rate on the deposit facility prevailing over the life of the operation. The maturity of the operations will be extended from two to three years. (5) In order to support the bank-based transmission of monetary policy, a two-tier system for reserve remuneration will be introduced, in which part of banks’ holdings of excess liquidity will be exempt from the negative deposit facility rate. Separate press releases with further details of the measures taken by the Governing Council will be published this afternoon at 15:30 CET. The President of the ECB will comment on the considerations underlying these decisions at a press conference starting at 14:30 CET today. Directorate General Communications Reproduction is permitted provided that the source is acknowledged. Find out more about related content","At today’s meeting the Governing Council of the ECB took the following monetary policy decisions: (1) The interest rate on the deposit facility will be decreased by 10 basis points to -0.50%. The interest rate on the main refinancing operations and the rate on the marginal lending facility will remain unchanged at their current levels of 0.00% and 0.25% respectively. The Governing Council now expects the key ECB interest rates to remain at their present or lower levels until it has seen the inflation outlook robustly converge to a level sufficiently close to, but below, 2% within its projection horizon, and such convergence has been consistently reflected in underlying inflation dynamics. (2) Net purchases will be restarted under the Governing Council’s asset purchase programme (APP) at a monthly pace of €20 billion as from 1 November. The Governing Council expects them to run for as long as necessary to reinforce the accommodative impact of its policy rates, and to end shortly before it starts raising the key ECB interest rates. (3) Reinvestments of the principal payments from maturing securities purchased under the APP will continue, in full, for an extended period of time past the date when the Governing Council starts raising the key ECB interest rates, and in any case for as long as necessary to maintain favourable liquidity conditions and an ample degree of monetary accommodation. (4) The modalities of the new series of quarterly targeted longer-term refinancing operations (TLTRO III) will be changed to preserve favourable bank lending conditions, ensure the smooth transmission of monetary policy and further support the accommodative stance of monetary policy. The interest rate in each operation will now be set at the level of the average rate applied in the Eurosystem’s main refinancing operations over the life of the respective TLTRO. For banks whose eligible net lending exceeds a benchmark, the rate applied in TLTRO III operations will be lower, and can be as low as the average interest rate on the deposit facility prevailing over the life of the operation. The maturity of the operations will be extended from two to three years. (5) In order to support the bank-based transmission of monetary policy, a two-tier system for reserve remuneration will be introduced, in which part of banks’ holdings of excess liquidity will be exempt from the negative deposit facility rate. Separate press releases with further details of the measures taken by the Governing Council will be published this afternoon at 15:30 CET. The President of the ECB will comment on the considerations underlying these decisions at a press conference starting at 14:30 CET today. Directorate General Communications Reproduction is permitted provided that the source is acknowledged. Find out more about related content"
ECB,2019-10-24,decision,ecb_dec_20191024,233,12:15,14:15,ECB Governing Council,Monetary policy decisions,https://www.ecb.europa.eu/press/pr/date/2019/html/ecb.mp191024~438769bd4f.en.html,OK,True,True,False,260,8,"At today’s meeting the Governing Council of the European Central Bank (ECB) decided that the interest rate on the main refinancing operations and the interest rates on the marginal lending facility and the deposit facility will remain unchanged at 0.00%, 0.25% and -0.50% respectively. The Governing Council expects the key ECB interest rates to remain at their present or lower levels until it has seen the inflation outlook robustly converge to a level sufficiently close to, but below, 2% within its projection horizon, and such convergence has been consistently reflected in underlying inflation dynamics. As decided at the last Governing Council meeting in September, net purchases will be restarted under the Governing Council’s asset purchase programme (APP) at a monthly pace of €20 billion as from 1 November. The Governing Council expects them to run for as long as necessary to reinforce the accommodative impact of its policy rates, and to end shortly before it starts raising the key ECB interest rates. The Governing Council intends to continue reinvesting, in full, the principal payments from maturing securities purchased under the APP for an extended period of time past the date when it starts raising the key ECB interest rates, and in any case for as long as necessary to maintain favourable liquidity conditions and an ample degree of monetary accommodation. The President of the ECB will comment on the considerations underlying these decisions at a press conference starting at 14:30 CET today. Directorate General Communications Reproduction is permitted provided that the source is acknowledged. Find out more about related content","At today’s meeting the Governing Council of the European Central Bank (ECB) decided that the interest rate on the main refinancing operations and the interest rates on the marginal lending facility and the deposit facility will remain unchanged at 0.00%, 0.25% and -0.50% respectively. The Governing Council expects the key ECB interest rates to remain at their present or lower levels until it has seen the inflation outlook robustly converge to a level sufficiently close to, but below, 2% within its projection horizon, and such convergence has been consistently reflected in underlying inflation dynamics. As decided at the last Governing Council meeting in September, net purchases will be restarted under the Governing Council’s asset purchase programme (APP) at a monthly pace of €20 billion as from 1 November. The Governing Council expects them to run for as long as necessary to reinforce the accommodative impact of its policy rates, and to end shortly before it starts raising the key ECB interest rates. The Governing Council intends to continue reinvesting, in full, the principal payments from maturing securities purchased under the APP for an extended period of time past the date when it starts raising the key ECB interest rates, and in any case for as long as necessary to maintain favourable liquidity conditions and an ample degree of monetary accommodation. The President of the ECB will comment on the considerations underlying these decisions at a press conference starting at 14:30 CET today. Directorate General Communications Reproduction is permitted provided that the source is acknowledged. Find out more about related content"
ECB,2019-12-12,decision,ecb_dec_20191212,234,13:15,14:15,ECB Governing Council,Monetary policy decisions,https://www.ecb.europa.eu/press/pr/date/2019/html/ecb.mp191212~06d84240ae.en.html,OK,True,True,True,248,8,"At today’s meeting the Governing Council of the European Central Bank (ECB) decided that the interest rate on the main refinancing operations and the interest rates on the marginal lending facility and the deposit facility will remain unchanged at 0.00%, 0.25% and -0.50% respectively. The Governing Council expects the key ECB interest rates to remain at their present or lower levels until it has seen the inflation outlook robustly converge to a level sufficiently close to, but below, 2% within its projection horizon, and such convergence has been consistently reflected in underlying inflation dynamics. On 1 November net purchases were restarted under the Governing Council’s asset purchase programme (APP) at a monthly pace of €20 billion. The Governing Council expects them to run for as long as necessary to reinforce the accommodative impact of its policy rates, and to end shortly before it starts raising the key ECB interest rates. The Governing Council intends to continue reinvesting, in full, the principal payments from maturing securities purchased under the APP for an extended period of time past the date when it starts raising the key ECB interest rates, and in any case for as long as necessary to maintain favourable liquidity conditions and an ample degree of monetary accommodation. The President of the ECB will comment on the considerations underlying these decisions at a press conference starting at 14:30 CET today. Directorate General Communications Reproduction is permitted provided that the source is acknowledged. Find out more about related content","At today’s meeting the Governing Council of the European Central Bank (ECB) decided that the interest rate on the main refinancing operations and the interest rates on the marginal lending facility and the deposit facility will remain unchanged at 0.00%, 0.25% and -0.50% respectively. The Governing Council expects the key ECB interest rates to remain at their present or lower levels until it has seen the inflation outlook robustly converge to a level sufficiently close to, but below, 2% within its projection horizon, and such convergence has been consistently reflected in underlying inflation dynamics. On 1 November net purchases were restarted under the Governing Council’s asset purchase programme (APP) at a monthly pace of €20 billion. The Governing Council expects them to run for as long as necessary to reinforce the accommodative impact of its policy rates, and to end shortly before it starts raising the key ECB interest rates. The Governing Council intends to continue reinvesting, in full, the principal payments from maturing securities purchased under the APP for an extended period of time past the date when it starts raising the key ECB interest rates, and in any case for as long as necessary to maintain favourable liquidity conditions and an ample degree of monetary accommodation. The President of the ECB will comment on the considerations underlying these decisions at a press conference starting at 14:30 CET today. Directorate General Communications Reproduction is permitted provided that the source is acknowledged. Find out more about related content"
ECB,2020-01-23,decision,ecb_dec_20200123,235,13:15,14:15,ECB Governing Council,Monetary policy decisions,https://www.ecb.europa.eu/press/pr/date/2020/html/ecb.mp200123~ae33d37f6e.en.html,OK,True,True,True,298,11,"At today’s meeting the Governing Council of the European Central Bank (ECB) decided that the interest rate on the main refinancing operations and the interest rates on the marginal lending facility and the deposit facility will remain unchanged at 0.00%, 0.25% and -0.50% respectively. The Governing Council expects the key ECB interest rates to remain at their present or lower levels until it has seen the inflation outlook robustly converge to a level sufficiently close to, but below, 2% within its projection horizon, and such convergence has been consistently reflected in underlying inflation dynamics. The Governing Council will continue to make net purchases under its asset purchase programme (APP) at a monthly pace of €20 billion. The Governing Council expects them to run for as long as necessary to reinforce the accommodative impact of its policy rates, and to end shortly before it starts raising the key ECB interest rates. The Governing Council intends to continue reinvesting, in full, the principal payments from maturing securities purchased under the APP for an extended period of time past the date when it starts raising the key ECB interest rates, and in any case for as long as necessary to maintain favourable liquidity conditions and an ample degree of monetary accommodation. The Governing Council also decided to launch a review of the ECB’s monetary policy strategy. Further details about the scope and timetable of the review will be published in a press release today at 15:30 CET. The President of the ECB will comment on the considerations underlying these decisions at a press conference starting at 14:30 CET today. Disclaimer Please note that related topic tags are currently available for selected content only. Directorate General Communications Reproduction is permitted provided that the source is acknowledged. Find out more about related content","At today’s meeting the Governing Council of the European Central Bank (ECB) decided that the interest rate on the main refinancing operations and the interest rates on the marginal lending facility and the deposit facility will remain unchanged at 0.00%, 0.25% and -0.50% respectively. The Governing Council expects the key ECB interest rates to remain at their present or lower levels until it has seen the inflation outlook robustly converge to a level sufficiently close to, but below, 2% within its projection horizon, and such convergence has been consistently reflected in underlying inflation dynamics. The Governing Council will continue to make net purchases under its asset purchase programme (APP) at a monthly pace of €20 billion. The Governing Council expects them to run for as long as necessary to reinforce the accommodative impact of its policy rates, and to end shortly before it starts raising the key ECB interest rates. The Governing Council intends to continue reinvesting, in full, the principal payments from maturing securities purchased under the APP for an extended period of time past the date when it starts raising the key ECB interest rates, and in any case for as long as necessary to maintain favourable liquidity conditions and an ample degree of monetary accommodation. The Governing Council also decided to launch a review of the ECB’s monetary policy strategy. Further details about the scope and timetable of the review will be published in a press release today at 15:30 CET. The President of the ECB will comment on the considerations underlying these decisions at a press conference starting at 14:30 CET today. Disclaimer Please note that related topic tags are currently available for selected content only. Directorate General Communications Reproduction is permitted provided that the source is acknowledged. Find out more about related content"
ECB,2020-03-12,decision,ecb_dec_20200312,236,12:15,14:15,ECB Governing Council,Monetary policy decisions,https://www.ecb.europa.eu/press/pr/date/2020/html/ecb.mp200312~8d3aec3ff2.en.html,OK,False,True,False,597,20,"At today’s meeting the Governing Council decided on a comprehensive package of monetary policy measures: (1) Additional longer-term refinancing operations (LTROs) will be conducted, temporarily, to provide immediate liquidity support to the euro area financial system. Although the Governing Council does not see material signs of strains in money markets or liquidity shortages in the banking system, these operations will provide an effective backstop in case of need. They will be carried out through a fixed rate tender procedure with full allotment, with an interest rate that is equal to the average rate on the deposit facility. The LTROs will provide liquidity at favourable terms to bridge the period until the TLTRO III operation in June 2020. (2) In TLTRO III, considerably more favourable terms will be applied during the period from June 2020 to June 2021 to all TLTRO III operations outstanding during that same time. These operations will support bank lending to those affected most by the spread of the coronavirus, in particular small and medium-sized enterprises. Throughout this period, the interest rate on these TLTRO III operations will be 25 basis points below the average rate applied in the Eurosystem’s main refinancing operations. For counterparties that maintain their levels of credit provision, the rate applied in these operations will be lower, and, over the period ending in June 2021, can be as low as 25 basis points below the average interest rate on the deposit facility. Moreover, the maximum total amount that counterparties will henceforth be entitled to borrow in TLTRO III operations is raised to 50% of their stock of eligible loans as at 28 February 2019. In this context, the Governing Council will mandate the Eurosystem committees to investigate collateral easing measures to ensure that counterparties continue to be able to make full use of the funding support. (3) A temporary envelope of additional net asset purchases of €120 billion will be added until the end of the year, ensuring a strong contribution from the private sector purchase programmes. In combination with the existing asset purchase programme (APP), this will support favourable financing conditions for the real economy in times of heightened uncertainty. The Governing Council continues to expect net asset purchases to run for as long as necessary to reinforce the accommodative impact of its policy rates, and to end shortly before it starts raising the key ECB interest rates. (4) The interest rate on the main refinancing operations and the interest rates on the marginal lending facility and the deposit facility will remain unchanged at 0.00%, 0.25% and -0.50% respectively. The Governing Council expects the key ECB interest rates to remain at their present or lower levels until it has seen the inflation outlook robustly converge to a level sufficiently close to, but below, 2% within its projection horizon, and such convergence has been consistently reflected in underlying inflation dynamics. (5) Reinvestments of the principal payments from maturing securities purchased under the APP will continue, in full, for an extended period of time past the date when the Governing Council starts raising the key ECB interest rates, and in any case for as long as necessary to maintain favourable liquidity conditions and an ample degree of monetary accommodation. Further details on the precise terms of the new operations will be published in dedicated press releases this afternoon at 15:30 CET. The President of the ECB will comment on the considerations underlying these decisions at a press conference starting at 14:30 CET today. Directorate General Communications Reproduction is permitted provided that the source is acknowledged. Find out more about related content","At today’s meeting the Governing Council decided on a comprehensive package of monetary policy measures: (1) Additional longer-term refinancing operations (LTROs) will be conducted, temporarily, to provide immediate liquidity support to the euro area financial system. Although the Governing Council does not see material signs of strains in money markets or liquidity shortages in the banking system, these operations will provide an effective backstop in case of need. They will be carried out through a fixed rate tender procedure with full allotment, with an interest rate that is equal to the average rate on the deposit facility. The LTROs will provide liquidity at favourable terms to bridge the period until the TLTRO III operation in June 2020. (2) In TLTRO III, considerably more favourable terms will be applied during the period from June 2020 to June 2021 to all TLTRO III operations outstanding during that same time. These operations will support bank lending to those affected most by the spread of the coronavirus, in particular small and medium-sized enterprises. Throughout this period, the interest rate on these TLTRO III operations will be 25 basis points below the average rate applied in the Eurosystem’s main refinancing operations. For counterparties that maintain their levels of credit provision, the rate applied in these operations will be lower, and, over the period ending in June 2021, can be as low as 25 basis points below the average interest rate on the deposit facility. Moreover, the maximum total amount that counterparties will henceforth be entitled to borrow in TLTRO III operations is raised to 50% of their stock of eligible loans as at 28 February 2019. In this context, the Governing Council will mandate the Eurosystem committees to investigate collateral easing measures to ensure that counterparties continue to be able to make full use of the funding support. (3) A temporary envelope of additional net asset purchases of €120 billion will be added until the end of the year, ensuring a strong contribution from the private sector purchase programmes. In combination with the existing asset purchase programme (APP), this will support favourable financing conditions for the real economy in times of heightened uncertainty. The Governing Council continues to expect net asset purchases to run for as long as necessary to reinforce the accommodative impact of its policy rates, and to end shortly before it starts raising the key ECB interest rates. (4) The interest rate on the main refinancing operations and the interest rates on the marginal lending facility and the deposit facility will remain unchanged at 0.00%, 0.25% and -0.50% respectively. The Governing Council expects the key ECB interest rates to remain at their present or lower levels until it has seen the inflation outlook robustly converge to a level sufficiently close to, but below, 2% within its projection horizon, and such convergence has been consistently reflected in underlying inflation dynamics. (5) Reinvestments of the principal payments from maturing securities purchased under the APP will continue, in full, for an extended period of time past the date when the Governing Council starts raising the key ECB interest rates, and in any case for as long as necessary to maintain favourable liquidity conditions and an ample degree of monetary accommodation. Further details on the precise terms of the new operations will be published in dedicated press releases this afternoon at 15:30 CET. The President of the ECB will comment on the considerations underlying these decisions at a press conference starting at 14:30 CET today. Directorate General Communications Reproduction is permitted provided that the source is acknowledged. Find out more about related content"
ECB,2020-04-30,decision,ecb_dec_20200430,237,12:15,14:15,ECB Governing Council,Monetary policy decisions,https://www.ecb.europa.eu/press/pr/date/2020/html/ecb.mp200430~1eaa128265.en.html,OK,True,True,False,696,21,"At today’s meeting the Governing Council of the ECB took the following monetary policy decisions: (1) The conditions on the targeted longer-term refinancing operations (TLTRO III) have been further eased. Specifically, the Governing Council decided to reduce the interest rate on TLTRO III operations during the period from June 2020 to June 2021 to 50 basis points below the average interest rate on the Eurosystem’s main refinancing operations prevailing over the same period. Moreover, for counterparties whose eligible net lending reaches the lending performance threshold, the interest rate over the period from June 2020 to June 2021 will now be 50 basis points below the average deposit facility rate prevailing over the same period. (2) A new series of non-targeted pandemic emergency longer-term refinancing operations (PELTROs) will be conducted to support liquidity conditions in the euro area financial system and contribute to preserving the smooth functioning of money markets by providing an effective liquidity backstop. The PELTROs consist of seven additional refinancing operations commencing in May 2020 and maturing in a staggered sequence between July and September 2021 in line with the duration of the collateral easing measures. They will be carried out as fixed rate tender procedures with full allotment, with an interest rate that is 25 basis points below the average rate on the main refinancing operations prevailing over the life of each PELTRO. (3) Since the end of March, purchases have been conducted under the Governing Council’s new pandemic emergency purchase programme (PEPP), which has an overall envelope of €750 billion, to ease the overall monetary policy stance and to counter the severe risks to the monetary policy transmission mechanism and the outlook for the euro area posed by the coronavirus pandemic. These purchases will continue to be conducted in a flexible manner over time, across asset classes and among jurisdictions. The Governing Council will conduct net asset purchases under the PEPP until it judges that the coronavirus crisis phase is over, but in any case until the end of this year. (4) Moreover, net purchases under the asset purchase programme (APP) will continue at a monthly pace of €20 billion, together with the purchases under the additional €120 billion temporary envelope until the end of the year. The Governing Council continues to expect monthly net asset purchases under the APP to run for as long as necessary to reinforce the accommodative impact of its policy rates, and to end shortly before it starts raising the key ECB interest rates. (5) Reinvestments of the principal payments from maturing securities purchased under the APP will continue, in full, for an extended period of time past the date when the Governing Council starts raising the key ECB interest rates, and in any case for as long as necessary to maintain favourable liquidity conditions and an ample degree of monetary accommodation. (6) The interest rate on the main refinancing operations and the interest rates on the marginal lending facility and the deposit facility will remain unchanged at 0.00%, 0.25% and -0.50% respectively. The Governing Council expects the key ECB interest rates to remain at their present or lower levels until it has seen the inflation outlook robustly converge to a level sufficiently close to, but below, 2% within its projection horizon, and such convergence has been consistently reflected in underlying inflation dynamics. The Governing Council is fully prepared to increase the size of the PEPP and adjust its composition, by as much as necessary and for as long as needed. In any case, it stands ready to adjust all of its instruments, as appropriate, to ensure that inflation moves towards its aim in a sustained manner, in line with its commitment to symmetry. Further details on the amendments made to the terms of TLTRO III and on the new PELTROs will be published in dedicated press releases this afternoon at 15:30 CET. The President of the ECB will comment on the considerations underlying these decisions at a press conference starting at 14:30 CET today. Disclaimer Please note that related topic tags are currently available for selected content only. Directorate General Communications Reproduction is permitted provided that the source is acknowledged. Find out more about related content","At today’s meeting the Governing Council of the ECB took the following monetary policy decisions: (1) The conditions on the targeted longer-term refinancing operations (TLTRO III) have been further eased. Specifically, the Governing Council decided to reduce the interest rate on TLTRO III operations during the period from June 2020 to June 2021 to 50 basis points below the average interest rate on the Eurosystem’s main refinancing operations prevailing over the same period. Moreover, for counterparties whose eligible net lending reaches the lending performance threshold, the interest rate over the period from June 2020 to June 2021 will now be 50 basis points below the average deposit facility rate prevailing over the same period. (2) A new series of non-targeted pandemic emergency longer-term refinancing operations (PELTROs) will be conducted to support liquidity conditions in the euro area financial system and contribute to preserving the smooth functioning of money markets by providing an effective liquidity backstop. The PELTROs consist of seven additional refinancing operations commencing in May 2020 and maturing in a staggered sequence between July and September 2021 in line with the duration of the collateral easing measures. They will be carried out as fixed rate tender procedures with full allotment, with an interest rate that is 25 basis points below the average rate on the main refinancing operations prevailing over the life of each PELTRO. (3) Since the end of March, purchases have been conducted under the Governing Council’s new pandemic emergency purchase programme (PEPP), which has an overall envelope of €750 billion, to ease the overall monetary policy stance and to counter the severe risks to the monetary policy transmission mechanism and the outlook for the euro area posed by the coronavirus pandemic. These purchases will continue to be conducted in a flexible manner over time, across asset classes and among jurisdictions. The Governing Council will conduct net asset purchases under the PEPP until it judges that the coronavirus crisis phase is over, but in any case until the end of this year. (4) Moreover, net purchases under the asset purchase programme (APP) will continue at a monthly pace of €20 billion, together with the purchases under the additional €120 billion temporary envelope until the end of the year. The Governing Council continues to expect monthly net asset purchases under the APP to run for as long as necessary to reinforce the accommodative impact of its policy rates, and to end shortly before it starts raising the key ECB interest rates. (5) Reinvestments of the principal payments from maturing securities purchased under the APP will continue, in full, for an extended period of time past the date when the Governing Council starts raising the key ECB interest rates, and in any case for as long as necessary to maintain favourable liquidity conditions and an ample degree of monetary accommodation. (6) The interest rate on the main refinancing operations and the interest rates on the marginal lending facility and the deposit facility will remain unchanged at 0.00%, 0.25% and -0.50% respectively. The Governing Council expects the key ECB interest rates to remain at their present or lower levels until it has seen the inflation outlook robustly converge to a level sufficiently close to, but below, 2% within its projection horizon, and such convergence has been consistently reflected in underlying inflation dynamics. The Governing Council is fully prepared to increase the size of the PEPP and adjust its composition, by as much as necessary and for as long as needed. In any case, it stands ready to adjust all of its instruments, as appropriate, to ensure that inflation moves towards its aim in a sustained manner, in line with its commitment to symmetry. Further details on the amendments made to the terms of TLTRO III and on the new PELTROs will be published in dedicated press releases this afternoon at 15:30 CET. The President of the ECB will comment on the considerations underlying these decisions at a press conference starting at 14:30 CET today. Disclaimer Please note that related topic tags are currently available for selected content only. Directorate General Communications Reproduction is permitted provided that the source is acknowledged. Find out more about related content"
ECB,2020-06-04,decision,ecb_dec_20200604,238,12:15,14:15,ECB Governing Council,Monetary policy decisions,https://www.ecb.europa.eu/press/pr/date/2020/html/ecb.mp200604~a307d3429c.en.html,OK,True,True,False,499,18,"At today’s meeting the Governing Council of the ECB took the following monetary policy decisions: (1) The envelope for the pandemic emergency purchase programme (PEPP) will be increased by €600 billion to a total of €1,350 billion. In response to the pandemic-related downward revision to inflation over the projection horizon, the PEPP expansion will further ease the general monetary policy stance, supporting funding conditions in the real economy, especially for businesses and households. The purchases will continue to be conducted in a flexible manner over time, across asset classes and among jurisdictions. This allows the Governing Council to effectively stave off risks to the smooth transmission of monetary policy. (2) The horizon for net purchases under the PEPP will be extended to at least the end of June 2021. In any case, the Governing Council will conduct net asset purchases under the PEPP until it judges that the coronavirus crisis phase is over. (3) The maturing principal payments from securities purchased under the PEPP will be reinvested until at least the end of 2022. In any case, the future roll-off of the PEPP portfolio will be managed to avoid interference with the appropriate monetary stance. (4) Net purchases under the asset purchase programme (APP) will continue at a monthly pace of €20 billion, together with the purchases under the additional €120 billion temporary envelope until the end of the year. The Governing Council continues to expect monthly net asset purchases under the APP to run for as long as necessary to reinforce the accommodative impact of its policy rates, and to end shortly before it starts raising the key ECB interest rates. (5) Reinvestments of the principal payments from maturing securities purchased under the APP will continue, in full, for an extended period of time past the date when the Governing Council starts raising the key ECB interest rates, and in any case for as long as necessary to maintain favourable liquidity conditions and an ample degree of monetary accommodation. (6) The interest rate on the main refinancing operations and the interest rates on the marginal lending facility and the deposit facility will remain unchanged at 0.00%, 0.25% and -0.50% respectively. The Governing Council expects the key ECB interest rates to remain at their present or lower levels until it has seen the inflation outlook robustly converge to a level sufficiently close to, but below, 2% within its projection horizon, and such convergence has been consistently reflected in underlying inflation dynamics. The Governing Council continues to stand ready to adjust all of its instruments, as appropriate, to ensure that inflation moves towards its aim in a sustained manner, in line with its commitment to symmetry. The President of the ECB will comment on the considerations underlying these decisions at a press conference starting at 14:30 CET today. Disclaimer Please note that related topic tags are currently available for selected content only. Directorate General Communications Reproduction is permitted provided that the source is acknowledged. Find out more about related content","At today’s meeting the Governing Council of the ECB took the following monetary policy decisions: (1) The envelope for the pandemic emergency purchase programme (PEPP) will be increased by €600 billion to a total of €1,350 billion. In response to the pandemic-related downward revision to inflation over the projection horizon, the PEPP expansion will further ease the general monetary policy stance, supporting funding conditions in the real economy, especially for businesses and households. The purchases will continue to be conducted in a flexible manner over time, across asset classes and among jurisdictions. This allows the Governing Council to effectively stave off risks to the smooth transmission of monetary policy. (2) The horizon for net purchases under the PEPP will be extended to at least the end of June 2021. In any case, the Governing Council will conduct net asset purchases under the PEPP until it judges that the coronavirus crisis phase is over. (3) The maturing principal payments from securities purchased under the PEPP will be reinvested until at least the end of 2022. In any case, the future roll-off of the PEPP portfolio will be managed to avoid interference with the appropriate monetary stance. (4) Net purchases under the asset purchase programme (APP) will continue at a monthly pace of €20 billion, together with the purchases under the additional €120 billion temporary envelope until the end of the year. The Governing Council continues to expect monthly net asset purchases under the APP to run for as long as necessary to reinforce the accommodative impact of its policy rates, and to end shortly before it starts raising the key ECB interest rates. (5) Reinvestments of the principal payments from maturing securities purchased under the APP will continue, in full, for an extended period of time past the date when the Governing Council starts raising the key ECB interest rates, and in any case for as long as necessary to maintain favourable liquidity conditions and an ample degree of monetary accommodation. (6) The interest rate on the main refinancing operations and the interest rates on the marginal lending facility and the deposit facility will remain unchanged at 0.00%, 0.25% and -0.50% respectively. The Governing Council expects the key ECB interest rates to remain at their present or lower levels until it has seen the inflation outlook robustly converge to a level sufficiently close to, but below, 2% within its projection horizon, and such convergence has been consistently reflected in underlying inflation dynamics. The Governing Council continues to stand ready to adjust all of its instruments, as appropriate, to ensure that inflation moves towards its aim in a sustained manner, in line with its commitment to symmetry. The President of the ECB will comment on the considerations underlying these decisions at a press conference starting at 14:30 CET today. Disclaimer Please note that related topic tags are currently available for selected content only. Directorate General Communications Reproduction is permitted provided that the source is acknowledged. Find out more about related content"
ECB,2020-07-16,decision,ecb_dec_20200716,239,12:15,14:15,ECB Governing Council,Monetary policy decisions,https://www.ecb.europa.eu/press/pr/date/2020/html/ecb.mp200716~fc5fbe06d9.en.html,OK,True,True,False,524,19,"At today’s meeting the Governing Council of the ECB took the following monetary policy decisions: (1) The interest rate on the main refinancing operations and the interest rates on the marginal lending facility and the deposit facility will remain unchanged at 0.00%, 0.25% and -0.50% respectively. The Governing Council expects the key ECB interest rates to remain at their present or lower levels until it has seen the inflation outlook robustly converge to a level sufficiently close to, but below, 2% within its projection horizon, and such convergence has been consistently reflected in underlying inflation dynamics. (2) The Governing Council will continue its purchases under the pandemic emergency purchase programme (PEPP) with a total envelope of €1,350 billion. These purchases contribute to easing the overall monetary policy stance, thereby helping to offset the pandemic-related downward shift in the projected path of inflation. The purchases will continue to be conducted in a flexible manner over time, across asset classes and among jurisdictions. This allows the Governing Council to effectively stave off risks to the smooth transmission of monetary policy. The Governing Council will conduct net asset purchases under the PEPP until at least the end of June 2021 and, in any case, until it judges that the coronavirus crisis phase is over. The Governing Council will reinvest the principal payments from maturing securities purchased under the PEPP until at least the end of 2022. In any case, the future roll-off of the PEPP portfolio will be managed to avoid interference with the appropriate monetary policy stance. (3) Net purchases under the asset purchase programme (APP) will continue at a monthly pace of €20 billion, together with the purchases under the additional €120 billion temporary envelope until the end of the year. The Governing Council continues to expect monthly net asset purchases under the APP to run for as long as necessary to reinforce the accommodative impact of its policy rates, and to end shortly before it starts raising the key ECB interest rates. The Governing Council intends to continue reinvesting, in full, the principal payments from maturing securities purchased under the APP for an extended period of time past the date when it starts raising the key ECB interest rates, and in any case for as long as necessary to maintain favourable liquidity conditions and an ample degree of monetary accommodation. (4) The Governing Council will also continue to provide ample liquidity through its refinancing operations. In particular, the latest operation in the third series of targeted longer-term refinancing operations (TLTRO III) has registered a very high take-up of funds, supporting bank lending to firms and households. The Governing Council continues to stand ready to adjust all of its instruments, as appropriate, to ensure that inflation moves towards its aim in a sustained manner, in line with its commitment to symmetry. The President of the ECB will comment on the considerations underlying these decisions at a press conference starting at 14:30 CET today. Disclaimer Please note that related topic tags are currently available for selected content only. Directorate General Communications Reproduction is permitted provided that the source is acknowledged. Find out more about related content","At today’s meeting the Governing Council of the ECB took the following monetary policy decisions: (1) The interest rate on the main refinancing operations and the interest rates on the marginal lending facility and the deposit facility will remain unchanged at 0.00%, 0.25% and -0.50% respectively. The Governing Council expects the key ECB interest rates to remain at their present or lower levels until it has seen the inflation outlook robustly converge to a level sufficiently close to, but below, 2% within its projection horizon, and such convergence has been consistently reflected in underlying inflation dynamics. (2) The Governing Council will continue its purchases under the pandemic emergency purchase programme (PEPP) with a total envelope of €1,350 billion. These purchases contribute to easing the overall monetary policy stance, thereby helping to offset the pandemic-related downward shift in the projected path of inflation. The purchases will continue to be conducted in a flexible manner over time, across asset classes and among jurisdictions. This allows the Governing Council to effectively stave off risks to the smooth transmission of monetary policy. The Governing Council will conduct net asset purchases under the PEPP until at least the end of June 2021 and, in any case, until it judges that the coronavirus crisis phase is over. The Governing Council will reinvest the principal payments from maturing securities purchased under the PEPP until at least the end of 2022. In any case, the future roll-off of the PEPP portfolio will be managed to avoid interference with the appropriate monetary policy stance. (3) Net purchases under the asset purchase programme (APP) will continue at a monthly pace of €20 billion, together with the purchases under the additional €120 billion temporary envelope until the end of the year. The Governing Council continues to expect monthly net asset purchases under the APP to run for as long as necessary to reinforce the accommodative impact of its policy rates, and to end shortly before it starts raising the key ECB interest rates. The Governing Council intends to continue reinvesting, in full, the principal payments from maturing securities purchased under the APP for an extended period of time past the date when it starts raising the key ECB interest rates, and in any case for as long as necessary to maintain favourable liquidity conditions and an ample degree of monetary accommodation. (4) The Governing Council will also continue to provide ample liquidity through its refinancing operations. In particular, the latest operation in the third series of targeted longer-term refinancing operations (TLTRO III) has registered a very high take-up of funds, supporting bank lending to firms and households. The Governing Council continues to stand ready to adjust all of its instruments, as appropriate, to ensure that inflation moves towards its aim in a sustained manner, in line with its commitment to symmetry. The President of the ECB will comment on the considerations underlying these decisions at a press conference starting at 14:30 CET today. Disclaimer Please note that related topic tags are currently available for selected content only. Directorate General Communications Reproduction is permitted provided that the source is acknowledged. Find out more about related content"
ECB,2020-09-10,decision,ecb_dec_20200910,240,12:15,14:15,ECB Governing Council,Monetary policy decisions,https://www.ecb.europa.eu/press/pr/date/2020/html/ecb.mp200910~f4a8da495e.en.html,OK,True,True,False,520,18,"At today’s meeting the Governing Council of the ECB took the following monetary policy decisions: (1) The interest rate on the main refinancing operations and the interest rates on the marginal lending facility and the deposit facility will remain unchanged at 0.00%, 0.25% and -0.50% respectively. The Governing Council expects the key ECB interest rates to remain at their present or lower levels until it has seen the inflation outlook robustly converge to a level sufficiently close to, but below, 2% within its projection horizon, and such convergence has been consistently reflected in underlying inflation dynamics. (2) The Governing Council will continue its purchases under the pandemic emergency purchase programme (PEPP) with a total envelope of €1,350 billion. These purchases contribute to easing the overall monetary policy stance, thereby helping to offset the downward impact of the pandemic on the projected path of inflation. The purchases will continue to be conducted in a flexible manner over time, across asset classes and among jurisdictions. This allows the Governing Council to effectively stave off risks to the smooth transmission of monetary policy. The Governing Council will conduct net asset purchases under the PEPP until at least the end of June 2021 and, in any case, until it judges that the coronavirus crisis phase is over. The Governing Council will reinvest the principal payments from maturing securities purchased under the PEPP until at least the end of 2022. In any case, the future roll-off of the PEPP portfolio will be managed to avoid interference with the appropriate monetary policy stance. (3) Net purchases under the asset purchase programme (APP) will continue at a monthly pace of €20 billion, together with the purchases under the additional €120 billion temporary envelope until the end of the year. The Governing Council continues to expect monthly net asset purchases under the APP to run for as long as necessary to reinforce the accommodative impact of its policy rates, and to end shortly before it starts raising the key ECB interest rates. The Governing Council intends to continue reinvesting, in full, the principal payments from maturing securities purchased under the APP for an extended period of time past the date when it starts raising the key ECB interest rates, and in any case for as long as necessary to maintain favourable liquidity conditions and an ample degree of monetary accommodation. (4) The Governing Council will also continue to provide ample liquidity through its refinancing operations. In particular, the latest operation in the third series of targeted longer-term refinancing operations (TLTRO III) has registered a very high take-up of funds, supporting bank lending to firms and households. The Governing Council continues to stand ready to adjust all of its instruments, as appropriate, to ensure that inflation moves towards its aim in a sustained manner, in line with its commitment to symmetry. The President of the ECB will comment on the considerations underlying these decisions at a press conference starting at 14:30 CET today. Disclaimer Please note that related topic tags are currently available for selected content only. Directorate General Communications Reproduction is permitted provided that the source is acknowledged.","At today’s meeting the Governing Council of the ECB took the following monetary policy decisions: (1) The interest rate on the main refinancing operations and the interest rates on the marginal lending facility and the deposit facility will remain unchanged at 0.00%, 0.25% and -0.50% respectively. The Governing Council expects the key ECB interest rates to remain at their present or lower levels until it has seen the inflation outlook robustly converge to a level sufficiently close to, but below, 2% within its projection horizon, and such convergence has been consistently reflected in underlying inflation dynamics. (2) The Governing Council will continue its purchases under the pandemic emergency purchase programme (PEPP) with a total envelope of €1,350 billion. These purchases contribute to easing the overall monetary policy stance, thereby helping to offset the downward impact of the pandemic on the projected path of inflation. The purchases will continue to be conducted in a flexible manner over time, across asset classes and among jurisdictions. This allows the Governing Council to effectively stave off risks to the smooth transmission of monetary policy. The Governing Council will conduct net asset purchases under the PEPP until at least the end of June 2021 and, in any case, until it judges that the coronavirus crisis phase is over. The Governing Council will reinvest the principal payments from maturing securities purchased under the PEPP until at least the end of 2022. In any case, the future roll-off of the PEPP portfolio will be managed to avoid interference with the appropriate monetary policy stance. (3) Net purchases under the asset purchase programme (APP) will continue at a monthly pace of €20 billion, together with the purchases under the additional €120 billion temporary envelope until the end of the year. The Governing Council continues to expect monthly net asset purchases under the APP to run for as long as necessary to reinforce the accommodative impact of its policy rates, and to end shortly before it starts raising the key ECB interest rates. The Governing Council intends to continue reinvesting, in full, the principal payments from maturing securities purchased under the APP for an extended period of time past the date when it starts raising the key ECB interest rates, and in any case for as long as necessary to maintain favourable liquidity conditions and an ample degree of monetary accommodation. (4) The Governing Council will also continue to provide ample liquidity through its refinancing operations. In particular, the latest operation in the third series of targeted longer-term refinancing operations (TLTRO III) has registered a very high take-up of funds, supporting bank lending to firms and households. The Governing Council continues to stand ready to adjust all of its instruments, as appropriate, to ensure that inflation moves towards its aim in a sustained manner, in line with its commitment to symmetry. The President of the ECB will comment on the considerations underlying these decisions at a press conference starting at 14:30 CET today. Disclaimer Please note that related topic tags are currently available for selected content only. Directorate General Communications Reproduction is permitted provided that the source is acknowledged."
ECB,2020-10-29,decision,ecb_dec_20201029,241,12:15,14:15,ECB Governing Council,Monetary policy decisions,https://www.ecb.europa.eu/press/pr/date/2020/html/ecb.mp201029~4392a355f4.en.html,OK,True,True,False,613,21,"In the current environment of risks clearly tilted to the downside, the Governing Council will carefully assess the incoming information, including the dynamics of the pandemic, prospects for a rollout of vaccines and developments in the exchange rate. The new round of Eurosystem staff macroeconomic projections in December will allow a thorough reassessment of the economic outlook and the balance of risks. On the basis of this updated assessment, the Governing Council will recalibrate its instruments, as appropriate, to respond to the unfolding situation and to ensure that financing conditions remain favourable to support the economic recovery and counteract the negative impact of the pandemic on the projected inflation path. This will foster the convergence of inflation towards its aim in a sustained manner, in line with its commitment to symmetry. In the meantime, the Governing Council of the ECB took the following monetary policy decisions: (1) The interest rate on the main refinancing operations and the interest rates on the marginal lending facility and the deposit facility will remain unchanged at 0.00%, 0.25% and -0.50% respectively. The Governing Council expects the key ECB interest rates to remain at their present or lower levels until it has seen the inflation outlook robustly converge to a level sufficiently close to, but below, 2% within its projection horizon, and such convergence has been consistently reflected in underlying inflation dynamics. (2) The Governing Council will continue its purchases under the pandemic emergency purchase programme (PEPP) with a total envelope of €1,350 billion. These purchases contribute to easing the overall monetary policy stance, thereby helping to offset the downward impact of the pandemic on the projected path of inflation. The purchases will continue to be conducted in a flexible manner over time, across asset classes and among jurisdictions. This allows the Governing Council to effectively stave off risks to the smooth transmission of monetary policy. The Governing Council will conduct net asset purchases under the PEPP until at least the end of June 2021 and, in any case, until it judges that the coronavirus crisis phase is over. The Governing Council will reinvest the principal payments from maturing securities purchased under the PEPP until at least the end of 2022. In any case, the future roll-off of the PEPP portfolio will be managed to avoid interference with the appropriate monetary policy stance. (3) Net purchases under the asset purchase programme (APP) will continue at a monthly pace of €20 billion, together with the purchases under the additional €120 billion temporary envelope until the end of the year. The Governing Council continues to expect monthly net asset purchases under the APP to run for as long as necessary to reinforce the accommodative impact of its policy rates, and to end shortly before it starts raising the key ECB interest rates. The Governing Council intends to continue reinvesting, in full, the principal payments from maturing securities purchased under the APP for an extended period of time past the date when it starts raising the key ECB interest rates, and in any case for as long as necessary to maintain favourable liquidity conditions and an ample degree of monetary accommodation. (4) The Governing Council will also continue to provide ample liquidity through its refinancing operations. In particular, the third series of targeted longer-term refinancing operations (TLTRO III) remains an attractive source of funding for banks, supporting bank lending to firms and households. The President of the ECB will comment on the considerations underlying these decisions at a press conference starting at 14:30 CET today. Disclaimer Please note that related topic tags are currently available for selected content only. Directorate General Communications Reproduction is permitted provided that the source is acknowledged.","In the current environment of risks clearly tilted to the downside, the Governing Council will carefully assess the incoming information, including the dynamics of the pandemic, prospects for a rollout of vaccines and developments in the exchange rate. The new round of Eurosystem staff macroeconomic projections in December will allow a thorough reassessment of the economic outlook and the balance of risks. On the basis of this updated assessment, the Governing Council will recalibrate its instruments, as appropriate, to respond to the unfolding situation and to ensure that financing conditions remain favourable to support the economic recovery and counteract the negative impact of the pandemic on the projected inflation path. This will foster the convergence of inflation towards its aim in a sustained manner, in line with its commitment to symmetry. In the meantime, the Governing Council of the ECB took the following monetary policy decisions: (1) The interest rate on the main refinancing operations and the interest rates on the marginal lending facility and the deposit facility will remain unchanged at 0.00%, 0.25% and -0.50% respectively. The Governing Council expects the key ECB interest rates to remain at their present or lower levels until it has seen the inflation outlook robustly converge to a level sufficiently close to, but below, 2% within its projection horizon, and such convergence has been consistently reflected in underlying inflation dynamics. (2) The Governing Council will continue its purchases under the pandemic emergency purchase programme (PEPP) with a total envelope of €1,350 billion. These purchases contribute to easing the overall monetary policy stance, thereby helping to offset the downward impact of the pandemic on the projected path of inflation. The purchases will continue to be conducted in a flexible manner over time, across asset classes and among jurisdictions. This allows the Governing Council to effectively stave off risks to the smooth transmission of monetary policy. The Governing Council will conduct net asset purchases under the PEPP until at least the end of June 2021 and, in any case, until it judges that the coronavirus crisis phase is over. The Governing Council will reinvest the principal payments from maturing securities purchased under the PEPP until at least the end of 2022. In any case, the future roll-off of the PEPP portfolio will be managed to avoid interference with the appropriate monetary policy stance. (3) Net purchases under the asset purchase programme (APP) will continue at a monthly pace of €20 billion, together with the purchases under the additional €120 billion temporary envelope until the end of the year. The Governing Council continues to expect monthly net asset purchases under the APP to run for as long as necessary to reinforce the accommodative impact of its policy rates, and to end shortly before it starts raising the key ECB interest rates. The Governing Council intends to continue reinvesting, in full, the principal payments from maturing securities purchased under the APP for an extended period of time past the date when it starts raising the key ECB interest rates, and in any case for as long as necessary to maintain favourable liquidity conditions and an ample degree of monetary accommodation. (4) The Governing Council will also continue to provide ample liquidity through its refinancing operations. In particular, the third series of targeted longer-term refinancing operations (TLTRO III) remains an attractive source of funding for banks, supporting bank lending to firms and households. The President of the ECB will comment on the considerations underlying these decisions at a press conference starting at 14:30 CET today. Disclaimer Please note that related topic tags are currently available for selected content only. Directorate General Communications Reproduction is permitted provided that the source is acknowledged."
ECB,2020-12-10,decision,ecb_dec_20201210,242,13:15,14:15,ECB Governing Council,Monetary policy decisions,https://www.ecb.europa.eu/press/pr/date/2020/html/ecb.mp201210~8c2778b843.en.html,OK,True,True,False,817,29,"In view of the economic fallout from the resurgence of the pandemic, today the Governing Council recalibrated its monetary policy instruments as follows: First, the interest rate on the main refinancing operations and the interest rates on the marginal lending facility and the deposit facility will remain unchanged at 0.00 per cent, 0.25 per cent and -0.50 per cent respectively. The Governing Council expects the key ECB interest rates to remain at their present or lower levels until it has seen the inflation outlook robustly converge to a level sufficiently close to, but below, 2 per cent within its projection horizon, and such convergence has been consistently reflected in underlying inflation dynamics. Second, the Governing Council decided to increase the envelope of the pandemic emergency purchase programme (PEPP) by €500 billion to a total of €1,850 billion. It also extended the horizon for net purchases under the PEPP to at least the end of March 2022. In any case, the Governing Council will conduct net purchases until it judges that the coronavirus crisis phase is over. The Governing Council also decided to extend the reinvestment of principal payments from maturing securities purchased under the PEPP until at least the end of 2023. In any case, the future roll-off of the PEPP portfolio will be managed to avoid interference with the appropriate monetary policy stance. Third, the Governing Council decided to further recalibrate the conditions of the third series of targeted longer-term refinancing operations (TLTRO III). Specifically, it decided to extend the period over which considerably more favourable terms will apply by twelve months, to June 2022. Three additional operations will also be conducted between June and December 2021. Moreover, the Governing Council decided to raise the total amount that counterparties will be entitled to borrow in TLTRO III operations from 50 per cent to 55 per cent of their stock of eligible loans. In order to provide an incentive for banks to sustain the current level of bank lending, the recalibrated TLTRO III borrowing conditions will be made available only to banks that achieve a new lending performance target. Fourth, the Governing Council decided to extend to June 2022 the duration of the set of collateral easing measures adopted by the Governing Council on 7 and 22 April 2020. The extension of these measures will continue to ensure that banks can make full use of the Eurosystem’s liquidity operations, most notably the recalibrated TLTROs. The Governing Council will reassess the collateral easing measures before June 2022, ensuring that Eurosystem counterparties’ participation in TLTRO III operations is not adversely affected. Fifth, the Governing Council also decided to offer four additional pandemic emergency longer-term refinancing operations (PELTROs) in 2021, which will continue to provide an effective liquidity backstop. Sixth, net purchases under the asset purchase programme (APP) will continue at a monthly pace of €20 billion. The Governing Council continues to expect monthly net asset purchases under the APP to run for as long as necessary to reinforce the accommodative impact of its policy rates, and to end shortly before it starts raising the key ECB interest rates. The Governing Council also intends to continue reinvesting, in full, the principal payments from maturing securities purchased under the APP for an extended period of time past the date when it starts raising the key ECB interest rates, and in any case for as long as necessary to maintain favourable liquidity conditions and an ample degree of monetary accommodation. Seventh, the Eurosystem repo facility for central banks (EUREP) and all temporary swap and repo lines with non-euro area central banks will be extended until March 2022. Finally, the Governing Council decided to continue conducting its regular lending operations as fixed rate tender procedures with full allotment at the prevailing conditions for as long as necessary. Separate press releases with further details of the measures taken by the Governing Council will be published this afternoon at 15:30 CET. The monetary policy measures taken today will contribute to preserving favourable financing conditions over the pandemic period, thereby supporting the flow of credit to all sectors of the economy, underpinning economic activity and safeguarding medium-term price stability. At the same time, uncertainty remains high, including with regard to the dynamics of the pandemic and the timing of vaccine roll-outs. We will also continue to monitor developments in the exchange rate with regard to their possible implications for the medium-term inflation outlook. The Governing Council therefore continues to stand ready to adjust all of its instruments, as appropriate, to ensure that inflation moves towards its aim in a sustained manner, in line with its commitment to symmetry. The President of the ECB will comment on the considerations underlying these decisions at a press conference starting at 14:30 CET today. Disclaimer Please note that related topic tags are currently available for selected content only. Directorate General Communications Reproduction is permitted provided that the source is acknowledged.","In view of the economic fallout from the resurgence of the pandemic, today the Governing Council recalibrated its monetary policy instruments as follows: First, the interest rate on the main refinancing operations and the interest rates on the marginal lending facility and the deposit facility will remain unchanged at 0.00 per cent, 0.25 per cent and -0.50 per cent respectively. The Governing Council expects the key ECB interest rates to remain at their present or lower levels until it has seen the inflation outlook robustly converge to a level sufficiently close to, but below, 2 per cent within its projection horizon, and such convergence has been consistently reflected in underlying inflation dynamics. Second, the Governing Council decided to increase the envelope of the pandemic emergency purchase programme (PEPP) by €500 billion to a total of €1,850 billion. It also extended the horizon for net purchases under the PEPP to at least the end of March 2022. In any case, the Governing Council will conduct net purchases until it judges that the coronavirus crisis phase is over. The Governing Council also decided to extend the reinvestment of principal payments from maturing securities purchased under the PEPP until at least the end of 2023. In any case, the future roll-off of the PEPP portfolio will be managed to avoid interference with the appropriate monetary policy stance. Third, the Governing Council decided to further recalibrate the conditions of the third series of targeted longer-term refinancing operations (TLTRO III). Specifically, it decided to extend the period over which considerably more favourable terms will apply by twelve months, to June 2022. Three additional operations will also be conducted between June and December 2021. Moreover, the Governing Council decided to raise the total amount that counterparties will be entitled to borrow in TLTRO III operations from 50 per cent to 55 per cent of their stock of eligible loans. In order to provide an incentive for banks to sustain the current level of bank lending, the recalibrated TLTRO III borrowing conditions will be made available only to banks that achieve a new lending performance target. Fourth, the Governing Council decided to extend to June 2022 the duration of the set of collateral easing measures adopted by the Governing Council on 7 and 22 April 2020. The extension of these measures will continue to ensure that banks can make full use of the Eurosystem’s liquidity operations, most notably the recalibrated TLTROs. The Governing Council will reassess the collateral easing measures before June 2022, ensuring that Eurosystem counterparties’ participation in TLTRO III operations is not adversely affected. Fifth, the Governing Council also decided to offer four additional pandemic emergency longer-term refinancing operations (PELTROs) in 2021, which will continue to provide an effective liquidity backstop. Sixth, net purchases under the asset purchase programme (APP) will continue at a monthly pace of €20 billion. The Governing Council continues to expect monthly net asset purchases under the APP to run for as long as necessary to reinforce the accommodative impact of its policy rates, and to end shortly before it starts raising the key ECB interest rates. The Governing Council also intends to continue reinvesting, in full, the principal payments from maturing securities purchased under the APP for an extended period of time past the date when it starts raising the key ECB interest rates, and in any case for as long as necessary to maintain favourable liquidity conditions and an ample degree of monetary accommodation. Seventh, the Eurosystem repo facility for central banks (EUREP) and all temporary swap and repo lines with non-euro area central banks will be extended until March 2022. Finally, the Governing Council decided to continue conducting its regular lending operations as fixed rate tender procedures with full allotment at the prevailing conditions for as long as necessary. Separate press releases with further details of the measures taken by the Governing Council will be published this afternoon at 15:30 CET. The monetary policy measures taken today will contribute to preserving favourable financing conditions over the pandemic period, thereby supporting the flow of credit to all sectors of the economy, underpinning economic activity and safeguarding medium-term price stability. At the same time, uncertainty remains high, including with regard to the dynamics of the pandemic and the timing of vaccine roll-outs. We will also continue to monitor developments in the exchange rate with regard to their possible implications for the medium-term inflation outlook. The Governing Council therefore continues to stand ready to adjust all of its instruments, as appropriate, to ensure that inflation moves towards its aim in a sustained manner, in line with its commitment to symmetry. The President of the ECB will comment on the considerations underlying these decisions at a press conference starting at 14:30 CET today. Disclaimer Please note that related topic tags are currently available for selected content only. Directorate General Communications Reproduction is permitted provided that the source is acknowledged."
ECB,2021-01-21,decision,ecb_dec_20210121,243,13:15,14:15,ECB Governing Council,Monetary policy decisions,https://www.ecb.europa.eu/press/pr/date/2021/html/ecb.mp210121~eb9154682e.en.html,OK,True,True,False,511,19,"The Governing Council decided to reconfirm its very accommodative monetary policy stance. First, the interest rate on the main refinancing operations and the interest rates on the marginal lending facility and the deposit facility will remain unchanged at 0.00%, 0.25% and -0.50% respectively. The Governing Council expects the key ECB interest rates to remain at their present or lower levels until it has seen the inflation outlook robustly converge to a level sufficiently close to, but below, 2% within its projection horizon, and such convergence has been consistently reflected in underlying inflation dynamics. Second, the Governing Council will continue the purchases under the pandemic emergency purchase programme (PEPP) with a total envelope of €1,850 billion. The Governing Council will conduct net asset purchases under the PEPP until at least the end of March 2022 and, in any case, until it judges that the coronavirus crisis phase is over. The purchases under the PEPP will be conducted to preserve favourable financing conditions over the pandemic period. If favourable financing conditions can be maintained with asset purchase flows that do not exhaust the envelope over the net purchase horizon of the PEPP, the envelope need not be used in full. Equally, the envelope can be recalibrated if required to maintain favourable financing conditions to help counter the negative pandemic shock to the path of inflation. The Governing Council will continue to reinvest the principal payments from maturing securities purchased under the PEPP until at least the end of 2023. In any case, the future roll-off of the PEPP portfolio will be managed to avoid interference with the appropriate monetary policy stance. Third, net purchases under the asset purchase programme (APP) will continue at a monthly pace of €20 billion. The Governing Council continues to expect monthly net asset purchases under the APP to run for as long as necessary to reinforce the accommodative impact of its policy rates, and to end shortly before it starts raising the key ECB interest rates. The Governing Council also intends to continue reinvesting, in full, the principal payments from maturing securities purchased under the APP for an extended period of time past the date when it starts raising the key ECB interest rates, and in any case for as long as necessary to maintain favourable liquidity conditions and an ample degree of monetary accommodation. Finally, the Governing Council will continue to provide ample liquidity through its refinancing operations. In particular, the third series of targeted longer-term refinancing operations (TLTRO III) remains an attractive source of funding for banks, supporting bank lending to firms and households. The Governing Council continues to stand ready to adjust all of its instruments, as appropriate, to ensure that inflation moves towards its aim in a sustained manner, in line with its commitment to symmetry. The President of the ECB will comment on the considerations underlying these decisions at a press conference starting at 14:30 CET today. Disclaimer Please note that related topic tags are currently available for selected content only. Directorate General Communications Reproduction is permitted provided that the source is acknowledged.","The Governing Council decided to reconfirm its very accommodative monetary policy stance. First, the interest rate on the main refinancing operations and the interest rates on the marginal lending facility and the deposit facility will remain unchanged at 0.00%, 0.25% and -0.50% respectively. The Governing Council expects the key ECB interest rates to remain at their present or lower levels until it has seen the inflation outlook robustly converge to a level sufficiently close to, but below, 2% within its projection horizon, and such convergence has been consistently reflected in underlying inflation dynamics. Second, the Governing Council will continue the purchases under the pandemic emergency purchase programme (PEPP) with a total envelope of €1,850 billion. The Governing Council will conduct net asset purchases under the PEPP until at least the end of March 2022 and, in any case, until it judges that the coronavirus crisis phase is over. The purchases under the PEPP will be conducted to preserve favourable financing conditions over the pandemic period. If favourable financing conditions can be maintained with asset purchase flows that do not exhaust the envelope over the net purchase horizon of the PEPP, the envelope need not be used in full. Equally, the envelope can be recalibrated if required to maintain favourable financing conditions to help counter the negative pandemic shock to the path of inflation. The Governing Council will continue to reinvest the principal payments from maturing securities purchased under the PEPP until at least the end of 2023. In any case, the future roll-off of the PEPP portfolio will be managed to avoid interference with the appropriate monetary policy stance. Third, net purchases under the asset purchase programme (APP) will continue at a monthly pace of €20 billion. The Governing Council continues to expect monthly net asset purchases under the APP to run for as long as necessary to reinforce the accommodative impact of its policy rates, and to end shortly before it starts raising the key ECB interest rates. The Governing Council also intends to continue reinvesting, in full, the principal payments from maturing securities purchased under the APP for an extended period of time past the date when it starts raising the key ECB interest rates, and in any case for as long as necessary to maintain favourable liquidity conditions and an ample degree of monetary accommodation. Finally, the Governing Council will continue to provide ample liquidity through its refinancing operations. In particular, the third series of targeted longer-term refinancing operations (TLTRO III) remains an attractive source of funding for banks, supporting bank lending to firms and households. The Governing Council continues to stand ready to adjust all of its instruments, as appropriate, to ensure that inflation moves towards its aim in a sustained manner, in line with its commitment to symmetry. The President of the ECB will comment on the considerations underlying these decisions at a press conference starting at 14:30 CET today. Disclaimer Please note that related topic tags are currently available for selected content only. Directorate General Communications Reproduction is permitted provided that the source is acknowledged."
ECB,2021-03-11,decision,ecb_dec_20210311,244,12:15,14:15,ECB Governing Council,Monetary policy decisions,https://www.ecb.europa.eu/press/pr/date/2021/html/ecb.mp210311~35ba71f535.en.html,OK,True,True,False,581,19,"The Governing Council took the following decisions: First, the Governing Council will continue to conduct net asset purchases under the pandemic emergency purchase programme (PEPP) with a total envelope of €1,850 billion until at least the end of March 2022 and, in any case, until it judges that the coronavirus crisis phase is over. Based on a joint assessment of financing conditions and the inflation outlook, the Governing Council expects purchases under the PEPP over the next quarter to be conducted at a significantly higher pace than during the first months of this year. The Governing Council will purchase flexibly according to market conditions and with a view to preventing a tightening of financing conditions that is inconsistent with countering the downward impact of the pandemic on the projected path of inflation. In addition, the flexibility of purchases over time, across asset classes and among jurisdictions will continue to support the smooth transmission of monetary policy. If favourable financing conditions can be maintained with asset purchase flows that do not exhaust the envelope over the net purchase horizon of the PEPP, the envelope need not be used in full. Equally, the envelope can be recalibrated if required to maintain favourable financing conditions to help counter the negative pandemic shock to the path of inflation. The Governing Council will continue to reinvest the principal payments from maturing securities purchased under the PEPP until at least the end of 2023. In any case, the future roll-off of the PEPP portfolio will be managed to avoid interference with the appropriate monetary policy stance. Second, net purchases under the asset purchase programme (APP) will continue at a monthly pace of €20 billion. The Governing Council continues to expect monthly net asset purchases under the APP to run for as long as necessary to reinforce the accommodative impact of its policy rates, and to end shortly before it starts raising the key ECB interest rates. The Governing Council also intends to continue reinvesting, in full, the principal payments from maturing securities purchased under the APP for an extended period of time past the date when it starts raising the key ECB interest rates, and in any case for as long as necessary to maintain favourable liquidity conditions and an ample degree of monetary accommodation. Third, the interest rate on the main refinancing operations and the interest rates on the marginal lending facility and the deposit facility will remain unchanged at 0.00%, 0.25% and -0.50% respectively. The Governing Council expects the key ECB interest rates to remain at their present or lower levels until it has seen the inflation outlook robustly converge to a level sufficiently close to, but below, 2% within its projection horizon, and such convergence has been consistently reflected in underlying inflation dynamics. Finally, the Governing Council will continue to provide ample liquidity through its refinancing operations. In particular, the third series of targeted longer-term refinancing operations (TLTRO III) remains an attractive source of funding for banks, supporting bank lending to firms and households. The Governing Council stands ready to adjust all of its instruments, as appropriate, to ensure that inflation moves towards its aim in a sustained manner, in line with its commitment to symmetry. The President of the ECB will comment on the considerations underlying these decisions at a press conference starting at 14:30 CET today. Disclaimer Please note that related topic tags are currently available for selected content only. Directorate General Communications Reproduction is permitted provided that the source is acknowledged.","The Governing Council took the following decisions: First, the Governing Council will continue to conduct net asset purchases under the pandemic emergency purchase programme (PEPP) with a total envelope of €1,850 billion until at least the end of March 2022 and, in any case, until it judges that the coronavirus crisis phase is over. Based on a joint assessment of financing conditions and the inflation outlook, the Governing Council expects purchases under the PEPP over the next quarter to be conducted at a significantly higher pace than during the first months of this year. The Governing Council will purchase flexibly according to market conditions and with a view to preventing a tightening of financing conditions that is inconsistent with countering the downward impact of the pandemic on the projected path of inflation. In addition, the flexibility of purchases over time, across asset classes and among jurisdictions will continue to support the smooth transmission of monetary policy. If favourable financing conditions can be maintained with asset purchase flows that do not exhaust the envelope over the net purchase horizon of the PEPP, the envelope need not be used in full. Equally, the envelope can be recalibrated if required to maintain favourable financing conditions to help counter the negative pandemic shock to the path of inflation. The Governing Council will continue to reinvest the principal payments from maturing securities purchased under the PEPP until at least the end of 2023. In any case, the future roll-off of the PEPP portfolio will be managed to avoid interference with the appropriate monetary policy stance. Second, net purchases under the asset purchase programme (APP) will continue at a monthly pace of €20 billion. The Governing Council continues to expect monthly net asset purchases under the APP to run for as long as necessary to reinforce the accommodative impact of its policy rates, and to end shortly before it starts raising the key ECB interest rates. The Governing Council also intends to continue reinvesting, in full, the principal payments from maturing securities purchased under the APP for an extended period of time past the date when it starts raising the key ECB interest rates, and in any case for as long as necessary to maintain favourable liquidity conditions and an ample degree of monetary accommodation. Third, the interest rate on the main refinancing operations and the interest rates on the marginal lending facility and the deposit facility will remain unchanged at 0.00%, 0.25% and -0.50% respectively. The Governing Council expects the key ECB interest rates to remain at their present or lower levels until it has seen the inflation outlook robustly converge to a level sufficiently close to, but below, 2% within its projection horizon, and such convergence has been consistently reflected in underlying inflation dynamics. Finally, the Governing Council will continue to provide ample liquidity through its refinancing operations. In particular, the third series of targeted longer-term refinancing operations (TLTRO III) remains an attractive source of funding for banks, supporting bank lending to firms and households. The Governing Council stands ready to adjust all of its instruments, as appropriate, to ensure that inflation moves towards its aim in a sustained manner, in line with its commitment to symmetry. The President of the ECB will comment on the considerations underlying these decisions at a press conference starting at 14:30 CET today. Disclaimer Please note that related topic tags are currently available for selected content only. Directorate General Communications Reproduction is permitted provided that the source is acknowledged."
ECB,2021-04-22,decision,ecb_dec_20210422,245,12:15,14:15,ECB Governing Council,Monetary policy decisions,https://www.ecb.europa.eu/press/pr/date/2021/html/ecb.mp210422~f075ebe1f0.en.html,OK,True,True,False,613,20,"At today’s meeting, the Governing Council decided to reconfirm its very accommodative monetary policy stance: The interest rate on the main refinancing operations and the interest rates on the marginal lending facility and the deposit facility will remain unchanged at 0.00%, 0.25% and -0.50% respectively. The Governing Council expects the key ECB interest rates to remain at their present or lower levels until it has seen the inflation outlook robustly converge to a level sufficiently close to, but below, 2% within its projection horizon, and such convergence has been consistently reflected in underlying inflation dynamics. The Governing Council will continue to conduct net asset purchases under the pandemic emergency purchase programme (PEPP) with a total envelope of €1,850 billion until at least the end of March 2022 and, in any case, until it judges that the coronavirus crisis phase is over. Since the incoming information confirmed the joint assessment of financing conditions and the inflation outlook carried out at the March monetary policy meeting, the Governing Council expects purchases under the PEPP over the current quarter to continue to be conducted at a significantly higher pace than during the first months of the year. The Governing Council will purchase flexibly according to market conditions and with a view to preventing a tightening of financing conditions that is inconsistent with countering the downward impact of the pandemic on the projected path of inflation. In addition, the flexibility of purchases over time, across asset classes and among jurisdictions will continue to support the smooth transmission of monetary policy. If favourable financing conditions can be maintained with asset purchase flows that do not exhaust the envelope over the net purchase horizon of the PEPP, the envelope need not be used in full. Equally, the envelope can be recalibrated if required to maintain favourable financing conditions to help counter the negative pandemic shock to the path of inflation. The Governing Council will continue to reinvest the principal payments from maturing securities purchased under the PEPP until at least the end of 2023. In any case, the future roll-off of the PEPP portfolio will be managed to avoid interference with the appropriate monetary policy stance. Net purchases under the asset purchase programme (APP) will continue at a monthly pace of €20 billion. The Governing Council continues to expect monthly net asset purchases under the APP to run for as long as necessary to reinforce the accommodative impact of its policy rates, and to end shortly before it starts raising the key ECB interest rates. The Governing Council also intends to continue reinvesting, in full, the principal payments from maturing securities purchased under the APP for an extended period of time past the date when it starts raising the key ECB interest rates, and in any case for as long as necessary to maintain favourable liquidity conditions and an ample degree of monetary accommodation. Finally, the Governing Council will continue to provide ample liquidity through its refinancing operations. In particular, the latest operation in the third series of targeted longer-term refinancing operations (TLTRO III) has registered a high take-up of funds. The funding obtained through TLTRO III plays a crucial role in supporting bank lending to firms and households. The Governing Council stands ready to adjust all of its instruments, as appropriate, to ensure that inflation moves towards its aim in a sustained manner, in line with its commitment to symmetry. The President of the ECB will comment on the considerations underlying these decisions at a press conference starting at 14:30 CET today. Disclaimer Please note that related topic tags are currently available for selected content only. Directorate General Communications Reproduction is permitted provided that the source is acknowledged.","At today’s meeting, the Governing Council decided to reconfirm its very accommodative monetary policy stance: The interest rate on the main refinancing operations and the interest rates on the marginal lending facility and the deposit facility will remain unchanged at 0.00%, 0.25% and -0.50% respectively. The Governing Council expects the key ECB interest rates to remain at their present or lower levels until it has seen the inflation outlook robustly converge to a level sufficiently close to, but below, 2% within its projection horizon, and such convergence has been consistently reflected in underlying inflation dynamics. The Governing Council will continue to conduct net asset purchases under the pandemic emergency purchase programme (PEPP) with a total envelope of €1,850 billion until at least the end of March 2022 and, in any case, until it judges that the coronavirus crisis phase is over. Since the incoming information confirmed the joint assessment of financing conditions and the inflation outlook carried out at the March monetary policy meeting, the Governing Council expects purchases under the PEPP over the current quarter to continue to be conducted at a significantly higher pace than during the first months of the year. The Governing Council will purchase flexibly according to market conditions and with a view to preventing a tightening of financing conditions that is inconsistent with countering the downward impact of the pandemic on the projected path of inflation. In addition, the flexibility of purchases over time, across asset classes and among jurisdictions will continue to support the smooth transmission of monetary policy. If favourable financing conditions can be maintained with asset purchase flows that do not exhaust the envelope over the net purchase horizon of the PEPP, the envelope need not be used in full. Equally, the envelope can be recalibrated if required to maintain favourable financing conditions to help counter the negative pandemic shock to the path of inflation. The Governing Council will continue to reinvest the principal payments from maturing securities purchased under the PEPP until at least the end of 2023. In any case, the future roll-off of the PEPP portfolio will be managed to avoid interference with the appropriate monetary policy stance. Net purchases under the asset purchase programme (APP) will continue at a monthly pace of €20 billion. The Governing Council continues to expect monthly net asset purchases under the APP to run for as long as necessary to reinforce the accommodative impact of its policy rates, and to end shortly before it starts raising the key ECB interest rates. The Governing Council also intends to continue reinvesting, in full, the principal payments from maturing securities purchased under the APP for an extended period of time past the date when it starts raising the key ECB interest rates, and in any case for as long as necessary to maintain favourable liquidity conditions and an ample degree of monetary accommodation. Finally, the Governing Council will continue to provide ample liquidity through its refinancing operations. In particular, the latest operation in the third series of targeted longer-term refinancing operations (TLTRO III) has registered a high take-up of funds. The funding obtained through TLTRO III plays a crucial role in supporting bank lending to firms and households. The Governing Council stands ready to adjust all of its instruments, as appropriate, to ensure that inflation moves towards its aim in a sustained manner, in line with its commitment to symmetry. The President of the ECB will comment on the considerations underlying these decisions at a press conference starting at 14:30 CET today. Disclaimer Please note that related topic tags are currently available for selected content only. Directorate General Communications Reproduction is permitted provided that the source is acknowledged."
ECB,2021-06-10,decision,ecb_dec_20210610,246,12:15,14:15,ECB Governing Council,Monetary policy decisions,https://www.ecb.europa.eu/press/pr/date/2021/html/ecb.mp210610~b4d5381df0.en.html,OK,True,True,False,588,19,"At today’s meeting, the Governing Council decided to confirm its very accommodative monetary policy stance: The interest rate on the main refinancing operations and the interest rates on the marginal lending facility and the deposit facility will remain unchanged at 0.00%, 0.25% and -0.50% respectively. The Governing Council expects the key ECB interest rates to remain at their present or lower levels until it has seen the inflation outlook robustly converge to a level sufficiently close to, but below, 2% within its projection horizon, and such convergence has been consistently reflected in underlying inflation dynamics. The Governing Council will continue to conduct net asset purchases under the pandemic emergency purchase programme (PEPP) with a total envelope of €1,850 billion until at least the end of March 2022 and, in any case, until it judges that the coronavirus crisis phase is over. Based on a joint assessment of financing conditions and the inflation outlook, the Governing Council expects net purchases under the PEPP over the coming quarter to continue to be conducted at a significantly higher pace than during the first months of the year. The Governing Council will purchase flexibly according to market conditions and with a view to preventing a tightening of financing conditions that is inconsistent with countering the downward impact of the pandemic on the projected path of inflation. In addition, the flexibility of purchases over time, across asset classes and among jurisdictions will continue to support the smooth transmission of monetary policy. If favourable financing conditions can be maintained with asset purchase flows that do not exhaust the envelope over the net purchase horizon of the PEPP, the envelope need not be used in full. Equally, the envelope can be recalibrated if required to maintain favourable financing conditions to help counter the negative pandemic shock to the path of inflation. The Governing Council will continue to reinvest the principal payments from maturing securities purchased under the PEPP until at least the end of 2023. In any case, the future roll-off of the PEPP portfolio will be managed to avoid interference with the appropriate monetary policy stance. Net purchases under the asset purchase programme (APP) will continue at a monthly pace of €20 billion. The Governing Council continues to expect monthly net asset purchases under the APP to run for as long as necessary to reinforce the accommodative impact of its policy rates, and to end shortly before it starts raising the key ECB interest rates. The Governing Council also intends to continue reinvesting, in full, the principal payments from maturing securities purchased under the APP for an extended period of time past the date when it starts raising the key ECB interest rates, and in any case for as long as necessary to maintain favourable liquidity conditions and an ample degree of monetary accommodation. Finally, the Governing Council will continue to provide ample liquidity through its refinancing operations. The funding obtained through the third series of targeted longer-term refinancing operations (TLTRO III) plays a crucial role in supporting bank lending to firms and households. The Governing Council stands ready to adjust all of its instruments, as appropriate, to ensure that inflation moves towards its aim in a sustained manner, in line with its commitment to symmetry. The President of the ECB will comment on the considerations underlying these decisions at a press conference starting at 14:30 CET today. Disclaimer Please note that related topic tags are currently available for selected content only. Directorate General Communications Reproduction is permitted provided that the source is acknowledged.","At today’s meeting, the Governing Council decided to confirm its very accommodative monetary policy stance: The interest rate on the main refinancing operations and the interest rates on the marginal lending facility and the deposit facility will remain unchanged at 0.00%, 0.25% and -0.50% respectively. The Governing Council expects the key ECB interest rates to remain at their present or lower levels until it has seen the inflation outlook robustly converge to a level sufficiently close to, but below, 2% within its projection horizon, and such convergence has been consistently reflected in underlying inflation dynamics. The Governing Council will continue to conduct net asset purchases under the pandemic emergency purchase programme (PEPP) with a total envelope of €1,850 billion until at least the end of March 2022 and, in any case, until it judges that the coronavirus crisis phase is over. Based on a joint assessment of financing conditions and the inflation outlook, the Governing Council expects net purchases under the PEPP over the coming quarter to continue to be conducted at a significantly higher pace than during the first months of the year. The Governing Council will purchase flexibly according to market conditions and with a view to preventing a tightening of financing conditions that is inconsistent with countering the downward impact of the pandemic on the projected path of inflation. In addition, the flexibility of purchases over time, across asset classes and among jurisdictions will continue to support the smooth transmission of monetary policy. If favourable financing conditions can be maintained with asset purchase flows that do not exhaust the envelope over the net purchase horizon of the PEPP, the envelope need not be used in full. Equally, the envelope can be recalibrated if required to maintain favourable financing conditions to help counter the negative pandemic shock to the path of inflation. The Governing Council will continue to reinvest the principal payments from maturing securities purchased under the PEPP until at least the end of 2023. In any case, the future roll-off of the PEPP portfolio will be managed to avoid interference with the appropriate monetary policy stance. Net purchases under the asset purchase programme (APP) will continue at a monthly pace of €20 billion. The Governing Council continues to expect monthly net asset purchases under the APP to run for as long as necessary to reinforce the accommodative impact of its policy rates, and to end shortly before it starts raising the key ECB interest rates. The Governing Council also intends to continue reinvesting, in full, the principal payments from maturing securities purchased under the APP for an extended period of time past the date when it starts raising the key ECB interest rates, and in any case for as long as necessary to maintain favourable liquidity conditions and an ample degree of monetary accommodation. Finally, the Governing Council will continue to provide ample liquidity through its refinancing operations. The funding obtained through the third series of targeted longer-term refinancing operations (TLTRO III) plays a crucial role in supporting bank lending to firms and households. The Governing Council stands ready to adjust all of its instruments, as appropriate, to ensure that inflation moves towards its aim in a sustained manner, in line with its commitment to symmetry. The President of the ECB will comment on the considerations underlying these decisions at a press conference starting at 14:30 CET today. Disclaimer Please note that related topic tags are currently available for selected content only. Directorate General Communications Reproduction is permitted provided that the source is acknowledged."
ECB,2021-07-22,decision,ecb_dec_20210722,247,12:15,14:15,ECB Governing Council,Monetary policy decisions,https://www.ecb.europa.eu/press/pr/date/2021/html/ecb.mp210722~48dc3b436b.en.html,OK,True,True,False,899,28,"In its recent strategy review, the Governing Council agreed a symmetric inflation target of two per cent over the medium term. The key ECB interest rates have been close to their lower bound for some time and the medium-term outlook for inflation is still well below the Governing Council’s target. In these conditions, the Governing Council today revised its forward guidance on interest rates. It did so to underline its commitment to maintain a persistently accommodative monetary policy stance to meet its inflation target. In support of its symmetric two per cent inflation target and in line with its monetary policy strategy, the Governing Council expects the key ECB interest rates to remain at their present or lower levels until it sees inflation reaching two per cent well ahead of the end of its projection horizon and durably for the rest of the projection horizon, and it judges that realised progress in underlying inflation is sufficiently advanced to be consistent with inflation stabilising at two per cent over the medium term. This may also imply a transitory period in which inflation is moderately above target. Having confirmed its June assessment of financing conditions and the inflation outlook, the Governing Council continues to expect purchases under the pandemic emergency purchase programme (PEPP) over the current quarter to be conducted at a significantly higher pace than during the first months of the year. The Governing Council also confirmed its other measures to support its price stability mandate, namely the level of the key ECB interest rates, its purchases under the asset purchase programme (APP), its reinvestment policies and its longer-term refinancing operations. Specifically: The interest rate on the main refinancing operations and the interest rates on the marginal lending facility and the deposit facility will remain unchanged at 0.00%, 0.25% and -0.50% respectively. In support of its symmetric two per cent inflation target and in line with its monetary policy strategy, the Governing Council expects the key ECB interest rates to remain at their present or lower levels until it sees inflation reaching two per cent well ahead of the end of its projection horizon and durably for the rest of the projection horizon, and it judges that realised progress in underlying inflation is sufficiently advanced to be consistent with inflation stabilising at two per cent over the medium term. This may also imply a transitory period in which inflation is moderately above target. Net purchases under the APP will continue at a monthly pace of €20 billion. The Governing Council continues to expect monthly net asset purchases under the APP to run for as long as necessary to reinforce the accommodative impact of its policy rates, and to end shortly before it starts raising the key ECB interest rates. The Governing Council also intends to continue reinvesting, in full, the principal payments from maturing securities purchased under the APP for an extended period of time past the date when it starts raising the key ECB interest rates, and in any case for as long as necessary to maintain favourable liquidity conditions and an ample degree of monetary accommodation. Pandemic emergency purchase programme (PEPP) The Governing Council will continue to conduct net asset purchases under the PEPP with a total envelope of €1,850 billion until at least the end of March 2022 and, in any case, until it judges that the coronavirus crisis phase is over. As the incoming information confirmed the joint assessment of financing conditions and the inflation outlook carried out at the June monetary policy meeting, the Governing Council continues to expect purchases under the PEPP over the current quarter to be conducted at a significantly higher pace than during the first months of the year. The Governing Council will purchase flexibly according to market conditions and with a view to preventing a tightening of financing conditions that is inconsistent with countering the downward impact of the pandemic on the projected path of inflation. In addition, the flexibility of purchases over time, across asset classes and among jurisdictions will continue to support the smooth transmission of monetary policy. If favourable financing conditions can be maintained with asset purchase flows that do not exhaust the envelope over the net purchase horizon of the PEPP, the envelope need not be used in full. Equally, the envelope can be recalibrated if required to maintain favourable financing conditions to help counter the negative pandemic shock to the path of inflation. The Governing Council will continue to reinvest the principal payments from maturing securities purchased under the PEPP until at least the end of 2023. In any case, the future roll-off of the PEPP portfolio will be managed to avoid interference with the appropriate monetary policy stance. The Governing Council will continue to provide ample liquidity through its refinancing operations. In particular, the third series of targeted longer-term refinancing operations (TLTRO III) remains an attractive source of funding for banks, supporting bank lending to firms and households. The Governing Council stands ready to adjust all of its instruments, as appropriate, to ensure that inflation stabilises at its two per cent target over the medium term. The President of the ECB will comment on the considerations underlying these decisions at a press conference starting at 14:30 CET today. Disclaimer Please note that related topic tags are currently available for selected content only. Directorate General Communications Reproduction is permitted provided that the source is acknowledged.","In its recent strategy review, the Governing Council agreed a symmetric inflation target of two per cent over the medium term. The key ECB interest rates have been close to their lower bound for some time and the medium-term outlook for inflation is still well below the Governing Council’s target. In these conditions, the Governing Council today revised its forward guidance on interest rates. It did so to underline its commitment to maintain a persistently accommodative monetary policy stance to meet its inflation target. In support of its symmetric two per cent inflation target and in line with its monetary policy strategy, the Governing Council expects the key ECB interest rates to remain at their present or lower levels until it sees inflation reaching two per cent well ahead of the end of its projection horizon and durably for the rest of the projection horizon, and it judges that realised progress in underlying inflation is sufficiently advanced to be consistent with inflation stabilising at two per cent over the medium term. This may also imply a transitory period in which inflation is moderately above target. Having confirmed its June assessment of financing conditions and the inflation outlook, the Governing Council continues to expect purchases under the pandemic emergency purchase programme (PEPP) over the current quarter to be conducted at a significantly higher pace than during the first months of the year. The Governing Council also confirmed its other measures to support its price stability mandate, namely the level of the key ECB interest rates, its purchases under the asset purchase programme (APP), its reinvestment policies and its longer-term refinancing operations. Specifically: The interest rate on the main refinancing operations and the interest rates on the marginal lending facility and the deposit facility will remain unchanged at 0.00%, 0.25% and -0.50% respectively. In support of its symmetric two per cent inflation target and in line with its monetary policy strategy, the Governing Council expects the key ECB interest rates to remain at their present or lower levels until it sees inflation reaching two per cent well ahead of the end of its projection horizon and durably for the rest of the projection horizon, and it judges that realised progress in underlying inflation is sufficiently advanced to be consistent with inflation stabilising at two per cent over the medium term. This may also imply a transitory period in which inflation is moderately above target. Net purchases under the APP will continue at a monthly pace of €20 billion. The Governing Council continues to expect monthly net asset purchases under the APP to run for as long as necessary to reinforce the accommodative impact of its policy rates, and to end shortly before it starts raising the key ECB interest rates. The Governing Council also intends to continue reinvesting, in full, the principal payments from maturing securities purchased under the APP for an extended period of time past the date when it starts raising the key ECB interest rates, and in any case for as long as necessary to maintain favourable liquidity conditions and an ample degree of monetary accommodation. Pandemic emergency purchase programme (PEPP) The Governing Council will continue to conduct net asset purchases under the PEPP with a total envelope of €1,850 billion until at least the end of March 2022 and, in any case, until it judges that the coronavirus crisis phase is over. As the incoming information confirmed the joint assessment of financing conditions and the inflation outlook carried out at the June monetary policy meeting, the Governing Council continues to expect purchases under the PEPP over the current quarter to be conducted at a significantly higher pace than during the first months of the year. The Governing Council will purchase flexibly according to market conditions and with a view to preventing a tightening of financing conditions that is inconsistent with countering the downward impact of the pandemic on the projected path of inflation. In addition, the flexibility of purchases over time, across asset classes and among jurisdictions will continue to support the smooth transmission of monetary policy. If favourable financing conditions can be maintained with asset purchase flows that do not exhaust the envelope over the net purchase horizon of the PEPP, the envelope need not be used in full. Equally, the envelope can be recalibrated if required to maintain favourable financing conditions to help counter the negative pandemic shock to the path of inflation. The Governing Council will continue to reinvest the principal payments from maturing securities purchased under the PEPP until at least the end of 2023. In any case, the future roll-off of the PEPP portfolio will be managed to avoid interference with the appropriate monetary policy stance. The Governing Council will continue to provide ample liquidity through its refinancing operations. In particular, the third series of targeted longer-term refinancing operations (TLTRO III) remains an attractive source of funding for banks, supporting bank lending to firms and households. The Governing Council stands ready to adjust all of its instruments, as appropriate, to ensure that inflation stabilises at its two per cent target over the medium term. The President of the ECB will comment on the considerations underlying these decisions at a press conference starting at 14:30 CET today. Disclaimer Please note that related topic tags are currently available for selected content only. Directorate General Communications Reproduction is permitted provided that the source is acknowledged."
ECB,2021-09-09,decision,ecb_dec_20210909,248,12:15,14:15,ECB Governing Council,Monetary policy decisions,https://www.ecb.europa.eu/press/pr/date/2021/html/ecb.mp210909~2c94b35639.en.html,OK,True,True,False,703,22,"Based on a joint assessment of financing conditions and the inflation outlook, the Governing Council judges that favourable financing conditions can be maintained with a moderately lower pace of net asset purchases under the pandemic emergency purchase programme (PEPP) than in the previous two quarters. The Governing Council also confirmed its other measures, namely the level of the key ECB interest rates, its forward guidance on their likely future evolution, its purchases under the asset purchase programme (APP), its reinvestment policies and its longer-term refinancing operations. Specifically: The interest rate on the main refinancing operations and the interest rates on the marginal lending facility and the deposit facility will remain unchanged at 0.00%, 0.25% and -0.50% respectively. In support of its symmetric two per cent inflation target and in line with its monetary policy strategy, the Governing Council expects the key ECB interest rates to remain at their present or lower levels until it sees inflation reaching two per cent well ahead of the end of its projection horizon and durably for the rest of the projection horizon, and it judges that realised progress in underlying inflation is sufficiently advanced to be consistent with inflation stabilising at two per cent over the medium term. This may also imply a transitory period in which inflation is moderately above target. Net purchases under the APP will continue at a monthly pace of €20 billion. The Governing Council continues to expect monthly net asset purchases under the APP to run for as long as necessary to reinforce the accommodative impact of its policy rates, and to end shortly before it starts raising the key ECB interest rates. The Governing Council also intends to continue reinvesting, in full, the principal payments from maturing securities purchased under the APP for an extended period of time past the date when it starts raising the key ECB interest rates, and in any case for as long as necessary to maintain favourable liquidity conditions and an ample degree of monetary accommodation. Pandemic emergency purchase programme (PEPP) The Governing Council will continue to conduct net asset purchases under the PEPP with a total envelope of €1,850 billion until at least the end of March 2022 and, in any case, until it judges that the coronavirus crisis phase is over. Based on a joint assessment of financing conditions and the inflation outlook, the Governing Council judges that favourable financing conditions can be maintained with a moderately lower pace of net asset purchases under the PEPP than in the previous two quarters. The Governing Council will purchase flexibly according to market conditions and with a view to preventing a tightening of financing conditions that is inconsistent with countering the downward impact of the pandemic on the projected path of inflation. In addition, the flexibility of purchases over time, across asset classes and among jurisdictions will continue to support the smooth transmission of monetary policy. If favourable financing conditions can be maintained with asset purchase flows that do not exhaust the envelope over the net purchase horizon of the PEPP, the envelope need not be used in full. Equally, the envelope can be recalibrated if required to maintain favourable financing conditions to help counter the negative pandemic shock to the path of inflation. The Governing Council will continue to reinvest the principal payments from maturing securities purchased under the PEPP until at least the end of 2023. In any case, the future roll-off of the PEPP portfolio will be managed to avoid interference with the appropriate monetary policy stance. The Governing Council will continue to provide ample liquidity through its refinancing operations. In particular, the third series of targeted longer-term refinancing operations (TLTRO III) remains an attractive source of funding for banks, supporting bank lending to firms and households. The Governing Council stands ready to adjust all of its instruments, as appropriate, to ensure that inflation stabilises at its two per cent target over the medium term. The President of the ECB will comment on the considerations underlying these decisions at a press conference starting at 14:30 CET today. Disclaimer Please note that related topic tags are currently available for selected content only. Directorate General Communications Reproduction is permitted provided that the source is acknowledged.","Based on a joint assessment of financing conditions and the inflation outlook, the Governing Council judges that favourable financing conditions can be maintained with a moderately lower pace of net asset purchases under the pandemic emergency purchase programme (PEPP) than in the previous two quarters. The Governing Council also confirmed its other measures, namely the level of the key ECB interest rates, its forward guidance on their likely future evolution, its purchases under the asset purchase programme (APP), its reinvestment policies and its longer-term refinancing operations. Specifically: The interest rate on the main refinancing operations and the interest rates on the marginal lending facility and the deposit facility will remain unchanged at 0.00%, 0.25% and -0.50% respectively. In support of its symmetric two per cent inflation target and in line with its monetary policy strategy, the Governing Council expects the key ECB interest rates to remain at their present or lower levels until it sees inflation reaching two per cent well ahead of the end of its projection horizon and durably for the rest of the projection horizon, and it judges that realised progress in underlying inflation is sufficiently advanced to be consistent with inflation stabilising at two per cent over the medium term. This may also imply a transitory period in which inflation is moderately above target. Net purchases under the APP will continue at a monthly pace of €20 billion. The Governing Council continues to expect monthly net asset purchases under the APP to run for as long as necessary to reinforce the accommodative impact of its policy rates, and to end shortly before it starts raising the key ECB interest rates. The Governing Council also intends to continue reinvesting, in full, the principal payments from maturing securities purchased under the APP for an extended period of time past the date when it starts raising the key ECB interest rates, and in any case for as long as necessary to maintain favourable liquidity conditions and an ample degree of monetary accommodation. Pandemic emergency purchase programme (PEPP) The Governing Council will continue to conduct net asset purchases under the PEPP with a total envelope of €1,850 billion until at least the end of March 2022 and, in any case, until it judges that the coronavirus crisis phase is over. Based on a joint assessment of financing conditions and the inflation outlook, the Governing Council judges that favourable financing conditions can be maintained with a moderately lower pace of net asset purchases under the PEPP than in the previous two quarters. The Governing Council will purchase flexibly according to market conditions and with a view to preventing a tightening of financing conditions that is inconsistent with countering the downward impact of the pandemic on the projected path of inflation. In addition, the flexibility of purchases over time, across asset classes and among jurisdictions will continue to support the smooth transmission of monetary policy. If favourable financing conditions can be maintained with asset purchase flows that do not exhaust the envelope over the net purchase horizon of the PEPP, the envelope need not be used in full. Equally, the envelope can be recalibrated if required to maintain favourable financing conditions to help counter the negative pandemic shock to the path of inflation. The Governing Council will continue to reinvest the principal payments from maturing securities purchased under the PEPP until at least the end of 2023. In any case, the future roll-off of the PEPP portfolio will be managed to avoid interference with the appropriate monetary policy stance. The Governing Council will continue to provide ample liquidity through its refinancing operations. In particular, the third series of targeted longer-term refinancing operations (TLTRO III) remains an attractive source of funding for banks, supporting bank lending to firms and households. The Governing Council stands ready to adjust all of its instruments, as appropriate, to ensure that inflation stabilises at its two per cent target over the medium term. The President of the ECB will comment on the considerations underlying these decisions at a press conference starting at 14:30 CET today. Disclaimer Please note that related topic tags are currently available for selected content only. Directorate General Communications Reproduction is permitted provided that the source is acknowledged."
ECB,2021-10-28,decision,ecb_dec_20211028,249,12:15,14:15,ECB Governing Council,Monetary policy decisions,https://www.ecb.europa.eu/press/pr/date/2021/html/ecb.mp211028~85474438a4.en.html,OK,True,True,False,691,22,"The Governing Council continues to judge that favourable financing conditions can be maintained with a moderately lower pace of net asset purchases under the pandemic emergency purchase programme (PEPP) than in the second and third quarters of this year. The Governing Council also confirmed its other measures, namely the level of the key ECB interest rates, its forward guidance on their likely future evolution, its purchases under the asset purchase programme (APP), its reinvestment policies and its longer-term refinancing operations. Specifically: The interest rate on the main refinancing operations and the interest rates on the marginal lending facility and the deposit facility will remain unchanged at 0.00%, 0.25% and -0.50% respectively. In support of its symmetric two per cent inflation target and in line with its monetary policy strategy, the Governing Council expects the key ECB interest rates to remain at their present or lower levels until it sees inflation reaching two per cent well ahead of the end of its projection horizon and durably for the rest of the projection horizon, and it judges that realised progress in underlying inflation is sufficiently advanced to be consistent with inflation stabilising at two per cent over the medium term. This may also imply a transitory period in which inflation is moderately above target. Net purchases under the APP will continue at a monthly pace of €20 billion. The Governing Council continues to expect monthly net asset purchases under the APP to run for as long as necessary to reinforce the accommodative impact of its policy rates, and to end shortly before it starts raising the key ECB interest rates. The Governing Council also intends to continue reinvesting, in full, the principal payments from maturing securities purchased under the APP for an extended period of time past the date when it starts raising the key ECB interest rates and, in any case, for as long as necessary to maintain favourable liquidity conditions and an ample degree of monetary accommodation. Pandemic emergency purchase programme (PEPP) The Governing Council will continue to conduct net asset purchases under the PEPP with a total envelope of €1,850 billion until at least the end of March 2022 and, in any case, until it judges that the coronavirus crisis phase is over. The Governing Council continues to judge that favourable financing conditions can be maintained with a moderately lower pace of net asset purchases under the PEPP than in the second and third quarters of this year. The Governing Council will purchase flexibly according to market conditions and with a view to preventing a tightening of financing conditions that is inconsistent with countering the downward impact of the pandemic on the projected path of inflation. In addition, the flexibility of purchases over time, across asset classes and among jurisdictions will continue to support the smooth transmission of monetary policy. If favourable financing conditions can be maintained with asset purchase flows that do not exhaust the envelope over the net purchase horizon of the PEPP, the envelope need not be used in full. Equally, the envelope can be recalibrated if required to maintain favourable financing conditions to help counter the negative pandemic shock to the path of inflation. The Governing Council will continue to reinvest the principal payments from maturing securities purchased under the PEPP until at least the end of 2023. In any case, the future roll-off of the PEPP portfolio will be managed to avoid interference with the appropriate monetary policy stance. The Governing Council will continue to provide ample liquidity through its refinancing operations. In particular, the third series of targeted longer-term refinancing operations (TLTRO III) remains an attractive source of funding for banks, supporting bank lending to firms and households. The Governing Council stands ready to adjust all of its instruments, as appropriate, to ensure that inflation stabilises at its two per cent target over the medium term. The President of the ECB will comment on the considerations underlying these decisions at a press conference starting at 14:30 CET today. Disclaimer Please note that related topic tags are currently available for selected content only. Directorate General Communications Reproduction is permitted provided that the source is acknowledged.","The Governing Council continues to judge that favourable financing conditions can be maintained with a moderately lower pace of net asset purchases under the pandemic emergency purchase programme (PEPP) than in the second and third quarters of this year. The Governing Council also confirmed its other measures, namely the level of the key ECB interest rates, its forward guidance on their likely future evolution, its purchases under the asset purchase programme (APP), its reinvestment policies and its longer-term refinancing operations. Specifically: The interest rate on the main refinancing operations and the interest rates on the marginal lending facility and the deposit facility will remain unchanged at 0.00%, 0.25% and -0.50% respectively. In support of its symmetric two per cent inflation target and in line with its monetary policy strategy, the Governing Council expects the key ECB interest rates to remain at their present or lower levels until it sees inflation reaching two per cent well ahead of the end of its projection horizon and durably for the rest of the projection horizon, and it judges that realised progress in underlying inflation is sufficiently advanced to be consistent with inflation stabilising at two per cent over the medium term. This may also imply a transitory period in which inflation is moderately above target. Net purchases under the APP will continue at a monthly pace of €20 billion. The Governing Council continues to expect monthly net asset purchases under the APP to run for as long as necessary to reinforce the accommodative impact of its policy rates, and to end shortly before it starts raising the key ECB interest rates. The Governing Council also intends to continue reinvesting, in full, the principal payments from maturing securities purchased under the APP for an extended period of time past the date when it starts raising the key ECB interest rates and, in any case, for as long as necessary to maintain favourable liquidity conditions and an ample degree of monetary accommodation. Pandemic emergency purchase programme (PEPP) The Governing Council will continue to conduct net asset purchases under the PEPP with a total envelope of €1,850 billion until at least the end of March 2022 and, in any case, until it judges that the coronavirus crisis phase is over. The Governing Council continues to judge that favourable financing conditions can be maintained with a moderately lower pace of net asset purchases under the PEPP than in the second and third quarters of this year. The Governing Council will purchase flexibly according to market conditions and with a view to preventing a tightening of financing conditions that is inconsistent with countering the downward impact of the pandemic on the projected path of inflation. In addition, the flexibility of purchases over time, across asset classes and among jurisdictions will continue to support the smooth transmission of monetary policy. If favourable financing conditions can be maintained with asset purchase flows that do not exhaust the envelope over the net purchase horizon of the PEPP, the envelope need not be used in full. Equally, the envelope can be recalibrated if required to maintain favourable financing conditions to help counter the negative pandemic shock to the path of inflation. The Governing Council will continue to reinvest the principal payments from maturing securities purchased under the PEPP until at least the end of 2023. In any case, the future roll-off of the PEPP portfolio will be managed to avoid interference with the appropriate monetary policy stance. The Governing Council will continue to provide ample liquidity through its refinancing operations. In particular, the third series of targeted longer-term refinancing operations (TLTRO III) remains an attractive source of funding for banks, supporting bank lending to firms and households. The Governing Council stands ready to adjust all of its instruments, as appropriate, to ensure that inflation stabilises at its two per cent target over the medium term. The President of the ECB will comment on the considerations underlying these decisions at a press conference starting at 14:30 CET today. Disclaimer Please note that related topic tags are currently available for selected content only. Directorate General Communications Reproduction is permitted provided that the source is acknowledged."
ECB,2021-12-16,decision,ecb_dec_20211216,250,13:15,14:15,ECB Governing Council,Monetary policy decisions,https://www.ecb.europa.eu/press/pr/date/2021/html/ecb.mp211216~1b6d3a1fd8.en.html,OK,True,True,False,827,28,"The Governing Council judges that the progress on economic recovery and towards its medium-term inflation target permits a step-by-step reduction in the pace of its asset purchases over the coming quarters. But monetary accommodation is still needed for inflation to stabilise at the 2% inflation target over the medium term. In view of the current uncertainty, the Governing Council needs to maintain flexibility and optionality in the conduct of monetary policy. With this is mind, the Governing Council took the following decisions: Pandemic emergency purchase programme (PEPP) In the first quarter of 2022, the Governing Council expects to conduct net asset purchases under the PEPP at a lower pace than in the previous quarter. It will discontinue net asset purchases under the PEPP at the end of March 2022. The Governing Council decided to extend the reinvestment horizon for the PEPP. It now intends to reinvest the principal payments from maturing securities purchased under the PEPP until at least the end of 2024. In any case, the future roll-off of the PEPP portfolio will be managed to avoid interference with the appropriate monetary policy stance. The pandemic has shown that, under stressed conditions, flexibility in the design and conduct of asset purchases has helped to counter the impaired transmission of monetary policy and made efforts to achieve the Governing Council’s goal more effective. Within our mandate, under stressed conditions, flexibility will remain an element of monetary policy whenever threats to monetary policy transmission jeopardise the attainment of price stability. In particular, in the event of renewed market fragmentation related to the pandemic, PEPP reinvestments can be adjusted flexibly across time, asset classes and jurisdictions at any time. This could include purchasing bonds issued by the Hellenic Republic over and above rollovers of redemptions in order to avoid an interruption of purchases in that jurisdiction, which could impair the transmission of monetary policy to the Greek economy while it is still recovering from the fallout of the pandemic. Net purchases under the PEPP could also be resumed, if necessary, to counter negative shocks related to the pandemic. In line with a step-by-step reduction in asset purchases and to ensure that the monetary policy stance remains consistent with inflation stabilising at its target over the medium term, the Governing Council decided on a monthly net purchase pace of €40 billion in the second quarter and €30 billion in the third quarter under the APP. From October 2022 onwards, the Governing Council will maintain net asset purchases under the APP at a monthly pace of €20 billion for as long as necessary to reinforce the accommodative impact of its policy rates. The Governing Council expects net purchases to end shortly before it starts raising the key ECB interest rates. The Governing Council also intends to continue reinvesting, in full, the principal payments from maturing securities purchased under the APP for an extended period of time past the date when it starts raising the key ECB interest rates and, in any case, for as long as necessary to maintain favourable liquidity conditions and an ample degree of monetary accommodation. The interest rate on the main refinancing operations and the interest rates on the marginal lending facility and the deposit facility will remain unchanged at 0.00%, 0.25% and -0.50% respectively. In support of its symmetric 2% inflation target and in line with its monetary policy strategy, the Governing Council expects the key ECB interest rates to remain at their present or lower levels until it sees inflation reaching 2% well ahead of the end of its projection horizon and durably for the rest of the projection horizon, and it judges that realised progress in underlying inflation is sufficiently advanced to be consistent with inflation stabilising at 2% over the medium term. This may also imply a transitory period in which inflation is moderately above target. The Governing Council will continue to monitor bank funding conditions and ensure that the maturing of operations under the third series of targeted longer-term refinancing operations (TLTRO III) does not hamper the smooth transmission of its monetary policy. The Governing Council will also regularly assess how targeted lending operations are contributing to its monetary policy stance. As announced, it expects the special conditions applicable under TLTRO III to end in June next year. The Governing Council will also assess the appropriate calibration of its two-tier system for reserve remuneration so that the negative interest rate policy does not limit banks’ intermediation capacity in an environment of ample excess liquidity. The Governing Council stands ready to adjust all of its instruments, as appropriate and in either direction, to ensure that inflation stabilises at its 2% target over the medium term. The President of the ECB will comment on the considerations underlying these decisions at a press conference starting at 14:30 CET today. Disclaimer Please note that related topic tags are currently available for selected content only. Directorate General Communications Reproduction is permitted provided that the source is acknowledged.","The Governing Council judges that the progress on economic recovery and towards its medium-term inflation target permits a step-by-step reduction in the pace of its asset purchases over the coming quarters. But monetary accommodation is still needed for inflation to stabilise at the 2% inflation target over the medium term. In view of the current uncertainty, the Governing Council needs to maintain flexibility and optionality in the conduct of monetary policy. With this is mind, the Governing Council took the following decisions: Pandemic emergency purchase programme (PEPP) In the first quarter of 2022, the Governing Council expects to conduct net asset purchases under the PEPP at a lower pace than in the previous quarter. It will discontinue net asset purchases under the PEPP at the end of March 2022. The Governing Council decided to extend the reinvestment horizon for the PEPP. It now intends to reinvest the principal payments from maturing securities purchased under the PEPP until at least the end of 2024. In any case, the future roll-off of the PEPP portfolio will be managed to avoid interference with the appropriate monetary policy stance. The pandemic has shown that, under stressed conditions, flexibility in the design and conduct of asset purchases has helped to counter the impaired transmission of monetary policy and made efforts to achieve the Governing Council’s goal more effective. Within our mandate, under stressed conditions, flexibility will remain an element of monetary policy whenever threats to monetary policy transmission jeopardise the attainment of price stability. In particular, in the event of renewed market fragmentation related to the pandemic, PEPP reinvestments can be adjusted flexibly across time, asset classes and jurisdictions at any time. This could include purchasing bonds issued by the Hellenic Republic over and above rollovers of redemptions in order to avoid an interruption of purchases in that jurisdiction, which could impair the transmission of monetary policy to the Greek economy while it is still recovering from the fallout of the pandemic. Net purchases under the PEPP could also be resumed, if necessary, to counter negative shocks related to the pandemic. In line with a step-by-step reduction in asset purchases and to ensure that the monetary policy stance remains consistent with inflation stabilising at its target over the medium term, the Governing Council decided on a monthly net purchase pace of €40 billion in the second quarter and €30 billion in the third quarter under the APP. From October 2022 onwards, the Governing Council will maintain net asset purchases under the APP at a monthly pace of €20 billion for as long as necessary to reinforce the accommodative impact of its policy rates. The Governing Council expects net purchases to end shortly before it starts raising the key ECB interest rates. The Governing Council also intends to continue reinvesting, in full, the principal payments from maturing securities purchased under the APP for an extended period of time past the date when it starts raising the key ECB interest rates and, in any case, for as long as necessary to maintain favourable liquidity conditions and an ample degree of monetary accommodation. The interest rate on the main refinancing operations and the interest rates on the marginal lending facility and the deposit facility will remain unchanged at 0.00%, 0.25% and -0.50% respectively. In support of its symmetric 2% inflation target and in line with its monetary policy strategy, the Governing Council expects the key ECB interest rates to remain at their present or lower levels until it sees inflation reaching 2% well ahead of the end of its projection horizon and durably for the rest of the projection horizon, and it judges that realised progress in underlying inflation is sufficiently advanced to be consistent with inflation stabilising at 2% over the medium term. This may also imply a transitory period in which inflation is moderately above target. The Governing Council will continue to monitor bank funding conditions and ensure that the maturing of operations under the third series of targeted longer-term refinancing operations (TLTRO III) does not hamper the smooth transmission of its monetary policy. The Governing Council will also regularly assess how targeted lending operations are contributing to its monetary policy stance. As announced, it expects the special conditions applicable under TLTRO III to end in June next year. The Governing Council will also assess the appropriate calibration of its two-tier system for reserve remuneration so that the negative interest rate policy does not limit banks’ intermediation capacity in an environment of ample excess liquidity. The Governing Council stands ready to adjust all of its instruments, as appropriate and in either direction, to ensure that inflation stabilises at its 2% target over the medium term. The President of the ECB will comment on the considerations underlying these decisions at a press conference starting at 14:30 CET today. Disclaimer Please note that related topic tags are currently available for selected content only. Directorate General Communications Reproduction is permitted provided that the source is acknowledged."
ECB,2022-02-03,decision,ecb_dec_20220203,251,13:15,14:15,ECB Governing Council,Monetary policy decisions,https://www.ecb.europa.eu/press/pr/date/2022/html/ecb.mp220203~90fbe94662.en.html,OK,True,True,False,749,25,"The Governing Council confirmed the decisions taken at its monetary policy meeting last December. Pandemic emergency purchase programme (PEPP) In the first quarter of 2022, the Governing Council is conducting net asset purchases under the PEPP at a lower pace than in the previous quarter. It will discontinue net asset purchases under the PEPP at the end of March 2022. The Governing Council intends to reinvest the principal payments from maturing securities purchased under the PEPP until at least the end of 2024. In any case, the future roll-off of the PEPP portfolio will be managed to avoid interference with the appropriate monetary policy stance. The pandemic has shown that, under stressed conditions, flexibility in the design and conduct of asset purchases has helped to counter the impaired transmission of monetary policy and made the Governing Council’s efforts to achieve its goal more effective. Within the Governing Council’s mandate, under stressed conditions, flexibility will remain an element of monetary policy whenever threats to monetary policy transmission jeopardise the attainment of price stability. In particular, in the event of renewed market fragmentation related to the pandemic, PEPP reinvestments can be adjusted flexibly across time, asset classes and jurisdictions at any time. This could include purchasing bonds issued by the Hellenic Republic over and above rollovers of redemptions in order to avoid an interruption of purchases in that jurisdiction, which could impair the transmission of monetary policy to the Greek economy while it is still recovering from the fallout from the pandemic. Net purchases under the PEPP could also be resumed, if necessary, to counter negative shocks related to the pandemic. In line with the step-by-step reduction in asset purchases decided on in December 2021 and to ensure that the monetary policy stance remains consistent with inflation stabilising at the Governing Council’s target over the medium term, monthly net purchases under the APP will amount to €40 billion in the second quarter of 2022 and €30 billion in the third quarter. From October onwards, the Governing Council will maintain net asset purchases under the APP at a monthly pace of €20 billion for as long as necessary to reinforce the accommodative impact of its policy rates. The Governing Council expects net purchases to end shortly before it starts raising the key ECB interest rates. The Governing Council also intends to continue reinvesting, in full, the principal payments from maturing securities purchased under the APP for an extended period of time past the date when it starts raising the key ECB interest rates and, in any case, for as long as necessary to maintain favourable liquidity conditions and an ample degree of monetary accommodation. The interest rate on the main refinancing operations and the interest rates on the marginal lending facility and the deposit facility will remain unchanged at 0.00%, 0.25% and -0.50% respectively. In support of its symmetric 2% inflation target and in line with its monetary policy strategy, the Governing Council expects the key ECB interest rates to remain at their present or lower levels until it sees inflation reaching 2% well ahead of the end of its projection horizon and durably for the rest of the projection horizon, and it judges that realised progress in underlying inflation is sufficiently advanced to be consistent with inflation stabilising at 2% over the medium term. This may also imply a transitory period in which inflation is moderately above target. The Governing Council will continue to monitor bank funding conditions and ensure that the maturing of operations under the third series of targeted longer-term refinancing operations (TLTRO III) does not hamper the smooth transmission of its monetary policy. The Governing Council will also regularly assess how targeted lending operations are contributing to its monetary policy stance. As announced, it expects the special conditions applicable under TLTRO III to end in June this year. The Governing Council will also assess the appropriate calibration of its two-tier system for reserve remuneration so that the negative interest rate policy does not limit banks’ intermediation capacity in an environment of ample excess liquidity. The Governing Council stands ready to adjust all of its instruments, as appropriate, to ensure that inflation stabilises at its 2% target over the medium term. The President of the ECB will comment on the considerations underlying these decisions at a press conference starting at 14:30 CET today. Disclaimer Please note that related topic tags are currently available for selected content only. Directorate General Communications Reproduction is permitted provided that the source is acknowledged.","The Governing Council confirmed the decisions taken at its monetary policy meeting last December. Pandemic emergency purchase programme (PEPP) In the first quarter of 2022, the Governing Council is conducting net asset purchases under the PEPP at a lower pace than in the previous quarter. It will discontinue net asset purchases under the PEPP at the end of March 2022. The Governing Council intends to reinvest the principal payments from maturing securities purchased under the PEPP until at least the end of 2024. In any case, the future roll-off of the PEPP portfolio will be managed to avoid interference with the appropriate monetary policy stance. The pandemic has shown that, under stressed conditions, flexibility in the design and conduct of asset purchases has helped to counter the impaired transmission of monetary policy and made the Governing Council’s efforts to achieve its goal more effective. Within the Governing Council’s mandate, under stressed conditions, flexibility will remain an element of monetary policy whenever threats to monetary policy transmission jeopardise the attainment of price stability. In particular, in the event of renewed market fragmentation related to the pandemic, PEPP reinvestments can be adjusted flexibly across time, asset classes and jurisdictions at any time. This could include purchasing bonds issued by the Hellenic Republic over and above rollovers of redemptions in order to avoid an interruption of purchases in that jurisdiction, which could impair the transmission of monetary policy to the Greek economy while it is still recovering from the fallout from the pandemic. Net purchases under the PEPP could also be resumed, if necessary, to counter negative shocks related to the pandemic. In line with the step-by-step reduction in asset purchases decided on in December 2021 and to ensure that the monetary policy stance remains consistent with inflation stabilising at the Governing Council’s target over the medium term, monthly net purchases under the APP will amount to €40 billion in the second quarter of 2022 and €30 billion in the third quarter. From October onwards, the Governing Council will maintain net asset purchases under the APP at a monthly pace of €20 billion for as long as necessary to reinforce the accommodative impact of its policy rates. The Governing Council expects net purchases to end shortly before it starts raising the key ECB interest rates. The Governing Council also intends to continue reinvesting, in full, the principal payments from maturing securities purchased under the APP for an extended period of time past the date when it starts raising the key ECB interest rates and, in any case, for as long as necessary to maintain favourable liquidity conditions and an ample degree of monetary accommodation. The interest rate on the main refinancing operations and the interest rates on the marginal lending facility and the deposit facility will remain unchanged at 0.00%, 0.25% and -0.50% respectively. In support of its symmetric 2% inflation target and in line with its monetary policy strategy, the Governing Council expects the key ECB interest rates to remain at their present or lower levels until it sees inflation reaching 2% well ahead of the end of its projection horizon and durably for the rest of the projection horizon, and it judges that realised progress in underlying inflation is sufficiently advanced to be consistent with inflation stabilising at 2% over the medium term. This may also imply a transitory period in which inflation is moderately above target. The Governing Council will continue to monitor bank funding conditions and ensure that the maturing of operations under the third series of targeted longer-term refinancing operations (TLTRO III) does not hamper the smooth transmission of its monetary policy. The Governing Council will also regularly assess how targeted lending operations are contributing to its monetary policy stance. As announced, it expects the special conditions applicable under TLTRO III to end in June this year. The Governing Council will also assess the appropriate calibration of its two-tier system for reserve remuneration so that the negative interest rate policy does not limit banks’ intermediation capacity in an environment of ample excess liquidity. The Governing Council stands ready to adjust all of its instruments, as appropriate, to ensure that inflation stabilises at its 2% target over the medium term. The President of the ECB will comment on the considerations underlying these decisions at a press conference starting at 14:30 CET today. Disclaimer Please note that related topic tags are currently available for selected content only. Directorate General Communications Reproduction is permitted provided that the source is acknowledged."
ECB,2022-03-10,decision,ecb_dec_20220310,252,12:15,14:15,ECB Governing Council,Monetary policy decisions,https://www.ecb.europa.eu/press/pr/date/2022/html/ecb.mp220310~2d19f8ba60.en.html,OK,True,True,False,989,35,"The Russian invasion of Ukraine is a watershed for Europe. The Governing Council expresses its full support to the people of Ukraine. It will ensure smooth liquidity conditions and implement the sanctions decided by the European Union and European governments. The Governing Council will take whatever action is needed to fulfil the ECB’s mandate to pursue price stability and to safeguard financial stability. Based on its updated assessment and taking into account the uncertain environment, the Governing Council today revised the purchase schedule for its APP for the coming months. Monthly net purchases under the APP will amount to €40 billion in April, €30 billion in May and €20 billion in June. The calibration of net purchases for the third quarter will be data-dependent and reflect its evolving assessment of the outlook. If the incoming data support the expectation that the medium-term inflation outlook will not weaken even after the end of its net asset purchases, the Governing Council will conclude net purchases under the APP in the third quarter. If the medium-term inflation outlook changes and if financing conditions become inconsistent with further progress towards the 2% target, the Governing Council stands ready to revise its schedule for net asset purchases in terms of size and/or duration. The Governing Council also intends to continue reinvesting, in full, the principal payments from maturing securities purchased under the APP for an extended period of time past the date when it starts raising the key ECB interest rates and, in any case, for as long as necessary to maintain favourable liquidity conditions and an ample degree of monetary accommodation. The interest rate on the main refinancing operations and the interest rates on the marginal lending facility and the deposit facility will remain unchanged at 0.00%, 0.25% and -0.50% respectively. Any adjustments to the key ECB interest rates will take place some time after the end of the Governing Council’s net purchases under the APP and will be gradual. The path for the key ECB interest rates will continue to be determined by the Governing Council’s forward guidance and by its strategic commitment to stabilise inflation at 2% over the medium term. Accordingly, the Governing Council expects the key ECB interest rates to remain at their present levels until it sees inflation reaching 2% well ahead of the end of its projection horizon and durably for the rest of the projection horizon, and it judges that realised progress in underlying inflation is sufficiently advanced to be consistent with inflation stabilising at 2% over the medium term. Pandemic emergency purchase programme (PEPP) In the first quarter of 2022, the Governing Council is conducting net asset purchases under the PEPP at a lower pace than in the previous quarter. It will discontinue net asset purchases under the PEPP at the end of March 2022. The Governing Council intends to reinvest the principal payments from maturing securities purchased under the PEPP until at least the end of 2024. In any case, the future roll-off of the PEPP portfolio will be managed to avoid interference with the appropriate monetary policy stance. The pandemic has shown that, under stressed conditions, flexibility in the design and conduct of asset purchases has helped to counter the impaired transmission of monetary policy and made the Governing Council’s efforts to achieve its goal more effective. Within the Governing Council’s mandate, under stressed conditions, flexibility will remain an element of monetary policy whenever threats to monetary policy transmission jeopardise the attainment of price stability. In particular, in the event of renewed market fragmentation related to the pandemic, PEPP reinvestments can be adjusted flexibly across time, asset classes and jurisdictions at any time. This could include purchasing bonds issued by the Hellenic Republic over and above rollovers of redemptions in order to avoid an interruption of purchases in that jurisdiction, which could impair the transmission of monetary policy to the Greek economy while it is still recovering from the fallout from the pandemic. Net purchases under the PEPP could also be resumed, if necessary, to counter negative shocks related to the pandemic. The Governing Council will continue to monitor bank funding conditions and ensure that the maturing of operations under the third series of targeted longer-term refinancing operations (TLTRO III) does not hamper the smooth transmission of its monetary policy. The Governing Council will also regularly assess how targeted lending operations are contributing to its monetary policy stance. As announced, it expects the special conditions applicable under TLTRO III to end in June this year. The Governing Council will also assess the appropriate calibration of its two-tier system for reserve remuneration so that the negative interest rate policy does not limit banks’ intermediation capacity in an environment of ample excess liquidity. Liquidity lines with non-euro area central banks In view of the highly uncertain environment caused by the Russian invasion of Ukraine and the risk of regional spillovers that could adversely affect euro area financial markets, the Governing Council decided to extend the Eurosystem repo facility for central banks (EUREP) until 15 January 2023. EUREP will therefore continue to complement the regular euro liquidity-providing arrangements for non-euro area central banks. Together, these form a comprehensive set of backstop facilities to address possible euro liquidity needs in the event of market dysfunctions outside the euro area that could adversely affect the smooth transmission of the ECB’s monetary policy. Requests from non-euro area central banks for individual euro liquidity lines will be assessed by the Governing Council on a case-by-case basis. The Governing Council stands ready to adjust all of its instruments, as appropriate, to ensure that inflation stabilises at its 2% target over the medium term. The President of the ECB will comment on the considerations underlying these decisions at a press conference starting at 14:30 CET today. Disclaimer Please note that related topic tags are currently available for selected content only. Directorate General Communications Reproduction is permitted provided that the source is acknowledged.","The Russian invasion of Ukraine is a watershed for Europe. The Governing Council expresses its full support to the people of Ukraine. It will ensure smooth liquidity conditions and implement the sanctions decided by the European Union and European governments. The Governing Council will take whatever action is needed to fulfil the ECB’s mandate to pursue price stability and to safeguard financial stability. Based on its updated assessment and taking into account the uncertain environment, the Governing Council today revised the purchase schedule for its APP for the coming months. Monthly net purchases under the APP will amount to €40 billion in April, €30 billion in May and €20 billion in June. The calibration of net purchases for the third quarter will be data-dependent and reflect its evolving assessment of the outlook. If the incoming data support the expectation that the medium-term inflation outlook will not weaken even after the end of its net asset purchases, the Governing Council will conclude net purchases under the APP in the third quarter. If the medium-term inflation outlook changes and if financing conditions become inconsistent with further progress towards the 2% target, the Governing Council stands ready to revise its schedule for net asset purchases in terms of size and/or duration. The Governing Council also intends to continue reinvesting, in full, the principal payments from maturing securities purchased under the APP for an extended period of time past the date when it starts raising the key ECB interest rates and, in any case, for as long as necessary to maintain favourable liquidity conditions and an ample degree of monetary accommodation. The interest rate on the main refinancing operations and the interest rates on the marginal lending facility and the deposit facility will remain unchanged at 0.00%, 0.25% and -0.50% respectively. Any adjustments to the key ECB interest rates will take place some time after the end of the Governing Council’s net purchases under the APP and will be gradual. The path for the key ECB interest rates will continue to be determined by the Governing Council’s forward guidance and by its strategic commitment to stabilise inflation at 2% over the medium term. Accordingly, the Governing Council expects the key ECB interest rates to remain at their present levels until it sees inflation reaching 2% well ahead of the end of its projection horizon and durably for the rest of the projection horizon, and it judges that realised progress in underlying inflation is sufficiently advanced to be consistent with inflation stabilising at 2% over the medium term. Pandemic emergency purchase programme (PEPP) In the first quarter of 2022, the Governing Council is conducting net asset purchases under the PEPP at a lower pace than in the previous quarter. It will discontinue net asset purchases under the PEPP at the end of March 2022. The Governing Council intends to reinvest the principal payments from maturing securities purchased under the PEPP until at least the end of 2024. In any case, the future roll-off of the PEPP portfolio will be managed to avoid interference with the appropriate monetary policy stance. The pandemic has shown that, under stressed conditions, flexibility in the design and conduct of asset purchases has helped to counter the impaired transmission of monetary policy and made the Governing Council’s efforts to achieve its goal more effective. Within the Governing Council’s mandate, under stressed conditions, flexibility will remain an element of monetary policy whenever threats to monetary policy transmission jeopardise the attainment of price stability. In particular, in the event of renewed market fragmentation related to the pandemic, PEPP reinvestments can be adjusted flexibly across time, asset classes and jurisdictions at any time. This could include purchasing bonds issued by the Hellenic Republic over and above rollovers of redemptions in order to avoid an interruption of purchases in that jurisdiction, which could impair the transmission of monetary policy to the Greek economy while it is still recovering from the fallout from the pandemic. Net purchases under the PEPP could also be resumed, if necessary, to counter negative shocks related to the pandemic. The Governing Council will continue to monitor bank funding conditions and ensure that the maturing of operations under the third series of targeted longer-term refinancing operations (TLTRO III) does not hamper the smooth transmission of its monetary policy. The Governing Council will also regularly assess how targeted lending operations are contributing to its monetary policy stance. As announced, it expects the special conditions applicable under TLTRO III to end in June this year. The Governing Council will also assess the appropriate calibration of its two-tier system for reserve remuneration so that the negative interest rate policy does not limit banks’ intermediation capacity in an environment of ample excess liquidity. Liquidity lines with non-euro area central banks In view of the highly uncertain environment caused by the Russian invasion of Ukraine and the risk of regional spillovers that could adversely affect euro area financial markets, the Governing Council decided to extend the Eurosystem repo facility for central banks (EUREP) until 15 January 2023. EUREP will therefore continue to complement the regular euro liquidity-providing arrangements for non-euro area central banks. Together, these form a comprehensive set of backstop facilities to address possible euro liquidity needs in the event of market dysfunctions outside the euro area that could adversely affect the smooth transmission of the ECB’s monetary policy. Requests from non-euro area central banks for individual euro liquidity lines will be assessed by the Governing Council on a case-by-case basis. The Governing Council stands ready to adjust all of its instruments, as appropriate, to ensure that inflation stabilises at its 2% target over the medium term. The President of the ECB will comment on the considerations underlying these decisions at a press conference starting at 14:30 CET today. Disclaimer Please note that related topic tags are currently available for selected content only. Directorate General Communications Reproduction is permitted provided that the source is acknowledged."
ECB,2022-04-14,decision,ecb_dec_20220414,253,12:15,14:15,ECB Governing Council,Monetary policy decisions,https://www.ecb.europa.eu/press/pr/date/2022/html/ecb.mp220414~d1b76520c6.en.html,OK,True,True,False,924,36,"Russia’s aggression in Ukraine is causing enormous suffering. It is also affecting the economy, in Europe and beyond. The conflict and the associated uncertainty are weighing heavily on the confidence of businesses and consumers. Trade disruptions are leading to new shortages of materials and inputs. Surging energy and commodity prices are reducing demand and holding back production. How the economy develops will crucially depend on how the conflict evolves, on the impact of current sanctions and on possible further measures. At the same time, economic activity is still being supported by the reopening of the economy after the crisis phase of the pandemic. Inflation has increased significantly and will remain high over the coming months, mainly because of the sharp rise in energy costs. Inflation pressures have intensified across many sectors. At today’s meeting the Governing Council judged that the incoming data since its last meeting reinforce its expectation that net asset purchases under its asset purchase programme should be concluded in the third quarter. Looking ahead, the ECB’s monetary policy will depend on the incoming data and the Governing Council’s evolving assessment of the outlook. In the current conditions of high uncertainty, the Governing Council will maintain optionality, gradualism and flexibility in the conduct of monetary policy. The Governing Council will take whatever action is needed to fulfil the ECB’s mandate to pursue price stability and to contribute to safeguarding financial stability. Monthly net purchases under the APP will amount to €40 billion in April, €30 billion in May and €20 billion in June. At today’s meeting the Governing Council judged that the incoming data since its last meeting reinforce its expectation that net asset purchases under the APP should be concluded in the third quarter. The calibration of net purchases for the third quarter will be data-dependent and reflect the Governing Council’s evolving assessment of the outlook. The Governing Council also intends to continue reinvesting, in full, the principal payments from maturing securities purchased under the APP for an extended period of time past the date when it starts raising the key ECB interest rates and, in any case, for as long as necessary to maintain favourable liquidity conditions and an ample degree of monetary accommodation. The interest rate on the main refinancing operations and the interest rates on the marginal lending facility and the deposit facility will remain unchanged at 0.00%, 0.25% and -0.50% respectively. Any adjustments to the key ECB interest rates will take place some time after the end of the Governing Council’s net purchases under the APP and will be gradual. The path for the key ECB interest rates will continue to be determined by the Governing Council’s forward guidance and by its strategic commitment to stabilise inflation at 2% over the medium term. Accordingly, the Governing Council expects the key ECB interest rates to remain at their present levels until it sees inflation reaching 2% well ahead of the end of its projection horizon and durably for the rest of the projection horizon, and it judges that realised progress in underlying inflation is sufficiently advanced to be consistent with inflation stabilising at 2% over the medium term. Pandemic emergency purchase programme (PEPP) The Governing Council intends to reinvest the principal payments from maturing securities purchased under the PEPP until at least the end of 2024. In any case, the future roll-off of the PEPP portfolio will be managed to avoid interference with the appropriate monetary policy stance. In the event of renewed market fragmentation related to the pandemic, PEPP reinvestments can be adjusted flexibly across time, asset classes and jurisdictions at any time. This could include purchasing bonds issued by the Hellenic Republic over and above rollovers of redemptions in order to avoid an interruption of purchases in that jurisdiction, which could impair the transmission of monetary policy to the Greek economy while it is still recovering from the fallout from the pandemic. Net purchases under the PEPP could also be resumed, if necessary, to counter negative shocks related to the pandemic. The Governing Council will continue to monitor bank funding conditions and ensure that the maturing of operations under the third series of targeted longer-term refinancing operations (TLTRO III) does not hamper the smooth transmission of its monetary policy. The Governing Council will also regularly assess how targeted lending operations are contributing to its monetary policy stance. As announced, it expects the special conditions applicable under TLTRO III to end in June this year. The Governing Council will also assess the appropriate calibration of its two-tier system for reserve remuneration so that the negative interest rate policy does not limit banks’ intermediation capacity in an environment of ample excess liquidity. The Governing Council stands ready to adjust all of its instruments within its mandate, incorporating flexibility if warranted, to ensure that inflation stabilises at its 2% target over the medium term. The pandemic has shown that, under stressed conditions, flexibility in the design and conduct of asset purchases has helped to counter the impaired transmission of monetary policy and made the Governing Council’s efforts to achieve its goal more effective. Within the Governing Council’s mandate, under stressed conditions, flexibility will remain an element of monetary policy whenever threats to monetary policy transmission jeopardise the attainment of price stability. The President of the ECB will comment on the considerations underlying these decisions at a press conference starting at 14:30 CET today. Disclaimer Please note that related topic tags are currently available for selected content only. Directorate General Communications Reproduction is permitted provided that the source is acknowledged.","Russia’s aggression in Ukraine is causing enormous suffering. It is also affecting the economy, in Europe and beyond. The conflict and the associated uncertainty are weighing heavily on the confidence of businesses and consumers. Trade disruptions are leading to new shortages of materials and inputs. Surging energy and commodity prices are reducing demand and holding back production. How the economy develops will crucially depend on how the conflict evolves, on the impact of current sanctions and on possible further measures. At the same time, economic activity is still being supported by the reopening of the economy after the crisis phase of the pandemic. Inflation has increased significantly and will remain high over the coming months, mainly because of the sharp rise in energy costs. Inflation pressures have intensified across many sectors. At today’s meeting the Governing Council judged that the incoming data since its last meeting reinforce its expectation that net asset purchases under its asset purchase programme should be concluded in the third quarter. Looking ahead, the ECB’s monetary policy will depend on the incoming data and the Governing Council’s evolving assessment of the outlook. In the current conditions of high uncertainty, the Governing Council will maintain optionality, gradualism and flexibility in the conduct of monetary policy. The Governing Council will take whatever action is needed to fulfil the ECB’s mandate to pursue price stability and to contribute to safeguarding financial stability. Monthly net purchases under the APP will amount to €40 billion in April, €30 billion in May and €20 billion in June. At today’s meeting the Governing Council judged that the incoming data since its last meeting reinforce its expectation that net asset purchases under the APP should be concluded in the third quarter. The calibration of net purchases for the third quarter will be data-dependent and reflect the Governing Council’s evolving assessment of the outlook. The Governing Council also intends to continue reinvesting, in full, the principal payments from maturing securities purchased under the APP for an extended period of time past the date when it starts raising the key ECB interest rates and, in any case, for as long as necessary to maintain favourable liquidity conditions and an ample degree of monetary accommodation. The interest rate on the main refinancing operations and the interest rates on the marginal lending facility and the deposit facility will remain unchanged at 0.00%, 0.25% and -0.50% respectively. Any adjustments to the key ECB interest rates will take place some time after the end of the Governing Council’s net purchases under the APP and will be gradual. The path for the key ECB interest rates will continue to be determined by the Governing Council’s forward guidance and by its strategic commitment to stabilise inflation at 2% over the medium term. Accordingly, the Governing Council expects the key ECB interest rates to remain at their present levels until it sees inflation reaching 2% well ahead of the end of its projection horizon and durably for the rest of the projection horizon, and it judges that realised progress in underlying inflation is sufficiently advanced to be consistent with inflation stabilising at 2% over the medium term. Pandemic emergency purchase programme (PEPP) The Governing Council intends to reinvest the principal payments from maturing securities purchased under the PEPP until at least the end of 2024. In any case, the future roll-off of the PEPP portfolio will be managed to avoid interference with the appropriate monetary policy stance. In the event of renewed market fragmentation related to the pandemic, PEPP reinvestments can be adjusted flexibly across time, asset classes and jurisdictions at any time. This could include purchasing bonds issued by the Hellenic Republic over and above rollovers of redemptions in order to avoid an interruption of purchases in that jurisdiction, which could impair the transmission of monetary policy to the Greek economy while it is still recovering from the fallout from the pandemic. Net purchases under the PEPP could also be resumed, if necessary, to counter negative shocks related to the pandemic. The Governing Council will continue to monitor bank funding conditions and ensure that the maturing of operations under the third series of targeted longer-term refinancing operations (TLTRO III) does not hamper the smooth transmission of its monetary policy. The Governing Council will also regularly assess how targeted lending operations are contributing to its monetary policy stance. As announced, it expects the special conditions applicable under TLTRO III to end in June this year. The Governing Council will also assess the appropriate calibration of its two-tier system for reserve remuneration so that the negative interest rate policy does not limit banks’ intermediation capacity in an environment of ample excess liquidity. The Governing Council stands ready to adjust all of its instruments within its mandate, incorporating flexibility if warranted, to ensure that inflation stabilises at its 2% target over the medium term. The pandemic has shown that, under stressed conditions, flexibility in the design and conduct of asset purchases has helped to counter the impaired transmission of monetary policy and made the Governing Council’s efforts to achieve its goal more effective. Within the Governing Council’s mandate, under stressed conditions, flexibility will remain an element of monetary policy whenever threats to monetary policy transmission jeopardise the attainment of price stability. The President of the ECB will comment on the considerations underlying these decisions at a press conference starting at 14:30 CET today. Disclaimer Please note that related topic tags are currently available for selected content only. Directorate General Communications Reproduction is permitted provided that the source is acknowledged."
ECB,2022-06-09,decision,ecb_dec_20220609,254,12:15,14:15,ECB Governing Council,Monetary policy decisions,https://www.ecb.europa.eu/press/pr/date/2022/html/ecb.mp220609~122666c272.en.html,OK,True,True,False,1057,44,"High inflation is a major challenge for all of us. The Governing Council will make sure that inflation returns to its 2% target over the medium term. In May inflation again rose significantly, mainly because of surging energy and food prices, including due to the impact of the war. But inflation pressures have broadened and intensified, with prices for many goods and services increasing strongly. Eurosystem staff have revised their baseline inflation projections up significantly. These projections indicate that inflation will remain undesirably elevated for some time. However, moderating energy costs, the easing of supply disruptions related to the pandemic and the normalisation of monetary policy are expected to lead to a decline in inflation. The new staff projections foresee annual inflation at 6.8% in 2022, before it is projected to decline to 3.5% in 2023 and 2.1% in 2024 – higher than in the March projections. This means that headline inflation at the end of the projection horizon is projected to be slightly above the Governing Council’s target. Inflation excluding energy and food is projected to average 3.3% in 2022, 2.8% in 2023 and 2.3% in 2024 – also above the March projections. Russia’s unjustified aggression towards Ukraine continues to weigh on the economy in Europe and beyond. It is disrupting trade, is leading to shortages of materials, and is contributing to high energy and commodity prices. These factors will continue to weigh on confidence and dampen growth, especially in the near term. However, the conditions are in place for the economy to continue to grow on account of the ongoing reopening of the economy, a strong labour market, fiscal support and savings built up during the pandemic. Once current headwinds abate, economic activity is expected to pick up again. This outlook is broadly reflected in the Eurosystem staff projections, which foresee annual real GDP growth at 2.8% in 2022, 2.1% in 2023 and 2.1% in 2024. Compared with the March projections, the outlook has been revised down significantly for 2022 and 2023, while for 2024 it has been revised up. On the basis of its updated assessment, the Governing Council decided to take further steps in normalising its monetary policy. Throughout this process, the Governing Council will maintain optionality, data-dependence, gradualism and flexibility in the conduct of monetary policy. Asset purchase programme (APP) and pandemic emergency purchase programme (PEPP) The Governing Council decided to end net asset purchases under its asset purchase programme (APP) as of 1 July 2022. The Governing Council intends to continue reinvesting, in full, the principal payments from maturing securities purchased under the APP for an extended period of time past the date when it starts raising the key ECB interest rates and, in any case, for as long as necessary to maintain ample liquidity conditions and an appropriate monetary policy stance. As concerns the pandemic emergency purchase programme (PEPP), the Governing Council intends to reinvest the principal payments from maturing securities purchased under the programme until at least the end of 2024. In any case, the future roll-off of the PEPP portfolio will be managed to avoid interference with the appropriate monetary policy stance. In the event of renewed market fragmentation related to the pandemic, PEPP reinvestments can be adjusted flexibly across time, asset classes and jurisdictions at any time. This could include purchasing bonds issued by the Hellenic Republic over and above rollovers of redemptions in order to avoid an interruption of purchases in that jurisdiction, which could impair the transmission of monetary policy to the Greek economy while it is still recovering from the fallout from the pandemic. Net purchases under the PEPP could also be resumed, if necessary, to counter negative shocks related to the pandemic. The Governing Council undertook a careful review of the conditions which, according to its forward guidance, should be satisfied before it starts raising the key ECB interest rates. As a result of this assessment, the Governing Council concluded that those conditions have been satisfied. Accordingly, and in line with the Governing Council’s policy sequencing, the Governing Council intends to raise the key ECB interest rates by 25 basis points at its July monetary policy meeting. In the meantime, the Governing Council decided to leave the interest rate on the main refinancing operations and the interest rates on the marginal lending facility and the deposit facility unchanged at 0.00%, 0.25% and -0.50% respectively. Looking further ahead, the Governing Council expects to raise the key ECB interest rates again in September. The calibration of this rate increase will depend on the updated medium-term inflation outlook. If the medium-term inflation outlook persists or deteriorates, a larger increment will be appropriate at the September meeting. Beyond September, based on its current assessment, the Governing Council anticipates that a gradual but sustained path of further increases in interest rates will be appropriate. In line with the Governing Council’s commitment to its 2% medium-term target, the pace at which the Governing Council adjusts its monetary policy will depend on the incoming data and how it assesses inflation to develop in the medium term. The Governing Council will continue to monitor bank funding conditions and ensure that the maturing of operations under the third series of targeted longer-term refinancing operations (TLTRO III) does not hamper the smooth transmission of its monetary policy. The Governing Council will also regularly assess how targeted lending operations are contributing to its monetary policy stance. As announced previously, the special conditions applicable under TLTRO III will end on 23 June 2022. The Governing Council stands ready to adjust all of its instruments, incorporating flexibility if warranted, to ensure that inflation stabilises at its 2% target over the medium term. The pandemic has shown that, under stressed conditions, flexibility in the design and conduct of asset purchases has helped to counter the impaired transmission of monetary policy and made the Governing Council’s efforts to achieve its goal more effective. Within the ECB’s mandate, under stressed conditions, flexibility will remain an element of monetary policy whenever threats to monetary policy transmission jeopardise the attainment of price stability. The President of the ECB will comment on the considerations underlying these decisions at a press conference starting at 14:30 CET today. Disclaimer Please note that related topic tags are currently available for selected content only. Directorate General Communications Reproduction is permitted provided that the source is acknowledged.","High inflation is a major challenge for all of us. The Governing Council will make sure that inflation returns to its 2% target over the medium term. In May inflation again rose significantly, mainly because of surging energy and food prices, including due to the impact of the war. But inflation pressures have broadened and intensified, with prices for many goods and services increasing strongly. Eurosystem staff have revised their baseline inflation projections up significantly. These projections indicate that inflation will remain undesirably elevated for some time. However, moderating energy costs, the easing of supply disruptions related to the pandemic and the normalisation of monetary policy are expected to lead to a decline in inflation. The new staff projections foresee annual inflation at 6.8% in 2022, before it is projected to decline to 3.5% in 2023 and 2.1% in 2024 – higher than in the March projections. This means that headline inflation at the end of the projection horizon is projected to be slightly above the Governing Council’s target. Inflation excluding energy and food is projected to average 3.3% in 2022, 2.8% in 2023 and 2.3% in 2024 – also above the March projections. Russia’s unjustified aggression towards Ukraine continues to weigh on the economy in Europe and beyond. It is disrupting trade, is leading to shortages of materials, and is contributing to high energy and commodity prices. These factors will continue to weigh on confidence and dampen growth, especially in the near term. However, the conditions are in place for the economy to continue to grow on account of the ongoing reopening of the economy, a strong labour market, fiscal support and savings built up during the pandemic. Once current headwinds abate, economic activity is expected to pick up again. This outlook is broadly reflected in the Eurosystem staff projections, which foresee annual real GDP growth at 2.8% in 2022, 2.1% in 2023 and 2.1% in 2024. Compared with the March projections, the outlook has been revised down significantly for 2022 and 2023, while for 2024 it has been revised up. On the basis of its updated assessment, the Governing Council decided to take further steps in normalising its monetary policy. Throughout this process, the Governing Council will maintain optionality, data-dependence, gradualism and flexibility in the conduct of monetary policy. Asset purchase programme (APP) and pandemic emergency purchase programme (PEPP) The Governing Council decided to end net asset purchases under its asset purchase programme (APP) as of 1 July 2022. The Governing Council intends to continue reinvesting, in full, the principal payments from maturing securities purchased under the APP for an extended period of time past the date when it starts raising the key ECB interest rates and, in any case, for as long as necessary to maintain ample liquidity conditions and an appropriate monetary policy stance. As concerns the pandemic emergency purchase programme (PEPP), the Governing Council intends to reinvest the principal payments from maturing securities purchased under the programme until at least the end of 2024. In any case, the future roll-off of the PEPP portfolio will be managed to avoid interference with the appropriate monetary policy stance. In the event of renewed market fragmentation related to the pandemic, PEPP reinvestments can be adjusted flexibly across time, asset classes and jurisdictions at any time. This could include purchasing bonds issued by the Hellenic Republic over and above rollovers of redemptions in order to avoid an interruption of purchases in that jurisdiction, which could impair the transmission of monetary policy to the Greek economy while it is still recovering from the fallout from the pandemic. Net purchases under the PEPP could also be resumed, if necessary, to counter negative shocks related to the pandemic. The Governing Council undertook a careful review of the conditions which, according to its forward guidance, should be satisfied before it starts raising the key ECB interest rates. As a result of this assessment, the Governing Council concluded that those conditions have been satisfied. Accordingly, and in line with the Governing Council’s policy sequencing, the Governing Council intends to raise the key ECB interest rates by 25 basis points at its July monetary policy meeting. In the meantime, the Governing Council decided to leave the interest rate on the main refinancing operations and the interest rates on the marginal lending facility and the deposit facility unchanged at 0.00%, 0.25% and -0.50% respectively. Looking further ahead, the Governing Council expects to raise the key ECB interest rates again in September. The calibration of this rate increase will depend on the updated medium-term inflation outlook. If the medium-term inflation outlook persists or deteriorates, a larger increment will be appropriate at the September meeting. Beyond September, based on its current assessment, the Governing Council anticipates that a gradual but sustained path of further increases in interest rates will be appropriate. In line with the Governing Council’s commitment to its 2% medium-term target, the pace at which the Governing Council adjusts its monetary policy will depend on the incoming data and how it assesses inflation to develop in the medium term. The Governing Council will continue to monitor bank funding conditions and ensure that the maturing of operations under the third series of targeted longer-term refinancing operations (TLTRO III) does not hamper the smooth transmission of its monetary policy. The Governing Council will also regularly assess how targeted lending operations are contributing to its monetary policy stance. As announced previously, the special conditions applicable under TLTRO III will end on 23 June 2022. The Governing Council stands ready to adjust all of its instruments, incorporating flexibility if warranted, to ensure that inflation stabilises at its 2% target over the medium term. The pandemic has shown that, under stressed conditions, flexibility in the design and conduct of asset purchases has helped to counter the impaired transmission of monetary policy and made the Governing Council’s efforts to achieve its goal more effective. Within the ECB’s mandate, under stressed conditions, flexibility will remain an element of monetary policy whenever threats to monetary policy transmission jeopardise the attainment of price stability. The President of the ECB will comment on the considerations underlying these decisions at a press conference starting at 14:30 CET today. Disclaimer Please note that related topic tags are currently available for selected content only. Directorate General Communications Reproduction is permitted provided that the source is acknowledged."
ECB,2022-07-21,decision,ecb_dec_20220721,255,12:15,14:15,ECB Governing Council,Monetary policy decisions,https://www.ecb.europa.eu/press/pr/date/2022/html/ecb.mp220721~53e5bdd317.en.html,OK,True,True,False,844,34,"Today, in line with the Governing Council’s strong commitment to its price stability mandate, the Governing Council took further key steps to make sure inflation returns to its 2% target over the medium term. The Governing Council decided to raise the three key ECB interest rates by 50 basis points and approved the Transmission Protection Instrument (TPI). The Governing Council judged that it is appropriate to take a larger first step on its policy rate normalisation path than signalled at its previous meeting. This decision is based on the Governing Council’s updated assessment of inflation risks and the reinforced support provided by the TPI for the effective transmission of monetary policy. It will support the return of inflation to the Governing Council’s medium-term target by strengthening the anchoring of inflation expectations and by ensuring that demand conditions adjust to deliver its inflation target in the medium term. At the Governing Council’s upcoming meetings, further normalisation of interest rates will be appropriate. The frontloading today of the exit from negative interest rates allows the Governing Council to make a transition to a meeting-by-meeting approach to interest rate decisions. The Governing Council’s future policy rate path will continue to be data-dependent and will help to deliver on its 2% inflation target over the medium term. In the context of its policy normalisation, the Governing Council will evaluate options for remunerating excess liquidity holdings. The Governing Council assessed that the establishment of the TPI is necessary to support the effective transmission of monetary policy. In particular, as the Governing Council continues normalising monetary policy, the TPI will ensure that the monetary policy stance is transmitted smoothly across all euro area countries. The singleness of the Governing Council’s monetary policy is a precondition for the ECB to be able to deliver on its price stability mandate. The TPI will be an addition to the Governing Council’s toolkit and can be activated to counter unwarranted, disorderly market dynamics that pose a serious threat to the transmission of monetary policy across the euro area. The scale of TPI purchases depends on the severity of the risks facing policy transmission. Purchases are not restricted ex ante. By safeguarding the transmission mechanism, the TPI will allow the Governing Council to more effectively deliver on its price stability mandate. In any event, the flexibility in reinvestments of redemptions coming due in the pandemic emergency purchase programme (PEPP) portfolio remains the first line of defence to counter risks to the transmission mechanism related to the pandemic. The details of the TPI are described in a separate press release to be published at 15:45 CET. The Governing Council decided to raise the three key ECB interest rates by 50 basis points. Accordingly, the interest rate on the main refinancing operations and the interest rates on the marginal lending facility and the deposit facility will be increased to 0.50%, 0.75% and 0.00% respectively, with effect from 27 July 2022. At the Governing Council’s upcoming meetings, further normalisation of interest rates will be appropriate. The frontloading today of the exit from negative interest rates allows the Governing Council to make a transition to a meeting-by-meeting approach to interest rate decisions. The Governing Council’s future policy rate path will continue to be data-dependent and will help to deliver on its 2% inflation target over the medium term. Asset purchase programme (APP) and pandemic emergency purchase programme (PEPP) The Governing Council intends to continue reinvesting, in full, the principal payments from maturing securities purchased under the APP for an extended period of time past the date when it starts raising the key ECB interest rates and, in any case, for as long as necessary to maintain ample liquidity conditions and an appropriate monetary policy stance. As concerns the PEPP, the Governing Council intends to reinvest the principal payments from maturing securities purchased under the programme until at least the end of 2024. In any case, the future roll-off of the PEPP portfolio will be managed to avoid interference with the appropriate monetary policy stance. Redemptions coming due in the PEPP portfolio are being reinvested flexibly, with a view to countering risks to the transmission mechanism related to the pandemic. The Governing Council will continue to monitor bank funding conditions and ensure that the maturing of operations under the third series of targeted longer-term refinancing operations (TLTRO III) does not hamper the smooth transmission of its monetary policy. The Governing Council will also regularly assess how targeted lending operations are contributing to its monetary policy stance. The Governing Council stands ready to adjust all of its instruments within its mandate to ensure that inflation stabilises at its 2% target over the medium term. The Governing Council’s new TPI will safeguard the smooth transmission of its monetary policy stance throughout the euro area. The President of the ECB will comment on the considerations underlying these decisions at a press conference starting at 14:45 CET today. Disclaimer Please note that related topic tags are currently available for selected content only. Directorate General Communications Reproduction is permitted provided that the source is acknowledged.","Today, in line with the Governing Council’s strong commitment to its price stability mandate, the Governing Council took further key steps to make sure inflation returns to its 2% target over the medium term. The Governing Council decided to raise the three key ECB interest rates by 50 basis points and approved the Transmission Protection Instrument (TPI). The Governing Council judged that it is appropriate to take a larger first step on its policy rate normalisation path than signalled at its previous meeting. This decision is based on the Governing Council’s updated assessment of inflation risks and the reinforced support provided by the TPI for the effective transmission of monetary policy. It will support the return of inflation to the Governing Council’s medium-term target by strengthening the anchoring of inflation expectations and by ensuring that demand conditions adjust to deliver its inflation target in the medium term. At the Governing Council’s upcoming meetings, further normalisation of interest rates will be appropriate. The frontloading today of the exit from negative interest rates allows the Governing Council to make a transition to a meeting-by-meeting approach to interest rate decisions. The Governing Council’s future policy rate path will continue to be data-dependent and will help to deliver on its 2% inflation target over the medium term. In the context of its policy normalisation, the Governing Council will evaluate options for remunerating excess liquidity holdings. The Governing Council assessed that the establishment of the TPI is necessary to support the effective transmission of monetary policy. In particular, as the Governing Council continues normalising monetary policy, the TPI will ensure that the monetary policy stance is transmitted smoothly across all euro area countries. The singleness of the Governing Council’s monetary policy is a precondition for the ECB to be able to deliver on its price stability mandate. The TPI will be an addition to the Governing Council’s toolkit and can be activated to counter unwarranted, disorderly market dynamics that pose a serious threat to the transmission of monetary policy across the euro area. The scale of TPI purchases depends on the severity of the risks facing policy transmission. Purchases are not restricted ex ante. By safeguarding the transmission mechanism, the TPI will allow the Governing Council to more effectively deliver on its price stability mandate. In any event, the flexibility in reinvestments of redemptions coming due in the pandemic emergency purchase programme (PEPP) portfolio remains the first line of defence to counter risks to the transmission mechanism related to the pandemic. The details of the TPI are described in a separate press release to be published at 15:45 CET. The Governing Council decided to raise the three key ECB interest rates by 50 basis points. Accordingly, the interest rate on the main refinancing operations and the interest rates on the marginal lending facility and the deposit facility will be increased to 0.50%, 0.75% and 0.00% respectively, with effect from 27 July 2022. At the Governing Council’s upcoming meetings, further normalisation of interest rates will be appropriate. The frontloading today of the exit from negative interest rates allows the Governing Council to make a transition to a meeting-by-meeting approach to interest rate decisions. The Governing Council’s future policy rate path will continue to be data-dependent and will help to deliver on its 2% inflation target over the medium term. Asset purchase programme (APP) and pandemic emergency purchase programme (PEPP) The Governing Council intends to continue reinvesting, in full, the principal payments from maturing securities purchased under the APP for an extended period of time past the date when it starts raising the key ECB interest rates and, in any case, for as long as necessary to maintain ample liquidity conditions and an appropriate monetary policy stance. As concerns the PEPP, the Governing Council intends to reinvest the principal payments from maturing securities purchased under the programme until at least the end of 2024. In any case, the future roll-off of the PEPP portfolio will be managed to avoid interference with the appropriate monetary policy stance. Redemptions coming due in the PEPP portfolio are being reinvested flexibly, with a view to countering risks to the transmission mechanism related to the pandemic. The Governing Council will continue to monitor bank funding conditions and ensure that the maturing of operations under the third series of targeted longer-term refinancing operations (TLTRO III) does not hamper the smooth transmission of its monetary policy. The Governing Council will also regularly assess how targeted lending operations are contributing to its monetary policy stance. The Governing Council stands ready to adjust all of its instruments within its mandate to ensure that inflation stabilises at its 2% target over the medium term. The Governing Council’s new TPI will safeguard the smooth transmission of its monetary policy stance throughout the euro area. The President of the ECB will comment on the considerations underlying these decisions at a press conference starting at 14:45 CET today. Disclaimer Please note that related topic tags are currently available for selected content only. Directorate General Communications Reproduction is permitted provided that the source is acknowledged."
ECB,2022-09-08,decision,ecb_dec_20220908,256,12:15,14:15,ECB Governing Council,Monetary policy decisions,https://www.ecb.europa.eu/press/pr/date/2022/html/ecb.mp220908~c1b6839378.en.html,OK,True,False,False,851,33,"The Governing Council today decided to raise the three key ECB interest rates by 75 basis points. This major step frontloads the transition from the prevailing highly accommodative level of policy rates towards levels that will ensure the timely return of inflation to the ECB’s 2% medium-term target. Based on its current assessment, over the next several meetings the Governing Council expects to raise interest rates further to dampen demand and guard against the risk of a persistent upward shift in inflation expectations. The Governing Council will regularly re-evaluate its policy path in light of incoming information and the evolving inflation outlook. The Governing Council’s future policy rate decisions will continue to be data-dependent and follow a meeting-by-meeting approach. The Governing Council took today’s decision, and expects to raise interest rates further, because inflation remains far too high and is likely to stay above target for an extended period. According to Eurostat’s flash estimate, inflation reached 9.1% in August. Soaring energy and food prices, demand pressures in some sectors owing to the reopening of the economy, and supply bottlenecks are still driving up inflation. Price pressures have continued to strengthen and broaden across the economy and inflation may rise further in the near term. As the current drivers of inflation fade over time and the normalisation of monetary policy works its way through to the economy and price-setting, inflation will come down. Looking ahead, ECB staff have significantly revised up their inflation projections and inflation is now expected to average 8.1% in 2022, 5.5% in 2023 and 2.3% in 2024. After a rebound in the first half of 2022, recent data point to a substantial slowdown in euro area economic growth, with the economy expected to stagnate later in the year and in the first quarter of 2023. Very high energy prices are reducing the purchasing power of people’s incomes and, although supply bottlenecks are easing, they are still constraining economic activity. In addition, the adverse geopolitical situation, especially Russia’s unjustified aggression towards Ukraine, is weighing on the confidence of businesses and consumers. This outlook is reflected in the latest staff projections for economic growth, which have been revised down markedly for the remainder of the current year and throughout 2023. Staff now expect the economy to grow by 3.1% in 2022, 0.9% in 2023 and 1.9% in 2024. The lasting vulnerabilities caused by the pandemic still pose a risk to the smooth transmission of monetary policy. The Governing Council will therefore continue applying flexibility in reinvesting redemptions coming due in the pandemic emergency purchase programme portfolio, with a view to countering risks to the transmission mechanism related to the pandemic. The Governing Council decided to raise the three key ECB interest rates by 75 basis points. Accordingly, the interest rate on the main refinancing operations and the interest rates on the marginal lending facility and the deposit facility will be increased to 1.25%, 1.50% and 0.75% respectively, with effect from 14 September 2022. Following the raising of the deposit facility rate to above zero, the two-tier system for the remuneration of excess reserves is no longer necessary. The Governing Council therefore decided today to suspend the two-tier system by setting the multiplier to zero. Asset purchase programme (APP) and pandemic emergency purchase programme (PEPP) The Governing Council intends to continue reinvesting, in full, the principal payments from maturing securities purchased under the APP for an extended period of time past the date when it started raising the key ECB interest rates and, in any case, for as long as necessary to maintain ample liquidity conditions and an appropriate monetary policy stance. As concerns the PEPP, the Governing Council intends to reinvest the principal payments from maturing securities purchased under the programme until at least the end of 2024. In any case, the future roll-off of the PEPP portfolio will be managed to avoid interference with the appropriate monetary policy stance. Redemptions coming due in the PEPP portfolio are being reinvested flexibly, with a view to countering risks to the monetary policy transmission mechanism related to the pandemic. The Governing Council will continue to monitor bank funding conditions and ensure that the maturing of operations under the third series of targeted longer-term refinancing operations (TLTRO III) does not hamper the smooth transmission of its monetary policy. The Governing Council will also regularly assess how targeted lending operations are contributing to its monetary policy stance. The Governing Council stands ready to adjust all of its instruments within its mandate to ensure that inflation stabilises at its 2% target over the medium term. The Transmission Protection Instrument is available to counter unwarranted, disorderly market dynamics that pose a serious threat to the transmission of monetary policy across all euro area countries, thus allowing the Governing Council to more effectively deliver on its price stability mandate. The President of the ECB will comment on the considerations underlying these decisions at a press conference starting at 14:45 CET today. Disclaimer Please note that related topic tags are currently available for selected content only. Directorate General Communications Reproduction is permitted provided that the source is acknowledged.","The Governing Council today decided to raise the three key ECB interest rates by 75 basis points. This major step frontloads the transition from the prevailing highly accommodative level of policy rates towards levels that will ensure the timely return of inflation to the ECB’s 2% medium-term target. Based on its current assessment, over the next several meetings the Governing Council expects to raise interest rates further to dampen demand and guard against the risk of a persistent upward shift in inflation expectations. The Governing Council will regularly re-evaluate its policy path in light of incoming information and the evolving inflation outlook. The Governing Council’s future policy rate decisions will continue to be data-dependent and follow a meeting-by-meeting approach. The Governing Council took today’s decision, and expects to raise interest rates further, because inflation remains far too high and is likely to stay above target for an extended period. According to Eurostat’s flash estimate, inflation reached 9.1% in August. Soaring energy and food prices, demand pressures in some sectors owing to the reopening of the economy, and supply bottlenecks are still driving up inflation. Price pressures have continued to strengthen and broaden across the economy and inflation may rise further in the near term. As the current drivers of inflation fade over time and the normalisation of monetary policy works its way through to the economy and price-setting, inflation will come down. Looking ahead, ECB staff have significantly revised up their inflation projections and inflation is now expected to average 8.1% in 2022, 5.5% in 2023 and 2.3% in 2024. After a rebound in the first half of 2022, recent data point to a substantial slowdown in euro area economic growth, with the economy expected to stagnate later in the year and in the first quarter of 2023. Very high energy prices are reducing the purchasing power of people’s incomes and, although supply bottlenecks are easing, they are still constraining economic activity. In addition, the adverse geopolitical situation, especially Russia’s unjustified aggression towards Ukraine, is weighing on the confidence of businesses and consumers. This outlook is reflected in the latest staff projections for economic growth, which have been revised down markedly for the remainder of the current year and throughout 2023. Staff now expect the economy to grow by 3.1% in 2022, 0.9% in 2023 and 1.9% in 2024. The lasting vulnerabilities caused by the pandemic still pose a risk to the smooth transmission of monetary policy. The Governing Council will therefore continue applying flexibility in reinvesting redemptions coming due in the pandemic emergency purchase programme portfolio, with a view to countering risks to the transmission mechanism related to the pandemic. The Governing Council decided to raise the three key ECB interest rates by 75 basis points. Accordingly, the interest rate on the main refinancing operations and the interest rates on the marginal lending facility and the deposit facility will be increased to 1.25%, 1.50% and 0.75% respectively, with effect from 14 September 2022. Following the raising of the deposit facility rate to above zero, the two-tier system for the remuneration of excess reserves is no longer necessary. The Governing Council therefore decided today to suspend the two-tier system by setting the multiplier to zero. Asset purchase programme (APP) and pandemic emergency purchase programme (PEPP) The Governing Council intends to continue reinvesting, in full, the principal payments from maturing securities purchased under the APP for an extended period of time past the date when it started raising the key ECB interest rates and, in any case, for as long as necessary to maintain ample liquidity conditions and an appropriate monetary policy stance. As concerns the PEPP, the Governing Council intends to reinvest the principal payments from maturing securities purchased under the programme until at least the end of 2024. In any case, the future roll-off of the PEPP portfolio will be managed to avoid interference with the appropriate monetary policy stance. Redemptions coming due in the PEPP portfolio are being reinvested flexibly, with a view to countering risks to the monetary policy transmission mechanism related to the pandemic. The Governing Council will continue to monitor bank funding conditions and ensure that the maturing of operations under the third series of targeted longer-term refinancing operations (TLTRO III) does not hamper the smooth transmission of its monetary policy. The Governing Council will also regularly assess how targeted lending operations are contributing to its monetary policy stance. The Governing Council stands ready to adjust all of its instruments within its mandate to ensure that inflation stabilises at its 2% target over the medium term. The Transmission Protection Instrument is available to counter unwarranted, disorderly market dynamics that pose a serious threat to the transmission of monetary policy across all euro area countries, thus allowing the Governing Council to more effectively deliver on its price stability mandate. The President of the ECB will comment on the considerations underlying these decisions at a press conference starting at 14:45 CET today. Disclaimer Please note that related topic tags are currently available for selected content only. Directorate General Communications Reproduction is permitted provided that the source is acknowledged."
ECB,2022-10-27,decision,ecb_dec_20221027,257,12:15,14:15,ECB Governing Council,Monetary policy decisions,https://www.ecb.europa.eu/press/pr/date/2022/html/ecb.mp221027~df1d778b84.en.html,OK,True,False,False,764,30,"The Governing Council today decided to raise the three key ECB interest rates by 75 basis points. With this third major policy rate increase in a row, the Governing Council has made substantial progress in withdrawing monetary policy accommodation. The Governing Council took today’s decision, and expects to raise interest rates further, to ensure the timely return of inflation to its 2% medium-term inflation target. The Governing Council will base the future policy rate path on the evolving outlook for inflation and the economy, following its meeting-by-meeting approach. Inflation remains far too high and will stay above the target for an extended period. In September, euro area inflation reached 9.9%. In recent months, soaring energy and food prices, supply bottlenecks and the post-pandemic recovery in demand have led to a broadening of price pressures and an increase in inflation. The Governing Council’s monetary policy is aimed at reducing support for demand and guarding against the risk of a persistent upward shift in inflation expectations. The Governing Council also decided to change the terms and conditions of the third series of targeted longer-term refinancing operations (TLTRO III). During the acute phase of the pandemic, this instrument played a key role in countering downside risks to price stability. Today, in view of the unexpected and extraordinary rise in inflation, it needs to be recalibrated to ensure that it is consistent with the broader monetary policy normalisation process and to reinforce the transmission of policy rate increases to bank lending conditions. The Governing Council therefore decided to adjust the interest rates applicable to TLTRO III from 23 November 2022 and to offer banks additional voluntary early repayment dates. Finally, in order to align the remuneration of minimum reserves held by credit institutions with the Eurosystem more closely with money market conditions, the Governing Council decided to set the remuneration of minimum reserves at the ECB’s deposit facility rate. The details of the changes to the TLTRO III terms and conditions are described in a separate press release to be published at 15:45 CET. Another technical press release, detailing the change to the remuneration of minimum reserves, will also be published at 15:45 CET. The Governing Council decided to raise the three key ECB interest rates by 75 basis points. Accordingly, the interest rate on the main refinancing operations and the interest rates on the marginal lending facility and the deposit facility will be increased to 2.00%, 2.25% and 1.50% respectively, with effect from 2 November 2022. Asset purchase programme (APP) and pandemic emergency purchase programme (PEPP) The Governing Council intends to continue reinvesting, in full, the principal payments from maturing securities purchased under the APP for an extended period of time past the date when it started raising the key ECB interest rates and, in any case, for as long as necessary to maintain ample liquidity conditions and an appropriate monetary policy stance. As concerns the PEPP, the Governing Council intends to reinvest the principal payments from maturing securities purchased under the programme until at least the end of 2024. In any case, the future roll-off of the PEPP portfolio will be managed to avoid interference with the appropriate monetary policy stance. The Governing Council will continue applying flexibility in reinvesting redemptions coming due in the PEPP portfolio, with a view to countering risks to the monetary policy transmission mechanism related to the pandemic. The Governing Council decided to adjust the interest rates applicable to TLTRO III. From 23 November 2022 until the maturity date or early repayment date of each respective outstanding TLTRO III operation, the interest rate on TLTRO III operations will be indexed to the average applicable key ECB interest rates over this period. The Governing Council also decided to offer banks additional voluntary early repayment dates. In any case, the Governing Council will regularly assess how targeted lending operations are contributing to its monetary policy stance. The Governing Council stands ready to adjust all of its instruments within its mandate to ensure that inflation stabilises at its 2% target over the medium term. The Transmission Protection Instrument is available to counter unwarranted, disorderly market dynamics that pose a serious threat to the transmission of monetary policy across all euro area countries, thus allowing the Governing Council to more effectively deliver on its price stability mandate. The President of the ECB will comment on the considerations underlying these decisions at a press conference starting at 14:45 CET today. Disclaimer Please note that related topic tags are currently available for selected content only. Directorate General Communications Reproduction is permitted provided that the source is acknowledged.","The Governing Council today decided to raise the three key ECB interest rates by 75 basis points. With this third major policy rate increase in a row, the Governing Council has made substantial progress in withdrawing monetary policy accommodation. The Governing Council took today’s decision, and expects to raise interest rates further, to ensure the timely return of inflation to its 2% medium-term inflation target. The Governing Council will base the future policy rate path on the evolving outlook for inflation and the economy, following its meeting-by-meeting approach. Inflation remains far too high and will stay above the target for an extended period. In September, euro area inflation reached 9.9%. In recent months, soaring energy and food prices, supply bottlenecks and the post-pandemic recovery in demand have led to a broadening of price pressures and an increase in inflation. The Governing Council’s monetary policy is aimed at reducing support for demand and guarding against the risk of a persistent upward shift in inflation expectations. The Governing Council also decided to change the terms and conditions of the third series of targeted longer-term refinancing operations (TLTRO III). During the acute phase of the pandemic, this instrument played a key role in countering downside risks to price stability. Today, in view of the unexpected and extraordinary rise in inflation, it needs to be recalibrated to ensure that it is consistent with the broader monetary policy normalisation process and to reinforce the transmission of policy rate increases to bank lending conditions. The Governing Council therefore decided to adjust the interest rates applicable to TLTRO III from 23 November 2022 and to offer banks additional voluntary early repayment dates. Finally, in order to align the remuneration of minimum reserves held by credit institutions with the Eurosystem more closely with money market conditions, the Governing Council decided to set the remuneration of minimum reserves at the ECB’s deposit facility rate. The details of the changes to the TLTRO III terms and conditions are described in a separate press release to be published at 15:45 CET. Another technical press release, detailing the change to the remuneration of minimum reserves, will also be published at 15:45 CET. The Governing Council decided to raise the three key ECB interest rates by 75 basis points. Accordingly, the interest rate on the main refinancing operations and the interest rates on the marginal lending facility and the deposit facility will be increased to 2.00%, 2.25% and 1.50% respectively, with effect from 2 November 2022. Asset purchase programme (APP) and pandemic emergency purchase programme (PEPP) The Governing Council intends to continue reinvesting, in full, the principal payments from maturing securities purchased under the APP for an extended period of time past the date when it started raising the key ECB interest rates and, in any case, for as long as necessary to maintain ample liquidity conditions and an appropriate monetary policy stance. As concerns the PEPP, the Governing Council intends to reinvest the principal payments from maturing securities purchased under the programme until at least the end of 2024. In any case, the future roll-off of the PEPP portfolio will be managed to avoid interference with the appropriate monetary policy stance. The Governing Council will continue applying flexibility in reinvesting redemptions coming due in the PEPP portfolio, with a view to countering risks to the monetary policy transmission mechanism related to the pandemic. The Governing Council decided to adjust the interest rates applicable to TLTRO III. From 23 November 2022 until the maturity date or early repayment date of each respective outstanding TLTRO III operation, the interest rate on TLTRO III operations will be indexed to the average applicable key ECB interest rates over this period. The Governing Council also decided to offer banks additional voluntary early repayment dates. In any case, the Governing Council will regularly assess how targeted lending operations are contributing to its monetary policy stance. The Governing Council stands ready to adjust all of its instruments within its mandate to ensure that inflation stabilises at its 2% target over the medium term. The Transmission Protection Instrument is available to counter unwarranted, disorderly market dynamics that pose a serious threat to the transmission of monetary policy across all euro area countries, thus allowing the Governing Council to more effectively deliver on its price stability mandate. The President of the ECB will comment on the considerations underlying these decisions at a press conference starting at 14:45 CET today. Disclaimer Please note that related topic tags are currently available for selected content only. Directorate General Communications Reproduction is permitted provided that the source is acknowledged."
ECB,2022-12-15,decision,ecb_dec_20221215,258,13:15,14:15,ECB Governing Council,Monetary policy decisions,https://www.ecb.europa.eu/press/pr/date/2022/html/ecb.mp221215~f3461d7b6e.en.html,OK,True,False,False,936,38,"The Governing Council today decided to raise the three key ECB interest rates by 50 basis points and, based on the substantial upward revision to the inflation outlook, expects to raise them further. In particular, the Governing Council judges that interest rates will still have to rise significantly at a steady pace to reach levels that are sufficiently restrictive to ensure a timely return of inflation to the 2% medium-term target. Keeping interest rates at restrictive levels will over time reduce inflation by dampening demand and will also guard against the risk of a persistent upward shift in inflation expectations. The Governing Council’s future policy rate decisions will continue to be data-dependent and follow a meeting-by-meeting approach. The key ECB interest rates are the Governing Council’s primary tool for setting the monetary policy stance. The Governing Council today also discussed principles for normalising the Eurosystem’s monetary policy securities holdings. From the beginning of March 2023 onwards, the asset purchase programme (APP) portfolio will decline at a measured and predictable pace, as the Eurosystem will not reinvest all of the principal payments from maturing securities. The decline will amount to €15 billion per month on average until the end of the second quarter of 2023 and its subsequent pace will be determined over time. At its February meeting the Governing Council will announce the detailed parameters for reducing the APP holdings. The Governing Council will regularly reassess the pace of the APP portfolio reduction to ensure it remains consistent with the overall monetary policy strategy and stance, to preserve market functioning, and to maintain firm control over short-term money market conditions. By the end of 2023, the Governing Council will also review its operational framework for steering short-term interest rates, which will provide information regarding the endpoint of the balance sheet normalisation process. The Governing Council decided to raise interest rates today, and expects to raise them significantly further, because inflation remains far too high and is projected to stay above the target for too long. According to Eurostat’s flash estimate, inflation was 10.0% in November, slightly lower than the 10.6% recorded in October. The decline resulted mainly from lower energy price inflation. Food price inflation and underlying price pressures across the economy have strengthened and will persist for some time. Amid exceptional uncertainty, Eurosystem staff have significantly revised up their inflation projections. They now see average inflation reaching 8.4% in 2022 before decreasing to 6.3% in 2023, with inflation expected to decline markedly over the course of the year. Inflation is then projected to average 3.4% in 2024 and 2.3% in 2025. Inflation excluding energy and food is projected to be 3.9% on average in 2022 and to rise to 4.2% in 2023, before falling to 2.8% in 2024 and 2.4% in 2025. The euro area economy may contract in the current quarter and the next quarter, owing to the energy crisis, high uncertainty, weakening global economic activity and tighter financing conditions. According to the latest Eurosystem staff projections, a recession would be relatively short-lived and shallow. Growth is nonetheless expected to be subdued next year and has been revised down significantly compared with the previous projections. Beyond the near term, growth is projected to recover as the current headwinds fade. Overall, the Eurosystem staff projections now see the economy growing by 3.4% in 2022, 0.5% in 2023, 1.9% in 2024 and 1.8% in 2025. The Governing Council decided to raise the three key ECB interest rates by 50 basis points. Accordingly, the interest rate on the main refinancing operations and the interest rates on the marginal lending facility and the deposit facility will be increased to 2.50%, 2.75% and 2.00% respectively, with effect from 21 December 2022. Asset purchase programme (APP) and pandemic emergency purchase programme (PEPP) The Governing Council intends to continue reinvesting, in full, the principal payments from maturing securities purchased under the APP until the end of February 2023. Subsequently, the APP portfolio will decline at a measured and predictable pace, as the Eurosystem will not reinvest all of the principal payments from maturing securities. The decline will amount to €15 billion per month on average until the end of the second quarter of 2023 and its subsequent pace will be determined over time. As concerns the PEPP, the Governing Council intends to reinvest the principal payments from maturing securities purchased under the programme until at least the end of 2024. In any case, the future roll-off of the PEPP portfolio will be managed to avoid interference with the appropriate monetary policy stance. The Governing Council will continue applying flexibility in reinvesting redemptions coming due in the PEPP portfolio, with a view to countering risks to the monetary policy transmission mechanism related to the pandemic. As banks are repaying the amounts borrowed under the targeted longer-term refinancing operations, the Governing Council will regularly assess how targeted lending operations are contributing to its monetary policy stance. The Governing Council stands ready to adjust all of its instruments within its mandate to ensure that inflation returns to its 2% target over the medium term. The Transmission Protection Instrument is available to counter unwarranted, disorderly market dynamics that pose a serious threat to the transmission of monetary policy across all euro area countries, thus allowing the Governing Council to more effectively deliver on its price stability mandate. The President of the ECB will comment on the considerations underlying these decisions at a press conference starting at 14:45 CET today. Disclaimer Please note that related topic tags are currently available for selected content only. Directorate General Communications Reproduction is permitted provided that the source is acknowledged.","The Governing Council today decided to raise the three key ECB interest rates by 50 basis points and, based on the substantial upward revision to the inflation outlook, expects to raise them further. In particular, the Governing Council judges that interest rates will still have to rise significantly at a steady pace to reach levels that are sufficiently restrictive to ensure a timely return of inflation to the 2% medium-term target. Keeping interest rates at restrictive levels will over time reduce inflation by dampening demand and will also guard against the risk of a persistent upward shift in inflation expectations. The Governing Council’s future policy rate decisions will continue to be data-dependent and follow a meeting-by-meeting approach. The key ECB interest rates are the Governing Council’s primary tool for setting the monetary policy stance. The Governing Council today also discussed principles for normalising the Eurosystem’s monetary policy securities holdings. From the beginning of March 2023 onwards, the asset purchase programme (APP) portfolio will decline at a measured and predictable pace, as the Eurosystem will not reinvest all of the principal payments from maturing securities. The decline will amount to €15 billion per month on average until the end of the second quarter of 2023 and its subsequent pace will be determined over time. At its February meeting the Governing Council will announce the detailed parameters for reducing the APP holdings. The Governing Council will regularly reassess the pace of the APP portfolio reduction to ensure it remains consistent with the overall monetary policy strategy and stance, to preserve market functioning, and to maintain firm control over short-term money market conditions. By the end of 2023, the Governing Council will also review its operational framework for steering short-term interest rates, which will provide information regarding the endpoint of the balance sheet normalisation process. The Governing Council decided to raise interest rates today, and expects to raise them significantly further, because inflation remains far too high and is projected to stay above the target for too long. According to Eurostat’s flash estimate, inflation was 10.0% in November, slightly lower than the 10.6% recorded in October. The decline resulted mainly from lower energy price inflation. Food price inflation and underlying price pressures across the economy have strengthened and will persist for some time. Amid exceptional uncertainty, Eurosystem staff have significantly revised up their inflation projections. They now see average inflation reaching 8.4% in 2022 before decreasing to 6.3% in 2023, with inflation expected to decline markedly over the course of the year. Inflation is then projected to average 3.4% in 2024 and 2.3% in 2025. Inflation excluding energy and food is projected to be 3.9% on average in 2022 and to rise to 4.2% in 2023, before falling to 2.8% in 2024 and 2.4% in 2025. The euro area economy may contract in the current quarter and the next quarter, owing to the energy crisis, high uncertainty, weakening global economic activity and tighter financing conditions. According to the latest Eurosystem staff projections, a recession would be relatively short-lived and shallow. Growth is nonetheless expected to be subdued next year and has been revised down significantly compared with the previous projections. Beyond the near term, growth is projected to recover as the current headwinds fade. Overall, the Eurosystem staff projections now see the economy growing by 3.4% in 2022, 0.5% in 2023, 1.9% in 2024 and 1.8% in 2025. The Governing Council decided to raise the three key ECB interest rates by 50 basis points. Accordingly, the interest rate on the main refinancing operations and the interest rates on the marginal lending facility and the deposit facility will be increased to 2.50%, 2.75% and 2.00% respectively, with effect from 21 December 2022. Asset purchase programme (APP) and pandemic emergency purchase programme (PEPP) The Governing Council intends to continue reinvesting, in full, the principal payments from maturing securities purchased under the APP until the end of February 2023. Subsequently, the APP portfolio will decline at a measured and predictable pace, as the Eurosystem will not reinvest all of the principal payments from maturing securities. The decline will amount to €15 billion per month on average until the end of the second quarter of 2023 and its subsequent pace will be determined over time. As concerns the PEPP, the Governing Council intends to reinvest the principal payments from maturing securities purchased under the programme until at least the end of 2024. In any case, the future roll-off of the PEPP portfolio will be managed to avoid interference with the appropriate monetary policy stance. The Governing Council will continue applying flexibility in reinvesting redemptions coming due in the PEPP portfolio, with a view to countering risks to the monetary policy transmission mechanism related to the pandemic. As banks are repaying the amounts borrowed under the targeted longer-term refinancing operations, the Governing Council will regularly assess how targeted lending operations are contributing to its monetary policy stance. The Governing Council stands ready to adjust all of its instruments within its mandate to ensure that inflation returns to its 2% target over the medium term. The Transmission Protection Instrument is available to counter unwarranted, disorderly market dynamics that pose a serious threat to the transmission of monetary policy across all euro area countries, thus allowing the Governing Council to more effectively deliver on its price stability mandate. The President of the ECB will comment on the considerations underlying these decisions at a press conference starting at 14:45 CET today. Disclaimer Please note that related topic tags are currently available for selected content only. Directorate General Communications Reproduction is permitted provided that the source is acknowledged."
ECB,2023-02-02,decision,ecb_dec_20230202,259,13:15,14:15,ECB Governing Council,Monetary policy decisions,https://www.ecb.europa.eu/press/pr/date/2023/html/ecb.mp230202~08a972ac76.en.html,OK,True,False,False,708,26,"The Governing Council will stay the course in raising interest rates significantly at a steady pace and in keeping them at levels that are sufficiently restrictive to ensure a timely return of inflation to its 2% medium-term target. Accordingly, the Governing Council today decided to raise the three key ECB interest rates by 50 basis points and it expects to raise them further. In view of the underlying inflation pressures, the Governing Council intends to raise interest rates by another 50 basis points at its next monetary policy meeting in March and it will then evaluate the subsequent path of its monetary policy. Keeping interest rates at restrictive levels will over time reduce inflation by dampening demand and will also guard against the risk of a persistent upward shift in inflation expectations. In any event, the Governing Council’s future policy rate decisions will continue to be data-dependent and follow a meeting-by-meeting approach. The Governing Council today also decided on the modalities for reducing the Eurosystem’s holdings of securities under the asset purchase programme (APP). As communicated in December, the APP portfolio will decline by €15 billion per month on average from the beginning of March until the end of June 2023, and the subsequent pace of portfolio reduction will be determined over time. Partial reinvestments will be conducted broadly in line with current practice. In particular, the remaining reinvestment amounts will be allocated proportionally to the share of redemptions across each constituent programme of the APP and, under the public sector purchase programme (PSPP), to the share of redemptions of each jurisdiction and across national and supranational issuers. For the Eurosystem’s corporate bond purchases, the remaining reinvestments will be tilted more strongly towards issuers with a better climate performance. Without prejudice to the ECB’s price stability objective, this approach will support the gradual decarbonisation of the Eurosystem’s corporate bond holdings, in line with the goals of the Paris Agreement. The detailed modalities for reducing the APP holdings are described in a separate press release to be published at 15:45 CET. The Governing Council decided to raise the three key ECB interest rates by 50 basis points. Accordingly, the interest rate on the main refinancing operations and the interest rates on the marginal lending facility and the deposit facility will be increased to 3.00%, 3.25% and 2.50% respectively, with effect from 8 February 2023. Asset purchase programme (APP) and pandemic emergency purchase programme (PEPP) The Governing Council intends to continue reinvesting, in full, the principal payments from maturing securities purchased under the APP until the end of February 2023. Subsequently, the APP portfolio will decline at a measured and predictable pace, as the Eurosystem will not reinvest all of the principal payments from maturing securities. The decline will amount to €15 billion per month on average until the end of June 2023 and its subsequent pace will be determined over time. As concerns the PEPP, the Governing Council intends to reinvest the principal payments from maturing securities purchased under the programme until at least the end of 2024. In any case, the future roll-off of the PEPP portfolio will be managed to avoid interference with the appropriate monetary policy stance. The Governing Council will continue applying flexibility in reinvesting redemptions coming due in the PEPP portfolio, with a view to countering risks to the monetary policy transmission mechanism related to the pandemic. As banks are repaying the amounts borrowed under the targeted longer-term refinancing operations, the Governing Council will regularly assess how targeted lending operations are contributing to its monetary policy stance. The Governing Council stands ready to adjust all of its instruments within its mandate to ensure that inflation returns to its 2% target over the medium term. The Transmission Protection Instrument is available to counter unwarranted, disorderly market dynamics that pose a serious threat to the transmission of monetary policy across all euro area countries, thus allowing the Governing Council to more effectively deliver on its price stability mandate. The President of the ECB will comment on the considerations underlying these decisions at a press conference starting at 14:45 CET today. Disclaimer Please note that related topic tags are currently available for selected content only. Directorate General Communications Reproduction is permitted provided that the source is acknowledged.","The Governing Council will stay the course in raising interest rates significantly at a steady pace and in keeping them at levels that are sufficiently restrictive to ensure a timely return of inflation to its 2% medium-term target. Accordingly, the Governing Council today decided to raise the three key ECB interest rates by 50 basis points and it expects to raise them further. In view of the underlying inflation pressures, the Governing Council intends to raise interest rates by another 50 basis points at its next monetary policy meeting in March and it will then evaluate the subsequent path of its monetary policy. Keeping interest rates at restrictive levels will over time reduce inflation by dampening demand and will also guard against the risk of a persistent upward shift in inflation expectations. In any event, the Governing Council’s future policy rate decisions will continue to be data-dependent and follow a meeting-by-meeting approach. The Governing Council today also decided on the modalities for reducing the Eurosystem’s holdings of securities under the asset purchase programme (APP). As communicated in December, the APP portfolio will decline by €15 billion per month on average from the beginning of March until the end of June 2023, and the subsequent pace of portfolio reduction will be determined over time. Partial reinvestments will be conducted broadly in line with current practice. In particular, the remaining reinvestment amounts will be allocated proportionally to the share of redemptions across each constituent programme of the APP and, under the public sector purchase programme (PSPP), to the share of redemptions of each jurisdiction and across national and supranational issuers. For the Eurosystem’s corporate bond purchases, the remaining reinvestments will be tilted more strongly towards issuers with a better climate performance. Without prejudice to the ECB’s price stability objective, this approach will support the gradual decarbonisation of the Eurosystem’s corporate bond holdings, in line with the goals of the Paris Agreement. The detailed modalities for reducing the APP holdings are described in a separate press release to be published at 15:45 CET. The Governing Council decided to raise the three key ECB interest rates by 50 basis points. Accordingly, the interest rate on the main refinancing operations and the interest rates on the marginal lending facility and the deposit facility will be increased to 3.00%, 3.25% and 2.50% respectively, with effect from 8 February 2023. Asset purchase programme (APP) and pandemic emergency purchase programme (PEPP) The Governing Council intends to continue reinvesting, in full, the principal payments from maturing securities purchased under the APP until the end of February 2023. Subsequently, the APP portfolio will decline at a measured and predictable pace, as the Eurosystem will not reinvest all of the principal payments from maturing securities. The decline will amount to €15 billion per month on average until the end of June 2023 and its subsequent pace will be determined over time. As concerns the PEPP, the Governing Council intends to reinvest the principal payments from maturing securities purchased under the programme until at least the end of 2024. In any case, the future roll-off of the PEPP portfolio will be managed to avoid interference with the appropriate monetary policy stance. The Governing Council will continue applying flexibility in reinvesting redemptions coming due in the PEPP portfolio, with a view to countering risks to the monetary policy transmission mechanism related to the pandemic. As banks are repaying the amounts borrowed under the targeted longer-term refinancing operations, the Governing Council will regularly assess how targeted lending operations are contributing to its monetary policy stance. The Governing Council stands ready to adjust all of its instruments within its mandate to ensure that inflation returns to its 2% target over the medium term. The Transmission Protection Instrument is available to counter unwarranted, disorderly market dynamics that pose a serious threat to the transmission of monetary policy across all euro area countries, thus allowing the Governing Council to more effectively deliver on its price stability mandate. The President of the ECB will comment on the considerations underlying these decisions at a press conference starting at 14:45 CET today. Disclaimer Please note that related topic tags are currently available for selected content only. Directorate General Communications Reproduction is permitted provided that the source is acknowledged."
ECB,2023-03-16,decision,ecb_dec_20230316,260,12:15,14:15,ECB Governing Council,Monetary policy decisions,https://www.ecb.europa.eu/press/pr/date/2023/html/ecb.mp230316~aad5249f30.en.html,OK,True,False,False,785,30,"Inflation is projected to remain too high for too long. Therefore, the Governing Council today decided to increase the three key ECB interest rates by 50 basis points, in line with its determination to ensure the timely return of inflation to the 2% medium-term target. The elevated level of uncertainty reinforces the importance of a data-dependent approach to the Governing Council’s policy rate decisions, which will be determined by its assessment of the inflation outlook in light of the incoming economic and financial data, the dynamics of underlying inflation, and the strength of monetary policy transmission. The Governing Council is monitoring current market tensions closely and stands ready to respond as necessary to preserve price stability and financial stability in the euro area. The euro area banking sector is resilient, with strong capital and liquidity positions. In any case, the ECB’s policy toolkit is fully equipped to provide liquidity support to the euro area financial system if needed and to preserve the smooth transmission of monetary policy. The new ECB staff macroeconomic projections were finalised in early March before the recent emergence of financial market tensions. As such, these tensions imply additional uncertainty around the baseline assessments of inflation and growth. Prior to these latest developments, the baseline path for headline inflation had already been revised down, mainly owing to a smaller contribution from energy prices than previously expected. ECB staff now see inflation averaging 5.3% in 2023, 2.9% in 2024 and 2.1% in 2025. At the same time, underlying price pressures remain strong. Inflation excluding energy and food continued to increase in February and ECB staff expect it to average 4.6% in 2023, which is higher than foreseen in the December projections. Subsequently, it is projected to come down to 2.5% in 2024 and 2.2% in 2025, as the upward pressures from past supply shocks and the reopening of the economy fade out and as tighter monetary policy increasingly dampens demand. The baseline projections for growth in 2023 have been revised up to an average of 1.0% as a result of both the decline in energy prices and the economy’s greater resilience to the challenging international environment. ECB staff then expect growth to pick up further, to 1.6%, in both 2024 and 2025, underpinned by a robust labour market, improving confidence and a recovery in real incomes. At the same time, the pick-up in growth in 2024 and 2025 is weaker than projected in December, owing to the tightening of monetary policy. The Governing Council decided to raise the three key ECB interest rates by 50 basis points. Accordingly, the interest rate on the main refinancing operations and the interest rates on the marginal lending facility and the deposit facility will be increased to 3.50%, 3.75% and 3.00% respectively, with effect from 22 March 2023. Asset purchase programme (APP) and pandemic emergency purchase programme (PEPP) The APP portfolio is declining at a measured and predictable pace, as the Eurosystem does not reinvest all of the principal payments from maturing securities. The decline will amount to €15 billion per month on average until the end of June 2023 and its subsequent pace will be determined over time. As concerns the PEPP, the Governing Council intends to reinvest the principal payments from maturing securities purchased under the programme until at least the end of 2024. In any case, the future roll-off of the PEPP portfolio will be managed to avoid interference with the appropriate monetary policy stance. The Governing Council will continue applying flexibility in reinvesting redemptions coming due in the PEPP portfolio, with a view to countering risks to the monetary policy transmission mechanism related to the pandemic. As banks are repaying the amounts borrowed under the targeted longer-term refinancing operations, the Governing Council will regularly assess how targeted lending operations are contributing to its monetary policy stance. The Governing Council stands ready to adjust all of its instruments within its mandate to ensure that inflation returns to its 2% target over the medium term and to preserve the smooth functioning of monetary policy transmission. The ECB’s policy toolkit is fully equipped to provide liquidity support to the euro area financial system if needed. Moreover, the Transmission Protection Instrument is available to counter unwarranted, disorderly market dynamics that pose a serious threat to the transmission of monetary policy across all euro area countries, thus allowing the Governing Council to more effectively deliver on its price stability mandate. The President of the ECB will comment on the considerations underlying these decisions at a press conference starting at 14:45 CET today. Disclaimer Please note that related topic tags are currently available for selected content only. Directorate General Communications Reproduction is permitted provided that the source is acknowledged.","Inflation is projected to remain too high for too long. Therefore, the Governing Council today decided to increase the three key ECB interest rates by 50 basis points, in line with its determination to ensure the timely return of inflation to the 2% medium-term target. The elevated level of uncertainty reinforces the importance of a data-dependent approach to the Governing Council’s policy rate decisions, which will be determined by its assessment of the inflation outlook in light of the incoming economic and financial data, the dynamics of underlying inflation, and the strength of monetary policy transmission. The Governing Council is monitoring current market tensions closely and stands ready to respond as necessary to preserve price stability and financial stability in the euro area. The euro area banking sector is resilient, with strong capital and liquidity positions. In any case, the ECB’s policy toolkit is fully equipped to provide liquidity support to the euro area financial system if needed and to preserve the smooth transmission of monetary policy. The new ECB staff macroeconomic projections were finalised in early March before the recent emergence of financial market tensions. As such, these tensions imply additional uncertainty around the baseline assessments of inflation and growth. Prior to these latest developments, the baseline path for headline inflation had already been revised down, mainly owing to a smaller contribution from energy prices than previously expected. ECB staff now see inflation averaging 5.3% in 2023, 2.9% in 2024 and 2.1% in 2025. At the same time, underlying price pressures remain strong. Inflation excluding energy and food continued to increase in February and ECB staff expect it to average 4.6% in 2023, which is higher than foreseen in the December projections. Subsequently, it is projected to come down to 2.5% in 2024 and 2.2% in 2025, as the upward pressures from past supply shocks and the reopening of the economy fade out and as tighter monetary policy increasingly dampens demand. The baseline projections for growth in 2023 have been revised up to an average of 1.0% as a result of both the decline in energy prices and the economy’s greater resilience to the challenging international environment. ECB staff then expect growth to pick up further, to 1.6%, in both 2024 and 2025, underpinned by a robust labour market, improving confidence and a recovery in real incomes. At the same time, the pick-up in growth in 2024 and 2025 is weaker than projected in December, owing to the tightening of monetary policy. The Governing Council decided to raise the three key ECB interest rates by 50 basis points. Accordingly, the interest rate on the main refinancing operations and the interest rates on the marginal lending facility and the deposit facility will be increased to 3.50%, 3.75% and 3.00% respectively, with effect from 22 March 2023. Asset purchase programme (APP) and pandemic emergency purchase programme (PEPP) The APP portfolio is declining at a measured and predictable pace, as the Eurosystem does not reinvest all of the principal payments from maturing securities. The decline will amount to €15 billion per month on average until the end of June 2023 and its subsequent pace will be determined over time. As concerns the PEPP, the Governing Council intends to reinvest the principal payments from maturing securities purchased under the programme until at least the end of 2024. In any case, the future roll-off of the PEPP portfolio will be managed to avoid interference with the appropriate monetary policy stance. The Governing Council will continue applying flexibility in reinvesting redemptions coming due in the PEPP portfolio, with a view to countering risks to the monetary policy transmission mechanism related to the pandemic. As banks are repaying the amounts borrowed under the targeted longer-term refinancing operations, the Governing Council will regularly assess how targeted lending operations are contributing to its monetary policy stance. The Governing Council stands ready to adjust all of its instruments within its mandate to ensure that inflation returns to its 2% target over the medium term and to preserve the smooth functioning of monetary policy transmission. The ECB’s policy toolkit is fully equipped to provide liquidity support to the euro area financial system if needed. Moreover, the Transmission Protection Instrument is available to counter unwarranted, disorderly market dynamics that pose a serious threat to the transmission of monetary policy across all euro area countries, thus allowing the Governing Council to more effectively deliver on its price stability mandate. The President of the ECB will comment on the considerations underlying these decisions at a press conference starting at 14:45 CET today. Disclaimer Please note that related topic tags are currently available for selected content only. Directorate General Communications Reproduction is permitted provided that the source is acknowledged."
ECB,2023-05-04,decision,ecb_dec_20230504,261,12:15,14:15,ECB Governing Council,Monetary policy decisions,https://www.ecb.europa.eu/press/pr/date/2023/html/ecb.mp230504~cdfd11a697.en.html,OK,True,False,False,641,26,"The inflation outlook continues to be too high for too long. In light of the ongoing high inflation pressures, the Governing Council today decided to raise the three key ECB interest rates by 25 basis points. Overall, the incoming information broadly supports the assessment of the medium-term inflation outlook that the Governing Council formed at its previous meeting. Headline inflation has declined over recent months, but underlying price pressures remain strong. At the same time, the past rate increases are being transmitted forcefully to euro area financing and monetary conditions, while the lags and strength of transmission to the real economy remain uncertain. The Governing Council’s future decisions will ensure that the policy rates will be brought to levels sufficiently restrictive to achieve a timely return of inflation to the 2% medium-term target and will be kept at those levels for as long as necessary. The Governing Council will continue to follow a data-dependent approach to determining the appropriate level and duration of restriction. In particular, the Governing Council’s policy rate decisions will continue to be based on its assessment of the inflation outlook in light of the incoming economic and financial data, the dynamics of underlying inflation, and the strength of monetary policy transmission. The key ECB interest rates remain the Governing Council’s primary tool for setting the monetary policy stance. In parallel, the Governing Council will keep reducing the Eurosystem’s asset purchase programme (APP) portfolio at a measured and predictable pace. In line with these principles, the Governing Council expects to discontinue the reinvestments under the APP as of July 2023. The Governing Council decided to raise the three key ECB interest rates by 25 basis points. Accordingly, the interest rate on the main refinancing operations and the interest rates on the marginal lending facility and the deposit facility will be increased to 3.75%, 4.00% and 3.25% respectively, with effect from 10 May 2023. Asset purchase programme (APP) and pandemic emergency purchase programme (PEPP) The APP portfolio is declining at a measured and predictable pace, as the Eurosystem does not reinvest all of the principal payments from maturing securities. The decline will amount to €15 billion per month on average until the end of June 2023. The Governing Council expects to discontinue the reinvestments under the APP as of July 2023. As concerns the PEPP, the Governing Council intends to reinvest the principal payments from maturing securities purchased under the programme until at least the end of 2024. In any case, the future roll-off of the PEPP portfolio will be managed to avoid interference with the appropriate monetary policy stance. The Governing Council will continue applying flexibility in reinvesting redemptions coming due in the PEPP portfolio, with a view to countering risks to the monetary policy transmission mechanism related to the pandemic. As banks are repaying the amounts borrowed under the targeted longer-term refinancing operations, the Governing Council will regularly assess how targeted lending operations are contributing to its monetary policy stance. The Governing Council stands ready to adjust all of its instruments within its mandate to ensure that inflation returns to its 2% target over the medium term and to preserve the smooth functioning of monetary policy transmission. The ECB’s policy toolkit is fully equipped to provide liquidity support to the euro area financial system if needed. Moreover, the Transmission Protection Instrument is available to counter unwarranted, disorderly market dynamics that pose a serious threat to the transmission of monetary policy across all euro area countries, thus allowing the Governing Council to more effectively deliver on its price stability mandate. The President of the ECB will comment on the considerations underlying these decisions at a press conference starting at 14:45 CET today. Disclaimer Please note that related topic tags are currently available for selected content only. Directorate General Communications Reproduction is permitted provided that the source is acknowledged.","The inflation outlook continues to be too high for too long. In light of the ongoing high inflation pressures, the Governing Council today decided to raise the three key ECB interest rates by 25 basis points. Overall, the incoming information broadly supports the assessment of the medium-term inflation outlook that the Governing Council formed at its previous meeting. Headline inflation has declined over recent months, but underlying price pressures remain strong. At the same time, the past rate increases are being transmitted forcefully to euro area financing and monetary conditions, while the lags and strength of transmission to the real economy remain uncertain. The Governing Council’s future decisions will ensure that the policy rates will be brought to levels sufficiently restrictive to achieve a timely return of inflation to the 2% medium-term target and will be kept at those levels for as long as necessary. The Governing Council will continue to follow a data-dependent approach to determining the appropriate level and duration of restriction. In particular, the Governing Council’s policy rate decisions will continue to be based on its assessment of the inflation outlook in light of the incoming economic and financial data, the dynamics of underlying inflation, and the strength of monetary policy transmission. The key ECB interest rates remain the Governing Council’s primary tool for setting the monetary policy stance. In parallel, the Governing Council will keep reducing the Eurosystem’s asset purchase programme (APP) portfolio at a measured and predictable pace. In line with these principles, the Governing Council expects to discontinue the reinvestments under the APP as of July 2023. The Governing Council decided to raise the three key ECB interest rates by 25 basis points. Accordingly, the interest rate on the main refinancing operations and the interest rates on the marginal lending facility and the deposit facility will be increased to 3.75%, 4.00% and 3.25% respectively, with effect from 10 May 2023. Asset purchase programme (APP) and pandemic emergency purchase programme (PEPP) The APP portfolio is declining at a measured and predictable pace, as the Eurosystem does not reinvest all of the principal payments from maturing securities. The decline will amount to €15 billion per month on average until the end of June 2023. The Governing Council expects to discontinue the reinvestments under the APP as of July 2023. As concerns the PEPP, the Governing Council intends to reinvest the principal payments from maturing securities purchased under the programme until at least the end of 2024. In any case, the future roll-off of the PEPP portfolio will be managed to avoid interference with the appropriate monetary policy stance. The Governing Council will continue applying flexibility in reinvesting redemptions coming due in the PEPP portfolio, with a view to countering risks to the monetary policy transmission mechanism related to the pandemic. As banks are repaying the amounts borrowed under the targeted longer-term refinancing operations, the Governing Council will regularly assess how targeted lending operations are contributing to its monetary policy stance. The Governing Council stands ready to adjust all of its instruments within its mandate to ensure that inflation returns to its 2% target over the medium term and to preserve the smooth functioning of monetary policy transmission. The ECB’s policy toolkit is fully equipped to provide liquidity support to the euro area financial system if needed. Moreover, the Transmission Protection Instrument is available to counter unwarranted, disorderly market dynamics that pose a serious threat to the transmission of monetary policy across all euro area countries, thus allowing the Governing Council to more effectively deliver on its price stability mandate. The President of the ECB will comment on the considerations underlying these decisions at a press conference starting at 14:45 CET today. Disclaimer Please note that related topic tags are currently available for selected content only. Directorate General Communications Reproduction is permitted provided that the source is acknowledged."
ECB,2023-06-15,decision,ecb_dec_20230615,262,12:15,14:15,ECB Governing Council,Monetary policy decisions,https://www.ecb.europa.eu/press/pr/date/2023/html/ecb.mp230615~d34cddb4c6.en.html,OK,True,False,False,745,31,"Inflation has been coming down but is projected to remain too high for too long. The Governing Council is determined to ensure that inflation returns to its 2% medium-term target in a timely manner. It therefore today decided to raise the three key ECB interest rates by 25 basis points. The rate increase today reflects the Governing Council’s updated assessment of the inflation outlook, the dynamics of underlying inflation, and the strength of monetary policy transmission. According to the June macroeconomic projections, Eurosystem staff expect headline inflation to average 5.4% in 2023, 3.0% in 2024 and 2.2% in 2025. Indicators of underlying price pressures remain strong, although some show tentative signs of softening. Staff have revised up their projections for inflation excluding energy and food, especially for this year and next year, owing to past upward surprises and the implications of the robust labour market for the speed of disinflation. They now see it reaching 5.1% in 2023, before it declines to 3.0% in 2024 and 2.3% in 2025. Staff have slightly lowered their economic growth projections for this year and next year. They now expect the economy to grow by 0.9% in 2023, 1.5% in 2024 and 1.6% in 2025. At the same time, the Governing Council’s past rate increases are being transmitted forcefully to financing conditions and are gradually having an impact across the economy. Borrowing costs have increased steeply and growth in loans is slowing. Tighter financing conditions are a key reason why inflation is projected to decline further towards target, as they are expected to increasingly dampen demand. The Governing Council’s future decisions will ensure that the key ECB interest rates will be brought to levels sufficiently restrictive to achieve a timely return of inflation to the 2% medium-term target and will be kept at those levels for as long as necessary. The Governing Council will continue to follow a data-dependent approach to determining the appropriate level and duration of restriction. In particular, its interest rate decisions will continue to be based on its assessment of the inflation outlook in light of the incoming economic and financial data, the dynamics of underlying inflation, and the strength of monetary policy transmission. The Governing Council confirms that it will discontinue the reinvestments under the asset purchase programme as of July 2023. The Governing Council decided to raise the three key ECB interest rates by 25 basis points. Accordingly, the interest rate on the main refinancing operations and the interest rates on the marginal lending facility and the deposit facility will be increased to 4.00%, 4.25% and 3.50% respectively, with effect from 21 June 2023. Asset purchase programme (APP) and pandemic emergency purchase programme (PEPP) The APP portfolio is declining at a measured and predictable pace, as the Eurosystem does not reinvest all of the principal payments from maturing securities. The decline will amount to €15 billion per month on average until the end of June 2023. The Governing Council will discontinue the reinvestments under the APP as of July 2023. As concerns the PEPP, the Governing Council intends to reinvest the principal payments from maturing securities purchased under the programme until at least the end of 2024. In any case, the future roll-off of the PEPP portfolio will be managed to avoid interference with the appropriate monetary policy stance. The Governing Council will continue applying flexibility in reinvesting redemptions coming due in the PEPP portfolio, with a view to countering risks to the monetary policy transmission mechanism related to the pandemic. As banks are repaying the amounts borrowed under the targeted longer-term refinancing operations, the Governing Council will regularly assess how targeted lending operations and their ongoing repayment are contributing to its monetary policy stance. The Governing Council stands ready to adjust all of its instruments within its mandate to ensure that inflation returns to its 2% target over the medium term and to preserve the smooth functioning of monetary policy transmission. Moreover, the Transmission Protection Instrument is available to counter unwarranted, disorderly market dynamics that pose a serious threat to the transmission of monetary policy across all euro area countries, thus allowing the Governing Council to more effectively deliver on its price stability mandate. The President of the ECB will comment on the considerations underlying these decisions at a press conference starting at 14:45 CET today. Disclaimer Please note that related topic tags are currently available for selected content only. Directorate General Communications Reproduction is permitted provided that the source is acknowledged.","Inflation has been coming down but is projected to remain too high for too long. The Governing Council is determined to ensure that inflation returns to its 2% medium-term target in a timely manner. It therefore today decided to raise the three key ECB interest rates by 25 basis points. The rate increase today reflects the Governing Council’s updated assessment of the inflation outlook, the dynamics of underlying inflation, and the strength of monetary policy transmission. According to the June macroeconomic projections, Eurosystem staff expect headline inflation to average 5.4% in 2023, 3.0% in 2024 and 2.2% in 2025. Indicators of underlying price pressures remain strong, although some show tentative signs of softening. Staff have revised up their projections for inflation excluding energy and food, especially for this year and next year, owing to past upward surprises and the implications of the robust labour market for the speed of disinflation. They now see it reaching 5.1% in 2023, before it declines to 3.0% in 2024 and 2.3% in 2025. Staff have slightly lowered their economic growth projections for this year and next year. They now expect the economy to grow by 0.9% in 2023, 1.5% in 2024 and 1.6% in 2025. At the same time, the Governing Council’s past rate increases are being transmitted forcefully to financing conditions and are gradually having an impact across the economy. Borrowing costs have increased steeply and growth in loans is slowing. Tighter financing conditions are a key reason why inflation is projected to decline further towards target, as they are expected to increasingly dampen demand. The Governing Council’s future decisions will ensure that the key ECB interest rates will be brought to levels sufficiently restrictive to achieve a timely return of inflation to the 2% medium-term target and will be kept at those levels for as long as necessary. The Governing Council will continue to follow a data-dependent approach to determining the appropriate level and duration of restriction. In particular, its interest rate decisions will continue to be based on its assessment of the inflation outlook in light of the incoming economic and financial data, the dynamics of underlying inflation, and the strength of monetary policy transmission. The Governing Council confirms that it will discontinue the reinvestments under the asset purchase programme as of July 2023. The Governing Council decided to raise the three key ECB interest rates by 25 basis points. Accordingly, the interest rate on the main refinancing operations and the interest rates on the marginal lending facility and the deposit facility will be increased to 4.00%, 4.25% and 3.50% respectively, with effect from 21 June 2023. Asset purchase programme (APP) and pandemic emergency purchase programme (PEPP) The APP portfolio is declining at a measured and predictable pace, as the Eurosystem does not reinvest all of the principal payments from maturing securities. The decline will amount to €15 billion per month on average until the end of June 2023. The Governing Council will discontinue the reinvestments under the APP as of July 2023. As concerns the PEPP, the Governing Council intends to reinvest the principal payments from maturing securities purchased under the programme until at least the end of 2024. In any case, the future roll-off of the PEPP portfolio will be managed to avoid interference with the appropriate monetary policy stance. The Governing Council will continue applying flexibility in reinvesting redemptions coming due in the PEPP portfolio, with a view to countering risks to the monetary policy transmission mechanism related to the pandemic. As banks are repaying the amounts borrowed under the targeted longer-term refinancing operations, the Governing Council will regularly assess how targeted lending operations and their ongoing repayment are contributing to its monetary policy stance. The Governing Council stands ready to adjust all of its instruments within its mandate to ensure that inflation returns to its 2% target over the medium term and to preserve the smooth functioning of monetary policy transmission. Moreover, the Transmission Protection Instrument is available to counter unwarranted, disorderly market dynamics that pose a serious threat to the transmission of monetary policy across all euro area countries, thus allowing the Governing Council to more effectively deliver on its price stability mandate. The President of the ECB will comment on the considerations underlying these decisions at a press conference starting at 14:45 CET today. Disclaimer Please note that related topic tags are currently available for selected content only. Directorate General Communications Reproduction is permitted provided that the source is acknowledged."
ECB,2023-07-27,decision,ecb_dec_20230727,263,12:15,14:15,ECB Governing Council,Monetary policy decisions,https://www.ecb.europa.eu/press/pr/date/2023/html/ecb.mp230727~da80cfcf24.en.html,OK,True,False,False,675,26,"Inflation continues to decline but is still expected to remain too high for too long. The Governing Council is determined to ensure that inflation returns to its 2% medium-term target in a timely manner. It therefore today decided to raise the three key ECB interest rates by 25 basis points. The rate increase today reflects the Governing Council’s assessment of the inflation outlook, the dynamics of underlying inflation, and the strength of monetary policy transmission. The developments since the last meeting support the expectation that inflation will drop further over the remainder of the year but will stay above target for an extended period. While some measures show signs of easing, underlying inflation remains high overall. The past rate increases continue to be transmitted forcefully: financing conditions have tightened again and are increasingly dampening demand, which is an important factor in bringing inflation back to target. The Governing Council’s future decisions will ensure that the key ECB interest rates will be set at sufficiently restrictive levels for as long as necessary to achieve a timely return of inflation to the 2% medium-term target. The Governing Council will continue to follow a data-dependent approach to determining the appropriate level and duration of restriction. In particular, its interest rate decisions will continue to be based on its assessment of the inflation outlook in light of the incoming economic and financial data, the dynamics of underlying inflation, and the strength of monetary policy transmission. The Governing Council also decided to set the remuneration of minimum reserves at 0%. This decision will preserve the effectiveness of monetary policy by maintaining the current degree of control over the monetary policy stance and ensuring the full pass-through of the interest rate decisions to money markets. At the same time, it will improve the efficiency of monetary policy by reducing the overall amount of interest that needs to be paid on reserves in order to implement the appropriate stance. The details of the change to the remuneration of minimum reserves are provided in a separate press release to be published at 15:45 CET. The Governing Council decided to raise the three key ECB interest rates by 25 basis points. Accordingly, the interest rate on the main refinancing operations and the interest rates on the marginal lending facility and the deposit facility will be increased to 4.25%, 4.50% and 3.75% respectively, with effect from 2 August 2023. Asset purchase programme (APP) and pandemic emergency purchase programme (PEPP) The APP portfolio is declining at a measured and predictable pace, as the Eurosystem no longer reinvests the principal payments from maturing securities. As concerns the PEPP, the Governing Council intends to reinvest the principal payments from maturing securities purchased under the programme until at least the end of 2024. In any case, the future roll-off of the PEPP portfolio will be managed to avoid interference with the appropriate monetary policy stance. The Governing Council will continue applying flexibility in reinvesting redemptions coming due in the PEPP portfolio, with a view to countering risks to the monetary policy transmission mechanism related to the pandemic. As banks are repaying the amounts borrowed under the targeted longer-term refinancing operations, the Governing Council will regularly assess how targeted lending operations and their ongoing repayment are contributing to its monetary policy stance. The Governing Council stands ready to adjust all of its instruments within its mandate to ensure that inflation returns to its 2% target over the medium term and to preserve the smooth functioning of monetary policy transmission. Moreover, the Transmission Protection Instrument is available to counter unwarranted, disorderly market dynamics that pose a serious threat to the transmission of monetary policy across all euro area countries, thus allowing the Governing Council to more effectively deliver on its price stability mandate. The President of the ECB will comment on the considerations underlying these decisions at a press conference starting at 14:45 CET today. Disclaimer Please note that related topic tags are currently available for selected content only. Directorate General Communications Reproduction is permitted provided that the source is acknowledged.","Inflation continues to decline but is still expected to remain too high for too long. The Governing Council is determined to ensure that inflation returns to its 2% medium-term target in a timely manner. It therefore today decided to raise the three key ECB interest rates by 25 basis points. The rate increase today reflects the Governing Council’s assessment of the inflation outlook, the dynamics of underlying inflation, and the strength of monetary policy transmission. The developments since the last meeting support the expectation that inflation will drop further over the remainder of the year but will stay above target for an extended period. While some measures show signs of easing, underlying inflation remains high overall. The past rate increases continue to be transmitted forcefully: financing conditions have tightened again and are increasingly dampening demand, which is an important factor in bringing inflation back to target. The Governing Council’s future decisions will ensure that the key ECB interest rates will be set at sufficiently restrictive levels for as long as necessary to achieve a timely return of inflation to the 2% medium-term target. The Governing Council will continue to follow a data-dependent approach to determining the appropriate level and duration of restriction. In particular, its interest rate decisions will continue to be based on its assessment of the inflation outlook in light of the incoming economic and financial data, the dynamics of underlying inflation, and the strength of monetary policy transmission. The Governing Council also decided to set the remuneration of minimum reserves at 0%. This decision will preserve the effectiveness of monetary policy by maintaining the current degree of control over the monetary policy stance and ensuring the full pass-through of the interest rate decisions to money markets. At the same time, it will improve the efficiency of monetary policy by reducing the overall amount of interest that needs to be paid on reserves in order to implement the appropriate stance. The details of the change to the remuneration of minimum reserves are provided in a separate press release to be published at 15:45 CET. The Governing Council decided to raise the three key ECB interest rates by 25 basis points. Accordingly, the interest rate on the main refinancing operations and the interest rates on the marginal lending facility and the deposit facility will be increased to 4.25%, 4.50% and 3.75% respectively, with effect from 2 August 2023. Asset purchase programme (APP) and pandemic emergency purchase programme (PEPP) The APP portfolio is declining at a measured and predictable pace, as the Eurosystem no longer reinvests the principal payments from maturing securities. As concerns the PEPP, the Governing Council intends to reinvest the principal payments from maturing securities purchased under the programme until at least the end of 2024. In any case, the future roll-off of the PEPP portfolio will be managed to avoid interference with the appropriate monetary policy stance. The Governing Council will continue applying flexibility in reinvesting redemptions coming due in the PEPP portfolio, with a view to countering risks to the monetary policy transmission mechanism related to the pandemic. As banks are repaying the amounts borrowed under the targeted longer-term refinancing operations, the Governing Council will regularly assess how targeted lending operations and their ongoing repayment are contributing to its monetary policy stance. The Governing Council stands ready to adjust all of its instruments within its mandate to ensure that inflation returns to its 2% target over the medium term and to preserve the smooth functioning of monetary policy transmission. Moreover, the Transmission Protection Instrument is available to counter unwarranted, disorderly market dynamics that pose a serious threat to the transmission of monetary policy across all euro area countries, thus allowing the Governing Council to more effectively deliver on its price stability mandate. The President of the ECB will comment on the considerations underlying these decisions at a press conference starting at 14:45 CET today. Disclaimer Please note that related topic tags are currently available for selected content only. Directorate General Communications Reproduction is permitted provided that the source is acknowledged."
ECB,2023-09-14,decision,ecb_dec_20230914,264,12:15,14:15,ECB Governing Council,Monetary policy decisions,https://www.ecb.europa.eu/press/pr/date/2023/html/ecb.mp230914~aab39f8c21.en.html,OK,True,False,False,718,29,"Inflation continues to decline but is still expected to remain too high for too long. The Governing Council is determined to ensure that inflation returns to its 2% medium-term target in a timely manner. In order to reinforce progress towards its target, the Governing Council today decided to raise the three key ECB interest rates by 25 basis points. The rate increase today reflects the Governing Council’s assessment of the inflation outlook in light of the incoming economic and financial data, the dynamics of underlying inflation, and the strength of monetary policy transmission. The September ECB staff macroeconomic projections for the euro area see average inflation at 5.6% in 2023, 3.2% in 2024 and 2.1% in 2025. This is an upward revision for 2023 and 2024 and a downward revision for 2025. The upward revision for 2023 and 2024 mainly reflects a higher path for energy prices. Underlying price pressures remain high, even though most indicators have started to ease. ECB staff have slightly revised down the projected path for inflation excluding energy and food, to an average of 5.1% in 2023, 2.9% in 2024 and 2.2% in 2025. The Governing Council’s past interest rate increases continue to be transmitted forcefully. Financing conditions have tightened further and are increasingly dampening demand, which is an important factor in bringing inflation back to target. With the increasing impact of this tightening on domestic demand and the weakening international trade environment, ECB staff have lowered their economic growth projections significantly. They now expect the euro area economy to expand by 0.7% in 2023, 1.0% in 2024 and 1.5% in 2025. Based on its current assessment, the Governing Council considers that the key ECB interest rates have reached levels that, maintained for a sufficiently long duration, will make a substantial contribution to the timely return of inflation to the target. The Governing Council’s future decisions will ensure that the key ECB interest rates will be set at sufficiently restrictive levels for as long as necessary. The Governing Council will continue to follow a data-dependent approach to determining the appropriate level and duration of restriction. In particular, the Governing Council’s interest rate decisions will be based on its assessment of the inflation outlook in light of the incoming economic and financial data, the dynamics of underlying inflation, and the strength of monetary policy transmission. The Governing Council decided to raise the three key ECB interest rates by 25 basis points. Accordingly, the interest rate on the main refinancing operations and the interest rates on the marginal lending facility and the deposit facility will be increased to 4.50%, 4.75% and 4.00% respectively, with effect from 20 September 2023. Asset purchase programme (APP) and pandemic emergency purchase programme (PEPP) The APP portfolio is declining at a measured and predictable pace, as the Eurosystem no longer reinvests the principal payments from maturing securities. As concerns the PEPP, the Governing Council intends to reinvest the principal payments from maturing securities purchased under the programme until at least the end of 2024. In any case, the future roll-off of the PEPP portfolio will be managed to avoid interference with the appropriate monetary policy stance. The Governing Council will continue applying flexibility in reinvesting redemptions coming due in the PEPP portfolio, with a view to countering risks to the monetary policy transmission mechanism related to the pandemic. As banks are repaying the amounts borrowed under the targeted longer-term refinancing operations, the Governing Council will regularly assess how targeted lending operations and their ongoing repayment are contributing to its monetary policy stance. The Governing Council stands ready to adjust all of its instruments within its mandate to ensure that inflation returns to its 2% target over the medium term and to preserve the smooth functioning of monetary policy transmission. Moreover, the Transmission Protection Instrument is available to counter unwarranted, disorderly market dynamics that pose a serious threat to the transmission of monetary policy across all euro area countries, thus allowing the Governing Council to more effectively deliver on its price stability mandate. The President of the ECB will comment on the considerations underlying these decisions at a press conference starting at 14:45 CET today. Disclaimer Please note that related topic tags are currently available for selected content only. Directorate General Communications Reproduction is permitted provided that the source is acknowledged.","Inflation continues to decline but is still expected to remain too high for too long. The Governing Council is determined to ensure that inflation returns to its 2% medium-term target in a timely manner. In order to reinforce progress towards its target, the Governing Council today decided to raise the three key ECB interest rates by 25 basis points. The rate increase today reflects the Governing Council’s assessment of the inflation outlook in light of the incoming economic and financial data, the dynamics of underlying inflation, and the strength of monetary policy transmission. The September ECB staff macroeconomic projections for the euro area see average inflation at 5.6% in 2023, 3.2% in 2024 and 2.1% in 2025. This is an upward revision for 2023 and 2024 and a downward revision for 2025. The upward revision for 2023 and 2024 mainly reflects a higher path for energy prices. Underlying price pressures remain high, even though most indicators have started to ease. ECB staff have slightly revised down the projected path for inflation excluding energy and food, to an average of 5.1% in 2023, 2.9% in 2024 and 2.2% in 2025. The Governing Council’s past interest rate increases continue to be transmitted forcefully. Financing conditions have tightened further and are increasingly dampening demand, which is an important factor in bringing inflation back to target. With the increasing impact of this tightening on domestic demand and the weakening international trade environment, ECB staff have lowered their economic growth projections significantly. They now expect the euro area economy to expand by 0.7% in 2023, 1.0% in 2024 and 1.5% in 2025. Based on its current assessment, the Governing Council considers that the key ECB interest rates have reached levels that, maintained for a sufficiently long duration, will make a substantial contribution to the timely return of inflation to the target. The Governing Council’s future decisions will ensure that the key ECB interest rates will be set at sufficiently restrictive levels for as long as necessary. The Governing Council will continue to follow a data-dependent approach to determining the appropriate level and duration of restriction. In particular, the Governing Council’s interest rate decisions will be based on its assessment of the inflation outlook in light of the incoming economic and financial data, the dynamics of underlying inflation, and the strength of monetary policy transmission. The Governing Council decided to raise the three key ECB interest rates by 25 basis points. Accordingly, the interest rate on the main refinancing operations and the interest rates on the marginal lending facility and the deposit facility will be increased to 4.50%, 4.75% and 4.00% respectively, with effect from 20 September 2023. Asset purchase programme (APP) and pandemic emergency purchase programme (PEPP) The APP portfolio is declining at a measured and predictable pace, as the Eurosystem no longer reinvests the principal payments from maturing securities. As concerns the PEPP, the Governing Council intends to reinvest the principal payments from maturing securities purchased under the programme until at least the end of 2024. In any case, the future roll-off of the PEPP portfolio will be managed to avoid interference with the appropriate monetary policy stance. The Governing Council will continue applying flexibility in reinvesting redemptions coming due in the PEPP portfolio, with a view to countering risks to the monetary policy transmission mechanism related to the pandemic. As banks are repaying the amounts borrowed under the targeted longer-term refinancing operations, the Governing Council will regularly assess how targeted lending operations and their ongoing repayment are contributing to its monetary policy stance. The Governing Council stands ready to adjust all of its instruments within its mandate to ensure that inflation returns to its 2% target over the medium term and to preserve the smooth functioning of monetary policy transmission. Moreover, the Transmission Protection Instrument is available to counter unwarranted, disorderly market dynamics that pose a serious threat to the transmission of monetary policy across all euro area countries, thus allowing the Governing Council to more effectively deliver on its price stability mandate. The President of the ECB will comment on the considerations underlying these decisions at a press conference starting at 14:45 CET today. Disclaimer Please note that related topic tags are currently available for selected content only. Directorate General Communications Reproduction is permitted provided that the source is acknowledged."
ECB,2023-10-26,decision,ecb_dec_20231026,265,12:15,14:15,ECB Governing Council,Monetary policy decisions,https://www.ecb.europa.eu/press/pr/date/2023/html/ecb.mp231026~6028cea576.en.html,OK,True,False,False,535,22,"The Governing Council today decided to keep the three key ECB interest rates unchanged. The incoming information has broadly confirmed its previous assessment of the medium-term inflation outlook. Inflation is still expected to stay too high for too long, and domestic price pressures remain strong. At the same time, inflation dropped markedly in September, including due to strong base effects, and most measures of underlying inflation have continued to ease. The Governing Council’s past interest rate increases continue to be transmitted forcefully into financing conditions. This is increasingly dampening demand and thereby helps push down inflation. The Governing Council is determined to ensure that inflation returns to its 2% medium-term target in a timely manner. Based on its current assessment, the Governing Council considers that the key ECB interest rates are at levels that, maintained for a sufficiently long duration, will make a substantial contribution to this goal. The Governing Council’s future decisions will ensure that its policy rates will be set at sufficiently restrictive levels for as long as necessary. The Governing Council will continue to follow a data-dependent approach to determining the appropriate level and duration of restriction. In particular, the Governing Council’s interest rate decisions will be based on its assessment of the inflation outlook in light of the incoming economic and financial data, the dynamics of underlying inflation and the strength of monetary policy transmission. The interest rate on the main refinancing operations and the interest rates on the marginal lending facility and the deposit facility will remain unchanged at 4.50%, 4.75% and 4.00% respectively. Asset purchase programme (APP) and pandemic emergency purchase programme (PEPP) The APP portfolio is declining at a measured and predictable pace, as the Eurosystem no longer reinvests the principal payments from maturing securities. As concerns the PEPP, the Governing Council intends to reinvest the principal payments from maturing securities purchased under the programme until at least the end of 2024. In any case, the future roll-off of the PEPP portfolio will be managed to avoid interference with the appropriate monetary policy stance. The Governing Council will continue applying flexibility in reinvesting redemptions coming due in the PEPP portfolio, with a view to countering risks to the monetary policy transmission mechanism related to the pandemic. As banks are repaying the amounts borrowed under the targeted longer-term refinancing operations, the Governing Council will regularly assess how targeted lending operations and their ongoing repayment are contributing to its monetary policy stance. The Governing Council stands ready to adjust all of its instruments within its mandate to ensure that inflation returns to its 2% target over the medium term and to preserve the smooth functioning of monetary policy transmission. Moreover, the Transmission Protection Instrument is available to counter unwarranted, disorderly market dynamics that pose a serious threat to the transmission of monetary policy across all euro area countries, thus allowing the Governing Council to more effectively deliver on its price stability mandate. The President of the ECB will comment on the considerations underlying these decisions at a press conference starting at 14:45 CET today. Disclaimer Please note that related topic tags are currently available for selected content only. Directorate General Communications Reproduction is permitted provided that the source is acknowledged.","The Governing Council today decided to keep the three key ECB interest rates unchanged. The incoming information has broadly confirmed its previous assessment of the medium-term inflation outlook. Inflation is still expected to stay too high for too long, and domestic price pressures remain strong. At the same time, inflation dropped markedly in September, including due to strong base effects, and most measures of underlying inflation have continued to ease. The Governing Council’s past interest rate increases continue to be transmitted forcefully into financing conditions. This is increasingly dampening demand and thereby helps push down inflation. The Governing Council is determined to ensure that inflation returns to its 2% medium-term target in a timely manner. Based on its current assessment, the Governing Council considers that the key ECB interest rates are at levels that, maintained for a sufficiently long duration, will make a substantial contribution to this goal. The Governing Council’s future decisions will ensure that its policy rates will be set at sufficiently restrictive levels for as long as necessary. The Governing Council will continue to follow a data-dependent approach to determining the appropriate level and duration of restriction. In particular, the Governing Council’s interest rate decisions will be based on its assessment of the inflation outlook in light of the incoming economic and financial data, the dynamics of underlying inflation and the strength of monetary policy transmission. The interest rate on the main refinancing operations and the interest rates on the marginal lending facility and the deposit facility will remain unchanged at 4.50%, 4.75% and 4.00% respectively. Asset purchase programme (APP) and pandemic emergency purchase programme (PEPP) The APP portfolio is declining at a measured and predictable pace, as the Eurosystem no longer reinvests the principal payments from maturing securities. As concerns the PEPP, the Governing Council intends to reinvest the principal payments from maturing securities purchased under the programme until at least the end of 2024. In any case, the future roll-off of the PEPP portfolio will be managed to avoid interference with the appropriate monetary policy stance. The Governing Council will continue applying flexibility in reinvesting redemptions coming due in the PEPP portfolio, with a view to countering risks to the monetary policy transmission mechanism related to the pandemic. As banks are repaying the amounts borrowed under the targeted longer-term refinancing operations, the Governing Council will regularly assess how targeted lending operations and their ongoing repayment are contributing to its monetary policy stance. The Governing Council stands ready to adjust all of its instruments within its mandate to ensure that inflation returns to its 2% target over the medium term and to preserve the smooth functioning of monetary policy transmission. Moreover, the Transmission Protection Instrument is available to counter unwarranted, disorderly market dynamics that pose a serious threat to the transmission of monetary policy across all euro area countries, thus allowing the Governing Council to more effectively deliver on its price stability mandate. The President of the ECB will comment on the considerations underlying these decisions at a press conference starting at 14:45 CET today. Disclaimer Please note that related topic tags are currently available for selected content only. Directorate General Communications Reproduction is permitted provided that the source is acknowledged."
ECB,2023-12-14,decision,ecb_dec_20231214,266,13:15,14:15,ECB Governing Council,Monetary policy decisions,https://www.ecb.europa.eu/press/pr/date/2023/html/ecb.mp231214~9846e62f62.en.html,OK,True,False,False,783,35,"The Governing Council today decided to keep the three key ECB interest rates unchanged. While inflation has dropped in recent months, it is likely to pick up again temporarily in the near term. According to the latest Eurosystem staff projections for the euro area, inflation is expected to decline gradually over the course of next year, before approaching the Governing Council’s 2% target in 2025. Overall, staff expect headline inflation to average 5.4% in 2023, 2.7% in 2024, 2.1% in 2025 and 1.9% in 2026. Compared with the September staff projections, this amounts to a downward revision for 2023 and especially for 2024. Underlying inflation has eased further. But domestic price pressures remain elevated, primarily owing to strong growth in unit labour costs. Eurosystem staff expect inflation excluding energy and food to average 5.0% in 2023, 2.7% in 2024, 2.3% in 2025 and 2.1% in 2026. The past interest rate increases continue to be transmitted forcefully to the economy. Tighter financing conditions are dampening demand, and this is helping to push down inflation. Eurosystem staff expect economic growth to remain subdued in the near term. Beyond that, the economy is expected to recover because of rising real incomes – as people benefit from falling inflation and growing wages – and improving foreign demand. Eurosystem staff therefore see growth picking up from an average of 0.6% for 2023 to 0.8% for 2024, and to 1.5% for both 2025 and 2026. The Governing Council is determined to ensure that inflation returns to its 2% medium-term target in a timely manner. Based on its current assessment, the Governing Council considers that the key ECB interest rates are at levels that, maintained for a sufficiently long duration, will make a substantial contribution to this goal. The Governing Council’s future decisions will ensure that its policy rates will be set at sufficiently restrictive levels for as long as necessary. The Governing Council will continue to follow a data-dependent approach to determining the appropriate level and duration of restriction. In particular, its interest rate decisions will be based on its assessment of the inflation outlook in light of the incoming economic and financial data, the dynamics of underlying inflation and the strength of monetary policy transmission. The key ECB interest rates are the primary tool for setting the monetary policy stance. The Governing Council also decided today to advance the normalisation of the Eurosystem’s balance sheet. It intends to continue to reinvest, in full, the principal payments from maturing securities purchased under the pandemic emergency purchase programme (PEPP) during the first half of 2024. Over the second half of the year, it intends to reduce the PEPP portfolio by €7.5 billion per month on average. The Governing Council intends to discontinue reinvestments under the PEPP at the end of 2024. The interest rate on the main refinancing operations and the interest rates on the marginal lending facility and the deposit facility will remain unchanged at 4.50%, 4.75% and 4.00% respectively. Asset purchase programme (APP) and pandemic emergency purchase programme (PEPP) The APP portfolio is declining at a measured and predictable pace, as the Eurosystem no longer reinvests the principal payments from maturing securities. The Governing Council intends to continue to reinvest, in full, the principal payments from maturing securities purchased under the PEPP during the first half of 2024. Over the second half of the year, it intends to reduce the PEPP portfolio by €7.5 billion per month on average. The Governing Council intends to discontinue reinvestments under the PEPP at the end of 2024. The Governing Council will continue applying flexibility in reinvesting redemptions coming due in the PEPP portfolio, with a view to countering risks to the monetary policy transmission mechanism related to the pandemic. As banks are repaying the amounts borrowed under the targeted longer-term refinancing operations, the Governing Council will regularly assess how targeted lending operations and their ongoing repayment are contributing to its monetary policy stance. The Governing Council stands ready to adjust all of its instruments within its mandate to ensure that inflation returns to its 2% target over the medium term and to preserve the smooth functioning of monetary policy transmission. Moreover, the Transmission Protection Instrument is available to counter unwarranted, disorderly market dynamics that pose a serious threat to the transmission of monetary policy across all euro area countries, thus allowing the Governing Council to more effectively deliver on its price stability mandate. The President of the ECB will comment on the considerations underlying these decisions at a press conference starting at 14:45 CET today. Disclaimer Please note that related topic tags are currently available for selected content only. Directorate General Communications Reproduction is permitted provided that the source is acknowledged.","The Governing Council today decided to keep the three key ECB interest rates unchanged. While inflation has dropped in recent months, it is likely to pick up again temporarily in the near term. According to the latest Eurosystem staff projections for the euro area, inflation is expected to decline gradually over the course of next year, before approaching the Governing Council’s 2% target in 2025. Overall, staff expect headline inflation to average 5.4% in 2023, 2.7% in 2024, 2.1% in 2025 and 1.9% in 2026. Compared with the September staff projections, this amounts to a downward revision for 2023 and especially for 2024. Underlying inflation has eased further. But domestic price pressures remain elevated, primarily owing to strong growth in unit labour costs. Eurosystem staff expect inflation excluding energy and food to average 5.0% in 2023, 2.7% in 2024, 2.3% in 2025 and 2.1% in 2026. The past interest rate increases continue to be transmitted forcefully to the economy. Tighter financing conditions are dampening demand, and this is helping to push down inflation. Eurosystem staff expect economic growth to remain subdued in the near term. Beyond that, the economy is expected to recover because of rising real incomes – as people benefit from falling inflation and growing wages – and improving foreign demand. Eurosystem staff therefore see growth picking up from an average of 0.6% for 2023 to 0.8% for 2024, and to 1.5% for both 2025 and 2026. The Governing Council is determined to ensure that inflation returns to its 2% medium-term target in a timely manner. Based on its current assessment, the Governing Council considers that the key ECB interest rates are at levels that, maintained for a sufficiently long duration, will make a substantial contribution to this goal. The Governing Council’s future decisions will ensure that its policy rates will be set at sufficiently restrictive levels for as long as necessary. The Governing Council will continue to follow a data-dependent approach to determining the appropriate level and duration of restriction. In particular, its interest rate decisions will be based on its assessment of the inflation outlook in light of the incoming economic and financial data, the dynamics of underlying inflation and the strength of monetary policy transmission. The key ECB interest rates are the primary tool for setting the monetary policy stance. The Governing Council also decided today to advance the normalisation of the Eurosystem’s balance sheet. It intends to continue to reinvest, in full, the principal payments from maturing securities purchased under the pandemic emergency purchase programme (PEPP) during the first half of 2024. Over the second half of the year, it intends to reduce the PEPP portfolio by €7.5 billion per month on average. The Governing Council intends to discontinue reinvestments under the PEPP at the end of 2024. The interest rate on the main refinancing operations and the interest rates on the marginal lending facility and the deposit facility will remain unchanged at 4.50%, 4.75% and 4.00% respectively. Asset purchase programme (APP) and pandemic emergency purchase programme (PEPP) The APP portfolio is declining at a measured and predictable pace, as the Eurosystem no longer reinvests the principal payments from maturing securities. The Governing Council intends to continue to reinvest, in full, the principal payments from maturing securities purchased under the PEPP during the first half of 2024. Over the second half of the year, it intends to reduce the PEPP portfolio by €7.5 billion per month on average. The Governing Council intends to discontinue reinvestments under the PEPP at the end of 2024. The Governing Council will continue applying flexibility in reinvesting redemptions coming due in the PEPP portfolio, with a view to countering risks to the monetary policy transmission mechanism related to the pandemic. As banks are repaying the amounts borrowed under the targeted longer-term refinancing operations, the Governing Council will regularly assess how targeted lending operations and their ongoing repayment are contributing to its monetary policy stance. The Governing Council stands ready to adjust all of its instruments within its mandate to ensure that inflation returns to its 2% target over the medium term and to preserve the smooth functioning of monetary policy transmission. Moreover, the Transmission Protection Instrument is available to counter unwarranted, disorderly market dynamics that pose a serious threat to the transmission of monetary policy across all euro area countries, thus allowing the Governing Council to more effectively deliver on its price stability mandate. The President of the ECB will comment on the considerations underlying these decisions at a press conference starting at 14:45 CET today. Disclaimer Please note that related topic tags are currently available for selected content only. Directorate General Communications Reproduction is permitted provided that the source is acknowledged."
ECB,2024-01-25,decision,ecb_dec_20240125,267,13:15,14:15,ECB Governing Council,Monetary policy decisions,https://www.ecb.europa.eu/press/pr/date/2024/html/ecb.mp240125~f738889bde.en.html,OK,True,False,False,525,21,"The Governing Council today decided to keep the three key ECB interest rates unchanged. The incoming information has broadly confirmed its previous assessment of the medium-term inflation outlook. Aside from an energy-related upward base effect on headline inflation, the declining trend in underlying inflation has continued, and the past interest rate increases keep being transmitted forcefully into financing conditions. Tight financing conditions are dampening demand, and this is helping to push down inflation. The Governing Council is determined to ensure that inflation returns to its 2% medium-term target in a timely manner. Based on its current assessment, the Governing Council considers that the key ECB interest rates are at levels that, maintained for a sufficiently long duration, will make a substantial contribution to this goal. The Governing Council’s future decisions will ensure that its policy rates will be set at sufficiently restrictive levels for as long as necessary. The Governing Council will continue to follow a data-dependent approach to determining the appropriate level and duration of restriction. In particular, the Governing Council’s interest rate decisions will be based on its assessment of the inflation outlook in light of the incoming economic and financial data, the dynamics of underlying inflation and the strength of monetary policy transmission. The interest rate on the main refinancing operations and the interest rates on the marginal lending facility and the deposit facility will remain unchanged at 4.50%, 4.75% and 4.00% respectively. Asset purchase programme (APP) and pandemic emergency purchase programme (PEPP) The APP portfolio is declining at a measured and predictable pace, as the Eurosystem no longer reinvests the principal payments from maturing securities. The Governing Council intends to continue to reinvest, in full, the principal payments from maturing securities purchased under the PEPP during the first half of 2024. Over the second half of the year, it intends to reduce the PEPP portfolio by €7.5 billion per month on average. The Governing Council intends to discontinue reinvestments under the PEPP at the end of 2024. The Governing Council will continue applying flexibility in reinvesting redemptions coming due in the PEPP portfolio, with a view to countering risks to the monetary policy transmission mechanism related to the pandemic. As banks are repaying the amounts borrowed under the targeted longer-term refinancing operations, the Governing Council will regularly assess how targeted lending operations and their ongoing repayment are contributing to its monetary policy stance. The Governing Council stands ready to adjust all of its instruments within its mandate to ensure that inflation returns to its 2% target over the medium term and to preserve the smooth functioning of monetary policy transmission. Moreover, the Transmission Protection Instrument is available to counter unwarranted, disorderly market dynamics that pose a serious threat to the transmission of monetary policy across all euro area countries, thus allowing the Governing Council to more effectively deliver on its price stability mandate. The President of the ECB will comment on the considerations underlying these decisions at a press conference starting at 14:45 CET today. Disclaimer Please note that related topic tags are currently available for selected content only. Directorate General Communications Reproduction is permitted provided that the source is acknowledged.","The Governing Council today decided to keep the three key ECB interest rates unchanged. The incoming information has broadly confirmed its previous assessment of the medium-term inflation outlook. Aside from an energy-related upward base effect on headline inflation, the declining trend in underlying inflation has continued, and the past interest rate increases keep being transmitted forcefully into financing conditions. Tight financing conditions are dampening demand, and this is helping to push down inflation. The Governing Council is determined to ensure that inflation returns to its 2% medium-term target in a timely manner. Based on its current assessment, the Governing Council considers that the key ECB interest rates are at levels that, maintained for a sufficiently long duration, will make a substantial contribution to this goal. The Governing Council’s future decisions will ensure that its policy rates will be set at sufficiently restrictive levels for as long as necessary. The Governing Council will continue to follow a data-dependent approach to determining the appropriate level and duration of restriction. In particular, the Governing Council’s interest rate decisions will be based on its assessment of the inflation outlook in light of the incoming economic and financial data, the dynamics of underlying inflation and the strength of monetary policy transmission. The interest rate on the main refinancing operations and the interest rates on the marginal lending facility and the deposit facility will remain unchanged at 4.50%, 4.75% and 4.00% respectively. Asset purchase programme (APP) and pandemic emergency purchase programme (PEPP) The APP portfolio is declining at a measured and predictable pace, as the Eurosystem no longer reinvests the principal payments from maturing securities. The Governing Council intends to continue to reinvest, in full, the principal payments from maturing securities purchased under the PEPP during the first half of 2024. Over the second half of the year, it intends to reduce the PEPP portfolio by €7.5 billion per month on average. The Governing Council intends to discontinue reinvestments under the PEPP at the end of 2024. The Governing Council will continue applying flexibility in reinvesting redemptions coming due in the PEPP portfolio, with a view to countering risks to the monetary policy transmission mechanism related to the pandemic. As banks are repaying the amounts borrowed under the targeted longer-term refinancing operations, the Governing Council will regularly assess how targeted lending operations and their ongoing repayment are contributing to its monetary policy stance. The Governing Council stands ready to adjust all of its instruments within its mandate to ensure that inflation returns to its 2% target over the medium term and to preserve the smooth functioning of monetary policy transmission. Moreover, the Transmission Protection Instrument is available to counter unwarranted, disorderly market dynamics that pose a serious threat to the transmission of monetary policy across all euro area countries, thus allowing the Governing Council to more effectively deliver on its price stability mandate. The President of the ECB will comment on the considerations underlying these decisions at a press conference starting at 14:45 CET today. Disclaimer Please note that related topic tags are currently available for selected content only. Directorate General Communications Reproduction is permitted provided that the source is acknowledged."
ECB,2024-03-07,decision,ecb_dec_20240307,268,12:15,14:15,ECB Governing Council,Monetary policy decisions,https://www.ecb.europa.eu/press/pr/date/2024/html/ecb.mp240307~a5fa52b82b.en.html,OK,True,False,False,635,26,"The Governing Council today decided to keep the three key ECB interest rates unchanged. Since the last Governing Council meeting in January, inflation has declined further. In the latest ECB staff projections, inflation has been revised down, in particular for 2024 which mainly reflects a lower contribution from energy prices. Staff now project inflation to average 2.3% in 2024, 2.0% in 2025 and 1.9% in 2026. The projections for inflation excluding energy and food have also been revised down and average 2.6% for 2024, 2.1% for 2025 and 2.0% for 2026. Although most measures of underlying inflation have eased further, domestic price pressures remain high, in part owing to strong growth in wages. Financing conditions are restrictive and the past interest rate increases continue to weigh on demand, which is helping push down inflation. Staff have revised down their growth projection for 2024 to 0.6%, with economic activity expected to remain subdued in the near term. Thereafter, staff expect the economy to pick up and to grow at 1.5% in 2025 and 1.6% in 2026, supported initially by consumption and later also by investment. The Governing Council is determined to ensure that inflation returns to its 2% medium-term target in a timely manner. Based on its current assessment, the Governing Council considers that the key ECB interest rates are at levels that, maintained for a sufficiently long duration, will make a substantial contribution to this goal. The Governing Council’s future decisions will ensure that policy rates will be set at sufficiently restrictive levels for as long as necessary. The Governing Council will continue to follow a data-dependent approach to determining the appropriate level and duration of restriction. In particular, the Governing Council’s interest rate decisions will be based on its assessment of the inflation outlook in light of the incoming economic and financial data, the dynamics of underlying inflation and the strength of monetary policy transmission. The interest rate on the main refinancing operations and the interest rates on the marginal lending facility and the deposit facility will remain unchanged at 4.50%, 4.75% and 4.00% respectively. Asset purchase programme (APP) and pandemic emergency purchase programme (PEPP) The APP portfolio is declining at a measured and predictable pace, as the Eurosystem no longer reinvests the principal payments from maturing securities. The Governing Council intends to continue to reinvest, in full, the principal payments from maturing securities purchased under the PEPP during the first half of 2024. Over the second half of the year, it intends to reduce the PEPP portfolio by €7.5 billion per month on average. The Governing Council intends to discontinue reinvestments under the PEPP at the end of 2024. The Governing Council will continue applying flexibility in reinvesting redemptions coming due in the PEPP portfolio, with a view to countering risks to the monetary policy transmission mechanism related to the pandemic. As banks are repaying the amounts borrowed under the targeted longer-term refinancing operations, the Governing Council will regularly assess how targeted lending operations and their ongoing repayment are contributing to its monetary policy stance. The Governing Council stands ready to adjust all of its instruments within its mandate to ensure that inflation returns to its 2% target over the medium term and to preserve the smooth functioning of monetary policy transmission. Moreover, the Transmission Protection Instrument is available to counter unwarranted, disorderly market dynamics that pose a serious threat to the transmission of monetary policy across all euro area countries, thus allowing the Governing Council to more effectively deliver on its price stability mandate. The President of the ECB will comment on the considerations underlying these decisions at a press conference starting at 14:45 CET today. Disclaimer Please note that related topic tags are currently available for selected content only. Directorate General Communications Reproduction is permitted provided that the source is acknowledged.","The Governing Council today decided to keep the three key ECB interest rates unchanged. Since the last Governing Council meeting in January, inflation has declined further. In the latest ECB staff projections, inflation has been revised down, in particular for 2024 which mainly reflects a lower contribution from energy prices. Staff now project inflation to average 2.3% in 2024, 2.0% in 2025 and 1.9% in 2026. The projections for inflation excluding energy and food have also been revised down and average 2.6% for 2024, 2.1% for 2025 and 2.0% for 2026. Although most measures of underlying inflation have eased further, domestic price pressures remain high, in part owing to strong growth in wages. Financing conditions are restrictive and the past interest rate increases continue to weigh on demand, which is helping push down inflation. Staff have revised down their growth projection for 2024 to 0.6%, with economic activity expected to remain subdued in the near term. Thereafter, staff expect the economy to pick up and to grow at 1.5% in 2025 and 1.6% in 2026, supported initially by consumption and later also by investment. The Governing Council is determined to ensure that inflation returns to its 2% medium-term target in a timely manner. Based on its current assessment, the Governing Council considers that the key ECB interest rates are at levels that, maintained for a sufficiently long duration, will make a substantial contribution to this goal. The Governing Council’s future decisions will ensure that policy rates will be set at sufficiently restrictive levels for as long as necessary. The Governing Council will continue to follow a data-dependent approach to determining the appropriate level and duration of restriction. In particular, the Governing Council’s interest rate decisions will be based on its assessment of the inflation outlook in light of the incoming economic and financial data, the dynamics of underlying inflation and the strength of monetary policy transmission. The interest rate on the main refinancing operations and the interest rates on the marginal lending facility and the deposit facility will remain unchanged at 4.50%, 4.75% and 4.00% respectively. Asset purchase programme (APP) and pandemic emergency purchase programme (PEPP) The APP portfolio is declining at a measured and predictable pace, as the Eurosystem no longer reinvests the principal payments from maturing securities. The Governing Council intends to continue to reinvest, in full, the principal payments from maturing securities purchased under the PEPP during the first half of 2024. Over the second half of the year, it intends to reduce the PEPP portfolio by €7.5 billion per month on average. The Governing Council intends to discontinue reinvestments under the PEPP at the end of 2024. The Governing Council will continue applying flexibility in reinvesting redemptions coming due in the PEPP portfolio, with a view to countering risks to the monetary policy transmission mechanism related to the pandemic. As banks are repaying the amounts borrowed under the targeted longer-term refinancing operations, the Governing Council will regularly assess how targeted lending operations and their ongoing repayment are contributing to its monetary policy stance. The Governing Council stands ready to adjust all of its instruments within its mandate to ensure that inflation returns to its 2% target over the medium term and to preserve the smooth functioning of monetary policy transmission. Moreover, the Transmission Protection Instrument is available to counter unwarranted, disorderly market dynamics that pose a serious threat to the transmission of monetary policy across all euro area countries, thus allowing the Governing Council to more effectively deliver on its price stability mandate. The President of the ECB will comment on the considerations underlying these decisions at a press conference starting at 14:45 CET today. Disclaimer Please note that related topic tags are currently available for selected content only. Directorate General Communications Reproduction is permitted provided that the source is acknowledged."
ECB,2024-04-11,decision,ecb_dec_20240411,269,12:15,14:15,ECB Governing Council,Monetary policy decisions,https://www.ecb.europa.eu/press/pr/date/2024/html/ecb.mp240411~1345644915.en.html,OK,True,False,False,570,23,"The Governing Council today decided to keep the three key ECB interest rates unchanged. The incoming information has broadly confirmed the Governing Council’s previous assessment of the medium-term inflation outlook. Inflation has continued to fall, led by lower food and goods price inflation. Most measures of underlying inflation are easing, wage growth is gradually moderating, and firms are absorbing part of the rise in labour costs in their profits. Financing conditions remain restrictive and the past interest rate increases continue to weigh on demand, which is helping to push down inflation. But domestic price pressures are strong and are keeping services price inflation high. The Governing Council is determined to ensure that inflation returns to its 2% medium-term target in a timely manner. It considers that the key ECB interest rates are at levels that are making a substantial contribution to the ongoing disinflation process. The Governing Council’s future decisions will ensure that its policy rates will stay sufficiently restrictive for as long as necessary. If the Governing Council’s updated assessment of the inflation outlook, the dynamics of underlying inflation and the strength of monetary policy transmission were to further increase its confidence that inflation is converging to the target in a sustained manner, it would be appropriate to reduce the current level of monetary policy restriction. In any event, the Governing Council will continue to follow a data-dependent and meeting-by-meeting approach to determining the appropriate level and duration of restriction, and it is not pre-committing to a particular rate path. The interest rate on the main refinancing operations and the interest rates on the marginal lending facility and the deposit facility will remain unchanged at 4.50%, 4.75% and 4.00% respectively. Asset purchase programme (APP) and pandemic emergency purchase programme (PEPP) The APP portfolio is declining at a measured and predictable pace, as the Eurosystem no longer reinvests the principal payments from maturing securities. The Governing Council intends to continue to reinvest, in full, the principal payments from maturing securities purchased under the PEPP during the first half of 2024. Over the second half of the year, it intends to reduce the PEPP portfolio by €7.5 billion per month on average. The Governing Council intends to discontinue reinvestments under the PEPP at the end of 2024. The Governing Council will continue applying flexibility in reinvesting redemptions coming due in the PEPP portfolio, with a view to countering risks to the monetary policy transmission mechanism related to the pandemic. As banks are repaying the amounts borrowed under the targeted longer-term refinancing operations, the Governing Council will regularly assess how targeted lending operations and their ongoing repayment are contributing to its monetary policy stance. The Governing Council stands ready to adjust all of its instruments within its mandate to ensure that inflation returns to its 2% target over the medium term and to preserve the smooth functioning of monetary policy transmission. Moreover, the Transmission Protection Instrument is available to counter unwarranted, disorderly market dynamics that pose a serious threat to the transmission of monetary policy across all euro area countries, thus allowing the Governing Council to more effectively deliver on its price stability mandate. The President of the ECB will comment on the considerations underlying these decisions at a press conference starting at 14:45 CET today. Disclaimer Please note that related topic tags are currently available for selected content only. Directorate General Communications Reproduction is permitted provided that the source is acknowledged.","The Governing Council today decided to keep the three key ECB interest rates unchanged. The incoming information has broadly confirmed the Governing Council’s previous assessment of the medium-term inflation outlook. Inflation has continued to fall, led by lower food and goods price inflation. Most measures of underlying inflation are easing, wage growth is gradually moderating, and firms are absorbing part of the rise in labour costs in their profits. Financing conditions remain restrictive and the past interest rate increases continue to weigh on demand, which is helping to push down inflation. But domestic price pressures are strong and are keeping services price inflation high. The Governing Council is determined to ensure that inflation returns to its 2% medium-term target in a timely manner. It considers that the key ECB interest rates are at levels that are making a substantial contribution to the ongoing disinflation process. The Governing Council’s future decisions will ensure that its policy rates will stay sufficiently restrictive for as long as necessary. If the Governing Council’s updated assessment of the inflation outlook, the dynamics of underlying inflation and the strength of monetary policy transmission were to further increase its confidence that inflation is converging to the target in a sustained manner, it would be appropriate to reduce the current level of monetary policy restriction. In any event, the Governing Council will continue to follow a data-dependent and meeting-by-meeting approach to determining the appropriate level and duration of restriction, and it is not pre-committing to a particular rate path. The interest rate on the main refinancing operations and the interest rates on the marginal lending facility and the deposit facility will remain unchanged at 4.50%, 4.75% and 4.00% respectively. Asset purchase programme (APP) and pandemic emergency purchase programme (PEPP) The APP portfolio is declining at a measured and predictable pace, as the Eurosystem no longer reinvests the principal payments from maturing securities. The Governing Council intends to continue to reinvest, in full, the principal payments from maturing securities purchased under the PEPP during the first half of 2024. Over the second half of the year, it intends to reduce the PEPP portfolio by €7.5 billion per month on average. The Governing Council intends to discontinue reinvestments under the PEPP at the end of 2024. The Governing Council will continue applying flexibility in reinvesting redemptions coming due in the PEPP portfolio, with a view to countering risks to the monetary policy transmission mechanism related to the pandemic. As banks are repaying the amounts borrowed under the targeted longer-term refinancing operations, the Governing Council will regularly assess how targeted lending operations and their ongoing repayment are contributing to its monetary policy stance. The Governing Council stands ready to adjust all of its instruments within its mandate to ensure that inflation returns to its 2% target over the medium term and to preserve the smooth functioning of monetary policy transmission. Moreover, the Transmission Protection Instrument is available to counter unwarranted, disorderly market dynamics that pose a serious threat to the transmission of monetary policy across all euro area countries, thus allowing the Governing Council to more effectively deliver on its price stability mandate. The President of the ECB will comment on the considerations underlying these decisions at a press conference starting at 14:45 CET today. Disclaimer Please note that related topic tags are currently available for selected content only. Directorate General Communications Reproduction is permitted provided that the source is acknowledged."
ECB,2024-06-06,decision,ecb_dec_20240606,270,12:15,14:15,ECB Governing Council,Monetary policy decisions,https://www.ecb.europa.eu/press/pr/date/2024/html/ecb.mp240606~2148ecdb3c.en.html,OK,True,False,False,741,31,"The Governing Council today decided to lower the three key ECB interest rates by 25 basis points. Based on an updated assessment of the inflation outlook, the dynamics of underlying inflation and the strength of monetary policy transmission, it is now appropriate to moderate the degree of monetary policy restriction after nine months of holding rates steady. Since the Governing Council meeting in September 2023, inflation has fallen by more than 2.5 percentage points and the inflation outlook has improved markedly. Underlying inflation has also eased, reinforcing the signs that price pressures have weakened, and inflation expectations have declined at all horizons. Monetary policy has kept financing conditions restrictive. By dampening demand and keeping inflation expectations well anchored, this has made a major contribution to bringing inflation back down. At the same time, despite the progress over recent quarters, domestic price pressures remain strong as wage growth is elevated, and inflation is likely to stay above target well into next year. The latest Eurosystem staff projections for both headline and core inflation have been revised up for 2024 and 2025 compared with the March projections. Staff now see headline inflation averaging 2.5% in 2024, 2.2% in 2025 and 1.9% in 2026. For inflation excluding energy and food, staff project an average of 2.8% in 2024, 2.2% in 2025 and 2.0% in 2026. Economic growth is expected to pick up to 0.9% in 2024, 1.4% in 2025 and 1.6% in 2026. The Governing Council is determined to ensure that inflation returns to its 2% medium-term target in a timely manner. It will keep policy rates sufficiently restrictive for as long as necessary to achieve this aim. The Governing Council will continue to follow a data-dependent and meeting-by-meeting approach to determining the appropriate level and duration of restriction. In particular, its interest rate decisions will be based on its assessment of the inflation outlook in light of the incoming economic and financial data, the dynamics of underlying inflation and the strength of monetary policy transmission. The Governing Council is not pre-committing to a particular rate path. The Governing Council today also confirmed that it will reduce the Eurosystem’s holdings of securities under the pandemic emergency purchase programme (PEPP) by €7.5 billion per month on average over the second half of the year. The modalities for reducing the PEPP holdings will be broadly in line with those followed under the asset purchase programme (APP). The Governing Council decided to lower the three key ECB interest rates by 25 basis points. Accordingly, the interest rate on the main refinancing operations and the interest rates on the marginal lending facility and the deposit facility will be decreased to 4.25%, 4.50% and 3.75% respectively, with effect from 12 June 2024. Asset purchase programme (APP) and pandemic emergency purchase programme (PEPP) The APP portfolio is declining at a measured and predictable pace, as the Eurosystem no longer reinvests the principal payments from maturing securities. The Governing Council will continue to reinvest, in full, the principal payments from maturing securities purchased under the PEPP until the end of June 2024. Over the second half of the year, it will reduce the PEPP portfolio by €7.5 billion per month on average. The Governing Council intends to discontinue reinvestments under the PEPP at the end of 2024. The Governing Council will continue applying flexibility in reinvesting redemptions coming due in the PEPP portfolio, with a view to countering risks to the monetary policy transmission mechanism related to the pandemic. As banks are repaying the amounts borrowed under the targeted longer-term refinancing operations, the Governing Council will regularly assess how targeted lending operations and their ongoing repayment are contributing to its monetary policy stance. The Governing Council stands ready to adjust all of its instruments within its mandate to ensure that inflation returns to its 2% target over the medium term and to preserve the smooth functioning of monetary policy transmission. Moreover, the Transmission Protection Instrument is available to counter unwarranted, disorderly market dynamics that pose a serious threat to the transmission of monetary policy across all euro area countries, thus allowing the Governing Council to more effectively deliver on its price stability mandate. The President of the ECB will comment on the considerations underlying these decisions at a press conference starting at 14:45 CET today. Disclaimer Please note that related topic tags are currently available for selected content only. Directorate General Communications Reproduction is permitted provided that the source is acknowledged.","The Governing Council today decided to lower the three key ECB interest rates by 25 basis points. Based on an updated assessment of the inflation outlook, the dynamics of underlying inflation and the strength of monetary policy transmission, it is now appropriate to moderate the degree of monetary policy restriction after nine months of holding rates steady. Since the Governing Council meeting in September 2023, inflation has fallen by more than 2.5 percentage points and the inflation outlook has improved markedly. Underlying inflation has also eased, reinforcing the signs that price pressures have weakened, and inflation expectations have declined at all horizons. Monetary policy has kept financing conditions restrictive. By dampening demand and keeping inflation expectations well anchored, this has made a major contribution to bringing inflation back down. At the same time, despite the progress over recent quarters, domestic price pressures remain strong as wage growth is elevated, and inflation is likely to stay above target well into next year. The latest Eurosystem staff projections for both headline and core inflation have been revised up for 2024 and 2025 compared with the March projections. Staff now see headline inflation averaging 2.5% in 2024, 2.2% in 2025 and 1.9% in 2026. For inflation excluding energy and food, staff project an average of 2.8% in 2024, 2.2% in 2025 and 2.0% in 2026. Economic growth is expected to pick up to 0.9% in 2024, 1.4% in 2025 and 1.6% in 2026. The Governing Council is determined to ensure that inflation returns to its 2% medium-term target in a timely manner. It will keep policy rates sufficiently restrictive for as long as necessary to achieve this aim. The Governing Council will continue to follow a data-dependent and meeting-by-meeting approach to determining the appropriate level and duration of restriction. In particular, its interest rate decisions will be based on its assessment of the inflation outlook in light of the incoming economic and financial data, the dynamics of underlying inflation and the strength of monetary policy transmission. The Governing Council is not pre-committing to a particular rate path. The Governing Council today also confirmed that it will reduce the Eurosystem’s holdings of securities under the pandemic emergency purchase programme (PEPP) by €7.5 billion per month on average over the second half of the year. The modalities for reducing the PEPP holdings will be broadly in line with those followed under the asset purchase programme (APP). The Governing Council decided to lower the three key ECB interest rates by 25 basis points. Accordingly, the interest rate on the main refinancing operations and the interest rates on the marginal lending facility and the deposit facility will be decreased to 4.25%, 4.50% and 3.75% respectively, with effect from 12 June 2024. Asset purchase programme (APP) and pandemic emergency purchase programme (PEPP) The APP portfolio is declining at a measured and predictable pace, as the Eurosystem no longer reinvests the principal payments from maturing securities. The Governing Council will continue to reinvest, in full, the principal payments from maturing securities purchased under the PEPP until the end of June 2024. Over the second half of the year, it will reduce the PEPP portfolio by €7.5 billion per month on average. The Governing Council intends to discontinue reinvestments under the PEPP at the end of 2024. The Governing Council will continue applying flexibility in reinvesting redemptions coming due in the PEPP portfolio, with a view to countering risks to the monetary policy transmission mechanism related to the pandemic. As banks are repaying the amounts borrowed under the targeted longer-term refinancing operations, the Governing Council will regularly assess how targeted lending operations and their ongoing repayment are contributing to its monetary policy stance. The Governing Council stands ready to adjust all of its instruments within its mandate to ensure that inflation returns to its 2% target over the medium term and to preserve the smooth functioning of monetary policy transmission. Moreover, the Transmission Protection Instrument is available to counter unwarranted, disorderly market dynamics that pose a serious threat to the transmission of monetary policy across all euro area countries, thus allowing the Governing Council to more effectively deliver on its price stability mandate. The President of the ECB will comment on the considerations underlying these decisions at a press conference starting at 14:45 CET today. Disclaimer Please note that related topic tags are currently available for selected content only. Directorate General Communications Reproduction is permitted provided that the source is acknowledged."
ECB,2024-07-18,decision,ecb_dec_20240718,271,12:15,14:15,ECB Governing Council,Monetary policy decisions,https://www.ecb.europa.eu/press/pr/date/2024/html/ecb.mp240718~b9e0ddd9d5.en.html,OK,True,False,False,508,22,"The Governing Council today decided to keep the three key ECB interest rates unchanged. The incoming information broadly supports the Governing Council’s previous assessment of the medium-term inflation outlook. While some measures of underlying inflation ticked up in May owing to one-off factors, most measures were either stable or edged down in June. In line with expectations, the inflationary impact of high wage growth has been buffered by profits. Monetary policy is keeping financing conditions restrictive. At the same time, domestic price pressures are still high, services inflation is elevated and headline inflation is likely to remain above the target well into next year. The Governing Council is determined to ensure that inflation returns to its 2% medium-term target in a timely manner. It will keep policy rates sufficiently restrictive for as long as necessary to achieve this aim. The Governing Council will continue to follow a data-dependent and meeting-by-meeting approach to determining the appropriate level and duration of restriction. In particular, its interest rate decisions will be based on its assessment of the inflation outlook in light of the incoming economic and financial data, the dynamics of underlying inflation and the strength of monetary policy transmission. The Governing Council is not pre-committing to a particular rate path. The interest rate on the main refinancing operations and the interest rates on the marginal lending facility and the deposit facility will remain unchanged at 4.25%, 4.50% and 3.75% respectively. Asset purchase programme (APP) and pandemic emergency purchase programme (PEPP) The APP portfolio is declining at a measured and predictable pace, as the Eurosystem no longer reinvests the principal payments from maturing securities. The Eurosystem no longer reinvests all of the principal payments from maturing securities purchased under the PEPP, reducing the PEPP portfolio by €7.5 billion per month on average. The Governing Council intends to discontinue reinvestments under the PEPP at the end of 2024. The Governing Council will continue applying flexibility in reinvesting redemptions coming due in the PEPP portfolio, with a view to countering risks to the monetary policy transmission mechanism related to the pandemic. As banks are repaying the amounts borrowed under the targeted longer-term refinancing operations, the Governing Council will regularly assess how targeted lending operations and their ongoing repayment are contributing to its monetary policy stance. The Governing Council stands ready to adjust all of its instruments within its mandate to ensure that inflation returns to its 2% target over the medium term and to preserve the smooth functioning of monetary policy transmission. Moreover, the Transmission Protection Instrument is available to counter unwarranted, disorderly market dynamics that pose a serious threat to the transmission of monetary policy across all euro area countries, thus allowing the Governing Council to more effectively deliver on its price stability mandate. The President of the ECB will comment on the considerations underlying these decisions at a press conference starting at 14:45 CET today. Disclaimer Please note that related topic tags are currently available for selected content only. Directorate General Communications Reproduction is permitted provided that the source is acknowledged.","The Governing Council today decided to keep the three key ECB interest rates unchanged. The incoming information broadly supports the Governing Council’s previous assessment of the medium-term inflation outlook. While some measures of underlying inflation ticked up in May owing to one-off factors, most measures were either stable or edged down in June. In line with expectations, the inflationary impact of high wage growth has been buffered by profits. Monetary policy is keeping financing conditions restrictive. At the same time, domestic price pressures are still high, services inflation is elevated and headline inflation is likely to remain above the target well into next year. The Governing Council is determined to ensure that inflation returns to its 2% medium-term target in a timely manner. It will keep policy rates sufficiently restrictive for as long as necessary to achieve this aim. The Governing Council will continue to follow a data-dependent and meeting-by-meeting approach to determining the appropriate level and duration of restriction. In particular, its interest rate decisions will be based on its assessment of the inflation outlook in light of the incoming economic and financial data, the dynamics of underlying inflation and the strength of monetary policy transmission. The Governing Council is not pre-committing to a particular rate path. The interest rate on the main refinancing operations and the interest rates on the marginal lending facility and the deposit facility will remain unchanged at 4.25%, 4.50% and 3.75% respectively. Asset purchase programme (APP) and pandemic emergency purchase programme (PEPP) The APP portfolio is declining at a measured and predictable pace, as the Eurosystem no longer reinvests the principal payments from maturing securities. The Eurosystem no longer reinvests all of the principal payments from maturing securities purchased under the PEPP, reducing the PEPP portfolio by €7.5 billion per month on average. The Governing Council intends to discontinue reinvestments under the PEPP at the end of 2024. The Governing Council will continue applying flexibility in reinvesting redemptions coming due in the PEPP portfolio, with a view to countering risks to the monetary policy transmission mechanism related to the pandemic. As banks are repaying the amounts borrowed under the targeted longer-term refinancing operations, the Governing Council will regularly assess how targeted lending operations and their ongoing repayment are contributing to its monetary policy stance. The Governing Council stands ready to adjust all of its instruments within its mandate to ensure that inflation returns to its 2% target over the medium term and to preserve the smooth functioning of monetary policy transmission. Moreover, the Transmission Protection Instrument is available to counter unwarranted, disorderly market dynamics that pose a serious threat to the transmission of monetary policy across all euro area countries, thus allowing the Governing Council to more effectively deliver on its price stability mandate. The President of the ECB will comment on the considerations underlying these decisions at a press conference starting at 14:45 CET today. Disclaimer Please note that related topic tags are currently available for selected content only. Directorate General Communications Reproduction is permitted provided that the source is acknowledged."
ECB,2024-09-12,decision,ecb_dec_20240912,272,12:15,14:15,ECB Governing Council,Monetary policy decisions,https://www.ecb.europa.eu/press/pr/date/2024/html/ecb.mp240912~67cb23badb.en.html,OK,True,False,False,866,38,"The Governing Council today decided to lower the deposit facility rate – the rate through which it steers the monetary policy stance – by 25 basis points. Based on the Governing Council’s updated assessment of the inflation outlook, the dynamics of underlying inflation and the strength of monetary policy transmission, it is now appropriate to take another step in moderating the degree of monetary policy restriction. Recent inflation data have come in broadly as expected, and the latest ECB staff projections confirm the previous inflation outlook. Staff see headline inflation averaging 2.5% in 2024, 2.2% in 2025 and 1.9% in 2026, as in the June projections. Inflation is expected to rise again in the latter part of this year, partly because previous sharp falls in energy prices will drop out of the annual rates. Inflation should then decline towards our target over the second half of next year. For core inflation, the projections for 2024 and 2025 have been revised up slightly, as services inflation has been higher than expected. At the same time, staff continue to expect a rapid decline in core inflation, from 2.9% this year to 2.3% in 2025 and 2.0% in 2026. Domestic inflation remains high as wages are still rising at an elevated pace. However, labour cost pressures are moderating, and profits are partially buffering the impact of higher wages on inflation. Financing conditions remain restrictive, and economic activity is still subdued, reflecting weak private consumption and investment. Staff project that the economy will grow by 0.8% in 2024, rising to 1.3% in 2025 and 1.5% in 2026. This is a slight downward revision compared with the June projections, mainly owing to a weaker contribution from domestic demand over the next few quarters. The Governing Council is determined to ensure that inflation returns to its 2% medium-term target in a timely manner. It will keep policy rates sufficiently restrictive for as long as necessary to achieve this aim. The Governing Council will continue to follow a data-dependent and meeting-by-meeting approach to determining the appropriate level and duration of restriction. In particular, its interest rate decisions will be based on its assessment of the inflation outlook in light of the incoming economic and financial data, the dynamics of underlying inflation and the strength of monetary policy transmission. The Governing Council is not pre-committing to a particular rate path. As announced on 13 March 2024, some changes to the operational framework for implementing monetary policy will take effect from 18 September. In particular, the spread between the interest rate on the main refinancing operations and the deposit facility rate will be set at 15 basis points. The spread between the rate on the marginal lending facility and the rate on the main refinancing operations will remain unchanged at 25 basis points. The Governing Council decided to lower the deposit facility rate by 25 basis points. The deposit facility rate is the rate through which the Governing Council steers the monetary policy stance. In addition, as announced on 13 March 2024 following the operational framework review, the spread between the interest rate on the main refinancing operations and the deposit facility rate will be set at 15 basis points. The spread between the rate on the marginal lending facility and the rate on the main refinancing operations will remain unchanged at 25 basis points. Accordingly, the deposit facility rate will be decreased to 3.50%. The interest rates on the main refinancing operations and the marginal lending facility will be decreased to 3.65% and 3.90% respectively. The changes will take effect from 18 September 2024. Asset purchase programme (APP) and pandemic emergency purchase programme (PEPP) The APP portfolio is declining at a measured and predictable pace, as the Eurosystem no longer reinvests the principal payments from maturing securities. The Eurosystem no longer reinvests all of the principal payments from maturing securities purchased under the PEPP, reducing the PEPP portfolio by €7.5 billion per month on average. The Governing Council intends to discontinue reinvestments under the PEPP at the end of 2024. The Governing Council will continue applying flexibility in reinvesting redemptions coming due in the PEPP portfolio, with a view to countering risks to the monetary policy transmission mechanism related to the pandemic. As banks are repaying the amounts borrowed under the targeted longer-term refinancing operations, the Governing Council will regularly assess how targeted lending operations and their ongoing repayment are contributing to its monetary policy stance. The Governing Council stands ready to adjust all of its instruments within its mandate to ensure that inflation returns to its 2% target over the medium term and to preserve the smooth functioning of monetary policy transmission. Moreover, the Transmission Protection Instrument is available to counter unwarranted, disorderly market dynamics that pose a serious threat to the transmission of monetary policy across all euro area countries, thus allowing the Governing Council to more effectively deliver on its price stability mandate. The President of the ECB will comment on the considerations underlying these decisions at a press conference starting at 14:45 CET today. Disclaimer Please note that related topic tags are currently available for selected content only. Directorate General Communications Reproduction is permitted provided that the source is acknowledged.","The Governing Council today decided to lower the deposit facility rate – the rate through which it steers the monetary policy stance – by 25 basis points. Based on the Governing Council’s updated assessment of the inflation outlook, the dynamics of underlying inflation and the strength of monetary policy transmission, it is now appropriate to take another step in moderating the degree of monetary policy restriction. Recent inflation data have come in broadly as expected, and the latest ECB staff projections confirm the previous inflation outlook. Staff see headline inflation averaging 2.5% in 2024, 2.2% in 2025 and 1.9% in 2026, as in the June projections. Inflation is expected to rise again in the latter part of this year, partly because previous sharp falls in energy prices will drop out of the annual rates. Inflation should then decline towards our target over the second half of next year. For core inflation, the projections for 2024 and 2025 have been revised up slightly, as services inflation has been higher than expected. At the same time, staff continue to expect a rapid decline in core inflation, from 2.9% this year to 2.3% in 2025 and 2.0% in 2026. Domestic inflation remains high as wages are still rising at an elevated pace. However, labour cost pressures are moderating, and profits are partially buffering the impact of higher wages on inflation. Financing conditions remain restrictive, and economic activity is still subdued, reflecting weak private consumption and investment. Staff project that the economy will grow by 0.8% in 2024, rising to 1.3% in 2025 and 1.5% in 2026. This is a slight downward revision compared with the June projections, mainly owing to a weaker contribution from domestic demand over the next few quarters. The Governing Council is determined to ensure that inflation returns to its 2% medium-term target in a timely manner. It will keep policy rates sufficiently restrictive for as long as necessary to achieve this aim. The Governing Council will continue to follow a data-dependent and meeting-by-meeting approach to determining the appropriate level and duration of restriction. In particular, its interest rate decisions will be based on its assessment of the inflation outlook in light of the incoming economic and financial data, the dynamics of underlying inflation and the strength of monetary policy transmission. The Governing Council is not pre-committing to a particular rate path. As announced on 13 March 2024, some changes to the operational framework for implementing monetary policy will take effect from 18 September. In particular, the spread between the interest rate on the main refinancing operations and the deposit facility rate will be set at 15 basis points. The spread between the rate on the marginal lending facility and the rate on the main refinancing operations will remain unchanged at 25 basis points. The Governing Council decided to lower the deposit facility rate by 25 basis points. The deposit facility rate is the rate through which the Governing Council steers the monetary policy stance. In addition, as announced on 13 March 2024 following the operational framework review, the spread between the interest rate on the main refinancing operations and the deposit facility rate will be set at 15 basis points. The spread between the rate on the marginal lending facility and the rate on the main refinancing operations will remain unchanged at 25 basis points. Accordingly, the deposit facility rate will be decreased to 3.50%. The interest rates on the main refinancing operations and the marginal lending facility will be decreased to 3.65% and 3.90% respectively. The changes will take effect from 18 September 2024. Asset purchase programme (APP) and pandemic emergency purchase programme (PEPP) The APP portfolio is declining at a measured and predictable pace, as the Eurosystem no longer reinvests the principal payments from maturing securities. The Eurosystem no longer reinvests all of the principal payments from maturing securities purchased under the PEPP, reducing the PEPP portfolio by €7.5 billion per month on average. The Governing Council intends to discontinue reinvestments under the PEPP at the end of 2024. The Governing Council will continue applying flexibility in reinvesting redemptions coming due in the PEPP portfolio, with a view to countering risks to the monetary policy transmission mechanism related to the pandemic. As banks are repaying the amounts borrowed under the targeted longer-term refinancing operations, the Governing Council will regularly assess how targeted lending operations and their ongoing repayment are contributing to its monetary policy stance. The Governing Council stands ready to adjust all of its instruments within its mandate to ensure that inflation returns to its 2% target over the medium term and to preserve the smooth functioning of monetary policy transmission. Moreover, the Transmission Protection Instrument is available to counter unwarranted, disorderly market dynamics that pose a serious threat to the transmission of monetary policy across all euro area countries, thus allowing the Governing Council to more effectively deliver on its price stability mandate. The President of the ECB will comment on the considerations underlying these decisions at a press conference starting at 14:45 CET today. Disclaimer Please note that related topic tags are currently available for selected content only. Directorate General Communications Reproduction is permitted provided that the source is acknowledged."
ECB,2024-10-17,decision,ecb_dec_20241017,273,12:15,14:15,ECB Governing Council,Monetary policy decisions,https://www.ecb.europa.eu/press/pr/date/2024/html/ecb.mp241017~aa366eaf20.en.html,OK,True,False,False,573,25,"The Governing Council today decided to lower the three key ECB interest rates by 25 basis points. In particular, the decision to lower the deposit facility rate – the rate through which the Governing Council steers the monetary policy stance – is based on its updated assessment of the inflation outlook, the dynamics of underlying inflation and the strength of monetary policy transmission. The incoming information on inflation shows that the disinflationary process is well on track. The inflation outlook is also affected by recent downside surprises in indicators of economic activity. Meanwhile, financing conditions remain restrictive. Inflation is expected to rise in the coming months, before declining to target in the course of next year. Domestic inflation remains high, as wages are still rising at an elevated pace. At the same time, labour cost pressures are set to continue easing gradually, with profits partially buffering their impact on inflation. The Governing Council is determined to ensure that inflation returns to its 2% medium-term target in a timely manner. It will keep policy rates sufficiently restrictive for as long as necessary to achieve this aim. The Governing Council will continue to follow a data-dependent and meeting-by-meeting approach to determining the appropriate level and duration of restriction. In particular, its interest rate decisions will be based on its assessment of the inflation outlook in light of the incoming economic and financial data, the dynamics of underlying inflation and the strength of monetary policy transmission. The Governing Council is not pre-committing to a particular rate path. The Governing Council today decided to lower the three key ECB interest rates by 25 basis points. Accordingly, the interest rates on the deposit facility, the main refinancing operations and the marginal lending facility will be decreased to 3.25%, 3.40% and 3.65% respectively, with effect from 23 October 2024. Asset purchase programme (APP) and pandemic emergency purchase programme (PEPP) The APP portfolio is declining at a measured and predictable pace, as the Eurosystem no longer reinvests the principal payments from maturing securities. The Eurosystem no longer reinvests all of the principal payments from maturing securities purchased under the PEPP, reducing the PEPP portfolio by €7.5 billion per month on average. The Governing Council intends to discontinue reinvestments under the PEPP at the end of 2024. The Governing Council will continue applying flexibility in reinvesting redemptions coming due in the PEPP portfolio, with a view to countering risks to the monetary policy transmission mechanism related to the pandemic. As banks are repaying the amounts borrowed under the targeted longer-term refinancing operations, the Governing Council will regularly assess how targeted lending operations and their ongoing repayment are contributing to its monetary policy stance. The Governing Council stands ready to adjust all of its instruments within its mandate to ensure that inflation returns to its 2% target over the medium term and to preserve the smooth functioning of monetary policy transmission. Moreover, the Transmission Protection Instrument is available to counter unwarranted, disorderly market dynamics that pose a serious threat to the transmission of monetary policy across all euro area countries, thus allowing the Governing Council to more effectively deliver on its price stability mandate. The President of the ECB will comment on the considerations underlying these decisions at a press conference starting at 14:45 CET today. Disclaimer Please note that related topic tags are currently available for selected content only. Directorate General Communications Reproduction is permitted provided that the source is acknowledged.","The Governing Council today decided to lower the three key ECB interest rates by 25 basis points. In particular, the decision to lower the deposit facility rate – the rate through which the Governing Council steers the monetary policy stance – is based on its updated assessment of the inflation outlook, the dynamics of underlying inflation and the strength of monetary policy transmission. The incoming information on inflation shows that the disinflationary process is well on track. The inflation outlook is also affected by recent downside surprises in indicators of economic activity. Meanwhile, financing conditions remain restrictive. Inflation is expected to rise in the coming months, before declining to target in the course of next year. Domestic inflation remains high, as wages are still rising at an elevated pace. At the same time, labour cost pressures are set to continue easing gradually, with profits partially buffering their impact on inflation. The Governing Council is determined to ensure that inflation returns to its 2% medium-term target in a timely manner. It will keep policy rates sufficiently restrictive for as long as necessary to achieve this aim. The Governing Council will continue to follow a data-dependent and meeting-by-meeting approach to determining the appropriate level and duration of restriction. In particular, its interest rate decisions will be based on its assessment of the inflation outlook in light of the incoming economic and financial data, the dynamics of underlying inflation and the strength of monetary policy transmission. The Governing Council is not pre-committing to a particular rate path. The Governing Council today decided to lower the three key ECB interest rates by 25 basis points. Accordingly, the interest rates on the deposit facility, the main refinancing operations and the marginal lending facility will be decreased to 3.25%, 3.40% and 3.65% respectively, with effect from 23 October 2024. Asset purchase programme (APP) and pandemic emergency purchase programme (PEPP) The APP portfolio is declining at a measured and predictable pace, as the Eurosystem no longer reinvests the principal payments from maturing securities. The Eurosystem no longer reinvests all of the principal payments from maturing securities purchased under the PEPP, reducing the PEPP portfolio by €7.5 billion per month on average. The Governing Council intends to discontinue reinvestments under the PEPP at the end of 2024. The Governing Council will continue applying flexibility in reinvesting redemptions coming due in the PEPP portfolio, with a view to countering risks to the monetary policy transmission mechanism related to the pandemic. As banks are repaying the amounts borrowed under the targeted longer-term refinancing operations, the Governing Council will regularly assess how targeted lending operations and their ongoing repayment are contributing to its monetary policy stance. The Governing Council stands ready to adjust all of its instruments within its mandate to ensure that inflation returns to its 2% target over the medium term and to preserve the smooth functioning of monetary policy transmission. Moreover, the Transmission Protection Instrument is available to counter unwarranted, disorderly market dynamics that pose a serious threat to the transmission of monetary policy across all euro area countries, thus allowing the Governing Council to more effectively deliver on its price stability mandate. The President of the ECB will comment on the considerations underlying these decisions at a press conference starting at 14:45 CET today. Disclaimer Please note that related topic tags are currently available for selected content only. Directorate General Communications Reproduction is permitted provided that the source is acknowledged."
ECB,2024-12-12,decision,ecb_dec_20241212,274,13:15,14:15,ECB Governing Council,Monetary policy decisions,https://www.ecb.europa.eu/press/pr/date/2024/html/ecb.mp241212~2acab6e51e.en.html,OK,True,False,False,668,29,"The Governing Council today decided to lower the three key ECB interest rates by 25 basis points. In particular, the decision to lower the deposit facility rate – the rate through which the Governing Council steers the monetary policy stance – is based on its updated assessment of the inflation outlook, the dynamics of underlying inflation and the strength of monetary policy transmission. The disinflation process is well on track. Staff see headline inflation averaging 2.4% in 2024, 2.1% in 2025, 1.9% in 2026 and 2.1% in 2027 when the expanded EU Emissions Trading System becomes operational. For inflation excluding energy and food, staff project an average of 2.9% in 2024, 2.3% in 2025 and 1.9% in both 2026 and 2027. Most measures of underlying inflation suggest that inflation will settle at around the Governing Council’s 2% medium-term target on a sustained basis. Domestic inflation has edged down but remains high, mostly because wages and prices in certain sectors are still adjusting to the past inflation surge with a substantial delay. Financing conditions are easing, as the Governing Council’s recent interest rate cuts gradually make new borrowing less expensive for firms and households. But they continue to be tight because monetary policy remains restrictive and past interest rate hikes are still transmitting to the outstanding stock of credit. Staff now expect a slower economic recovery than in the September projections. Although growth picked up in the third quarter of this year, survey indicators suggest it has slowed in the current quarter. Staff see the economy growing by 0.7% in 2024, 1.1% in 2025, 1.4% in 2026 and 1.3% in 2027. The projected recovery rests mainly on rising real incomes – which should allow households to consume more – and firms increasing investment. Over time, the gradually fading effects of restrictive monetary policy should support a pick-up in domestic demand. The Governing Council is determined to ensure that inflation stabilises sustainably at its 2% medium-term target. It will follow a data-dependent and meeting-by-meeting approach to determining the appropriate monetary policy stance. In particular, the Governing Council’s interest rate decisions will be based on its assessment of the inflation outlook in light of the incoming economic and financial data, the dynamics of underlying inflation and the strength of monetary policy transmission. The Governing Council is not pre-committing to a particular rate path. The Governing Council today decided to lower the three key ECB interest rates by 25 basis points. Accordingly, the interest rates on the deposit facility, the main refinancing operations and the marginal lending facility will be decreased to 3.00%, 3.15% and 3.40% respectively, with effect from 18 December 2024. Asset purchase programme (APP) and pandemic emergency purchase programme (PEPP) The APP portfolio is declining at a measured and predictable pace, as the Eurosystem no longer reinvests the principal payments from maturing securities. The Eurosystem no longer reinvests all of the principal payments from maturing securities purchased under the PEPP, reducing the PEPP portfolio by €7.5 billion per month on average. The Governing Council will discontinue reinvestments under the PEPP at the end of 2024. Banks will repay the remaining amounts borrowed under the targeted longer-term refinancing operations this month, which concludes this part of the balance sheet normalisation process. The Governing Council stands ready to adjust all of its instruments within its mandate to ensure that inflation stabilises sustainably at its 2% target over the medium term and to preserve the smooth functioning of monetary policy transmission. Moreover, the Transmission Protection Instrument is available to counter unwarranted, disorderly market dynamics that pose a serious threat to the transmission of monetary policy across all euro area countries, thus allowing the Governing Council to more effectively deliver on its price stability mandate. The President of the ECB will comment on the considerations underlying these decisions at a press conference starting at 14:45 CET today. Disclaimer Please note that related topic tags are currently available for selected content only. Directorate General Communications Reproduction is permitted provided that the source is acknowledged.","The Governing Council today decided to lower the three key ECB interest rates by 25 basis points. In particular, the decision to lower the deposit facility rate – the rate through which the Governing Council steers the monetary policy stance – is based on its updated assessment of the inflation outlook, the dynamics of underlying inflation and the strength of monetary policy transmission. The disinflation process is well on track. Staff see headline inflation averaging 2.4% in 2024, 2.1% in 2025, 1.9% in 2026 and 2.1% in 2027 when the expanded EU Emissions Trading System becomes operational. For inflation excluding energy and food, staff project an average of 2.9% in 2024, 2.3% in 2025 and 1.9% in both 2026 and 2027. Most measures of underlying inflation suggest that inflation will settle at around the Governing Council’s 2% medium-term target on a sustained basis. Domestic inflation has edged down but remains high, mostly because wages and prices in certain sectors are still adjusting to the past inflation surge with a substantial delay. Financing conditions are easing, as the Governing Council’s recent interest rate cuts gradually make new borrowing less expensive for firms and households. But they continue to be tight because monetary policy remains restrictive and past interest rate hikes are still transmitting to the outstanding stock of credit. Staff now expect a slower economic recovery than in the September projections. Although growth picked up in the third quarter of this year, survey indicators suggest it has slowed in the current quarter. Staff see the economy growing by 0.7% in 2024, 1.1% in 2025, 1.4% in 2026 and 1.3% in 2027. The projected recovery rests mainly on rising real incomes – which should allow households to consume more – and firms increasing investment. Over time, the gradually fading effects of restrictive monetary policy should support a pick-up in domestic demand. The Governing Council is determined to ensure that inflation stabilises sustainably at its 2% medium-term target. It will follow a data-dependent and meeting-by-meeting approach to determining the appropriate monetary policy stance. In particular, the Governing Council’s interest rate decisions will be based on its assessment of the inflation outlook in light of the incoming economic and financial data, the dynamics of underlying inflation and the strength of monetary policy transmission. The Governing Council is not pre-committing to a particular rate path. The Governing Council today decided to lower the three key ECB interest rates by 25 basis points. Accordingly, the interest rates on the deposit facility, the main refinancing operations and the marginal lending facility will be decreased to 3.00%, 3.15% and 3.40% respectively, with effect from 18 December 2024. Asset purchase programme (APP) and pandemic emergency purchase programme (PEPP) The APP portfolio is declining at a measured and predictable pace, as the Eurosystem no longer reinvests the principal payments from maturing securities. The Eurosystem no longer reinvests all of the principal payments from maturing securities purchased under the PEPP, reducing the PEPP portfolio by €7.5 billion per month on average. The Governing Council will discontinue reinvestments under the PEPP at the end of 2024. Banks will repay the remaining amounts borrowed under the targeted longer-term refinancing operations this month, which concludes this part of the balance sheet normalisation process. The Governing Council stands ready to adjust all of its instruments within its mandate to ensure that inflation stabilises sustainably at its 2% target over the medium term and to preserve the smooth functioning of monetary policy transmission. Moreover, the Transmission Protection Instrument is available to counter unwarranted, disorderly market dynamics that pose a serious threat to the transmission of monetary policy across all euro area countries, thus allowing the Governing Council to more effectively deliver on its price stability mandate. The President of the ECB will comment on the considerations underlying these decisions at a press conference starting at 14:45 CET today. Disclaimer Please note that related topic tags are currently available for selected content only. Directorate General Communications Reproduction is permitted provided that the source is acknowledged."
ECB,2025-01-30,decision,ecb_dec_20250130,275,13:15,14:15,ECB Governing Council,Monetary policy decisions,https://www.ecb.europa.eu/press/pr/date/2025/html/ecb.mp250130~530b29e622.en.html,OK,True,False,False,562,23,"The Governing Council today decided to lower the three key ECB interest rates by 25 basis points. In particular, the decision to lower the deposit facility rate – the rate through which the Governing Council steers the monetary policy stance – is based on its updated assessment of the inflation outlook, the dynamics of underlying inflation and the strength of monetary policy transmission. The disinflation process is well on track. Inflation has continued to develop broadly in line with the staff projections and is set to return to the Governing Council’s 2% medium-term target in the course of this year. Most measures of underlying inflation suggest that inflation will settle at around the target on a sustained basis. Domestic inflation remains high, mostly because wages and prices in certain sectors are still adjusting to the past inflation surge with a substantial delay. But wage growth is moderating as expected, and profits are partially buffering the impact on inflation. The Governing Council’s recent interest rate cuts are gradually making new borrowing less expensive for firms and households. At the same time, financing conditions continue to be tight, also because monetary policy remains restrictive and past interest rate hikes are still transmitting to the stock of credit, with some maturing loans being rolled over at higher rates. The economy is still facing headwinds but rising real incomes and the gradually fading effects of restrictive monetary policy should support a pick-up in demand over time. The Governing Council is determined to ensure that inflation stabilises sustainably at its 2% medium-term target. It will follow a data-dependent and meeting-by-meeting approach to determining the appropriate monetary policy stance. In particular, the Governing Council’s interest rate decisions will be based on its assessment of the inflation outlook in light of the incoming economic and financial data, the dynamics of underlying inflation and the strength of monetary policy transmission. The Governing Council is not pre-committing to a particular rate path. The Governing Council today decided to lower the three key ECB interest rates by 25 basis points. Accordingly, the interest rates on the deposit facility, the main refinancing operations and the marginal lending facility will be decreased to 2.75%, 2.90% and 3.15% respectively, with effect from 5 February 2025. Asset purchase programme (APP) and pandemic emergency purchase programme (PEPP) The APP and PEPP portfolios are declining at a measured and predictable pace, as the Eurosystem no longer reinvests the principal payments from maturing securities. On 18 December 2024 banks repaid the remaining amounts borrowed under the targeted longer-term refinancing operations, thus concluding this part of the balance sheet normalisation process. The Governing Council stands ready to adjust all of its instruments within its mandate to ensure that inflation stabilises sustainably at its 2% target over the medium term and to preserve the smooth functioning of monetary policy transmission. Moreover, the Transmission Protection Instrument is available to counter unwarranted, disorderly market dynamics that pose a serious threat to the transmission of monetary policy across all euro area countries, thus allowing the Governing Council to more effectively deliver on its price stability mandate. The President of the ECB will comment on the considerations underlying these decisions at a press conference starting at 14:45 CET today. Disclaimer Please note that related topic tags are currently available for selected content only. Directorate General Communications Reproduction is permitted provided that the source is acknowledged.","The Governing Council today decided to lower the three key ECB interest rates by 25 basis points. In particular, the decision to lower the deposit facility rate – the rate through which the Governing Council steers the monetary policy stance – is based on its updated assessment of the inflation outlook, the dynamics of underlying inflation and the strength of monetary policy transmission. The disinflation process is well on track. Inflation has continued to develop broadly in line with the staff projections and is set to return to the Governing Council’s 2% medium-term target in the course of this year. Most measures of underlying inflation suggest that inflation will settle at around the target on a sustained basis. Domestic inflation remains high, mostly because wages and prices in certain sectors are still adjusting to the past inflation surge with a substantial delay. But wage growth is moderating as expected, and profits are partially buffering the impact on inflation. The Governing Council’s recent interest rate cuts are gradually making new borrowing less expensive for firms and households. At the same time, financing conditions continue to be tight, also because monetary policy remains restrictive and past interest rate hikes are still transmitting to the stock of credit, with some maturing loans being rolled over at higher rates. The economy is still facing headwinds but rising real incomes and the gradually fading effects of restrictive monetary policy should support a pick-up in demand over time. The Governing Council is determined to ensure that inflation stabilises sustainably at its 2% medium-term target. It will follow a data-dependent and meeting-by-meeting approach to determining the appropriate monetary policy stance. In particular, the Governing Council’s interest rate decisions will be based on its assessment of the inflation outlook in light of the incoming economic and financial data, the dynamics of underlying inflation and the strength of monetary policy transmission. The Governing Council is not pre-committing to a particular rate path. The Governing Council today decided to lower the three key ECB interest rates by 25 basis points. Accordingly, the interest rates on the deposit facility, the main refinancing operations and the marginal lending facility will be decreased to 2.75%, 2.90% and 3.15% respectively, with effect from 5 February 2025. Asset purchase programme (APP) and pandemic emergency purchase programme (PEPP) The APP and PEPP portfolios are declining at a measured and predictable pace, as the Eurosystem no longer reinvests the principal payments from maturing securities. On 18 December 2024 banks repaid the remaining amounts borrowed under the targeted longer-term refinancing operations, thus concluding this part of the balance sheet normalisation process. The Governing Council stands ready to adjust all of its instruments within its mandate to ensure that inflation stabilises sustainably at its 2% target over the medium term and to preserve the smooth functioning of monetary policy transmission. Moreover, the Transmission Protection Instrument is available to counter unwarranted, disorderly market dynamics that pose a serious threat to the transmission of monetary policy across all euro area countries, thus allowing the Governing Council to more effectively deliver on its price stability mandate. The President of the ECB will comment on the considerations underlying these decisions at a press conference starting at 14:45 CET today. Disclaimer Please note that related topic tags are currently available for selected content only. Directorate General Communications Reproduction is permitted provided that the source is acknowledged."
ECB,2025-03-06,decision,ecb_dec_20250306,276,12:15,14:15,ECB Governing Council,Monetary policy decisions,https://www.ecb.europa.eu/press/pr/date/2025/html/ecb.mp250306~d4340800b3.en.html,OK,True,False,False,640,27,"The Governing Council today decided to lower the three key ECB interest rates by 25 basis points. In particular, the decision to lower the deposit facility rate – the rate through which the Governing Council steers the monetary policy stance – is based on its updated assessment of the inflation outlook, the dynamics of underlying inflation and the strength of monetary policy transmission. The disinflation process is well on track. Inflation has continued to develop broadly as staff expected, and the latest projections closely align with the previous inflation outlook. Staff now see headline inflation averaging 2.3% in 2025, 1.9% in 2026 and 2.0% in 2027. The upward revision in headline inflation for 2025 reflects stronger energy price dynamics. For inflation excluding energy and food, staff project an average of 2.2% in 2025, 2.0% in 2026 and 1.9% in 2027. Most measures of underlying inflation suggest that inflation will settle at around the Governing Council’s 2% medium-term target on a sustained basis. Domestic inflation remains high, mostly because wages and prices in certain sectors are still adjusting to the past inflation surge with a substantial delay. But wage growth is moderating as expected, and profits are partially buffering the impact on inflation. Monetary policy is becoming meaningfully less restrictive, as the interest rate cuts are making new borrowing less expensive for firms and households and loan growth is picking up. At the same time, a headwind to the easing of financing conditions comes from past interest rate hikes still transmitting to the stock of credit, and lending remains subdued overall. The economy faces continued challenges and staff have again marked down their growth projections – to 0.9% for 2025, 1.2% for 2026 and 1.3% for 2027. The downward revisions for 2025 and 2026 reflect lower exports and ongoing weakness in investment, in part originating from high trade policy uncertainty as well as broader policy uncertainty. Rising real incomes and the gradually fading effects of past rate hikes remain the key drivers underpinning the expected pick-up in demand over time. The Governing Council is determined to ensure that inflation stabilises sustainably at its 2% medium-term target. Especially in current conditions of rising uncertainty, it will follow a data-dependent and meeting-by-meeting approach to determining the appropriate monetary policy stance. In particular, the Governing Council’s interest rate decisions will be based on its assessment of the inflation outlook in light of the incoming economic and financial data, the dynamics of underlying inflation and the strength of monetary policy transmission. The Governing Council is not pre-committing to a particular rate path. The Governing Council today decided to lower the three key ECB interest rates by 25 basis points. Accordingly, the interest rates on the deposit facility, the main refinancing operations and the marginal lending facility will be decreased to 2.50%, 2.65% and 2.90% respectively, with effect from 12 March 2025. Asset purchase programme (APP) and pandemic emergency purchase programme (PEPP) The APP and PEPP portfolios are declining at a measured and predictable pace, as the Eurosystem no longer reinvests the principal payments from maturing securities. The Governing Council stands ready to adjust all of its instruments within its mandate to ensure that inflation stabilises sustainably at its 2% target over the medium term and to preserve the smooth functioning of monetary policy transmission. Moreover, the Transmission Protection Instrument is available to counter unwarranted, disorderly market dynamics that pose a serious threat to the transmission of monetary policy across all euro area countries, thus allowing the Governing Council to more effectively deliver on its price stability mandate. The President of the ECB will comment on the considerations underlying these decisions at a press conference starting at 14:45 CET today. Disclaimer Please note that related topic tags are currently available for selected content only. Directorate General Communications Reproduction is permitted provided that the source is acknowledged.","The Governing Council today decided to lower the three key ECB interest rates by 25 basis points. In particular, the decision to lower the deposit facility rate – the rate through which the Governing Council steers the monetary policy stance – is based on its updated assessment of the inflation outlook, the dynamics of underlying inflation and the strength of monetary policy transmission. The disinflation process is well on track. Inflation has continued to develop broadly as staff expected, and the latest projections closely align with the previous inflation outlook. Staff now see headline inflation averaging 2.3% in 2025, 1.9% in 2026 and 2.0% in 2027. The upward revision in headline inflation for 2025 reflects stronger energy price dynamics. For inflation excluding energy and food, staff project an average of 2.2% in 2025, 2.0% in 2026 and 1.9% in 2027. Most measures of underlying inflation suggest that inflation will settle at around the Governing Council’s 2% medium-term target on a sustained basis. Domestic inflation remains high, mostly because wages and prices in certain sectors are still adjusting to the past inflation surge with a substantial delay. But wage growth is moderating as expected, and profits are partially buffering the impact on inflation. Monetary policy is becoming meaningfully less restrictive, as the interest rate cuts are making new borrowing less expensive for firms and households and loan growth is picking up. At the same time, a headwind to the easing of financing conditions comes from past interest rate hikes still transmitting to the stock of credit, and lending remains subdued overall. The economy faces continued challenges and staff have again marked down their growth projections – to 0.9% for 2025, 1.2% for 2026 and 1.3% for 2027. The downward revisions for 2025 and 2026 reflect lower exports and ongoing weakness in investment, in part originating from high trade policy uncertainty as well as broader policy uncertainty. Rising real incomes and the gradually fading effects of past rate hikes remain the key drivers underpinning the expected pick-up in demand over time. The Governing Council is determined to ensure that inflation stabilises sustainably at its 2% medium-term target. Especially in current conditions of rising uncertainty, it will follow a data-dependent and meeting-by-meeting approach to determining the appropriate monetary policy stance. In particular, the Governing Council’s interest rate decisions will be based on its assessment of the inflation outlook in light of the incoming economic and financial data, the dynamics of underlying inflation and the strength of monetary policy transmission. The Governing Council is not pre-committing to a particular rate path. The Governing Council today decided to lower the three key ECB interest rates by 25 basis points. Accordingly, the interest rates on the deposit facility, the main refinancing operations and the marginal lending facility will be decreased to 2.50%, 2.65% and 2.90% respectively, with effect from 12 March 2025. Asset purchase programme (APP) and pandemic emergency purchase programme (PEPP) The APP and PEPP portfolios are declining at a measured and predictable pace, as the Eurosystem no longer reinvests the principal payments from maturing securities. The Governing Council stands ready to adjust all of its instruments within its mandate to ensure that inflation stabilises sustainably at its 2% target over the medium term and to preserve the smooth functioning of monetary policy transmission. Moreover, the Transmission Protection Instrument is available to counter unwarranted, disorderly market dynamics that pose a serious threat to the transmission of monetary policy across all euro area countries, thus allowing the Governing Council to more effectively deliver on its price stability mandate. The President of the ECB will comment on the considerations underlying these decisions at a press conference starting at 14:45 CET today. Disclaimer Please note that related topic tags are currently available for selected content only. Directorate General Communications Reproduction is permitted provided that the source is acknowledged."
ECB,2025-04-17,decision,ecb_dec_20250417,277,12:15,14:15,ECB Governing Council,Monetary policy decisions,https://www.ecb.europa.eu/press/pr/date/2025/html/ecb.mp250417~42727d0735.en.html,OK,True,False,False,507,22,"The Governing Council today decided to lower the three key ECB interest rates by 25 basis points. In particular, the decision to lower the deposit facility rate – the rate through which the Governing Council steers the monetary policy stance – is based on its updated assessment of the inflation outlook, the dynamics of underlying inflation and the strength of monetary policy transmission. The disinflation process is well on track. Inflation has continued to develop as staff expected, with both headline and core inflation declining in March. Services inflation has also eased markedly over recent months. Most measures of underlying inflation suggest that inflation will settle at around the Governing Council’s 2% medium-term target on a sustained basis. Wage growth is moderating, and profits are partially buffering the impact of still elevated wage growth on inflation. The euro area economy has been building up some resilience against global shocks, but the outlook for growth has deteriorated owing to rising trade tensions. Increased uncertainty is likely to reduce confidence among households and firms, and the adverse and volatile market response to the trade tensions is likely to have a tightening impact on financing conditions. These factors may further weigh on the economic outlook for the euro area. The Governing Council is determined to ensure that inflation stabilises sustainably at its 2% medium-term target. Especially in current conditions of exceptional uncertainty, it will follow a data-dependent and meeting-by-meeting approach to determining the appropriate monetary policy stance. In particular, the Governing Council’s interest rate decisions will be based on its assessment of the inflation outlook in light of the incoming economic and financial data, the dynamics of underlying inflation and the strength of monetary policy transmission. The Governing Council is not pre-committing to a particular rate path. The Governing Council today decided to lower the three key ECB interest rates by 25 basis points. Accordingly, the interest rates on the deposit facility, the main refinancing operations and the marginal lending facility will be decreased to 2.25%, 2.40% and 2.65% respectively, with effect from 23 April 2025. Asset purchase programme (APP) and pandemic emergency purchase programme (PEPP) The APP and PEPP portfolios are declining at a measured and predictable pace, as the Eurosystem no longer reinvests the principal payments from maturing securities. The Governing Council stands ready to adjust all of its instruments within its mandate to ensure that inflation stabilises sustainably at its 2% target over the medium term and to preserve the smooth functioning of monetary policy transmission. Moreover, the Transmission Protection Instrument is available to counter unwarranted, disorderly market dynamics that pose a serious threat to the transmission of monetary policy across all euro area countries, thus allowing the Governing Council to more effectively deliver on its price stability mandate. The President of the ECB will comment on the considerations underlying these decisions at a press conference starting at 14:45 CET today. Disclaimer Please note that related topic tags are currently available for selected content only. Directorate General Communications Reproduction is permitted provided that the source is acknowledged.","The Governing Council today decided to lower the three key ECB interest rates by 25 basis points. In particular, the decision to lower the deposit facility rate – the rate through which the Governing Council steers the monetary policy stance – is based on its updated assessment of the inflation outlook, the dynamics of underlying inflation and the strength of monetary policy transmission. The disinflation process is well on track. Inflation has continued to develop as staff expected, with both headline and core inflation declining in March. Services inflation has also eased markedly over recent months. Most measures of underlying inflation suggest that inflation will settle at around the Governing Council’s 2% medium-term target on a sustained basis. Wage growth is moderating, and profits are partially buffering the impact of still elevated wage growth on inflation. The euro area economy has been building up some resilience against global shocks, but the outlook for growth has deteriorated owing to rising trade tensions. Increased uncertainty is likely to reduce confidence among households and firms, and the adverse and volatile market response to the trade tensions is likely to have a tightening impact on financing conditions. These factors may further weigh on the economic outlook for the euro area. The Governing Council is determined to ensure that inflation stabilises sustainably at its 2% medium-term target. Especially in current conditions of exceptional uncertainty, it will follow a data-dependent and meeting-by-meeting approach to determining the appropriate monetary policy stance. In particular, the Governing Council’s interest rate decisions will be based on its assessment of the inflation outlook in light of the incoming economic and financial data, the dynamics of underlying inflation and the strength of monetary policy transmission. The Governing Council is not pre-committing to a particular rate path. The Governing Council today decided to lower the three key ECB interest rates by 25 basis points. Accordingly, the interest rates on the deposit facility, the main refinancing operations and the marginal lending facility will be decreased to 2.25%, 2.40% and 2.65% respectively, with effect from 23 April 2025. Asset purchase programme (APP) and pandemic emergency purchase programme (PEPP) The APP and PEPP portfolios are declining at a measured and predictable pace, as the Eurosystem no longer reinvests the principal payments from maturing securities. The Governing Council stands ready to adjust all of its instruments within its mandate to ensure that inflation stabilises sustainably at its 2% target over the medium term and to preserve the smooth functioning of monetary policy transmission. Moreover, the Transmission Protection Instrument is available to counter unwarranted, disorderly market dynamics that pose a serious threat to the transmission of monetary policy across all euro area countries, thus allowing the Governing Council to more effectively deliver on its price stability mandate. The President of the ECB will comment on the considerations underlying these decisions at a press conference starting at 14:45 CET today. Disclaimer Please note that related topic tags are currently available for selected content only. Directorate General Communications Reproduction is permitted provided that the source is acknowledged."
ECB,2025-06-05,decision,ecb_dec_20250605,278,12:15,14:15,ECB Governing Council,Monetary policy decisions,https://www.ecb.europa.eu/press/pr/date/2025/html/ecb.mp250605~3b5f67d007.en.html,OK,True,False,False,711,30,"The Governing Council today decided to lower the three key ECB interest rates by 25 basis points. In particular, the decision to lower the deposit facility rate – the rate through which the Governing Council steers the monetary policy stance – is based on its updated assessment of the inflation outlook, the dynamics of underlying inflation and the strength of monetary policy transmission. Inflation is currently at around the Governing Council’s 2% medium-term target. In the baseline of the new Eurosystem staff projections, headline inflation is set to average 2.0% in 2025, 1.6% in 2026 and 2.0% in 2027. The downward revisions compared with the March projections, by 0.3 percentage points for both 2025 and 2026, mainly reflect lower assumptions for energy prices and a stronger euro. Staff expect inflation excluding energy and food to average 2.4% in 2025 and 1.9% in 2026 and 2027, broadly unchanged since March. Staff see real GDP growth averaging 0.9% in 2025, 1.1% in 2026 and 1.3% in 2027. The unrevised growth projection for 2025 reflects a stronger than expected first quarter combined with weaker prospects for the remainder of the year. While the uncertainty surrounding trade policies is expected to weigh on business investment and exports, especially in the short term, rising government investment in defence and infrastructure will increasingly support growth over the medium term. Higher real incomes and a robust labour market will allow households to spend more. Together with more favourable financing conditions, this should make the economy more resilient to global shocks. In the context of high uncertainty, staff also assessed some of the mechanisms by which different trade policies could affect growth and inflation under some alternative illustrative scenarios. These scenarios will be published with the staff projections on the ECB’s website. Under this scenario analysis, a further escalation of trade tensions over the coming months would result in growth and inflation being below the baseline projections. By contrast, if trade tensions were resolved with a benign outcome, growth and, to a lesser extent, inflation would be higher than in the baseline projections. Most measures of underlying inflation suggest that inflation will settle at around the Governing Council’s 2% medium-term target on a sustained basis. Wage growth is still elevated but continues to moderate visibly, and profits are partially buffering its impact on inflation. The concerns that increased uncertainty and a volatile market response to the trade tensions in April would have a tightening impact on financing conditions have eased. The Governing Council is determined to ensure that inflation stabilises sustainably at its 2% medium-term target. Especially in current conditions of exceptional uncertainty, it will follow a data-dependent and meeting-by-meeting approach to determining the appropriate monetary policy stance. The Governing Council’s interest rate decisions will be based on its assessment of the inflation outlook in light of the incoming economic and financial data, the dynamics of underlying inflation and the strength of monetary policy transmission. The Governing Council is not pre-committing to a particular rate path. The Governing Council today decided to lower the three key ECB interest rates by 25 basis points. Accordingly, the interest rates on the deposit facility, the main refinancing operations and the marginal lending facility will be decreased to 2.00%, 2.15% and 2.40% respectively, with effect from 11 June 2025. Asset purchase programme (APP) and pandemic emergency purchase programme (PEPP) The APP and PEPP portfolios are declining at a measured and predictable pace, as the Eurosystem no longer reinvests the principal payments from maturing securities. The Governing Council stands ready to adjust all of its instruments within its mandate to ensure that inflation stabilises sustainably at its 2% target over the medium term and to preserve the smooth functioning of monetary policy transmission. Moreover, the Transmission Protection Instrument is available to counter unwarranted, disorderly market dynamics that pose a serious threat to the transmission of monetary policy across all euro area countries, thus allowing the Governing Council to more effectively deliver on its price stability mandate. The President of the ECB will comment on the considerations underlying these decisions at a press conference starting at 14:45 CET today. Disclaimer Please note that related topic tags are currently available for selected content only. Directorate General Communications Reproduction is permitted provided that the source is acknowledged.","The Governing Council today decided to lower the three key ECB interest rates by 25 basis points. In particular, the decision to lower the deposit facility rate – the rate through which the Governing Council steers the monetary policy stance – is based on its updated assessment of the inflation outlook, the dynamics of underlying inflation and the strength of monetary policy transmission. Inflation is currently at around the Governing Council’s 2% medium-term target. In the baseline of the new Eurosystem staff projections, headline inflation is set to average 2.0% in 2025, 1.6% in 2026 and 2.0% in 2027. The downward revisions compared with the March projections, by 0.3 percentage points for both 2025 and 2026, mainly reflect lower assumptions for energy prices and a stronger euro. Staff expect inflation excluding energy and food to average 2.4% in 2025 and 1.9% in 2026 and 2027, broadly unchanged since March. Staff see real GDP growth averaging 0.9% in 2025, 1.1% in 2026 and 1.3% in 2027. The unrevised growth projection for 2025 reflects a stronger than expected first quarter combined with weaker prospects for the remainder of the year. While the uncertainty surrounding trade policies is expected to weigh on business investment and exports, especially in the short term, rising government investment in defence and infrastructure will increasingly support growth over the medium term. Higher real incomes and a robust labour market will allow households to spend more. Together with more favourable financing conditions, this should make the economy more resilient to global shocks. In the context of high uncertainty, staff also assessed some of the mechanisms by which different trade policies could affect growth and inflation under some alternative illustrative scenarios. These scenarios will be published with the staff projections on the ECB’s website. Under this scenario analysis, a further escalation of trade tensions over the coming months would result in growth and inflation being below the baseline projections. By contrast, if trade tensions were resolved with a benign outcome, growth and, to a lesser extent, inflation would be higher than in the baseline projections. Most measures of underlying inflation suggest that inflation will settle at around the Governing Council’s 2% medium-term target on a sustained basis. Wage growth is still elevated but continues to moderate visibly, and profits are partially buffering its impact on inflation. The concerns that increased uncertainty and a volatile market response to the trade tensions in April would have a tightening impact on financing conditions have eased. The Governing Council is determined to ensure that inflation stabilises sustainably at its 2% medium-term target. Especially in current conditions of exceptional uncertainty, it will follow a data-dependent and meeting-by-meeting approach to determining the appropriate monetary policy stance. The Governing Council’s interest rate decisions will be based on its assessment of the inflation outlook in light of the incoming economic and financial data, the dynamics of underlying inflation and the strength of monetary policy transmission. The Governing Council is not pre-committing to a particular rate path. The Governing Council today decided to lower the three key ECB interest rates by 25 basis points. Accordingly, the interest rates on the deposit facility, the main refinancing operations and the marginal lending facility will be decreased to 2.00%, 2.15% and 2.40% respectively, with effect from 11 June 2025. Asset purchase programme (APP) and pandemic emergency purchase programme (PEPP) The APP and PEPP portfolios are declining at a measured and predictable pace, as the Eurosystem no longer reinvests the principal payments from maturing securities. The Governing Council stands ready to adjust all of its instruments within its mandate to ensure that inflation stabilises sustainably at its 2% target over the medium term and to preserve the smooth functioning of monetary policy transmission. Moreover, the Transmission Protection Instrument is available to counter unwarranted, disorderly market dynamics that pose a serious threat to the transmission of monetary policy across all euro area countries, thus allowing the Governing Council to more effectively deliver on its price stability mandate. The President of the ECB will comment on the considerations underlying these decisions at a press conference starting at 14:45 CET today. Disclaimer Please note that related topic tags are currently available for selected content only. Directorate General Communications Reproduction is permitted provided that the source is acknowledged."
ECB,2025-07-24,decision,ecb_dec_20250724,279,12:15,14:15,ECB Governing Council,Monetary policy decisions,https://www.ecb.europa.eu/press/pr/date/2025/html/ecb.mp250724~50bc70e13f.en.html,OK,True,False,False,366,17,"The Governing Council today decided to keep the three key ECB interest rates unchanged. Inflation is currently at the 2% medium-term target. The incoming information is broadly in line with the Governing Council’s previous assessment of the inflation outlook. Domestic price pressures have continued to ease, with wages growing more slowly. Partly reflecting the Governing Council’s past interest rate cuts, the economy has so far proven resilient overall in a challenging global environment. At the same time, the environment remains exceptionally uncertain, especially because of trade disputes. The Governing Council is determined to ensure that inflation stabilises at its 2% target in the medium term. It will follow a data-dependent and meeting-by-meeting approach to determining the appropriate monetary policy stance. In particular, the Governing Council’s interest rate decisions will be based on its assessment of the inflation outlook and the risks surrounding it, in light of the incoming economic and financial data, as well as the dynamics of underlying inflation and the strength of monetary policy transmission. The Governing Council is not pre-committing to a particular rate path. The interest rates on the deposit facility, the main refinancing operations and the marginal lending facility will remain unchanged at 2.00%, 2.15% and 2.40% respectively. Asset purchase programme (APP) and pandemic emergency purchase programme (PEPP) The APP and PEPP portfolios are declining at a measured and predictable pace, as the Eurosystem no longer reinvests the principal payments from maturing securities. The Governing Council stands ready to adjust all of its instruments within its mandate to ensure that inflation stabilises at its 2% target in the medium term and to preserve the smooth functioning of monetary policy transmission. Moreover, the Transmission Protection Instrument is available to counter unwarranted, disorderly market dynamics that pose a serious threat to the transmission of monetary policy across all euro area countries, thus allowing the Governing Council to more effectively deliver on its price stability mandate. The President of the ECB will comment on the considerations underlying these decisions at a press conference starting at 14:45 CET today. Disclaimer Please note that related topic tags are currently available for selected content only. Directorate General Communications Reproduction is permitted provided that the source is acknowledged.","The Governing Council today decided to keep the three key ECB interest rates unchanged. Inflation is currently at the 2% medium-term target. The incoming information is broadly in line with the Governing Council’s previous assessment of the inflation outlook. Domestic price pressures have continued to ease, with wages growing more slowly. Partly reflecting the Governing Council’s past interest rate cuts, the economy has so far proven resilient overall in a challenging global environment. At the same time, the environment remains exceptionally uncertain, especially because of trade disputes. The Governing Council is determined to ensure that inflation stabilises at its 2% target in the medium term. It will follow a data-dependent and meeting-by-meeting approach to determining the appropriate monetary policy stance. In particular, the Governing Council’s interest rate decisions will be based on its assessment of the inflation outlook and the risks surrounding it, in light of the incoming economic and financial data, as well as the dynamics of underlying inflation and the strength of monetary policy transmission. The Governing Council is not pre-committing to a particular rate path. The interest rates on the deposit facility, the main refinancing operations and the marginal lending facility will remain unchanged at 2.00%, 2.15% and 2.40% respectively. Asset purchase programme (APP) and pandemic emergency purchase programme (PEPP) The APP and PEPP portfolios are declining at a measured and predictable pace, as the Eurosystem no longer reinvests the principal payments from maturing securities. The Governing Council stands ready to adjust all of its instruments within its mandate to ensure that inflation stabilises at its 2% target in the medium term and to preserve the smooth functioning of monetary policy transmission. Moreover, the Transmission Protection Instrument is available to counter unwarranted, disorderly market dynamics that pose a serious threat to the transmission of monetary policy across all euro area countries, thus allowing the Governing Council to more effectively deliver on its price stability mandate. The President of the ECB will comment on the considerations underlying these decisions at a press conference starting at 14:45 CET today. Disclaimer Please note that related topic tags are currently available for selected content only. Directorate General Communications Reproduction is permitted provided that the source is acknowledged."
ECB,2025-09-11,decision,ecb_dec_20250911,280,12:15,14:15,ECB Governing Council,Monetary policy decisions,https://www.ecb.europa.eu/press/pr/date/2025/html/ecb.mp250911~6afb7a9490.en.html,OK,True,False,False,404,18,"The Governing Council today decided to keep the three key ECB interest rates unchanged. Inflation is currently at around the 2% medium-term target and the Governing Council’s assessment of the inflation outlook is broadly unchanged. The new ECB staff projections present a picture of inflation similar to that projected in June. They see headline inflation averaging 2.1% in 2025, 1.7% in 2026 and 1.9% in 2027. For inflation excluding energy and food, they expect an average of 2.4% in 2025, 1.9% in 2026 and 1.8% in 2027. The economy is projected to grow by 1.2% in 2025, revised up from the 0.9% expected in June. The growth projection for 2026 is now slightly lower, at 1.0%, while the projection for 2027 is unchanged at 1.3%. The Governing Council is determined to ensure that inflation stabilises at its 2% target in the medium term. It will follow a data-dependent and meeting-by-meeting approach to determining the appropriate monetary policy stance. In particular, the Governing Council’s interest rate decisions will be based on its assessment of the inflation outlook and the risks surrounding it, in light of the incoming economic and financial data, as well as the dynamics of underlying inflation and the strength of monetary policy transmission. The Governing Council is not pre-committing to a particular rate path. The interest rates on the deposit facility, the main refinancing operations and the marginal lending facility will remain unchanged at 2.00%, 2.15% and 2.40% respectively. Asset purchase programme (APP) and pandemic emergency purchase programme (PEPP) The APP and PEPP portfolios are declining at a measured and predictable pace, as the Eurosystem no longer reinvests the principal payments from maturing securities. The Governing Council stands ready to adjust all of its instruments within its mandate to ensure that inflation stabilises at its 2% target in the medium term and to preserve the smooth functioning of monetary policy transmission. Moreover, the Transmission Protection Instrument is available to counter unwarranted, disorderly market dynamics that pose a serious threat to the transmission of monetary policy across all euro area countries, thus allowing the Governing Council to more effectively deliver on its price stability mandate. The President of the ECB will comment on the considerations underlying these decisions at a press conference starting at 14:45 CET today. Disclaimer Please note that related topic tags are currently available for selected content only. Directorate General Communications Reproduction is permitted provided that the source is acknowledged.","The Governing Council today decided to keep the three key ECB interest rates unchanged. Inflation is currently at around the 2% medium-term target and the Governing Council’s assessment of the inflation outlook is broadly unchanged. The new ECB staff projections present a picture of inflation similar to that projected in June. They see headline inflation averaging 2.1% in 2025, 1.7% in 2026 and 1.9% in 2027. For inflation excluding energy and food, they expect an average of 2.4% in 2025, 1.9% in 2026 and 1.8% in 2027. The economy is projected to grow by 1.2% in 2025, revised up from the 0.9% expected in June. The growth projection for 2026 is now slightly lower, at 1.0%, while the projection for 2027 is unchanged at 1.3%. The Governing Council is determined to ensure that inflation stabilises at its 2% target in the medium term. It will follow a data-dependent and meeting-by-meeting approach to determining the appropriate monetary policy stance. In particular, the Governing Council’s interest rate decisions will be based on its assessment of the inflation outlook and the risks surrounding it, in light of the incoming economic and financial data, as well as the dynamics of underlying inflation and the strength of monetary policy transmission. The Governing Council is not pre-committing to a particular rate path. The interest rates on the deposit facility, the main refinancing operations and the marginal lending facility will remain unchanged at 2.00%, 2.15% and 2.40% respectively. Asset purchase programme (APP) and pandemic emergency purchase programme (PEPP) The APP and PEPP portfolios are declining at a measured and predictable pace, as the Eurosystem no longer reinvests the principal payments from maturing securities. The Governing Council stands ready to adjust all of its instruments within its mandate to ensure that inflation stabilises at its 2% target in the medium term and to preserve the smooth functioning of monetary policy transmission. Moreover, the Transmission Protection Instrument is available to counter unwarranted, disorderly market dynamics that pose a serious threat to the transmission of monetary policy across all euro area countries, thus allowing the Governing Council to more effectively deliver on its price stability mandate. The President of the ECB will comment on the considerations underlying these decisions at a press conference starting at 14:45 CET today. Disclaimer Please note that related topic tags are currently available for selected content only. Directorate General Communications Reproduction is permitted provided that the source is acknowledged."
ECB,2025-10-30,decision,ecb_dec_20251030,281,12:15,14:15,ECB Governing Council,Monetary policy decisions,https://www.ecb.europa.eu/press/pr/date/2025/html/ecb.mp251030~cf0540b5c0.en.html,OK,True,False,False,362,16,"The Governing Council today decided to keep the three key ECB interest rates unchanged. Inflation remains close to the 2% medium-term target and the Governing Council’s assessment of the inflation outlook is broadly unchanged. The economy has continued to grow despite the challenging global environment. The robust labour market, solid private sector balance sheets and the Governing Council’s past interest rate cuts remain important sources of resilience. However, the outlook is still uncertain, owing particularly to ongoing global trade disputes and geopolitical tensions. The Governing Council is determined to ensure that inflation stabilises at its 2% target in the medium term. It will follow a data-dependent and meeting-by-meeting approach to determining the appropriate monetary policy stance. In particular, the Governing Council’s interest rate decisions will be based on its assessment of the inflation outlook and the risks surrounding it, in light of the incoming economic and financial data, as well as the dynamics of underlying inflation and the strength of monetary policy transmission. The Governing Council is not pre-committing to a particular rate path. The interest rates on the deposit facility, the main refinancing operations and the marginal lending facility will remain unchanged at 2.00%, 2.15% and 2.40% respectively. Asset purchase programme (APP) and pandemic emergency purchase programme (PEPP) The APP and PEPP portfolios are declining at a measured and predictable pace, as the Eurosystem no longer reinvests the principal payments from maturing securities. The Governing Council stands ready to adjust all of its instruments within its mandate to ensure that inflation stabilises at its 2% target in the medium term and to preserve the smooth functioning of monetary policy transmission. Moreover, the Transmission Protection Instrument is available to counter unwarranted, disorderly market dynamics that pose a serious threat to the transmission of monetary policy across all euro area countries, thus allowing the Governing Council to more effectively deliver on its price stability mandate. The President of the ECB will comment on the considerations underlying these decisions at a press conference starting at 14:45 CET today. Disclaimer Please note that related topic tags are currently available for selected content only. Directorate General Communications Reproduction is permitted provided that the source is acknowledged.","The Governing Council today decided to keep the three key ECB interest rates unchanged. Inflation remains close to the 2% medium-term target and the Governing Council’s assessment of the inflation outlook is broadly unchanged. The economy has continued to grow despite the challenging global environment. The robust labour market, solid private sector balance sheets and the Governing Council’s past interest rate cuts remain important sources of resilience. However, the outlook is still uncertain, owing particularly to ongoing global trade disputes and geopolitical tensions. The Governing Council is determined to ensure that inflation stabilises at its 2% target in the medium term. It will follow a data-dependent and meeting-by-meeting approach to determining the appropriate monetary policy stance. In particular, the Governing Council’s interest rate decisions will be based on its assessment of the inflation outlook and the risks surrounding it, in light of the incoming economic and financial data, as well as the dynamics of underlying inflation and the strength of monetary policy transmission. The Governing Council is not pre-committing to a particular rate path. The interest rates on the deposit facility, the main refinancing operations and the marginal lending facility will remain unchanged at 2.00%, 2.15% and 2.40% respectively. Asset purchase programme (APP) and pandemic emergency purchase programme (PEPP) The APP and PEPP portfolios are declining at a measured and predictable pace, as the Eurosystem no longer reinvests the principal payments from maturing securities. The Governing Council stands ready to adjust all of its instruments within its mandate to ensure that inflation stabilises at its 2% target in the medium term and to preserve the smooth functioning of monetary policy transmission. Moreover, the Transmission Protection Instrument is available to counter unwarranted, disorderly market dynamics that pose a serious threat to the transmission of monetary policy across all euro area countries, thus allowing the Governing Council to more effectively deliver on its price stability mandate. The President of the ECB will comment on the considerations underlying these decisions at a press conference starting at 14:45 CET today. Disclaimer Please note that related topic tags are currently available for selected content only. Directorate General Communications Reproduction is permitted provided that the source is acknowledged."
ECB,2025-12-18,decision,ecb_dec_20251218,282,13:15,14:15,ECB Governing Council,Monetary policy decisions,https://www.ecb.europa.eu/press/pr/date/2025/html/ecb.mp251218~58b0e415a6.en.html,OK,True,False,False,415,18,"The Governing Council today decided to keep the three key ECB interest rates unchanged. Its updated assessment reconfirms that inflation should stabilise at the 2% target in the medium term. The new Eurosystem staff projections show headline inflation averaging 2.1% in 2025, 1.9% in 2026, 1.8% in 2027 and 2.0% in 2028. For inflation excluding energy and food, staff project an average of 2.4% in 2025, 2.2% in 2026, 1.9% in 2027 and 2.0% in 2028. Inflation has been revised up for 2026, mainly because staff now expect services inflation to decline more slowly. Economic growth is expected to be stronger than in the September projections, driven especially by domestic demand. Growth has been revised up to 1.4% in 2025, 1.2% in 2026 and 1.4% in 2027 and is expected to remain at 1.4% in 2028. The Governing Council is determined to ensure that inflation stabilises at its 2% target in the medium term. It will follow a data-dependent and meeting-by-meeting approach to determining the appropriate monetary policy stance. In particular, the Governing Council’s interest rate decisions will be based on its assessment of the inflation outlook and the risks surrounding it, in light of the incoming economic and financial data, as well as the dynamics of underlying inflation and the strength of monetary policy transmission. The Governing Council is not pre-committing to a particular rate path. The interest rates on the deposit facility, the main refinancing operations and the marginal lending facility will remain unchanged at 2.00%, 2.15% and 2.40% respectively. Asset purchase programme (APP) and pandemic emergency purchase programme (PEPP) The APP and PEPP portfolios are declining at a measured and predictable pace, as the Eurosystem no longer reinvests the principal payments from maturing securities. The Governing Council stands ready to adjust all of its instruments within its mandate to ensure that inflation stabilises at its 2% target in the medium term and to preserve the smooth functioning of monetary policy transmission. Moreover, the Transmission Protection Instrument is available to counter unwarranted, disorderly market dynamics that pose a serious threat to the transmission of monetary policy across all euro area countries, thus allowing the Governing Council to more effectively deliver on its price stability mandate. The President of the ECB will comment on the considerations underlying these decisions at a press conference starting at 14:45 CET today. Disclaimer Please note that related topic tags are currently available for selected content only. Directorate General Communications Reproduction is permitted provided that the source is acknowledged.","The Governing Council today decided to keep the three key ECB interest rates unchanged. Its updated assessment reconfirms that inflation should stabilise at the 2% target in the medium term. The new Eurosystem staff projections show headline inflation averaging 2.1% in 2025, 1.9% in 2026, 1.8% in 2027 and 2.0% in 2028. For inflation excluding energy and food, staff project an average of 2.4% in 2025, 2.2% in 2026, 1.9% in 2027 and 2.0% in 2028. Inflation has been revised up for 2026, mainly because staff now expect services inflation to decline more slowly. Economic growth is expected to be stronger than in the September projections, driven especially by domestic demand. Growth has been revised up to 1.4% in 2025, 1.2% in 2026 and 1.4% in 2027 and is expected to remain at 1.4% in 2028. The Governing Council is determined to ensure that inflation stabilises at its 2% target in the medium term. It will follow a data-dependent and meeting-by-meeting approach to determining the appropriate monetary policy stance. In particular, the Governing Council’s interest rate decisions will be based on its assessment of the inflation outlook and the risks surrounding it, in light of the incoming economic and financial data, as well as the dynamics of underlying inflation and the strength of monetary policy transmission. The Governing Council is not pre-committing to a particular rate path. The interest rates on the deposit facility, the main refinancing operations and the marginal lending facility will remain unchanged at 2.00%, 2.15% and 2.40% respectively. Asset purchase programme (APP) and pandemic emergency purchase programme (PEPP) The APP and PEPP portfolios are declining at a measured and predictable pace, as the Eurosystem no longer reinvests the principal payments from maturing securities. The Governing Council stands ready to adjust all of its instruments within its mandate to ensure that inflation stabilises at its 2% target in the medium term and to preserve the smooth functioning of monetary policy transmission. Moreover, the Transmission Protection Instrument is available to counter unwarranted, disorderly market dynamics that pose a serious threat to the transmission of monetary policy across all euro area countries, thus allowing the Governing Council to more effectively deliver on its price stability mandate. The President of the ECB will comment on the considerations underlying these decisions at a press conference starting at 14:45 CET today. Disclaimer Please note that related topic tags are currently available for selected content only. Directorate General Communications Reproduction is permitted provided that the source is acknowledged."
ECB,2026-02-05,decision,ecb_dec_20260205,283,13:15,14:15,ECB Governing Council,Monetary policy decisions,https://www.ecb.europa.eu/press/pr/date/2026/html/ecb.mp260205~001d26959b.en.html,OK,True,False,False,368,16,"The Governing Council today decided to keep the three key ECB interest rates unchanged. Its updated assessment reconfirms that inflation should stabilise at its 2% target in the medium term. The economy remains resilient in a challenging global environment. Low unemployment, solid private sector balance sheets, the gradual rollout of public spending on defence and infrastructure and the supportive effects of the past interest rate cuts are underpinning growth. At the same time, the outlook is still uncertain, owing particularly to ongoing global trade policy uncertainty and geopolitical tensions. The Governing Council is determined to ensure that inflation stabilises at its 2% target in the medium term. It will follow a data-dependent and meeting-by-meeting approach to determining the appropriate monetary policy stance. In particular, the Governing Council’s interest rate decisions will be based on its assessment of the inflation outlook and the risks surrounding it, in light of the incoming economic and financial data, as well as the dynamics of underlying inflation and the strength of monetary policy transmission. The Governing Council is not pre-committing to a particular rate path. The interest rates on the deposit facility, the main refinancing operations and the marginal lending facility will remain unchanged at 2.00%, 2.15% and 2.40% respectively. Asset purchase programme (APP) and pandemic emergency purchase programme (PEPP) The APP and PEPP portfolios are declining at a measured and predictable pace, as the Eurosystem no longer reinvests the principal payments from maturing securities. The Governing Council stands ready to adjust all of its instruments within its mandate to ensure that inflation stabilises at its 2% target in the medium term and to preserve the smooth functioning of monetary policy transmission. Moreover, the Transmission Protection Instrument is available to counter unwarranted, disorderly market dynamics that pose a serious threat to the transmission of monetary policy across all euro area countries, thus allowing the Governing Council to more effectively deliver on its price stability mandate. The President of the ECB will comment on the considerations underlying these decisions at a press conference starting at 14:45 CET today. Disclaimer Please note that related topic tags are currently available for selected content only. Directorate General Communications Reproduction is permitted provided that the source is acknowledged.","The Governing Council today decided to keep the three key ECB interest rates unchanged. Its updated assessment reconfirms that inflation should stabilise at its 2% target in the medium term. The economy remains resilient in a challenging global environment. Low unemployment, solid private sector balance sheets, the gradual rollout of public spending on defence and infrastructure and the supportive effects of the past interest rate cuts are underpinning growth. At the same time, the outlook is still uncertain, owing particularly to ongoing global trade policy uncertainty and geopolitical tensions. The Governing Council is determined to ensure that inflation stabilises at its 2% target in the medium term. It will follow a data-dependent and meeting-by-meeting approach to determining the appropriate monetary policy stance. In particular, the Governing Council’s interest rate decisions will be based on its assessment of the inflation outlook and the risks surrounding it, in light of the incoming economic and financial data, as well as the dynamics of underlying inflation and the strength of monetary policy transmission. The Governing Council is not pre-committing to a particular rate path. The interest rates on the deposit facility, the main refinancing operations and the marginal lending facility will remain unchanged at 2.00%, 2.15% and 2.40% respectively. Asset purchase programme (APP) and pandemic emergency purchase programme (PEPP) The APP and PEPP portfolios are declining at a measured and predictable pace, as the Eurosystem no longer reinvests the principal payments from maturing securities. The Governing Council stands ready to adjust all of its instruments within its mandate to ensure that inflation stabilises at its 2% target in the medium term and to preserve the smooth functioning of monetary policy transmission. Moreover, the Transmission Protection Instrument is available to counter unwarranted, disorderly market dynamics that pose a serious threat to the transmission of monetary policy across all euro area countries, thus allowing the Governing Council to more effectively deliver on its price stability mandate. The President of the ECB will comment on the considerations underlying these decisions at a press conference starting at 14:45 CET today. Disclaimer Please note that related topic tags are currently available for selected content only. Directorate General Communications Reproduction is permitted provided that the source is acknowledged."
ECB,2026-03-19,decision,ecb_dec_20260319,284,12:15,14:15,ECB Governing Council,Monetary policy decisions,https://www.ecb.europa.eu/press/pr/date/2026/html/ecb.mp260319~3057739775.en.html,OK,True,False,False,707,32,"The Governing Council today decided to keep the three key ECB interest rates unchanged. It is determined to ensure that inflation stabilises at the 2% target in the medium term. The war in the Middle East has made the outlook significantly more uncertain, creating upside risks for inflation and downside risks for economic growth. It will have a material impact on near-term inflation through higher energy prices. Its medium-term implications will depend both on the intensity and duration of the conflict and on how energy prices affect consumer prices and the economy. The Governing Council is well positioned to navigate this uncertainty. Inflation has been at around the 2% target, longer-term inflation expectations are well anchored, and the economy has shown resilience over recent quarters. The incoming information in the period ahead will help the Governing Council assess how the war will affect the inflation outlook and the risks surrounding it. The Governing Council is closely monitoring the situation, and its data-dependent approach will help it set monetary policy as appropriate. The new ECB staff projections exceptionally incorporate information up to 11 March, a later cut-off date than usual. In the baseline, headline inflation is seen to average 2.6% in 2026, 2.0% in 2027 and 2.1% in 2028. Inflation has been revised up compared with the December projections, especially for 2026. This is because energy prices will be higher owing to the war in the Middle East. For inflation excluding energy and food, staff project an average of 2.3% in 2026, 2.2% in 2027 and 2.1% in 2028. This is also higher than the path in the December projections, mainly owing to higher energy prices feeding into inflation excluding energy and food. Staff expect economic growth to average 0.9% in 2026, 1.3% in 2027 and 1.4% in 2028. This implies a downward revision, especially for 2026, reflecting the global effects of the war on commodity markets, real incomes and confidence. At the same time, low unemployment, solid private sector balance sheets, and public spending on defence and infrastructure should continue to underpin growth. In line with the Governing Council’s monetary policy strategy commitment to incorporate risks and uncertainty into its decision-making, staff also assessed how the war in the Middle East could affect economic growth and inflation under some alternative illustrative scenarios. These scenarios will be published with the staff projections on the ECB’s website. The scenario analysis suggests that a prolonged disruption in the supply of oil and gas would result in inflation being above, and growth being below, the baseline projections. The implications for medium-term inflation depend crucially on the magnitude of indirect and second-round effects of a stronger and more persistent energy shock. The Governing Council will follow a data-dependent and meeting-by-meeting approach to determining the appropriate monetary policy stance. In particular, its interest rate decisions will be based on its assessment of the inflation outlook and the risks surrounding it, in light of the incoming economic and financial data, as well as the dynamics of underlying inflation and the strength of monetary policy transmission. The Governing Council is not pre-committing to a particular rate path. The interest rates on the deposit facility, the main refinancing operations and the marginal lending facility will remain unchanged at 2.00%, 2.15% and 2.40% respectively. Asset purchase programme (APP) and pandemic emergency purchase programme (PEPP) The APP and PEPP portfolios are declining at a measured and predictable pace, as the Eurosystem no longer reinvests the principal payments from maturing securities. The Governing Council stands ready to adjust all of its instruments within its mandate to ensure that inflation stabilises at its 2% target in the medium term and to preserve the smooth functioning of monetary policy transmission. Moreover, the Transmission Protection Instrument is available to counter unwarranted, disorderly market dynamics that pose a serious threat to the transmission of monetary policy across all euro area countries, thus allowing the Governing Council to more effectively deliver on its price stability mandate. The President of the ECB will comment on the considerations underlying these decisions at a press conference starting at 14:45 CET today. Disclaimer Please note that related topic tags are currently available for selected content only. Directorate General Communications Reproduction is permitted provided that the source is acknowledged.","The Governing Council today decided to keep the three key ECB interest rates unchanged. It is determined to ensure that inflation stabilises at the 2% target in the medium term. The war in the Middle East has made the outlook significantly more uncertain, creating upside risks for inflation and downside risks for economic growth. It will have a material impact on near-term inflation through higher energy prices. Its medium-term implications will depend both on the intensity and duration of the conflict and on how energy prices affect consumer prices and the economy. The Governing Council is well positioned to navigate this uncertainty. Inflation has been at around the 2% target, longer-term inflation expectations are well anchored, and the economy has shown resilience over recent quarters. The incoming information in the period ahead will help the Governing Council assess how the war will affect the inflation outlook and the risks surrounding it. The Governing Council is closely monitoring the situation, and its data-dependent approach will help it set monetary policy as appropriate. The new ECB staff projections exceptionally incorporate information up to 11 March, a later cut-off date than usual. In the baseline, headline inflation is seen to average 2.6% in 2026, 2.0% in 2027 and 2.1% in 2028. Inflation has been revised up compared with the December projections, especially for 2026. This is because energy prices will be higher owing to the war in the Middle East. For inflation excluding energy and food, staff project an average of 2.3% in 2026, 2.2% in 2027 and 2.1% in 2028. This is also higher than the path in the December projections, mainly owing to higher energy prices feeding into inflation excluding energy and food. Staff expect economic growth to average 0.9% in 2026, 1.3% in 2027 and 1.4% in 2028. This implies a downward revision, especially for 2026, reflecting the global effects of the war on commodity markets, real incomes and confidence. At the same time, low unemployment, solid private sector balance sheets, and public spending on defence and infrastructure should continue to underpin growth. In line with the Governing Council’s monetary policy strategy commitment to incorporate risks and uncertainty into its decision-making, staff also assessed how the war in the Middle East could affect economic growth and inflation under some alternative illustrative scenarios. These scenarios will be published with the staff projections on the ECB’s website. The scenario analysis suggests that a prolonged disruption in the supply of oil and gas would result in inflation being above, and growth being below, the baseline projections. The implications for medium-term inflation depend crucially on the magnitude of indirect and second-round effects of a stronger and more persistent energy shock. The Governing Council will follow a data-dependent and meeting-by-meeting approach to determining the appropriate monetary policy stance. In particular, its interest rate decisions will be based on its assessment of the inflation outlook and the risks surrounding it, in light of the incoming economic and financial data, as well as the dynamics of underlying inflation and the strength of monetary policy transmission. The Governing Council is not pre-committing to a particular rate path. The interest rates on the deposit facility, the main refinancing operations and the marginal lending facility will remain unchanged at 2.00%, 2.15% and 2.40% respectively. Asset purchase programme (APP) and pandemic emergency purchase programme (PEPP) The APP and PEPP portfolios are declining at a measured and predictable pace, as the Eurosystem no longer reinvests the principal payments from maturing securities. The Governing Council stands ready to adjust all of its instruments within its mandate to ensure that inflation stabilises at its 2% target in the medium term and to preserve the smooth functioning of monetary policy transmission. Moreover, the Transmission Protection Instrument is available to counter unwarranted, disorderly market dynamics that pose a serious threat to the transmission of monetary policy across all euro area countries, thus allowing the Governing Council to more effectively deliver on its price stability mandate. The President of the ECB will comment on the considerations underlying these decisions at a press conference starting at 14:45 CET today. Disclaimer Please note that related topic tags are currently available for selected content only. Directorate General Communications Reproduction is permitted provided that the source is acknowledged."
